qid,b1,b2,b3,b4,b5h,b9h
5a70f0195542994082a3e3fb,0.000000,0.516359,0.484196,0.499045,0.477827,0.621423
5a70f7b15542994082a3e45d,0.000000,0.968750,0.466845,0.506660,0.301460,0.343476
5a70f7bd5542994082a3e45e,0.000000,0.000000,0.000000,0.000000,0.875000,0.287144
5a710f665542994082a3e53e,0.000000,0.893750,0.937500,0.906250,0.875000,0.000000
5a710fff5542994082a3e547,0.279173,0.433586,0.000000,0.359762,0.327904,0.097113
5a711c315542994082a3e59a,0.312561,0.968750,0.487086,0.460291,0.329398,0.307944
5a711e815542994082a3e5a8,0.400057,0.555290,0.524040,0.538551,0.454743,0.906250
5a71204e5542994082a3e5b4,0.000000,0.590842,0.555215,0.580215,0.623965,0.528342
5a7123275542994082a3e5c5,0.000000,0.462190,0.000000,0.425222,0.443440,0.318440
5a7126345542994082a3e5d8,0.420956,0.539706,0.498987,0.383217,0.445956,0.387443
5a7126f75542994082a3e5de,0.000000,0.596750,0.650840,0.619590,0.588340,0.378000
5a71290a5542994082a3e5f5,0.447065,0.566660,0.545934,0.430519,0.397065,0.440815
5a7130485542994082a3e646,0.000000,0.968750,0.507500,0.682018,0.775000,0.937500
5a7136795542994082a3e677,0.850000,0.893750,0.862500,0.906250,0.800000,0.831250
5a7139765542994082a3e69c,0.273544,0.310685,0.289353,0.266204,0.227655,0.180253
5a713a445542994082a3e6a8,0.395836,0.433018,0.528304,0.397054,0.328621,0.229360
5a713a745542994082a3e6ac,0.308871,0.535878,0.500624,0.533784,0.521250,0.438024
5a713ba05542994082a3e6ba,0.000000,0.000000,0.000000,0.000000,0.000000,0.000000
5a713c495542994082a3e6c4,0.000000,0.000000,0.384476,0.357500,0.321976,0.191294
5a713db15542994082a3e6d8,0.000000,0.968750,0.937500,0.968750,0.875000,0.452179
5a71439e5542994082a3e720,0.000000,0.000000,0.000000,0.000000,0.000000,0.000000
5a7144055542994082a3e723,0.265360,0.000000,0.386084,0.440671,0.439662,0.464380
5a7153ce5542994082a3e7db,0.000000,0.480219,0.000000,0.000000,0.000000,0.000000
5a717ca25542994082a3e852,0.000000,0.485391,0.451843,0.325482,0.299652,0.491470
5a7183c85542994082a3e861,0.000000,0.000000,0.656554,0.625304,0.507291,0.520130
5a72183555429971e9dc9264,0.000000,0.000000,0.484302,0.000000,0.434173,0.000000
5a72208455429971e9dc92a9,0.000000,0.389361,0.000000,0.000000,0.000000,0.000000
5a72279755429971e9dc92ff,0.000000,0.549205,0.480911,0.539542,0.661705,0.724205
5a7256c55542990c210a4109,0.000000,0.968750,0.524195,0.906250,0.955707,0.303250
5a7257ce5542990c210a410d,0.000000,0.893750,0.937500,0.968750,0.875000,0.000000
5a725f865542997f82783980,0.000000,0.000000,0.000000,0.937500,0.000000,0.000000
5a7264a35542997f8278399c,0.000000,0.540889,0.500951,0.549490,0.551248,0.225611
5a726e1c5542992359bc3099,0.000000,0.000000,0.000000,0.501756,0.000000,0.000000
5a7276555542997f827839e5,0.000000,0.000000,0.000000,0.000000,0.307174,0.174518
5a7278025542994cef4bc2ba,0.000000,0.487750,0.457007,0.428372,0.513146,0.345134
5a727ffc5542991f9a20c49e,0.000000,0.000000,0.937500,0.906250,0.000000,0.000000
5a7284625542991f9a20c4bc,0.000000,0.968750,0.507570,0.475519,0.000000,0.373720
5a72858f5542991f9a20c4c6,0.000000,0.000000,0.000000,0.610178,0.578928,0.453928
5a7291195542991f9a20c4f0,0.000000,0.574770,0.492909,0.490742,0.572807,0.405409
5a7294025542992359bc3115,0.000000,0.000000,0.000000,0.460955,0.441304,0.000000
5a7294625542994cef4bc352,0.000000,0.000000,0.000000,0.000000,0.875000,0.750000
5a7299e85542991f9a20c525,0.563340,0.694398,0.361755,0.331342,0.405362,0.278131
5a72a1c555429901807daf1a,0.000000,0.442610,0.312644,0.937500,0.775000,0.906250
5a72a3cc5542992359bc314a,0.000000,0.000000,0.937500,0.496114,0.875000,0.387293
5a72a8b25542992359bc3154,0.429427,0.548177,0.516927,0.896875,0.454714,0.968750
5a72b21f5542991f9a20c56e,0.000000,0.422992,0.937500,0.000000,0.407704,0.000000
5a72b67a5542991f9a20c57d,0.000000,0.444439,0.383786,0.671250,0.666250,0.603750
5a72b7505542991f9a20c582,0.364258,0.392228,0.459797,0.427753,0.352187,0.319547
5a72bb1a5542991f9a20c58e,0.000000,0.968750,0.937500,0.352537,0.423184,0.298184
5a72c4785542992359bc31a4,0.366749,0.501238,0.369369,0.430050,0.401263,0.276833
5a72c74d5542994cef4bc403,0.381961,0.433541,0.471251,0.340001,0.409484,0.289791
5a72cfc255429901807daf46,0.000000,0.968750,0.937500,0.906250,0.427683,0.650000
5a72d57a5542991f9a20c5b6,0.000000,0.000000,0.481904,0.000000,0.000000,0.364375
5a72f56f5542992359bc31ea,0.360084,0.000000,0.443382,0.419797,0.383759,0.395690
5a72f99c5542992359bc31f0,0.000000,0.000000,0.000000,0.000000,0.000000,0.000000
5a72fd705542992359bc31f5,0.000000,0.000000,0.000000,0.446918,0.000000,0.562911
5a7304be5542994cef4bc422,0.284484,0.000000,0.000000,0.000000,0.000000,0.000000
5a73095955429901807daf6f,0.000000,0.669331,0.472953,0.000000,0.471966,0.418607
5a730a2155429901807daf71,0.850000,0.277071,0.314798,0.358051,0.336148,0.335677
5a7310945542992359bc3223,0.373836,0.000000,0.000000,0.419948,0.000000,0.000000
5a73119c5542992359bc3225,0.473075,0.573566,0.523989,0.540057,0.476975,0.254816
5a7311fc55429901807daf77,0.000000,0.000000,0.000000,0.000000,0.000000,0.000000
5a73176255429901807daf80,0.272527,0.400306,0.000000,0.373311,0.332172,0.000000
5a73207e5542992359bc323c,0.000000,0.000000,0.937500,0.000000,0.426307,0.000000
5a7321e55542994cef4bc46e,0.000000,0.000000,0.000000,0.000000,0.000000,0.000000
5a7321ea5542994cef4bc46f,0.364492,0.000000,0.371498,0.345813,0.392635,0.447218
5a7327e155429901807daf96,0.000000,0.000000,0.000000,0.000000,0.000000,0.414919
5a732cfc5542992359bc325f,0.000000,0.000000,0.454306,0.444358,0.306495,0.287121
5a732f785542991f9a20c675,0.316459,0.516080,0.837500,0.471033,0.860714,0.314783
5a73316b5542992359bc327b,0.000000,0.457083,0.500833,0.400646,0.500833,0.500833
5a7333ee5542994cef4bc4b8,0.000000,0.404811,0.465175,0.000000,0.401019,0.414331
5a73346e5542994cef4bc4bb,0.000000,0.000000,0.509182,0.401272,0.468222,0.345022
5a7334715542994cef4bc4bc,0.000000,0.000000,0.000000,0.549618,0.000000,0.565790
5a73492b5542994cef4bc506,0.000000,0.893750,0.469397,0.000000,0.000000,0.447475
5a734c4d5542994cef4bc516,0.266901,0.443750,0.412500,0.381250,0.000000,0.350000
5a735a1555429901807dafdd,0.284603,0.000000,0.353750,0.327787,0.000000,0.181120
5a73603955429901807db017,0.380041,0.419667,0.500988,0.423478,0.441550,0.347829
5a73640d5542991f29ee2dd8,0.000000,0.968750,0.520421,0.906250,0.457921,0.750000
5a73649f55429901807db023,0.000000,0.489378,0.456726,0.490118,0.602090,0.370284
5a7365b255429901807db02b,0.850000,0.893750,0.762500,0.831250,0.790625,0.665625
5a73664d5542991f29ee2de1,0.405820,0.000000,0.000000,0.000000,0.538410,0.445105
5a736ca055429901807db048,0.000000,0.618607,0.562689,0.649522,0.532121,0.506051
5a736efc55429901807db05b,0.000000,0.968750,0.893750,0.345437,0.906250,0.937500
5a736ff65542991f29ee2e1b,0.000000,0.357620,0.430390,0.471706,0.367727,0.893750
5a7382d155429905862fe047,0.363487,0.374653,0.357422,0.313179,0.289912,0.274833
5a73834a55429908901be2db,0.000000,0.519643,0.494127,0.525743,0.760170,0.527966
5a73897e554299623ed4abe2,0.403317,0.000000,0.000000,0.000000,0.428176,0.434898
5a738c1d554299623ed4abef,0.275612,0.350565,0.319043,0.256249,0.399323,0.400752
5a738d21554299623ed4abf2,0.000000,0.506860,0.724305,0.500000,0.468750,0.185921
5a73931155429905862fe064,0.000000,0.893750,0.862500,0.338596,0.875000,0.750000
5a739b985542992d56e7e374,0.000000,0.968750,0.937500,0.906250,0.875000,0.206445
5a739c75554299623ed4ac0a,0.000000,0.000000,0.464708,0.436588,0.464708,0.275906
5a739f155542992d56e7e37c,0.000000,0.000000,0.000000,0.468331,0.000000,0.347119
5a739f8a55429978a71e904c,0.000000,0.564590,0.522724,0.524285,0.470840,0.398364
5a73a0c755429978a71e9050,0.000000,0.893750,0.862500,0.831250,0.800000,0.893750
5a73bbea55429908901be324,0.000000,0.000000,0.000000,0.680766,0.000000,0.215333
5a73c1b755429908901be32d,0.364756,0.481320,0.462375,0.000000,0.390194,0.477105
5a73c7b155429905862fe0bc,0.355921,0.000000,0.456788,0.414118,0.000000,0.194678
5a73d28855429905862fe0d3,0.393260,0.413750,0.454167,0.422917,0.395000,0.270000
5a73d34b5542992d56e7e3aa,0.000000,0.968750,0.000000,0.831250,0.000000,0.000000
5a73d48655429905862fe0db,0.000000,0.000000,0.459103,0.000000,0.431387,0.274055
5a73d5115542992d56e7e3b6,0.391434,0.490655,0.937500,0.335718,0.968750,0.379449
5a73d98c55429978a71e90a8,0.265595,0.412285,0.000000,0.000000,0.224235,0.000000
5a73db37554299623ed4ac7a,0.282964,0.000000,0.000000,0.000000,0.000000,0.429250
5a73e2a755429905862fe0f0,0.000000,0.968750,0.340921,0.906250,0.906250,0.968750
5a73eba05542993a88ae2e97,0.000000,0.405317,0.000000,0.000000,0.383964,0.259004
5a73f3e35542993a88ae2eb5,0.000000,0.000000,0.000000,0.000000,0.000000,0.000000
5a73f4425542993a88ae2eb8,0.000000,0.506319,0.463143,0.449240,0.308744,0.455455
5a73f59e5542993a88ae2ec1,0.000000,0.441275,0.000000,0.428270,0.525311,0.522615
5a7403975542993a88ae2eeb,0.000000,0.574397,0.645840,0.511897,0.480647,0.355647
5a7415455542993a88ae2eff,0.000000,0.000000,0.000000,0.442414,0.427774,0.000000
5a744afe55429979e28828d2,0.000000,0.497380,0.460365,0.685735,0.502529,0.654485
5a744e6055429979e28828e1,0.484416,0.528166,0.396916,0.373781,0.434416,0.000000
5a74572755429929fddd83f5,0.000000,0.000000,0.397874,0.000000,0.000000,0.522500
5a745c7c55429929fddd83fb,0.000000,0.728750,0.504560,0.666250,0.635000,0.541250
5a745f3f55429979e288292a,0.000000,0.000000,0.937500,0.000000,0.875000,0.000000
5a7462c955429979e2882933,0.000000,0.000000,0.000000,0.000000,0.000000,0.000000
5a74657555429979e288293c,0.000000,0.968750,0.937500,0.906250,0.937500,0.750000
5a74677f55429929fddd840e,0.330081,0.968750,0.494834,0.530585,0.459481,0.195682
5a746dbb55429929fddd8422,0.000000,0.000000,0.000000,0.499776,0.000000,0.000000
5a74811155429979e2882968,0.000000,0.000000,0.000000,0.478821,0.515473,0.510071
5a74824855429979e288296c,0.000000,0.000000,0.533483,0.513647,0.914423,0.968750
5a7486ae55429979e2882975,0.000000,0.968750,0.000000,0.454750,0.431423,0.301360
5a74a66f55429979e28829e0,0.430777,0.461342,0.000000,0.000000,0.000000,0.000000
5a74a85c55429916b01641a7,0.000000,0.893750,0.000000,0.893750,0.893750,0.750000
5a74aab455429916b01641b6,0.000000,0.000000,0.000000,0.000000,0.000000,0.000000
5a74ab0d55429929fddd849f,0.361900,0.505936,0.454444,0.436981,0.404279,0.473760
5a74adca55429974ef308c30,0.000000,0.000000,0.000000,0.000000,0.000000,0.453463
5a74b2765542996c70cfadb3,0.000000,0.486045,0.294265,0.000000,0.000000,0.271246
5a74b84955429929fddd84d1,0.408933,0.000000,0.483566,0.479172,0.429692,0.288881
5a74bd7555429974ef308c51,0.421053,0.548690,0.442440,0.427597,0.469881,0.477500
5a74bf4355429929fddd84e8,0.421053,0.000000,0.937500,0.906250,0.775000,0.937500
5a74c2085542996c70cfadd9,0.000000,0.000000,0.000000,0.000000,0.390217,0.000000
5a74d4355542993748c896fe,0.000000,0.000000,0.000000,0.000000,0.000000,0.000000
5a74d48255429916b0164222,0.000000,0.000000,0.000000,0.511970,0.541103,0.378422
5a74ec5d55429929fddd8504,0.000000,0.968750,0.937500,0.893750,0.906250,0.968750
5a74efdb5542996c70cfae45,0.000000,0.000000,0.000000,0.000000,0.000000,0.462333
5a74f18c5542993748c89742,0.000000,0.533384,0.475952,0.906250,0.439634,0.519947
5a74f3fe55429974ef308caf,0.000000,0.497270,0.000000,0.451176,0.403974,0.499593
5a74f5655542993748c89752,0.000000,0.000000,0.000000,0.000000,0.326547,0.189496
5a74fc195542993748c89778,0.000000,0.444084,0.512834,0.384916,0.464237,0.232322
5a7501ff5542993748c89794,0.268135,0.378502,0.458370,0.415619,0.304295,0.263581
5a7503695542993748c89799,0.000000,0.893750,0.000000,0.831250,0.893750,0.893750
5a75265a5542996c70cfae9d,0.000000,0.000000,0.500000,0.000000,0.000000,0.293653
5a7527a855429916b0164278,0.000000,0.893750,0.862500,0.622923,0.622923,0.654173
5a7529c955429929fddd8510,0.000000,0.449716,0.937500,0.806250,0.875000,0.675000
5a7536795542993748c897f4,0.750000,0.793750,0.862500,0.906250,0.800000,0.217182
5a7539c255429916b016429f,0.000000,0.000000,0.000000,0.000000,0.000000,0.000000
5a753bd85542996c70cfaebd,0.281556,0.509737,0.507955,0.427483,0.406346,0.414205
5a753f585542996c70cfaec5,0.000000,0.000000,0.000000,0.000000,0.000000,0.299566
5a75464455429916b01642d5,0.000000,0.485151,0.570833,0.453010,0.427695,0.407655
5a754c345542993748c89821,0.000000,0.000000,0.477016,0.448981,0.417731,0.000000
5a7552745542993748c8982a,0.000000,0.000000,0.000000,0.000000,0.000000,0.000000
5a7555e85542996c70cfaee2,0.000000,0.423426,0.403716,0.450986,0.241509,0.290589
5a7576955542992db947366f,0.000000,0.481635,0.475385,0.418567,0.000000,0.469135
5a7581a05542992d0ec05fac,0.000000,0.000000,0.000000,0.000000,0.875000,0.750000
5a75a0c95542992d0ec05fca,0.000000,0.505739,0.312363,0.476658,0.462291,0.424545
5a75a5275542992db9473693,0.000000,0.968750,0.000000,0.806250,0.775000,0.750000
5a75ae935542992db94736a1,0.000000,0.000000,0.378121,0.465197,0.433947,0.000000
5a75b7305542992d0ec05fea,0.000000,0.000000,0.937500,0.471677,0.875000,0.298689
5a75d6535542992db94736e3,0.000000,0.000000,0.000000,0.000000,0.000000,0.000000
5a75da855542992db94736fb,0.378220,0.314701,0.351319,0.358427,0.000000,0.177710
5a75db5c5542992db94736ff,0.000000,0.517298,0.382150,0.487835,0.655215,0.655215
5a75dc2255429976ec32bc41,0.000000,0.893750,0.000000,0.000000,0.875000,0.229427
5a75ddd05542992db9473706,0.000000,0.520414,0.711777,0.512284,0.533302,0.301664
5a75e22755429976ec32bc6f,0.000000,0.412568,0.862500,0.831250,0.000000,0.750000
5a75e3ca55429976ec32bc79,0.000000,0.533761,0.489090,0.460893,0.444429,0.323684
5a75e6ee554299109176e5c1,0.000000,0.337264,0.862500,0.906250,0.251197,0.358727
5a75f52555429976ec32bcbe,0.000000,0.000000,0.639022,0.422763,0.400939,0.483136
5a75fd5d5542994ccc918675,0.000000,0.744518,0.373905,0.518948,0.524675,0.475715
5a75fe475542994ccc918676,0.000000,0.000000,0.494130,0.489590,0.000000,0.430000
5a7602855542994ccc918682,0.000000,0.000000,0.000000,0.000000,0.000000,0.000000
5a76059155429976ec32bce6,0.397763,0.396008,0.366636,0.331317,0.411080,0.171522
5a760b295542992db947371b,0.000000,0.443750,0.000000,0.000000,0.440714,0.338899
5a7615745542994ccc9186c4,0.000000,0.406606,0.550094,0.522480,0.411093,0.384460
5a7617d055429976ec32bd06,0.000000,0.000000,0.000000,0.000000,0.000000,0.000000
5a761cb855429976ec32bd11,0.000000,0.498781,0.862500,0.906250,0.000000,0.750000
5a7621a655429976ec32bd2c,0.850000,0.533030,0.937500,0.937500,0.968750,0.633030
5a762270554299109176e651,0.000000,0.875000,0.937500,0.459362,0.893750,0.893750
5a7625a3554299109176e667,0.510483,0.968750,0.504933,0.374596,0.906250,0.000000
5a763374554299109176e6b5,0.000000,0.859926,0.928676,0.422522,0.866176,0.897426
5a76363c55429976ec32bd75,0.000000,0.411596,0.415476,0.250642,0.400492,0.198949
5a7636f055429976ec32bd78,0.289462,0.410925,0.514706,0.459682,0.452206,0.310840
5a763795554299109176e6b9,0.000000,0.968750,0.968750,0.430793,0.875000,0.968750
5a763ee6554299109176e6db,0.000000,0.408367,0.000000,0.000000,0.000000,0.160386
5a7641795542994ccc918743,0.000000,0.000000,0.000000,0.537019,0.324380,0.288399
5a76455f5542992d0ec06081,0.000000,0.968750,0.937500,0.000000,0.875000,0.650000
5a764af855429976ec32bd87,0.000000,0.000000,0.000000,0.000000,0.000000,0.000000
5a7653b95542992d0ec060ab,0.000000,0.000000,0.473140,0.568882,0.462632,0.282804
5a7655975542992db947376d,0.000000,0.968750,0.509241,0.476853,0.684559,0.906250
5a765b8155429976ec32bd9f,0.000000,0.968750,0.000000,0.906250,0.937500,0.650000
5a76b355554299373536016c,0.000000,0.385416,0.465809,0.330759,0.303942,0.000000
5a76cbfe55429972597f13d3,0.000000,0.000000,0.537643,0.537643,0.517477,0.491108
5a76cd005542994aec3b717d,0.362229,0.500066,0.461952,0.427052,0.404449,0.291346
5a76db9355429972597f13e8,0.000000,0.968750,0.000000,0.355818,0.906250,0.906250
5a76e62d5542994aec3b7198,0.272904,0.407116,0.394629,0.363379,0.645662,0.394629
5a76f65e55429937353601ab,0.000000,0.000000,0.000000,0.439558,0.968750,0.750000
5a76ff3b5542994aec3b71b4,0.393006,0.441848,0.478849,0.259620,0.236732,0.222578
5a7702ce5542993569682c9e,0.280989,0.428941,0.862500,0.377404,0.473295,0.575000
5a7708d25542993569682ca7,0.000000,0.968750,0.968750,0.906250,0.490492,0.626667
5a77263255429972597f144b,0.455445,0.465271,0.937500,0.906250,0.476149,0.449329
5a7728a655429937353601f8,0.000000,0.000000,0.000000,0.455774,0.000000,0.287578
5a772b4b5542994aec3b7204,0.398340,0.425651,0.837500,0.501481,0.800000,0.306901
5a772ca155429972597f1462,0.000000,0.000000,0.937500,0.917500,0.968750,0.886250
5a772f47554299373536020d,0.267416,0.000000,0.383858,0.349418,0.409917,0.087437
5a77324355429972597f1497,0.000000,0.968750,0.968750,0.458773,0.875000,0.485410
5a7737005542994aec3b722c,0.000000,0.338703,0.424040,0.492790,0.304089,0.937500
5a7737985542994aec3b722e,0.000000,0.968750,0.937500,0.906250,0.937500,0.875000
5a773bab55429966f1a36cb6,0.259664,0.403938,0.266379,0.338363,0.000000,0.190013
5a773bde55429972597f14b4,0.337962,0.000000,0.334633,0.418795,0.240455,0.775000
5a773e195542994aec3b7242,0.000000,0.968750,0.615840,0.342635,0.968750,0.937500
5a773e1d55429972597f14c7,0.000000,0.000000,0.937500,0.906250,0.875000,0.781250
5a773eb355429966f1a36cca,0.000000,0.000000,0.000000,0.333041,0.303582,0.000000
5a773f3855429972597f14d0,0.000000,0.000000,0.000000,0.000000,0.000000,0.000000
5a7741e25542994aec3b7252,0.000000,0.413735,0.515426,0.438662,0.459803,0.720054
5a77475c5542994aec3b7264,0.000000,0.000000,0.937500,0.906250,0.000000,0.000000
5a774ae655429966f1a36ce0,0.371615,0.494588,0.383657,0.437950,0.518101,0.436867
5a7755e05542993735360237,0.275035,0.323999,0.424708,0.259826,0.333803,0.104804
5a775a055542993569682d61,0.000000,0.000000,0.000000,0.000000,0.000000,0.191342
5a77603a5542994aec3b72bd,0.269468,0.495575,0.460427,0.432242,0.514813,0.493909
5a7768b75542993569682d86,0.000000,0.968750,0.968750,0.641250,0.968750,0.968750
5a7769175542993569682d89,0.000000,0.893750,0.000000,0.254727,0.000000,0.291227
5a776b3d554299373536026d,0.000000,0.968750,0.937500,0.906250,0.875000,0.390714
5a776bf055429972597f1527,0.850000,0.000000,0.462482,0.431744,0.463837,0.490683
5a776c495542993569682da0,0.000000,0.000000,0.000000,0.376053,0.619375,0.000000
5a776c4e5542993735360272,0.000000,0.000000,0.000000,0.000000,0.000000,0.000000
5a777057554299373536027e,0.301170,0.485528,0.397818,0.364846,0.328658,0.201872
5a77725955429972597f153f,0.000000,0.643750,0.495025,0.862500,0.413565,0.662467
5a77732555429967ab105182,0.000000,0.000000,0.000000,0.479179,0.875000,0.906250
5a77738d5542997042120a4f,0.000000,0.893750,0.288969,0.273948,0.336707,0.289461
5a77750455429967ab10518e,0.750000,0.856250,0.925000,0.893750,0.862500,0.925000
5a7775ba5542997042120a5c,0.000000,0.000000,0.358788,0.463167,0.875000,0.750000
5a7776425542997042120a62,0.000000,0.000000,0.528917,0.000000,0.368225,0.462186
5a7779bc55429949eeb29e55,0.000000,0.893750,0.937500,0.312731,0.775000,0.750000
5a77817355429967ab1051e2,0.000000,0.000000,0.000000,0.000000,0.000000,0.000000
5a77818b55429949eeb29ea7,0.389036,0.357161,0.465570,0.356488,0.430791,0.493833
5a7784e255429949eeb29ebd,0.000000,0.425032,0.493782,0.000000,0.431282,0.305922
5a7785025542995d8318118a,0.000000,0.968750,0.937500,0.968750,0.906250,0.580481
5a77893b5542995d831811a3,0.000000,0.391598,0.560720,0.806250,0.449208,0.252942
5a778b905542992a6e59ded3,0.000000,0.893750,0.937500,0.382010,0.487792,0.518750
5a778bc55542995d831811b6,0.000000,0.357816,0.862500,0.441745,0.423021,0.862500
5a778beb5542995d831811b8,0.000000,0.968750,0.837500,0.906250,0.875000,0.937500
5a778ef055429967ab1051fd,0.000000,0.968750,0.937500,0.906250,0.775000,0.851923
5a778fc155429967ab1051fe,0.000000,0.000000,0.000000,0.000000,0.875000,0.750000
5a778fc85542992a6e59def3,0.387097,0.893750,0.937500,0.831250,0.875000,0.750000
5a7793555542992a6e59df05,0.000000,0.000000,0.486878,0.455628,0.439719,0.297929
5a7794115542995d831811f1,0.373448,0.496506,0.473196,0.428549,0.875000,0.470479
5a7794755542992a6e59df09,0.000000,0.000000,0.937500,0.000000,0.775000,0.000000
5a7795c15542995d831811fd,0.000000,0.491398,0.000000,0.469774,0.438962,0.501024
5a77963855429949eeb29f07,0.298555,0.517931,0.474171,0.000000,0.000000,0.110331
5a7796735542995d83181200,0.000000,0.968750,0.481005,0.000000,0.287420,0.380288
5a779dc75542992a6e59df2b,0.398015,0.968750,0.968750,0.906250,0.968750,0.516296
5a77a1d255429949eeb29f14,0.000000,0.527824,0.496574,0.577500,0.465690,0.843750
5a77a72a5542995d83181247,0.294160,0.542948,0.520357,0.000000,0.457857,0.310760
5a77a76f5542995d8318124a,0.000000,0.733027,0.497108,0.534005,0.875000,0.886250
5a77aebc5542992a6e59df81,0.000000,0.529023,0.497773,0.363479,0.530510,0.472112
5a77afaf5542997042120ade,0.000000,0.868750,0.450548,0.906250,0.000000,0.000000
5a77b1a455429967ab105236,0.000000,0.000000,0.000000,0.000000,0.286901,0.000000
5a77b20155429967ab105237,0.000000,0.000000,0.460076,0.463308,0.000000,0.000000
5a77b97155429967ab105246,0.411612,0.714590,0.683340,0.652090,0.620840,0.558340
5a77bb235542995d83181287,0.000000,0.000000,0.937500,0.906250,0.937500,0.750000
5a77bd2f55429967ab105258,0.000000,0.000000,0.000000,0.000000,0.307713,0.000000
5a77be105542992a6e59dfab,0.000000,0.968750,0.475736,0.906250,0.875000,0.968750
5a77c0205542997042120b16,0.000000,0.893750,0.937500,0.906250,0.875000,0.750000
5a77c37655429967ab10526e,0.000000,0.553971,0.495166,0.000000,0.464307,0.000000
5a77c4815542995d831812b6,0.000000,0.968750,0.000000,0.000000,0.875000,0.000000
5a77c57355429967ab10527e,0.000000,0.000000,0.000000,0.000000,0.000000,0.000000
5a77c7d95542997042120b33,0.000000,0.504702,0.453581,0.323401,0.000000,0.342672
5a77c91f5542995d831812d1,0.000000,0.693757,0.458340,0.906250,0.662507,0.662507
5a77caac5542992a6e59dfce,0.000000,0.485573,0.445078,0.420159,0.493152,0.448912
5a77d1ae5542997042120b48,0.000000,0.000000,0.000000,0.000000,0.000000,0.291961
5a77d2c655429949eeb29f6e,0.519091,0.637841,0.358681,0.327507,0.637841,0.419091
5a77d4b455429949eeb29f73,0.000000,0.968750,0.399729,0.487057,0.000000,0.875000
5a77d4b855429967ab1052c9,0.399235,0.442985,0.217797,0.305485,0.174235,0.129413
5a77da905542995d8318130d,0.253203,0.000000,0.000000,0.000000,0.000000,0.000000
5a77dbdd55429949eeb29f83,0.000000,0.706750,0.675500,0.906250,0.613000,0.307576
5a77e95e55429967ab1052e3,0.000000,0.000000,0.000000,0.831250,0.000000,0.000000
5a77f5db55429949eeb29fc3,0.850000,0.968750,0.837500,0.445757,0.875000,0.937500
5a78a6e6554299078472770f,0.000000,0.000000,0.937500,0.526525,0.339062,0.000000
5a78aa50554299078472771e,0.365111,0.316455,0.350150,0.344426,0.392815,0.195002
5a78abff5542990784727726,0.000000,0.434004,0.381807,0.884821,0.435417,0.968750
5a78b3d8554299148911f94b,0.000000,0.479514,0.416187,0.407511,0.411340,0.893750
5a78b59d554299148911f958,0.378752,0.510380,0.478534,0.430787,0.000000,0.303252
5a78b876554299148911f96b,0.000000,0.502553,0.469318,0.440053,0.876250,0.406818
5a78b947554299148911f970,0.000000,0.968750,0.937500,0.906250,0.412895,0.650000
5a78cc0d55429974737f789b,0.000000,0.556872,0.000000,0.451626,0.463122,0.207342
5a78cd5555429974737f78a1,0.430368,0.543847,0.512597,0.937500,0.906250,0.512252
5a78d04255429970f5fffd8f,0.000000,0.000000,0.000000,0.437030,0.415951,0.283647
5a78d7a955429970f5fffda1,0.000000,0.479523,0.000000,0.000000,0.000000,0.750000
5a78da0355429970f5fffda9,0.000000,0.425418,0.862500,0.436918,0.000000,0.893750
5a78da1655429970f5fffdab,0.000000,0.000000,0.517493,0.479606,0.448356,0.323356
5a78dddf55429974737f78e2,0.000000,0.000000,0.000000,0.482070,0.450820,0.226250
5a78e384554299029c4b5ec8,0.000000,0.484834,0.000000,0.423433,0.397052,0.326855
5a78e3cc55429974737f78f2,0.000000,0.000000,0.383331,0.000000,0.875000,0.325000
5a78e492554299029c4b5ecc,0.000000,0.424074,0.506370,0.451886,0.408158,0.185335
5a78e621554299029c4b5ed1,0.000000,0.314113,0.382629,0.000000,0.000000,0.093758
5a78eea655429970f5fffde1,0.000000,0.733750,0.702500,0.671250,0.906250,0.474215
5a78f39a55429970f5fffdef,0.000000,0.968750,0.000000,0.906250,0.000000,0.277693
5a78f9d455429970f5fffe04,0.000000,0.000000,0.000000,0.000000,0.000000,0.000000
5a78fb57554299148911f9c5,0.266653,0.310190,0.380794,0.347637,0.225693,0.221108
5a7906f55542990784727792,0.000000,0.000000,0.579360,0.548110,0.875000,0.531468
5a7909b05542990784727796,0.000000,0.000000,0.000000,0.000000,0.000000,0.321649
5a790f3d55429907847277a0,0.375722,0.658515,0.616830,0.585580,0.554330,0.421960
5a7911c5554299029c4b5ef6,0.373795,0.527350,0.496100,0.465718,0.434110,0.573756
5a79121b55429970f5fffe4b,0.000000,0.000000,0.472045,0.440795,0.430217,0.750000
5a79124555429974737f7969,0.000000,0.000000,0.000000,0.906250,0.000000,0.000000
5a7917d955429974737f7982,0.000000,0.000000,0.000000,0.468208,0.000000,0.414914
5a79229155429907847277ca,0.000000,0.000000,0.000000,0.806250,0.875000,0.000000
5a79285655429974737f79ae,0.285931,0.410631,0.304606,0.330359,0.311089,0.191881
5a792d77554299029c4b5f1c,0.000000,0.000000,0.000000,0.000000,0.000000,0.000000
5a792dd7554299148911fa1f,0.000000,0.000000,0.000000,0.000000,0.000000,0.000000
5a793f235542994bb9456fd0,0.000000,0.553634,0.468835,0.876250,0.875000,0.279458
5a7949415542994bb9456fdb,0.000000,0.527088,0.410639,0.495838,0.968750,0.483349
5a7950845542994bb9456ffc,0.000000,0.000000,0.000000,0.000000,0.000000,0.000000
5a7951455542994bb9456fff,0.000000,0.000000,0.000000,0.906250,0.875000,0.812500
5a79658855429970f5fffea5,0.000000,0.000000,0.437086,0.496594,0.762500,0.737500
5a797f525542994bb945701c,0.000000,0.000000,0.937500,0.000000,0.875000,0.875000
5a798a57554299078472782b,0.000000,0.000000,0.000000,0.000000,0.000000,0.304494
5a7990745542990784727835,0.000000,0.391000,0.000000,0.000000,0.000000,0.000000
5a7993fb5542990784727838,0.000000,0.537022,0.937500,0.425490,0.875000,0.495147
5a79b2b5554299148911fa38,0.000000,0.000000,0.937500,0.435430,0.875000,0.937500
5a79ba4d5542994bb9457041,0.000000,0.000000,0.926786,0.469366,0.471581,0.322437
5a79bb1b5542994bb9457046,0.286009,0.534206,0.478260,0.438925,0.414236,0.488304
5a79bcd95542996c55b2dc57,0.000000,0.000000,0.000000,0.000000,0.381716,0.207860
5a79bfc15542994f819ef08a,0.000000,0.000000,0.000000,0.439042,0.000000,0.644821
5a79bff05542994f819ef08c,0.000000,0.579154,0.496772,0.000000,0.497300,0.363185
5a79c1f85542996c55b2dc63,0.000000,0.564330,0.495272,0.495883,0.464842,0.239199
5a79c5a35542994bb9457088,0.421550,0.540810,0.509050,0.478310,0.346550,0.321550
5a79da445542994f819ef0d1,0.000000,0.726250,0.726250,0.570698,0.695000,0.599119
5a79dacc5542996c55b2dc86,0.000000,0.000000,0.499562,0.588460,0.431685,0.503429
5a79eced5542994f819ef107,0.000000,0.514895,0.483645,0.478012,0.445883,0.467852
5a79ef575542990198eaf00b,0.000000,0.486616,0.000000,0.421724,0.875000,0.750000
5a79f2115542990198eaf013,0.335678,0.568743,0.937500,0.906250,0.527493,0.527493
5a79f5705542990198eaf01e,0.000000,0.505770,0.937500,0.000000,0.468626,0.301103
5a79f7625542990198eaf023,0.000000,0.327003,0.370978,0.439807,0.427500,0.568340
5a79f8c15542996c55b2dcba,0.000000,0.968750,0.937500,0.433859,0.937500,0.626103
5a79fb4a5542990198eaf02c,0.000000,0.968750,0.937500,0.906250,0.875000,0.650000
5a79fbc95542996c55b2dcc4,0.392005,0.550661,0.000000,0.519583,0.488333,0.354670
5a7a02b25542990198eaf03f,0.000000,0.968750,0.662507,0.000000,0.433360,0.000000
5a7a031e5542996c55b2dcd4,0.374615,0.229459,0.287418,0.000000,0.400860,0.000000
5a7a04e35542990783324ded,0.000000,0.523412,0.937500,0.460912,0.429662,0.650000
5a7a0bf65542990783324e0b,0.471540,0.562961,0.559040,0.527790,0.499107,0.567439
5a7a0d6a5542996a35c170ac,0.000000,0.000000,0.000000,0.906250,0.800000,0.000000
5a7a0f0e5542990198eaf063,0.000000,0.318008,0.330596,0.301128,0.000000,0.212901
5a7a10315542990198eaf066,0.000000,0.968750,0.937500,0.362379,0.328589,0.812500
5a7a120e5542996a35c170b6,0.384813,0.510792,0.479542,0.444842,0.417042,0.375181
5a7a136a5542990783324e34,0.000000,0.968750,0.937500,0.596487,0.968750,0.837500
5a7a15d65542990783324e42,0.000000,0.586235,0.601959,0.630791,0.953750,0.860000
5a7a15d95542990783324e43,0.000000,0.505973,0.479740,0.447836,0.875000,0.806250
5a7a168a5542996a35c170c7,0.000000,0.000000,0.937500,0.906250,0.000000,0.372300
5a7a1c1b5542990198eaf087,0.850000,0.328668,0.398251,0.504035,0.875000,0.190687
5a7a1c565542996a35c170d3,0.000000,0.504572,0.000000,0.000000,0.478125,0.388136
5a7a22025542996c55b2dd20,0.393162,0.406928,0.489938,0.346575,0.403763,0.421444
5a7a24ad5542996a35c170fd,0.000000,0.408893,0.000000,0.316781,0.000000,0.287252
5a7a26875542990198eaf0a1,0.414602,0.533352,0.937500,0.937500,0.937500,0.603856
5a7a26cf5542996c55b2dd26,0.000000,0.403604,0.455568,0.471474,0.471037,0.285606
5a7a2aff5542996a35c17115,0.000000,0.573519,0.642269,0.806250,0.000000,0.000000
5a7a2edd5542990198eaf0be,0.000000,0.968750,0.937500,0.000000,0.300623,0.359095
5a7a2ff95542996a35c17126,0.000000,0.528979,0.937500,0.937500,0.875000,0.937500
5a7a32535542990783324eb5,0.346660,0.968750,0.459716,0.328991,0.464758,0.400050
5a7a32795542994f819ef147,0.270984,0.378847,0.469086,0.322933,0.216015,0.167474
5a7a33615542994f819ef14a,0.000000,0.321614,0.000000,0.372635,0.341385,0.262392
5a7a33ff5542996a35c17132,0.000000,0.000000,0.515330,0.367357,0.436107,0.311107
5a7a39815542990783324eca,0.000000,0.000000,0.862500,0.444886,0.875000,0.875000
5a7a39f75542994f819ef171,0.000000,0.339277,0.484574,0.000000,0.700000,0.335734
5a7a40c95542994f819ef195,0.000000,0.000000,0.363740,0.338181,0.254516,0.000000
5a7a41055542990783324edf,0.395448,0.470241,0.461239,0.444238,0.537112,0.462054
5a7a41385542996a35c17166,0.255725,0.299432,0.268452,0.268182,0.341886,0.313603
5a7a43cd5542994f819ef19f,0.000000,0.000000,0.000000,0.000000,0.314977,0.000000
5a7a46dd5542994f819ef1af,0.000000,0.968750,0.000000,0.906250,0.875000,0.968750
5a7a4c345542990198eaf111,0.000000,0.000000,0.000000,0.000000,0.000000,0.000000
5a7a500e5542994f819ef1c1,0.000000,0.000000,0.000000,0.000000,0.875000,0.000000
5a7a52d155429941d65f25b0,0.395527,0.514999,0.376196,0.454443,0.428407,0.203530
5a7a547055429941d65f25b4,0.000000,0.379861,0.270447,0.317361,0.391183,0.362500
5a7a576d55429941d65f25c2,0.000000,0.000000,0.000000,0.000000,0.000000,0.000000
5a7a626555429941d65f2602,0.000000,0.000000,0.515693,0.482808,0.000000,0.323233
5a7a62b15542994f819ef1cb,0.000000,0.639276,0.385974,0.454724,0.419069,0.298474
5a7a62c85542990783324f3c,0.000000,0.554975,0.500307,0.554975,0.461225,0.500307
5a7a63065542994f819ef1cc,0.374574,0.968750,0.524698,0.432784,0.775000,0.750000
5a7a701c5542994f819ef1da,0.398178,0.968750,0.560001,0.454797,0.330642,0.906250
5a7a76c15542994f819ef1e4,0.000000,0.491994,0.620840,0.428570,0.410398,0.285398
5a7a8163554299042af8f64b,0.000000,0.432008,0.699773,0.000000,0.937500,0.699773
5a7a861055429941d65f2687,0.270225,0.419546,0.000000,0.365573,0.317592,0.000000
5a7a897555429941d65f2690,0.000000,0.000000,0.377362,0.337697,0.000000,0.279639
5a7a8da655429941d65f26a4,0.000000,0.000000,0.375826,0.000000,0.236798,0.750000
5a7a8dff55429941d65f26a5,0.850000,0.714464,0.862500,0.831250,0.893750,0.937500
5a7a96355542995eb53be873,0.850000,0.000000,0.491453,0.906250,0.000000,0.843750
5a7a9f8e55429941d65f26fe,0.000000,0.512161,0.501751,0.636465,0.341385,0.293411
5a7aa6265542992d025e66da,0.000000,0.000000,0.000000,0.000000,0.000000,0.000000
5a7aa8b6554299042af8f682,0.000000,0.477255,0.446292,0.415414,0.380992,0.448309
5a7ab29b554299042af8f695,0.262932,0.968750,0.937500,0.333861,0.396997,0.266555
5a7aca6055429927d897bf14,0.000000,0.000000,0.000000,0.343022,0.875000,0.198213
5a7acf565542992d025e66fa,0.000000,0.618750,0.587500,0.906250,0.618750,0.431250
5a7adb045542992d025e670d,0.000000,0.000000,0.937500,0.465690,0.403406,0.309440
5a7ae193554299042af8f6a8,0.293024,0.438997,0.386997,0.373981,0.343327,0.520278
5a7ae26c5542992d025e671f,0.000000,0.637152,0.605902,0.574652,0.543402,0.574652
5a7ae3b7554299042af8f6ab,0.443933,0.554290,0.542545,0.417448,0.862500,0.893750
5a7ae4135542992d025e6723,0.000000,0.494852,0.000000,0.464643,0.000000,0.308076
5a7ae4165542995eb53be8b8,0.000000,0.000000,0.000000,0.000000,0.000000,0.000000
5a7aef3e55429931da12c97f,0.000000,0.501596,0.459997,0.000000,0.875000,0.282846
5a7af1f455429931da12c992,0.850000,0.893750,0.862500,0.906250,0.968750,0.750000
5a7af9f055429927d897bf27,0.000000,0.000000,0.000000,0.000000,0.000000,0.000000
5a7b13f055429927d897bf2d,0.000000,0.000000,0.495576,0.464326,0.433076,0.523244
5a7b15e355429927d897bf32,0.833333,0.868750,0.937500,0.356528,0.875000,0.000000
5a7b1f9e55429931da12c9d4,0.000000,0.455110,0.423860,0.378985,0.000000,0.311892
5a7b20c6554299042af8f6f4,0.000000,0.327530,0.319234,0.906250,0.431734,0.426533
5a7b273d554299042af8f717,0.000000,0.000000,0.000000,0.000000,0.000000,0.843750
5a7b2e4055429931da12ca1b,0.000000,0.457589,0.000000,0.355081,0.000000,0.294234
5a7b3fca5542992d025e67be,0.000000,0.000000,0.000000,0.000000,0.000000,0.000000
5a7b415d55429927d897bf65,0.000000,0.000000,0.937500,0.906250,0.000000,0.000000
5a7b45985542992d025e67d2,0.000000,0.489185,0.406065,0.475213,0.800000,0.968750
5a7b464a55429931da12ca4c,0.320339,0.538585,0.507335,0.476085,0.444835,0.507500
5a7b4722554299042af8f73a,0.000000,0.000000,0.486126,0.494339,0.875000,0.392269
5a7b4e0e5542992d025e67e8,0.553928,0.506121,0.620924,0.433176,0.503928,0.503928
5a7b4e9a5542995eb53be905,0.000000,0.406276,0.381014,0.000000,0.401379,0.000000
5a7b531355429927d897bf8f,0.256731,0.415199,0.000000,0.236580,0.691667,0.194185
5a7b54475542995eb53be91b,0.000000,0.478361,0.551068,0.893750,0.875000,0.522456
5a7b568c55429927d897bf9a,0.280620,0.510482,0.482185,0.444196,0.405457,0.505208
5a7b638855429931da12ca7b,0.000000,0.000000,0.937500,0.906250,0.000000,0.291165
5a7b663855429927d897bfad,0.000000,0.000000,0.000000,0.906250,0.000000,0.750000
5a7b6a3d55429931da12ca9d,0.000000,0.526395,0.937500,0.447619,0.527974,0.545707
5a7b6ab155429927d897bfc1,0.000000,0.492918,0.460404,0.000000,0.459155,0.000000
5a7b702e55429931da12cab6,0.363358,0.480254,0.450691,0.418344,0.419283,0.276767
5a7b78e55542997c3ec971aa,0.000000,0.000000,0.000000,0.000000,0.000000,0.000000
5a7b7cea55429931da12cac8,0.000000,0.388963,0.533892,0.000000,0.578831,0.527829
5a7b80525542997c3ec971d0,0.000000,0.482021,0.445299,0.413282,0.875000,0.267280
5a7b88905542995eb53be953,0.000000,0.539581,0.579190,0.535598,0.545755,0.545755
5a7b90d655429927d897bfef,0.000000,0.000000,0.000000,0.000000,0.000000,0.000000
5a7b95af554299294a54aa08,0.000000,0.945673,0.845673,0.783173,0.851923,0.945673
5a7ba0665542995eb53be96f,0.434754,0.000000,0.000000,0.491004,0.460320,0.335915
5a7ba2b9554299294a54aa44,0.343807,0.630173,0.576786,0.532031,0.514286,0.411423
5a7ba432554299294a54aa50,0.366730,0.968750,0.937500,0.000000,0.906250,0.781250
5a7ba4f455429927d897c004,0.000000,0.000000,0.000000,0.000000,0.414828,0.000000
5a7ba9bc554299294a54aa77,0.000000,0.000000,0.511307,0.480057,0.000000,0.507729
5a7bb15c5542995eb53be99a,0.000000,0.488967,0.449119,0.326684,0.386457,0.000000
5a7bb676554299042af8f7ae,0.000000,0.000000,0.000000,0.000000,0.000000,0.000000
5a7bb6cc5542997c3ec97260,0.000000,0.428264,0.699773,0.453831,0.637273,0.512273
5a7bbe62554299294a54aaad,0.000000,0.406459,0.347667,0.326262,0.391830,0.246250
5a7bbee05542997c3ec9726f,0.000000,0.000000,0.000000,0.436779,0.000000,0.280464
5a7bc2f355429927d897c037,0.000000,0.000000,0.585840,0.000000,0.937500,0.750000
5a7bc68055429927d897c040,0.000000,0.893750,0.000000,0.505242,0.431324,0.875000
5a7bc8b1554299294a54aad0,0.000000,0.000000,0.000000,0.000000,0.000000,0.781250
5a7bdf67554299294a54ab3a,0.000000,0.968750,0.000000,0.000000,0.968750,0.937500
5a7be0895542997c3ec972a4,0.000000,0.000000,0.000000,0.000000,0.000000,0.000000
5a7beba25542996dd594b84a,0.000000,0.527637,0.503587,0.906250,0.506229,0.621250
5a7bf7bd5542996dd594b873,0.000000,0.000000,0.000000,0.000000,0.283889,0.000000
5a7bf9565542990527d55439,0.000000,0.000000,0.000000,0.000000,0.000000,0.000000
5a7bf9cc5542996dd594b878,0.370423,0.390334,0.356286,0.327035,0.393030,0.307930
5a7c10125542997c3ec972d7,0.000000,0.436349,0.937500,0.906250,0.906250,0.418816
5a7c10b35542997c3ec972d9,0.000000,0.413385,0.467613,0.427258,0.381191,0.800000
5a7c2ea15542990527d55472,0.000000,0.818750,0.307320,0.000000,0.725000,0.132011
5a7c3f735542996dd594b8e2,0.000000,0.487392,0.480503,0.336317,0.414151,0.350751
5a7c4d7f5542990527d55487,0.381204,0.392957,0.288430,0.332438,0.295229,0.098066
5a7c5b1455429907fabeef67,0.000000,0.968750,0.470711,0.444135,0.775000,0.398015
5a7c648d5542996dd594b912,0.000000,0.622083,0.590833,0.590833,0.538750,0.843750
5a7c64c05542990527d55495,0.000000,0.000000,0.000000,0.000000,0.455473,0.000000
5a7c6aa255429935c91b5199,0.408989,0.000000,0.506855,0.363673,0.439232,0.322588
5a7c7f0e55429935c91b51e6,0.368802,0.000000,0.000000,0.342484,0.397145,0.000000
5a7c8ddf55429935c91b5218,0.403983,0.000000,0.000000,0.000000,0.000000,0.750000
5a7c979b5542990527d554da,0.000000,0.689590,0.463575,0.427463,0.401075,0.273000
5a7ca8ec5542996dd594b966,0.000000,0.000000,0.340241,0.447149,0.000000,0.491568
5a7cabdd55429907fabeeff9,0.000000,0.535294,0.504044,0.470437,0.437005,0.316544
5a7caf1455429935c91b529d,0.000000,0.326314,0.000000,0.000000,0.000000,0.282926
5a7caf6255429935c91b52a0,0.000000,0.968750,0.000000,0.480533,0.875000,0.449283
5a7cb12f5542996dd594b98a,0.257836,0.000000,0.346213,0.000000,0.376748,0.482147
5a7cb27a5542990527d55503,0.000000,0.000000,0.000000,0.000000,0.000000,0.000000
5a7cb84e554299452d57b9bb,0.000000,0.000000,0.497325,0.466075,0.397725,0.309825
5a7cbd26554299452d57b9e1,0.000000,0.000000,0.000000,0.471480,0.000000,0.000000
5a7cbfee554299452d57b9fa,0.000000,0.436227,0.410594,0.373727,0.242120,0.217120
5a7cc524554299452d57ba40,0.000000,0.493455,0.462102,0.444756,0.313925,0.194028
5a7cc8ba55429909bec76805,0.000000,0.000000,0.592763,0.906250,0.000000,0.750000
5a7cc916554299683c1c637b,0.000000,0.000000,0.000000,0.000000,0.000000,0.000000
5a7cca29554299452d57ba64,0.000000,0.482827,0.451577,0.456820,0.486200,0.489025
5a7ccd6655429907fabef03a,0.000000,0.968750,0.937500,0.968750,0.862500,0.875000
5a7cce8455429909bec76819,0.000000,0.968750,0.937500,0.906250,0.293838,0.812500
5a7ccea855429907fabef03e,0.356100,0.000000,0.000000,0.000000,0.384445,0.256286
5a7cd19455429909bec76825,0.000000,0.000000,0.394495,0.000000,0.875000,0.750000
5a7cd3f9554299452d57ba88,0.000000,0.000000,0.000000,0.000000,0.436548,0.270298
5a7cda35554299683c1c639e,0.280534,0.395997,0.470697,0.000000,0.438726,0.750000
5a7cdab655429909bec7684f,0.000000,0.000000,0.533925,0.588299,0.000000,0.368922
5a7cdcf655429909bec76855,0.000000,0.459103,0.000000,0.000000,0.000000,0.000000
5a7cdfe8554299683c1c63b1,0.367183,0.000000,0.000000,0.000000,0.307986,0.282590
5a7ce180554299683c1c63b8,0.000000,0.000000,0.382500,0.000000,0.000000,0.418221
5a7cea17554299452d57ba9d,0.000000,0.000000,0.000000,0.000000,0.000000,0.000000
5a7cee9655429909bec768a7,0.000000,0.968750,0.937500,0.906250,0.968750,0.893750
5a7cf56755429909bec768c6,0.000000,0.000000,0.000000,0.000000,0.000000,0.000000
5a7cf89e55429907fabef076,0.000000,0.540179,0.439054,0.395190,0.495625,0.326834
5a7cf9fd55429907fabef07d,0.000000,0.555615,0.551121,0.000000,0.465531,0.750000
5a7d082055429909bec76907,0.000000,0.000000,0.496574,0.465324,0.434074,0.402824
5a7d091855429909bec7690d,0.000000,0.401450,0.507637,0.339581,0.303235,0.282193
5a7d098b55429909bec76910,0.297556,0.450769,0.409828,0.378578,0.245548,0.296894
5a7d134c55429909bec7693e,0.000000,0.000000,0.367533,0.599590,0.306256,0.000000
5a7d135555429909bec7693f,0.000000,0.526233,0.000000,0.463733,0.332483,0.781250
5a7d15e655429909bec76948,0.379444,0.491053,0.000000,0.477532,0.446859,0.322462
5a7d16745542995ed0d165df,0.496429,0.241424,0.937500,0.831250,0.625000,0.831250
5a7d1838554299452d57bae1,0.000000,0.000000,0.000000,0.000000,0.000000,0.335500
5a7d1c9c554299452d57baf6,0.296045,0.389235,0.517660,0.491985,0.278397,0.372226
5a7d21635542995ed0d165fe,0.000000,0.489382,0.491751,0.491374,0.398117,0.272676
5a7d23b05542995ed0d16601,0.000000,0.573408,0.937500,0.000000,0.479658,0.354658
5a7d263b554299452d57bb26,0.000000,0.000000,0.000000,0.000000,0.000000,0.000000
5a7d2a8e5542995f4f40221e,0.000000,0.000000,0.000000,0.906250,0.000000,0.750000
5a7d2b625542995ed0d1661d,0.310159,0.311591,0.277112,0.299884,0.337339,0.194238
5a7d2c935542995ed0d16625,0.000000,0.000000,0.351763,0.290017,0.366940,0.116158
5a7d2e415542995f4f40222c,0.000000,0.000000,0.465160,0.000000,0.568743,0.398637
5a7d33e15542995f4f402235,0.000000,0.633416,0.624907,0.589107,0.953750,0.435056
5a7d34e7554299452d57bb58,0.275449,0.321664,0.280293,0.414945,0.471406,0.000000
5a7d402f5542997cc2c4743a,0.000000,0.000000,0.000000,0.000000,0.000000,0.000000
5a7d45295542990b8f503971,0.364982,0.429731,0.475443,0.458572,0.486779,0.125782
5a7d4c465542997cc2c47450,0.289922,0.968750,0.937500,0.968750,0.501508,0.284668
5a7d75535542990b8f503999,0.000000,0.793750,0.862500,0.906250,0.862500,0.812500
5a7d9d695542995f4f40228f,0.368017,0.316465,0.379749,0.354942,0.331735,0.271050
5a7da3515542997cc2c47466,0.258571,0.302321,0.423929,0.360577,0.403415,0.906250
5a7da3d35542990b8f5039e7,0.000000,0.000000,0.000000,0.000000,0.000000,0.000000
5a7da58a5542990b8f5039f4,0.446660,0.564955,0.534160,0.389048,0.421193,0.458140
5a7da63e5542990b8f5039fb,0.000000,0.893750,0.937500,0.893750,0.968750,0.862500
5a7da9d75542995ed0d16656,0.000000,0.893750,0.937500,0.906250,0.875000,0.750000
5a7dac205542997cc2c47470,0.358369,0.000000,0.448310,0.311209,0.390931,0.000000
5a7db5705542997cc2c47477,0.000000,0.514922,0.000000,0.000000,0.875000,0.000000
5a7dc4485542990b8f503a86,0.000000,0.496498,0.493421,0.430332,0.000000,0.277941
5a7dd44e5542990b8f503ad4,0.000000,0.000000,0.000000,0.000000,0.000000,0.000000
5a7dd6595542995f4f4022ca,0.411535,0.553750,0.519416,0.431960,0.377394,0.512880
5a7dd6b45542995f4f4022cc,0.000000,0.000000,0.518425,0.652780,0.906250,0.843750
5a7de0185542995f4f4022eb,0.000000,0.487697,0.589457,0.906250,0.454231,0.322016
5a7dee055542990b8f503af5,0.000000,0.593068,0.555220,0.523970,0.499547,0.598965
5a7dee475542995f4f40231d,0.000000,0.000000,0.837500,0.000000,0.000000,0.937500
5a7dee795542995f4f40231f,0.000000,0.000000,0.937500,0.906250,0.875000,0.750000
5a7df27c5542995f4f40233f,0.000000,0.968750,0.937500,0.906250,0.968750,0.968750
5a7df3ba5542995f4f402346,0.000000,0.519876,0.542912,0.354161,0.417971,0.298252
5a7df6c65542990b8f503b0d,0.000000,0.893750,0.501249,0.403067,0.331254,0.937500
5a7dfa405542995f4f402366,0.850000,0.968750,0.937500,0.472571,0.875000,0.750000
5a7dfc2d5542995f4f40236c,0.395502,0.000000,0.451502,0.267241,0.432752,0.274998
5a7e09165542995f4f4023b4,0.396580,0.000000,0.000000,0.375288,0.000000,0.450418
5a7e09e95542997cc2c47504,0.000000,0.725410,0.928125,0.896875,0.865625,0.706250
5a7e13b95542995ed0d16684,0.000000,0.527660,0.937500,0.906250,0.500336,0.906250
5a7e17ea5542995ed0d1668e,0.303657,0.430870,0.399620,0.368370,0.337120,0.264128
5a7e181955429965cec5ea46,0.000000,0.000000,0.000000,0.447917,0.000000,0.317647
5a7e258a55429965cec5ea9e,0.000000,0.558861,0.000000,0.000000,0.000000,0.400602
5a7e2f765542995ed0d166c3,0.290342,0.324973,0.000000,0.338824,0.392269,0.937500
5a7e3b1b5542995ed0d166de,0.000000,0.421225,0.641893,0.358725,0.402475,0.458340
5a7e3c985542991319bc9446,0.262857,0.392083,0.359665,0.349132,0.317698,0.158285
5a7e40615542991319bc9450,0.302992,0.658987,0.374096,0.438020,0.476392,0.627737
5a7e465255429934daa2fbfa,0.850000,0.475574,0.937500,0.418790,0.875000,0.968750
5a7e46625542991319bc945c,0.000000,0.577171,0.630840,0.394574,0.459617,0.234229
5a7e5b265542991319bc9473,0.000000,0.519398,0.000000,0.464805,0.000000,0.496628
5a7e5d605542991319bc9477,0.000000,0.481659,0.937500,0.455590,0.775000,0.750000
5a7e780555429949594199cb,0.000000,0.373750,0.492500,0.461250,0.355000,0.305000
5a7e786055429949594199cc,0.000000,0.504113,0.497866,0.366616,0.875000,0.781250
5a7e7d1b55429949594199db,0.000000,0.557120,0.937500,0.399696,0.379703,0.391379
5a7e80c55542991319bc94c6,0.000000,0.638125,0.560126,0.575625,0.572626,0.437403
5a7e811055429949594199e7,0.000000,0.000000,0.000000,0.413941,0.000000,0.000000
5a7e92815542994959419a0d,0.292193,0.409059,0.333002,0.352121,0.439838,0.327020
5a7e9c995542994959419a2c,0.000000,0.000000,0.459549,0.482337,0.000000,0.326087
5a7e9f8c55429930675135a3,0.000000,0.000000,0.285157,0.000000,0.000000,0.405435
5a7ea6f355429930675135bc,0.000000,0.968750,0.473927,0.906250,0.000000,0.000000
5a7ea77655429930675135bf,0.257763,0.304082,0.446413,0.314307,0.384549,0.257218
5a7ead8855429930675135c5,0.000000,0.541826,0.281863,0.262222,0.452348,0.270774
5a7eb87f55429934daa2fc4f,0.000000,0.000000,0.000000,0.000000,0.000000,0.000000
5a7ebd6255429934daa2fc5b,0.000000,0.000000,0.000000,0.466207,0.000000,0.358125
5a7ec44355429930675135d8,0.265086,0.409712,0.454767,0.489467,0.299590,0.410991
5a7ef9215542994959419a97,0.000000,0.000000,0.000000,0.454491,0.000000,0.000000
5a7f05a955429934daa2fc99,0.000000,0.000000,0.000000,0.000000,0.000000,0.000000
5a7f08d055429934daa2fc9e,0.288441,0.458993,0.498390,0.542140,0.498390,0.498390
5a7f091a55429934daa2fc9f,0.000000,0.968750,0.937500,0.499941,0.468691,0.283530
5a7f0b7055429930675135fd,0.400987,0.513498,0.497029,0.460316,0.417942,0.478525
5a7f0cc85542993067513601,0.000000,0.000000,0.519539,0.466647,0.000000,0.347024
5a7f18ee55429934daa2fcd7,0.356254,0.376887,0.346991,0.412574,0.385790,0.297143
5a7f2065554299306751364c,0.000000,0.551176,0.541765,0.525871,0.420157,0.430300
5a7f2353554299306751365c,0.000000,0.968750,0.937500,0.937500,0.968750,0.000000
5a7f25455542993067513662,0.000000,0.000000,0.000000,0.494339,0.875000,0.968750
5a7f2d3b5542994959419aac,0.850000,0.893750,0.862500,0.968750,0.893750,0.893750
5a7f2f455542994959419ab0,0.000000,0.469873,0.688409,0.657159,0.606081,0.613409
5a7f34cc5542992e7d278c89,0.000000,0.000000,0.000000,0.000000,0.000000,0.000000
5a7f39315542992e7d278c9b,0.375212,0.968750,0.000000,0.906250,0.937500,0.750000
5a7f3bf955429934daa2fd2f,0.000000,0.544300,0.518614,0.479117,0.485937,0.360937
5a7f3ef355429930675136d7,0.359876,0.343109,0.303363,0.267106,0.398282,0.110072
5a7f47685542994857a766db,0.273669,0.483644,0.451987,0.459881,0.394441,0.344377
5a7f4ef95542994857a766e5,0.000000,0.000000,0.492021,0.000000,0.864655,0.448220
5a7f51705542994857a766ec,0.264036,0.397426,0.360730,0.504386,0.507616,0.277842
5a7f53305542994857a766ee,0.000000,0.478664,0.447683,0.415988,0.309504,0.000000
5a7f630255429969796c1a24,0.000000,0.000000,0.937500,0.906250,0.906250,0.518750
5a7f65c155429969796c1a2d,0.000000,0.000000,0.370983,0.445700,0.473011,0.496467
5a7f6e615542995d8a8dde69,0.000000,0.968750,0.937500,0.968750,0.968750,0.906250
5a7f73ac55429969796c1a5b,0.375727,0.338793,0.900000,0.457517,0.000000,0.304127
5a7f7afb5542995d8a8dde89,0.267647,0.310795,0.281250,0.000000,0.800000,0.292500
5a7f7ff25542994857a7674e,0.000000,0.696827,0.000000,0.000000,0.000000,0.478077
5a7f804e5542994857a76750,0.307829,0.426579,0.395329,0.364079,0.332829,0.207829
5a7f85e055429969796c1a8e,0.000000,0.000000,0.451923,0.424198,0.463820,0.522610
5a7f87ce55429969796c1a98,0.000000,0.588953,0.544079,0.000000,0.325249,0.342572
5a7f8e3e55429969796c1aad,0.000000,0.000000,0.618208,0.329072,0.555708,0.750000
5a7f92d055429969796c1abb,0.000000,0.000000,0.548315,0.000000,0.000000,0.302962
5a7f92f655429969796c1abc,0.396634,0.396424,0.349500,0.332796,0.322614,0.000000
5a7f99f755429969796c1adf,0.000000,0.893750,0.862500,0.731250,0.000000,0.675000
5a7fa1105542994857a7678c,0.313044,0.000000,0.498142,0.000000,0.278281,0.000000
5a7fa4405542994857a76799,0.000000,0.000000,0.000000,0.000000,0.000000,0.000000
5a7fa67855429969796c1b10,0.000000,0.000000,0.475525,0.675170,0.543920,0.287800
5a7fa75f55429969796c1b13,0.385926,0.498650,0.478580,0.438637,0.889107,0.928409
5a7fae2e5542994857a767b5,0.000000,0.000000,0.000000,0.475488,0.566937,0.508726
5a7faeb555429969796c1b20,0.356364,0.477201,0.447606,0.454688,0.484756,0.486043
5a7fbcdd5542994857a767ed,0.000000,0.000000,0.000000,0.323980,0.875000,0.812500
5a7fbd905542995d8a8ddf0c,0.356204,0.475010,0.370231,0.412495,0.383067,0.368439
5a7fbdee5542992e7d278d3f,0.000000,0.000000,0.000000,0.000000,0.000000,0.000000
5a7fbe545542992e7d278d41,0.000000,0.319332,0.373848,0.379013,0.389611,0.488949
5a7fc17155429969796c1b48,0.000000,0.000000,0.000000,0.000000,0.000000,0.000000
5a7fc36e55429969796c1b4f,0.000000,0.667715,0.636465,0.505215,0.473965,0.461381
5a7fc82b5542992e7d278d7f,0.381699,0.474807,0.443557,0.494488,0.525738,0.526121
5a7fc8b85542995d8a8ddf26,0.000000,0.502651,0.471401,0.354235,0.408901,0.000000
5a7fcf545542995d8a8ddf2b,0.513125,0.968750,0.393824,0.806250,0.968750,0.393019
5a7fcf6755429969796c1b7d,0.000000,0.445627,0.000000,0.000000,0.415160,0.292498
5a7fd2b15542992e7d278db7,0.363502,0.476748,0.000000,0.381474,0.000000,0.265902
5a7fd35c5542992e7d278db9,0.303660,0.000000,0.456183,0.000000,0.558511,0.812500
5a7fd7c255429969796c1b86,0.000000,0.000000,0.000000,0.831250,0.800000,0.893750
5a7fd80b5542994857a767fd,0.000000,0.430845,0.937500,0.442666,0.446480,0.000000
5a7fd8915542994857a767fe,0.000000,0.000000,0.462096,0.000000,0.409211,0.348882
5a7fd8c85542992e7d278dc4,0.258411,0.000000,0.448605,0.417355,0.480937,0.342188
5a7fe6e35542994857a7683b,0.000000,0.581359,0.489128,0.518859,0.487609,0.297810
5a7fe7795542994857a7683c,0.000000,0.893750,0.000000,0.906250,0.875000,0.000000
5a7ff38a5542992e7d278dc8,0.000000,0.353190,0.497325,0.497325,0.466075,0.309825
5a7ffe305542994857a76885,0.000000,0.000000,0.000000,0.329156,0.300250,0.400000
5a7fff7b5542994857a76888,0.402084,0.514302,0.409294,0.490629,0.550524,0.216903
5a8002375542992e7d278dd6,0.000000,0.326127,0.000000,0.000000,0.314760,0.287151
5a800be755429969796c1baa,0.000000,0.000000,0.000000,0.000000,0.000000,0.316216
5a801bda554299485f59856b,0.000000,0.000000,0.000000,0.450484,0.428966,0.000000
5a8027ee5542992e7d278dfe,0.000000,0.000000,0.507836,0.000000,0.431213,0.000000
5a8029515542992e7d278e07,0.293144,0.968750,0.937500,0.937500,0.418144,0.906250
5a802e12554299485f59857f,0.392509,0.526193,0.482317,0.459669,0.875000,0.308077
5a8048db5542992bc0c4a6d8,0.000000,0.490468,0.937500,0.500383,0.487922,0.438954
5a804ffe5542996402f6a4b1,0.000000,0.000000,0.000000,0.000000,0.000000,0.000000
5a8051855542992bc0c4a6f9,0.000000,0.715524,0.500053,0.455199,0.323949,0.299143
5a8061f7554299485f5985de,0.000000,0.601596,0.921711,0.537630,0.535173,0.921711
5a806c455542996402f6a506,0.000000,0.968750,0.937500,0.000000,0.000000,0.000000
5a8077bb5542996402f6a53d,0.000000,0.968750,0.937500,0.000000,0.477785,0.937500
5a807cd55542992bc0c4a732,0.000000,0.428538,0.468845,0.463996,0.000000,0.325000
5a807fea554299485f59862d,0.000000,0.000000,0.475554,0.000000,0.000000,0.000000
5a8087dd5542992bc0c4a758,0.000000,0.000000,0.455091,0.447368,0.301338,0.332633
5a808a665542992097ad2ff9,0.000000,0.968750,0.937500,0.906250,0.968750,0.675000
5a808c9b5542995d8a8ddf91,0.394210,0.512960,0.481710,0.450460,0.419210,0.419210
5a808fbb554299485f598656,0.000000,0.493662,0.459870,0.431162,0.775000,0.174472
5a80924a554299485f59865b,0.000000,0.541699,0.504649,0.373399,0.400000,0.000000
5a80968b5542992097ad2ffe,0.372546,0.442212,0.463743,0.445018,0.311907,0.294054
5a809a225542995d8a8ddfab,0.000000,0.893750,0.862500,0.968750,0.875000,0.843750
5a809d455542996402f6a5aa,0.000000,0.000000,0.000000,0.000000,0.381134,0.000000
5a80a2725542995d8a8ddfb8,0.000000,0.876103,0.844853,0.813603,0.401331,0.673803
5a80a8565542996402f6a5d3,0.000000,0.000000,0.000000,0.000000,0.000000,0.000000
5a80ad6e5542996402f6a5e7,0.000000,0.000000,0.000000,0.000000,0.000000,0.000000
5a80aec05542992bc0c4a7a3,0.426188,0.628914,0.558003,0.438977,0.434924,0.335382
5a80b4f6554299260e20a135,0.000000,0.349913,0.937500,0.493504,0.417405,0.303740
5a80b96a5542992bc0c4a7e8,0.000000,0.407194,0.464495,0.433305,0.402047,0.492602
5a80c2d35542992bc0c4a81c,0.000000,0.721607,0.386357,0.906250,0.627857,0.187437
5a80c65c554299260e20a153,0.404614,0.893750,0.862500,0.460139,0.893750,0.893750
5a80c67a554299260e20a154,0.435486,0.565276,0.000000,0.814583,0.449499,0.519448
5a80c90355429938b61421df,0.000000,0.399148,0.000000,0.445490,0.304731,0.183273
5a80da9a554299260e20a187,0.302027,0.566959,0.482239,0.739030,0.420963,0.519401
5a80daf155429938b6142216,0.000000,0.968750,0.937500,0.000000,0.875000,0.750000
5a80dc0455429938b614221d,0.357721,0.474992,0.443388,0.412052,0.000000,0.257539
5a80de6955429938b6142225,0.000000,0.000000,0.862500,0.000000,0.000000,0.000000
5a80dec7554299260e20a194,0.000000,0.398503,0.365330,0.572923,0.302941,0.906250
5a80e629554299260e20a1af,0.000000,0.405233,0.475087,0.433134,0.405573,0.191589
5a80ebf655429938b6142252,0.000000,0.000000,0.000000,0.000000,0.000000,0.000000
5a80edf155429938b6142258,0.000000,0.968750,0.937500,0.906250,0.875000,0.750000
5a80f14a55429938b6142265,0.850000,0.968750,0.491030,0.428066,0.875000,0.516056
5a80f2d355429938b6142268,0.000000,0.586250,0.481107,0.449721,0.426187,0.937500
5a810797554299260e20a20a,0.280793,0.431868,0.382187,0.435919,0.471467,0.289743
5a81086455429938b614229c,0.000000,0.000000,0.000000,0.000000,0.000000,0.285532
5a810a5d554299260e20a218,0.000000,0.952961,0.921711,0.487519,0.921711,0.859211
5a810d9b554299260e20a224,0.000000,0.483304,0.469674,0.425673,0.393052,0.463857
5a810eca5542995ce29dcbad,0.000000,0.000000,0.000000,0.000000,0.471296,0.593607
5a8110c0554299260e20a22c,0.364323,0.312685,0.284571,0.345215,0.318529,0.166766
5a81151e554299260e20a23b,0.000000,0.600438,0.923214,0.445834,0.860714,0.000000
5a81189f55429938b61422bd,0.000000,0.519873,0.461944,0.376873,0.401705,0.382827
5a8119b655429903bc27b927,0.000000,0.540890,0.937500,0.478390,0.875000,0.750000
5a8119ff55429903bc27b928,0.000000,0.497428,0.458108,0.426632,0.391382,0.285981
5a811fcd554299260e20a24f,0.000000,0.408488,0.000000,0.000000,0.000000,0.000000
5a812d3955429903bc27b939,0.269183,0.000000,0.462333,0.000000,0.000000,0.000000
5a812dee55429938b61422e2,0.000000,0.968750,0.000000,0.906250,0.405405,0.000000
5a8132bb55429926c1cdad0d,0.000000,0.508880,0.937500,0.906250,0.875000,0.650000
5a8134e2554299260e20a274,0.000000,0.000000,0.000000,0.337338,0.547500,0.422500
5a81398355429938b6142301,0.000000,0.000000,0.937500,0.906250,0.875000,0.000000
5a8141b655429938b6142315,0.502857,0.000000,0.507711,0.621607,0.527857,0.621607
5a8142ed55429938b6142318,0.000000,0.000000,0.937500,0.906250,0.937500,0.875000
5a8151b155429938b6142336,0.000000,0.000000,0.937500,0.430764,0.000000,0.000000
5a8181e355429938b614234c,0.850000,0.507334,0.916071,0.637981,0.643750,0.791071
5a8187d055429938b6142352,0.000000,0.000000,0.459837,0.441577,0.000000,0.282604
5a81885e55429903bc27b975,0.000000,0.580222,0.532609,0.512426,0.474040,0.543889
5a8193eb554299260e20a2a0,0.000000,0.000000,0.683214,0.000000,0.620714,0.299595
5a819ba75542995ce29dcc15,0.000000,0.494192,0.463438,0.426551,0.299279,0.276370
5a81a2805542995ce29dcc1c,0.257390,0.000000,0.342775,0.000000,0.283140,0.000000
5a81b95b5542995ce29dcc54,0.000000,0.968750,0.472348,0.438840,0.775000,0.291367
5a81b96f5542990a1d231e81,0.000000,0.000000,0.000000,0.000000,0.000000,0.893750
5a81c9a95542990a1d231eb7,0.000000,0.000000,0.520566,0.521702,0.451936,0.473003
5a81d62e55429903bc27b9db,0.288327,0.968750,0.937500,0.444577,0.875000,0.750000
5a81d6af55429903bc27b9df,0.339071,0.470255,0.439005,0.393415,0.432507,0.423558
5a81d7ca55429903bc27b9e6,0.000000,0.000000,0.000000,0.000000,0.000000,0.000000
5a81d95b5542995ce29dcc66,0.000000,0.000000,0.000000,0.000000,0.000000,0.000000
5a81e21555429903bc27b9fe,0.000000,0.543750,0.445956,0.831250,0.501875,0.390000
5a81e239554299676cceb133,0.000000,0.000000,0.453428,0.307505,0.000000,0.000000
5a81e35e554299676cceb138,0.000000,0.439111,0.440490,0.465424,0.937500,0.843750
5a81e7dc55429926c1cdadb8,0.000000,0.000000,0.493285,0.440514,0.000000,0.153919
5a81f1685542995ce29dcc94,0.000000,0.326529,0.000000,0.340756,0.419326,0.324744
5a81f4a65542990a1d231ef3,0.000000,0.893750,0.862500,0.397321,0.893750,0.893750
5a81f5f155429926c1cdadc6,0.505385,0.000000,0.000000,0.000000,0.000000,0.255385
5a81f7ef55429926c1cdadc9,0.357224,0.369803,0.453303,0.307926,0.397190,0.273404
5a81f91a554299676cceb1aa,0.000000,0.000000,0.000000,0.906250,0.875000,0.812500
5a81f94d55429903bc27ba14,0.000000,0.000000,0.000000,0.465277,0.456757,0.576324
5a81fab9554299676cceb1b1,0.000000,0.893750,0.000000,0.262229,0.775000,0.650000
5a81fba555429926c1cdadcf,0.000000,0.517711,0.376422,0.494966,0.327557,0.297312
5a81fd2755429926c1cdadd4,0.000000,0.000000,0.393163,0.000000,0.000000,0.000000
5a81ff7a5542990a1d231f0e,0.000000,0.000000,0.467496,0.472824,0.393620,0.294536
5a8200c9554299676cceb1cd,0.000000,0.339851,0.000000,0.000000,0.000000,0.000000
5a8202db55429926c1cdade6,0.000000,0.549321,0.496160,0.555975,0.000000,0.433660
5a820b2d5542990a1d231f22,0.000000,0.968750,0.937500,0.906250,0.466998,0.494306
5a820b935542995ce29dcc9f,0.255979,0.377535,0.346695,0.314952,0.380724,0.156718
5a820fe35542990a1d231f32,0.000000,0.000000,0.000000,0.000000,0.000000,0.000000
5a8218305542990a1d231f4c,0.000000,0.309243,0.305750,0.239015,0.377621,0.336607
5a822c435542990a1d231f68,0.000000,0.577279,0.546029,0.637679,0.700179,0.358529
5a8236a455429903bc27ba47,0.000000,0.000000,0.000000,0.000000,0.000000,0.000000
5a8240a355429940e5e1a814,0.000000,0.332781,0.000000,0.000000,0.000000,0.213456
5a8243bb55429940e5e1a820,0.000000,0.482090,0.525840,0.494590,0.463340,0.338340
5a8248a65542995ce29dcce0,0.000000,0.893750,0.476603,0.831250,0.800000,0.781250
5a825100554299676cceb25b,0.000000,0.385718,0.361385,0.332658,0.292045,0.477200
5a82594e55429966c78a6a04,0.378818,0.316427,0.461744,0.252830,0.000000,0.196533
5a825d3055429940e5e1a87e,0.000000,0.356299,0.517262,0.457524,0.429762,0.301493
5a82603055429940e5e1a894,0.000000,0.487814,0.000000,0.321442,0.000000,0.155921
5a8260355542995ce29dcced,0.441032,0.485912,0.543757,0.600530,0.875000,0.458852
5a82678055429940e5e1a8a7,0.000000,0.388405,0.385077,0.426921,0.409516,0.750000
5a826b185542995ce29dcd00,0.000000,0.000000,0.534884,0.503634,0.000000,0.000000
5a82796e55429966c78a6a26,0.309305,0.968750,0.500579,0.537438,0.490870,0.314613
5a827be455429966c78a6a28,0.000000,0.000000,0.461720,0.000000,0.000000,0.000000
5a827ee655429940e5e1a8df,0.000000,0.000000,0.000000,0.365008,0.405231,0.414195
5a828bd455429966c78a6a4d,0.000000,0.000000,0.000000,0.422984,0.388145,0.188869
5a8299e255429954d2e2eb76,0.000000,0.000000,0.937500,0.906250,0.875000,0.000000
5a82a6e255429954d2e2eb98,0.000000,0.000000,0.000000,0.000000,0.000000,0.000000
5a82a8cc55429940e5e1a910,0.000000,0.000000,0.000000,0.000000,0.525000,0.650000
5a82afb055429966c78a6a7b,0.295580,0.515330,0.459149,0.906250,0.000000,0.382328
5a82b32655429966c78a6a7f,0.000000,0.569848,0.363598,0.260765,0.454721,0.000000
5a82be7655429966c78a6a87,0.000000,0.893750,0.862500,0.364066,0.862500,0.862500
5a82bef355429966c78a6a88,0.368966,0.385096,0.443328,0.428723,0.418017,0.495572
5a82cd6f55429966c78a6a90,0.349473,0.465229,0.460042,0.428792,0.367021,0.269400
5a82f8b255429954d2e2ebdc,0.000000,0.532339,0.560290,0.458413,0.458303,0.501505
5a82fa3755429966c78a6ac6,0.000000,0.560786,0.479446,0.000000,0.316946,0.283196
5a82fb5855429954d2e2ebe2,0.000000,0.546260,0.000000,0.000000,0.420562,0.000000
5a83085355429966c78a6afb,0.000000,0.000000,0.000000,0.000000,0.000000,0.000000
5a830c9155429903bc27ba85,0.265902,0.483406,0.355939,0.426562,0.333257,0.179627
5a8317ae55429966c78a6b2f,0.000000,0.968750,0.604868,0.573618,0.542368,0.604868
5a83189655429966c78a6b34,0.282135,0.499505,0.369465,0.442830,0.420105,0.199693
5a8319c855429966c78a6b39,0.000000,0.000000,0.505735,0.320261,0.443235,0.436057
5a831f0e55429940e5e1a968,0.000000,0.511998,0.479410,0.588603,0.000000,0.000000
5a831fdd5542995ce29dcd35,0.418905,0.537655,0.000000,0.475155,0.343905,0.202547
5a8321ce55429940e5e1a971,0.000000,0.298703,0.000000,0.000000,0.395496,0.255615
5a8322fb55429940e5e1a97a,0.000000,0.521988,0.474196,0.456908,0.481417,0.362760
5a8325075542990548d0b189,0.000000,0.000000,0.000000,0.000000,0.875000,0.000000
5a83282a5542990548d0b1a4,0.000000,0.625354,0.594104,0.416687,0.875000,0.361361
5a83292e5542990548d0b1b0,0.000000,0.000000,0.000000,0.000000,0.433076,0.000000
5a8331ef55429966c78a6b4c,0.460645,0.416473,0.000000,0.487361,0.495297,0.261842
5a8334a455429954d2e2ec5c,0.000000,0.893750,0.418945,0.382482,0.000000,0.233889
5a83398a55429966c78a6b50,0.505455,0.893750,0.517955,0.516319,0.530455,0.360069
5a833cae55429966c78a6b55,0.256303,0.375507,0.444575,0.000000,0.409392,0.154870
5a8345d455429966c78a6b67,0.000000,0.968750,0.937500,0.906250,0.875000,0.000000
5a83530255429954d2e2ec9b,0.000000,0.000000,0.937500,0.452010,0.311853,0.191042
5a8353095542996488c2e40b,0.357389,0.480129,0.450819,0.415777,0.385802,0.259039
5a83546e554299123d8c20ec,0.000000,0.893750,0.937500,0.490883,0.489827,0.482209
5a835ac05542993344746005,0.000000,0.000000,0.000000,0.000000,0.000000,0.000000
5a835d7d5542992ef85e228f,0.000000,0.000000,0.937500,0.360215,0.385427,0.650000
5a8362be5542996488c2e432,0.278219,0.000000,0.937500,0.489216,0.398146,0.875000
5a837b10554299123d8c2137,0.000000,0.968750,0.000000,0.000000,0.875000,0.875000
5a8385b3554299123d8c2143,0.850000,0.706495,0.937500,0.906250,0.875000,0.750000
5a83860f554299123d8c2145,0.000000,0.540314,0.492500,0.461135,0.451258,0.446564
5a838813554299123d8c214f,0.000000,0.000000,0.000000,0.000000,0.000000,0.000000
5a8392525542992ef85e230f,0.850000,0.968750,0.968750,0.366894,0.725000,0.564706
5a839c66554299123d8c2168,0.000000,0.405676,0.000000,0.000000,0.383955,0.260169
5a839cfa554299123d8c216a,0.000000,0.000000,0.000000,0.000000,0.000000,0.000000
5a839e2c554299123d8c216c,0.000000,0.528190,0.527143,0.496594,0.527824,0.410731
5a83a1eb5542992ef85e2337,0.000000,0.893750,0.937500,0.906250,0.875000,0.288444
5a83a2f3554299123d8c2178,0.000000,0.968750,0.862500,0.477737,0.875000,0.750000
5a83a360554299123d8c217b,0.259160,0.402398,0.000000,0.000000,0.383327,0.000000
5a83a3885542993344746067,0.000000,0.417120,0.545840,0.388128,0.577090,0.311413
5a83bad85542990548d0b229,0.000000,0.000000,0.000000,0.000000,0.000000,0.000000
5a83bb74554299123d8c219f,0.000000,0.000000,0.396638,0.524107,0.314321,0.336717
5a83bec25542996488c2e4aa,0.000000,0.000000,0.471783,0.467633,0.431498,0.197146
5a83c7115542996488c2e4c5,0.000000,0.549087,0.559311,0.466850,0.000000,0.464171
5a83ce425542996488c2e4db,0.000000,0.451156,0.414489,0.388350,0.445739,0.875000
5a83db6b554299334474609a,0.368153,0.000000,0.453226,0.500183,0.000000,0.000000
5a84120d5542992ef85e23aa,0.286451,0.416177,0.391138,0.335144,0.517559,0.424149
5a84320c5542996488c2e50c,0.000000,0.555750,0.495010,0.471524,0.471726,0.352872
5a84382b554299123d8c21e4,0.000000,0.000000,0.000000,0.000000,0.000000,0.000000
5a844dd1554299123d8c21f2,0.000000,0.000000,0.630840,0.383914,0.837500,0.712500
5a8450c55542990548d0b276,0.367784,0.000000,0.000000,0.000000,0.000000,0.650000
5a8451e3554299123d8c2201,0.000000,0.000000,0.472880,0.441576,0.410326,0.285271
5a84530f5542990548d0b27b,0.258213,0.000000,0.352311,0.311630,0.396672,0.453044
5a8455a35542990548d0b285,0.317165,0.000000,0.000000,0.000000,0.000000,0.000000
5a8456c45542992ef85e23c2,0.429202,0.893750,0.862500,0.255869,0.361331,0.968750
5a845c035542996488c2e525,0.354149,0.000000,0.449235,0.413885,0.000000,0.256333
5a846056554299123d8c2228,0.387751,0.396962,0.469853,0.336630,0.431095,0.276745
5a8464005542992ef85e23da,0.000000,0.000000,0.937500,0.493790,0.587500,0.650000
5a846cc65542992ef85e23f1,0.000000,0.380989,0.000000,0.420576,0.000000,0.270422
5a8472755542993344746132,0.000000,0.000000,0.000000,0.000000,0.000000,0.000000
5a8473945542990548d0b2bf,0.000000,0.513146,0.500535,0.392247,0.875000,0.501035
5a84796f554299123d8c2262,0.367280,0.419688,0.352275,0.427572,0.452899,0.161435
5a847b70554299123d8c2267,0.000000,0.584690,0.937500,0.921711,0.510966,0.321117
5a847ce7554299123d8c2269,0.000000,0.000000,0.000000,0.000000,0.384268,0.454145
5a847ded554299334474613e,0.369543,0.000000,0.207749,0.307243,0.725000,0.018673
5a847f54554299123d8c2273,0.000000,0.000000,0.463598,0.467020,0.000000,0.446584
5a847fed554299123d8c2275,0.000000,0.000000,0.000000,0.000000,0.529737,0.329737
5a8486ce5542997b5ce3fea6,0.000000,0.570908,0.565291,0.469487,0.563151,0.000000
5a84a29d5542991dd0999d52,0.850000,0.000000,0.862500,0.756250,0.787500,0.800000
5a84a32d5542997175ce1f01,0.498235,0.616985,0.585735,0.554485,0.523235,0.616985
5a84a7e75542991dd0999d61,0.000000,0.000000,0.000000,0.906250,0.906250,0.468360
5a84af9a5542992a431d1a8c,0.267378,0.483735,0.359240,0.000000,0.295628,0.172299
5a84bd575542997b5ce3ff4a,0.000000,0.535991,0.504741,0.473491,0.000000,0.365385
5a84c0be5542991dd0999ddb,0.000000,0.438466,0.398470,0.368462,0.354033,0.431228
5a84c36b5542991dd0999de5,0.000000,0.000000,0.000000,0.000000,0.000000,0.000000
5a84c5c95542997b5ce3ff5f,0.000000,0.000000,0.395893,0.000000,0.000000,0.000000
5a84c61d5542991dd0999df2,0.253279,0.475669,0.372296,0.409067,0.384480,0.186765
5a84cda15542991dd0999dff,0.000000,0.000000,0.000000,0.000000,0.000000,0.000000
5a84d57a5542992a431d1aaf,0.000000,0.968750,0.598141,0.560300,0.422682,0.408662
5a84e26f5542991dd0999e1a,0.000000,0.525902,0.000000,0.460414,0.431749,0.000000
5a84e5d15542997b5ce3ff85,0.389160,0.439422,0.509577,0.437043,0.530772,0.484955
5a84e73e5542997b5ce3ff88,0.000000,0.893750,0.499762,0.906250,0.875000,0.239041
5a84ecf55542991dd0999e24,0.000000,0.594464,0.000000,0.434776,0.501829,0.341729
5a84f4605542991dd0999e2f,0.279228,0.527561,0.488730,0.439581,0.422763,0.292238
5a84f7da5542997175ce1f38,0.365371,0.485726,0.453410,0.421090,0.457615,0.332667
5a8513155542994c784ddaf4,0.357007,0.481449,0.450720,0.429576,0.384371,0.403282
5a851eb25542997175ce1f8e,0.000000,0.000000,0.444733,0.000000,0.384293,0.000000
5a851fc75542992a431d1ae3,0.259464,0.477104,0.445322,0.414221,0.384656,0.322804
5a85294a5542997b5ce3ffa9,0.261413,0.301335,0.273990,0.340331,0.212650,0.259569
5a853ecb5542997b5ce3ffd5,0.000000,0.686873,0.655623,0.463355,0.875000,0.686873
5a854bd25542997175ce1fae,0.000000,0.458326,0.511071,0.456718,0.445083,0.906250
5a855afa5542991dd0999e53,0.341489,0.537083,0.672500,0.481123,0.536250,0.495500
5a857fe85542991dd0999e5e,0.000000,0.507883,0.937500,0.443679,0.000000,0.287374
5a8581255542991dd0999e60,0.000000,0.497218,0.937500,0.906250,0.405034,0.287056
5a858a435542991dd0999e64,0.000000,0.968750,0.837500,0.547500,0.497361,0.968750
5a85a0a55542991dd0999e6e,0.000000,0.968750,0.937500,0.906250,0.875000,0.937500
5a85a74b5542997b5ce4000e,0.000000,0.000000,0.000000,0.000000,0.000000,0.206377
5a85a79d5542997b5ce4000f,0.000000,0.344072,0.937500,0.264889,0.000000,0.000000
5a85b48e5542994c784ddb53,0.850000,0.968750,0.937500,0.480758,0.862500,0.750000
5a85b50b5542994c784ddb56,0.367501,0.893750,0.451144,0.413829,0.800000,0.432172
5a85d0045542997175ce2039,0.000000,0.579565,0.548315,0.517065,0.559868,0.360815
5a85d0e15542997175ce2040,0.373321,0.304338,0.379091,0.417980,0.213383,0.862500
5a85d4b85542997175ce2051,0.000000,0.478928,0.447678,0.316428,0.447678,0.478928
5a85d6095542996432c570f8,0.000000,0.499720,0.597500,0.426229,0.392093,0.356298
5a85d99c5542997b5ce4002f,0.000000,0.000000,0.000000,0.000000,0.000000,0.179738
5a85e2845542994c784ddba8,0.270552,0.404776,0.450374,0.234850,0.211861,0.189922
5a85ed685542996432c57136,0.359788,0.481212,0.448261,0.415500,0.492957,0.368381
5a85ee0b5542994775f606b3,0.850000,0.968750,0.487895,0.968750,0.806250,0.750000
5a85ef415542991dd0999eca,0.000000,0.000000,0.000000,0.000000,0.875000,0.843750
5a85f27b5542994775f606be,0.000000,0.000000,0.000000,0.000000,0.000000,0.000000
5a85f67e5542996432c57148,0.000000,0.607895,0.937500,0.906250,0.417344,0.750000
5a85f8af5542996432c5714d,0.366399,0.410752,0.375019,0.344641,0.317002,0.192037
5a85fab35542997b5ce40044,0.377012,0.404816,0.537770,0.418092,0.401456,0.181303
5a85ff2a5542994775f606ea,0.389031,0.000000,0.893750,0.429185,0.893750,0.893750
5a860588554299211dda2a3b,0.000000,0.000000,0.000000,0.000000,0.000000,0.000000
5a8608bb55429960ec39b60d,0.000000,0.000000,0.000000,0.000000,0.000000,0.750000
5a860d1d55429960ec39b615,0.000000,0.589993,0.560840,0.529590,0.573340,0.592090
5a86120e5542996432c57194,0.000000,0.514120,0.483651,0.452581,0.420473,0.542296
5a8612a5554299211dda2a63,0.000000,0.396500,0.000000,0.428512,0.000000,0.294871
5a8616a155429960ec39b61b,0.000000,0.000000,0.862500,0.397810,0.375754,0.000000
5a861d0e55429960ec39b620,0.000000,0.000000,0.480840,0.496984,0.421387,0.000000
5a8628335542991e771815a0,0.269209,0.520405,0.458122,0.457100,0.396645,0.505559
5a8636845542994775f6071f,0.000000,0.664590,0.633340,0.433084,0.570840,0.445840
5a86371d5542994775f60723,0.000000,0.000000,0.000000,0.410782,0.000000,0.000000
5a8637e65542996432c571ac,0.355707,0.477038,0.444702,0.416755,0.383075,0.259004
5a8639565542991e771815c8,0.260187,0.295805,0.458047,0.242600,0.462972,0.369222
5a863ed85542991e771815d7,0.000000,0.442613,0.497906,0.484192,0.422120,0.402899
5a863f995542991e771815da,0.377907,0.415972,0.825000,0.440767,0.410294,0.381250
5a86414c554299211dda2acc,0.000000,0.000000,0.000000,0.000000,0.000000,0.000000
5a86433b5542996432c571b2,0.593159,0.968750,0.398077,0.482935,0.937500,0.968750
5a8649095542996432c571b6,0.000000,0.000000,0.000000,0.000000,0.000000,0.000000
5a864be55542996432c571bf,0.258572,0.303115,0.273280,0.416028,0.285780,0.261010
5a864dad554299211dda2aee,0.292610,0.968750,0.484643,0.906250,0.875000,0.332177
5a8659d555429960ec39b66e,0.436575,0.575116,0.520840,0.704863,0.543866,0.343437
5a8660a3554299211dda2b14,0.399357,0.434881,0.494348,0.383146,0.419217,0.193698
5a8666cc554299211dda2b1e,0.000000,0.512859,0.504983,0.499271,0.495209,0.289665
5a866a9e554299211dda2b22,0.850000,0.407557,0.000000,0.000000,0.000000,0.284800
5a8670165542994775f6075c,0.000000,0.000000,0.000000,0.000000,0.000000,0.000000
5a8671fc5542991e7718165e,0.000000,0.566600,0.535350,0.504100,0.579100,0.937500
5a8672205542991e7718165f,0.503002,0.000000,0.415502,0.384252,0.000000,0.228002
5a86787855429960ec39b6b0,0.000000,0.000000,0.000000,0.000000,0.000000,0.322327
5a86d4105542996432c571e9,0.383972,0.000000,0.463688,0.000000,0.300625,0.191059
5a86e5e25542994775f6077a,0.000000,0.544072,0.512822,0.466075,0.390413,0.309825
5a86ed335542991e77181693,0.000000,0.968750,0.937500,0.906250,0.968750,0.781250
5a86ed735542994775f60785,0.000000,0.315650,0.285531,0.329376,0.296638,0.167287
5a86f448554299211dda2b68,0.000000,0.000000,0.000000,0.000000,0.000000,0.937500
5a86f779554299211dda2b6f,0.850000,0.968750,0.893750,0.937500,0.875000,0.750000
5a8700b1554299211dda2b93,0.358165,0.477613,0.444624,0.413573,0.384503,0.386447
5a870672554299211dda2ba7,0.000000,0.436580,0.292317,0.283162,0.224840,0.237066
5a870af6554299211dda2bb0,0.000000,0.497574,0.462243,0.340265,0.000000,0.200523
5a870e14554299211dda2bbe,0.000000,0.000000,0.000000,0.000000,0.000000,0.000000
5a87225955429960ec39b751,0.000000,0.000000,0.000000,0.000000,0.000000,0.423371
5a872aad5542991e77181705,0.332706,0.498942,0.465220,0.493880,0.305687,0.266480
5a872ba75542991e77181707,0.000000,0.968750,0.532421,0.521735,0.307675,0.937500
5a872fa35542991e7718170d,0.000000,0.345468,0.519230,0.487584,0.348919,0.331730
5a8737bd55429960ec39b767,0.000000,0.534422,0.920833,0.889583,0.430094,0.889583
5a873ad055429960ec39b76c,0.365862,0.000000,0.463230,0.418765,0.391805,0.000000
5a87408f5542996432c57246,0.000000,0.968750,0.458607,0.326670,0.300092,0.276448
5a874e30554299211dda2bd0,0.000000,0.000000,0.000000,0.000000,0.806250,0.314038
5a874e99554299211dda2bd2,0.850000,0.000000,0.706997,0.000000,0.552670,0.583920
5a8751cf5542996432c57266,0.385392,0.343535,0.389488,0.369242,0.000000,0.000000
5a8761dc5542996e4f3087b6,0.398860,0.517610,0.485579,0.430129,0.403686,0.937500
5a87799e5542993e715abf5c,0.000000,0.893750,0.450385,0.862500,0.364357,0.675000
5a877b525542996e4f3087fd,0.000000,0.374519,0.000000,0.000000,0.000000,0.155769
5a877b765542996e4f3087fe,0.421575,0.436565,0.451062,0.505471,0.388788,0.461949
5a877beb5542996e4f3087ff,0.000000,0.498913,0.922500,0.439073,0.474993,0.295596
5a877f5b5542993e715abf82,0.000000,0.000000,0.000000,0.448626,0.414283,0.386126
5a8780855542993e715abf88,0.000000,0.538794,0.000000,0.480609,0.475189,0.350189
5a8783b15542994775f607e7,0.000000,0.553797,0.000000,0.504489,0.586845,0.538158
5a8788e45542996e4f308833,0.470580,0.603533,0.672283,0.641033,0.443908,0.323541
5a8791c65542994846c1cd9c,0.000000,0.607880,0.576630,0.545380,0.000000,0.389130
5a8796ba5542996e4f308863,0.000000,0.000000,0.000000,0.495568,0.310000,0.290422
5a87986c5542996e4f30886d,0.000000,0.531412,0.526370,0.524955,0.490683,0.000000
5a8798735542996e4f30886e,0.399996,0.559094,0.576630,0.518746,0.545625,0.457712
5a87999c5542996e4f308875,0.000000,0.000000,0.000000,0.906250,0.875000,0.000000
5a879a6b5542994846c1cdaf,0.396357,0.413163,0.390589,0.437802,0.893750,0.893750
5a87a10b5542993e715abfcc,0.260526,0.402534,0.395892,0.449642,0.220191,0.092985
5a87a2ca5542993e715abfd0,0.000000,0.477660,0.348306,0.349287,0.000000,0.424566
5a87ac785542996e4f3088c3,0.000000,0.968750,0.937500,0.906250,0.968750,0.906250
5a87ae4b5542996e4f3088c9,0.260241,0.300222,0.373189,0.423604,0.469976,0.302709
5a87b22d5542994775f607eb,0.000000,0.511374,0.520890,0.556250,0.442252,0.586337
5a87b2bd5542994775f607ec,0.000000,0.512775,0.481525,0.350366,0.409344,0.937500
5a87b4d05542994775f607f1,0.000000,0.000000,0.459500,0.429074,0.437807,0.000000
5a87b70e5542996e4f3088db,0.373947,0.968750,0.462805,0.906250,0.432756,0.275346
5a87b7fd5542994775f607f6,0.000000,0.000000,0.937500,0.906250,0.000000,0.000000
5a87ba3c5542996e4f3088f3,0.000000,0.499027,0.000000,0.425214,0.000000,0.000000
5a87c6fe5542997e5c09a570,0.000000,0.000000,0.000000,0.439076,0.396447,0.308560
5a87ed1b5542993e715ac010,0.000000,0.564086,0.410714,0.501586,0.479464,0.502043
5a8802ac5542997e5c09a58d,0.000000,0.000000,0.000000,0.000000,0.875000,0.000000
5a88047855429938390d3ecb,0.000000,0.396341,0.508382,0.474250,0.366178,0.380981
5a881e3155429938390d3ef1,0.293565,0.431580,0.406065,0.449815,0.243113,0.293565
5a882beb55429938390d3f00,0.403355,0.607414,0.533470,0.576164,0.607414,0.607414
5a8836985542994846c1ce2f,0.000000,0.000000,0.373610,0.340290,0.417987,0.190401
5a883a8a5542994846c1ce45,0.372839,0.415789,0.385449,0.247500,0.336916,0.204410
5a8844c75542994846c1ce7c,0.000000,0.505744,0.367395,0.684671,0.439575,0.421151
5a8845385542994846c1ce7e,0.000000,0.000000,0.517727,0.000000,0.295366,0.330227
5a88457f5542994846c1ce7f,0.000000,0.000000,0.000000,0.432645,0.000000,0.000000
5a884ac05542996e4f308937,0.000000,0.000000,0.000000,0.000000,0.000000,0.273611
5a885253554299206df2b221,0.000000,0.000000,0.000000,0.000000,0.402171,0.291974
5a885b6e5542993e715ac02a,0.393870,0.539760,0.937500,0.459904,0.937500,0.316050
5a88646655429938390d3f40,0.000000,0.000000,0.000000,0.460421,0.593750,0.429287
5a88709d55429938390d3f5e,0.000000,0.000000,0.000000,0.000000,0.000000,0.000000
5a8879a6554299206df2b2ac,0.000000,0.718750,0.687500,0.656250,0.800000,0.500000
5a8884f25542997e5c09a5ec,0.000000,0.498317,0.472074,0.436097,0.534757,0.269596
5a888bda5542997e5c09a60c,0.370130,0.673519,0.557630,0.506243,0.474993,0.750000
5a888d805542997e5c09a618,0.000000,0.000000,0.000000,0.000000,0.000000,0.000000
5a88959a5542994846c1ce8f,0.000000,0.388340,0.490919,0.439439,0.473809,0.354663
5a8897db55429938390d3f80,0.000000,0.000000,0.536713,0.507911,0.374213,0.251661
5a88999c55429938390d3f8b,0.000000,0.000000,0.000000,0.000000,0.452574,0.000000
5a889a9155429938390d3f90,0.360813,0.306394,0.451389,0.244680,0.387660,0.364043
5a889b5b55429938390d3f96,0.000000,0.566134,0.937500,0.427127,0.503634,0.937500
5a88a3525542997e5c09a660,0.000000,0.500327,0.000000,0.000000,0.397072,0.000000
5a88a7ea5542994846c1cea6,0.000000,0.509378,0.480215,0.400000,0.422389,0.275000
5a88b7735542993e715ac079,0.000000,0.339583,0.316942,0.504649,0.229355,0.309777
5a88b9c3554299206df2b348,0.000000,0.893750,0.937500,0.454275,0.906250,0.781250
5a88c0d7554299206df2b35f,0.458708,0.502458,0.537491,0.514958,0.862500,0.377458
5a88da2b5542993b751ca884,0.000000,0.000000,0.000000,0.425476,0.319107,0.750000
5a88da945542993b751ca888,0.850000,0.893750,0.862500,0.937500,0.800000,0.781250
5a88dcef55429938390d3fe3,0.000000,0.615893,0.584643,0.553393,0.478276,0.571470
5a88dd97554299206df2b385,0.000000,0.496498,0.455126,0.000000,0.000000,0.268175
5a88e4fe5542993b751ca8b7,0.000000,0.000000,0.000000,0.000000,0.000000,0.000000
5a88e6095542993b751ca8bc,0.000000,0.000000,0.000000,0.000000,0.000000,0.000000
5a88e66b5542993b751ca8bd,0.000000,0.968750,0.862500,0.505519,0.474269,0.675000
5a88f5e05542993b751ca8d7,0.000000,0.000000,0.492045,0.493280,0.000000,0.328874
5a88f85555429938390d400a,0.000000,0.000000,0.459454,0.428204,0.875000,0.875000
5a88f8765542997e5c09a6df,0.362153,0.371314,0.457122,0.308792,0.428729,0.269622
5a88f9805542995153361215,0.000000,0.968750,0.937500,0.000000,0.775000,0.750000
5a88fc855542997e5c09a6e6,0.000000,0.000000,0.458443,0.417006,0.385937,0.267776
5a88ff385542997e5c09a6ea,0.000000,0.520696,0.000000,0.000000,0.000000,0.000000
5a88ff7d5542995153361241,0.000000,0.000000,0.000000,0.000000,0.000000,0.000000
5a890d02554299669944a483,0.000000,0.000000,0.473705,0.937500,0.937500,0.442412
5a8912a555429951533612a4,0.000000,0.000000,0.581875,0.000000,0.000000,0.000000
5a89156c554299669944a4a3,0.000000,0.515957,0.705979,0.000000,0.320371,0.537781
5a891a05554299669944a4ae,0.000000,0.490802,0.937500,0.451314,0.685423,0.201400
5a891aa0554299669944a4b1,0.000000,0.956250,0.533890,0.614590,0.862500,0.464773
5a892e1e55429951533612d3,0.356450,0.479629,0.371475,0.413293,0.383151,0.083416
5a89307e554299669944a4f2,0.000000,0.617386,0.000000,0.654886,0.623636,0.592386
5a8934fa554299669944a502,0.000000,0.496657,0.372263,0.906250,0.000000,0.351958
5a8973655542995153361303,0.000000,0.968750,0.937500,0.906250,0.800000,0.750000
5a897561554299515336130b,0.850000,0.968750,0.617500,0.595720,0.481429,0.937500
5a897d61554299669944a533,0.389847,0.531747,0.937500,0.906250,0.968750,0.750000
5a899013554299515336131a,0.000000,0.671321,0.640071,0.640071,0.968750,0.906250
5a899e0055429946c8d6e96a,0.279851,0.410948,0.467190,0.345235,0.317166,0.425591
5a89a5ac5542993b751ca968,0.000000,0.580661,0.549411,0.937500,0.549411,0.580661
5a89a5db554299669944a561,0.000000,0.893750,0.862500,0.831250,0.410416,0.843750
5a89a6975542993b751ca96c,0.453771,0.497521,0.470488,0.571141,0.481703,0.574528
5a89a7e555429946c8d6e983,0.000000,0.000000,0.937500,0.430901,0.875000,0.344242
5a89a94255429946c8d6e98d,0.000000,0.000000,0.000000,0.576250,0.000000,0.000000
5a89aa1255429946c8d6e992,0.000000,0.952961,0.695577,0.906250,0.558199,0.508077
5a89aead554299669944a56d,0.000000,0.968750,0.937500,0.906250,0.000000,0.906250
5a89b0b85542992e4fca8372,0.000000,0.000000,0.862500,0.000000,0.000000,0.000000
5a89b1bf5542992e4fca8377,0.000000,0.543020,0.518017,0.477679,0.000000,0.303100
5a89b1ee5542992e4fca8379,0.000000,0.444047,0.487280,0.906250,0.775000,0.937500
5a89b35f5542992e4fca8384,0.000000,0.000000,0.000000,0.906250,0.937500,0.750000
5a89b43d5542992e4fca838c,0.000000,0.000000,0.489134,0.000000,0.853571,0.307354
5a89be5b5542992e4fca83b0,0.396370,0.407956,0.402597,0.450289,0.424200,0.297362
5a89c03155429946c8d6e9b7,0.310946,0.478750,0.547500,0.506098,0.487000,0.486579
5a89c12b5542993b751ca989,0.362244,0.000000,0.467000,0.459949,0.000000,0.425930
5a89c43a5542992e4fca83c4,0.000000,0.486162,0.471324,0.439741,0.320502,0.194316
5a89cc495542992e4fca83c8,0.437404,0.968750,0.937500,0.906250,0.968750,0.531986
5a89d15055429946c8d6e9ca,0.000000,0.615592,0.937500,0.462459,0.584342,0.540592
5a89d34855429946c8d6e9d1,0.000000,0.000000,0.000000,0.432083,0.000000,0.270838
5a89de215542992e4fca8401,0.000000,0.000000,0.000000,0.000000,0.000000,0.000000
5a89e08055429946c8d6e9f3,0.356278,0.477770,0.445762,0.416245,0.385791,0.257510
5a89e9d15542993b751ca9b1,0.363207,0.428192,0.462817,0.495173,0.421150,0.361074
5a89ef145542992e4fca8493,0.000000,0.000000,0.000000,0.000000,0.000000,0.427447
5a89f08a55429970aeb7019e,0.000000,0.430427,0.426476,0.463626,0.548458,0.462494
5a89f1ce55429946c8d6ea21,0.000000,0.893750,0.284172,0.289145,0.287911,0.300455
5a89f3615542992e4fca84aa,0.000000,0.000000,0.000000,0.000000,0.000000,0.000000
5a89f3a655429970aeb701a7,0.000000,0.248748,0.000000,0.416773,0.448721,0.186563
5a89f5a755429970aeb701b0,0.000000,0.868750,0.862500,0.320937,0.800000,0.906250
5a89fafd55429970aeb701d9,0.366157,0.411426,0.456536,0.426274,0.491337,0.266746
5a89fb045542992e4fca84c3,0.358316,0.405841,0.487212,0.351433,0.446951,0.365568
5a89fb1a5542993b751ca9d4,0.000000,0.968750,0.937500,0.906250,0.937500,0.862500
5a89fc5655429970aeb701e0,0.000000,0.968750,0.937500,0.367795,0.000000,0.315284
5a89fd6d5542995153361346,0.000000,0.000000,0.366659,0.331956,0.576522,0.294603
5a89ff3e55429946c8d6ea33,0.750000,0.968750,0.862500,0.831250,0.402222,0.750000
5a8a055d55429970aeb7020d,0.000000,0.506328,0.000000,0.443828,0.775000,0.287578
5a8a07895542992d82986e5c,0.000000,0.450629,0.449572,0.391552,0.355451,0.212636
5a8a08375542992d82986e60,0.000000,0.383324,0.000000,0.484590,0.000000,0.165568
5a8a092a5542993b751ca9ea,0.000000,0.000000,0.000000,0.000000,0.000000,0.750000
5a8a0f635542992d82986e85,0.000000,0.502766,0.483487,0.472342,0.325989,0.296946
5a8a12635542992d82986e8f,0.000000,0.000000,0.000000,0.327507,0.293608,0.272191
5a8a17435542992d82986ea8,0.000000,0.000000,0.000000,0.342230,0.384499,0.260441
5a8a18ac5542992d82986eaf,0.447297,0.525481,0.494231,0.428547,0.397297,0.306731
5a8a1bdd5542992d82986ec2,0.000000,0.000000,0.000000,0.000000,0.000000,0.000000
5a8a298f55429930ff3c0cca,0.266976,0.405334,0.455894,0.458567,0.215182,0.289845
5a8a2a655542992d82986eda,0.000000,0.000000,0.520592,0.331861,0.449015,0.394350
5a8a2a6e5542996c9b8d5e28,0.318489,0.580128,0.451896,0.517628,0.486378,0.364396
5a8a2c9e55429930ff3c0cd9,0.000000,0.000000,0.862500,0.831250,0.000000,0.937500
5a8a2fa655429930ff3c0ce6,0.000000,0.350268,0.501583,0.448497,0.432979,0.443655
5a8a2fce5542992d82986ee9,0.000000,0.486922,0.000000,0.421607,0.393751,0.281316
5a8a33745542992d82986ef7,0.354312,0.399459,0.266921,0.413560,0.298863,0.376011
5a8a3c215542996c9b8d5e69,0.000000,0.000000,0.000000,0.536050,0.000000,0.000000
5a8a401f5542996c9b8d5e73,0.000000,0.000000,0.000000,0.000000,0.000000,0.276224
5a8a41885542996c9b8d5e76,0.340277,0.409027,0.373887,0.496527,0.324326,0.265277
5a8a472d55429930ff3c0d51,0.000000,0.000000,0.375157,0.000000,0.000000,0.277120
5a8a482e55429930ff3c0d5c,0.000000,0.000000,0.297879,0.000000,0.000000,0.213081
5a8a5d0555429930ff3c0db2,0.000000,0.561633,0.476441,0.443103,0.937500,0.750000
5a8a63ff55429930ff3c0dc0,0.000000,0.968750,0.937500,0.471834,0.875000,0.906250
5a8a64a95542996c9b8d5eca,0.000000,0.000000,0.000000,0.000000,0.396702,0.264296
5a8a65035542996c9b8d5ecb,0.385314,0.502185,0.470935,0.440602,0.409031,0.284993
5a8a651b55429930ff3c0dc2,0.000000,0.396339,0.352840,0.491654,0.303727,0.177029
5a8a68dc55429970aeb702d1,0.000000,0.000000,0.000000,0.426108,0.398876,0.275960
5a8a6b0c55429970aeb702d4,0.000000,0.484841,0.000000,0.432715,0.000000,0.277934
5a8a71bc55429970aeb702e9,0.000000,0.000000,0.494797,0.000000,0.627090,0.317647
5a8aa07a5542992d82986f31,0.000000,0.627850,0.501562,0.565350,0.534100,0.196360
5a8aa3f15542992d82986f3d,0.356785,0.474070,0.446702,0.414577,0.384781,0.257798
5a8ab90b5542992d82986f63,0.850000,0.000000,0.862500,0.484260,0.761364,0.892614
5a8accf45542992d82986f8c,0.000000,0.000000,0.555118,0.000000,0.480745,0.000000
5a8acdac55429950cd6afb99,0.000000,0.000000,0.000000,0.000000,0.487751,0.215015
5a8acf375542995153361388,0.299595,0.893750,0.536149,0.378876,0.893750,0.893750
5a8ad7865542992d82986f96,0.000000,0.000000,0.478729,0.577596,0.711193,0.311314
5a8ad8575542992d82986f9e,0.000000,0.000000,0.349383,0.583532,0.467453,0.393901
5a8adcbc5542992d82986fb1,0.000000,0.000000,0.000000,0.000000,0.000000,0.000000
5a8aefa855429950cd6afc11,0.000000,0.667715,0.793750,0.476387,0.875000,0.448965
5a8aeffc55429950cd6afc14,0.000000,0.000000,0.000000,0.000000,0.231229,0.000000
5a8af4b75542996c9b8d5f7f,0.000000,0.000000,0.000000,0.000000,0.000000,0.000000
5a8af6215542996c9b8d5f86,0.000000,0.000000,0.000000,0.358585,0.937500,0.843750
5a8afc3f55429971feec45c6,0.000000,0.511301,0.000000,0.561128,0.420636,0.297144
5a8afd3555429971feec45cc,0.000000,0.000000,0.000000,0.000000,0.000000,0.000000
5a8b001855429971feec45e6,0.422841,0.000000,0.000000,0.500570,0.466821,0.427629
5a8b01f355429971feec45f5,0.000000,0.000000,0.000000,0.000000,0.000000,0.000000
5a8b05a055429971feec4613,0.000000,0.968750,0.968750,0.937500,0.875000,0.489722
5a8b078555429971feec4623,0.418051,0.364421,0.423065,0.418041,0.479720,0.225717
5a8b0a2555429950cd6afc51,0.539277,0.000000,0.000000,0.386863,0.875000,0.000000
5a8b111e55429949d91db49e,0.000000,0.000000,0.000000,0.000000,0.000000,0.000000
5a8b151355429949d91db4a9,0.000000,0.492687,0.460413,0.433703,0.398534,0.497639
5a8b1d665542996c9b8d5fa5,0.000000,0.000000,0.000000,0.000000,0.000000,0.000000
5a8b259355429971feec464f,0.000000,0.000000,0.594853,0.563603,0.532353,0.407353
5a8b25c855429950cd6afc57,0.000000,0.000000,0.000000,0.000000,0.769231,0.000000
5a8b2d2c5542997f31a41ca2,0.000000,0.818750,0.862500,0.000000,0.441667,0.732353
5a8b2fff5542995d1e6f12fe,0.000000,0.488675,0.458790,0.426851,0.000000,0.000000
5a8b354555429949d91db4e6,0.000000,0.476939,0.445376,0.418277,0.382070,0.258856
5a8b3cfd5542995d1e6f1316,0.361056,0.485265,0.458514,0.419772,0.292734,0.270323
5a8b3f4c5542995d1e6f131e,0.000000,0.554324,0.448074,0.491824,0.875000,0.937500
5a8b4a305542995d1e6f134f,0.000000,0.968750,0.937500,0.937500,0.968750,0.937500
5a8b4c525542995d1e6f1357,0.000000,0.386088,0.000000,0.000000,0.000000,0.000000
5a8b4d3c55429949d91db53b,0.353692,0.487212,0.480863,0.461029,0.455410,0.485417
5a8b4dd15542995d1e6f135d,0.000000,0.000000,0.000000,0.000000,0.000000,0.000000
5a8b4f8155429971feec46b2,0.000000,0.000000,0.477052,0.229432,0.343958,0.326843
5a8b53b055429950cd6afcaa,0.000000,0.950000,0.918750,0.887500,0.887500,0.937500
5a8b565655429949d91db554,0.358835,0.404830,0.396925,0.414037,0.406093,0.350000
5a8b567c5542995d1e6f136c,0.250920,0.000000,0.368189,0.000000,0.282404,0.281499
5a8b579355429950cd6afcc0,0.000000,0.460461,0.384631,0.365449,0.459854,0.213490
5a8b588655429949d91db562,0.000000,0.000000,0.000000,0.434026,0.385956,0.000000
5a8b590355429971feec46ee,0.338765,0.509495,0.524716,0.546995,0.515745,0.255000
5a8b591f5542995d1e6f1379,0.000000,0.615592,0.000000,0.436213,0.000000,0.203391
5a8b59e755429949d91db564,0.373690,0.000000,0.460350,0.425917,0.295640,0.267152
5a8b5a2f55429950cd6afcc8,0.000000,0.404910,0.473654,0.473419,0.497168,0.517207
5a8b5bcb55429949d91db56a,0.000000,0.496346,0.482214,0.434018,0.416677,0.276289
5a8b639f55429949d91db58c,0.750000,0.968750,0.937500,0.410516,0.968750,0.968750
5a8b66c05542997f31a41d0f,0.260314,0.305398,0.449815,0.426485,0.388908,0.327823
5a8b6b7655429950cd6afcec,0.000000,0.400165,0.492254,0.931250,0.687500,0.750000
5a8b760a55429971feec470e,0.368920,0.485279,0.000000,0.430668,0.489295,0.280313
5a8b76815542995d1e6f13a2,0.000000,0.000000,0.000000,0.000000,0.875000,0.750000
5a8b7d115542997f31a41d4a,0.000000,0.868750,0.000000,0.000000,0.000000,0.750000
5a8b826b5542995d1e6f13ce,0.462813,0.000000,0.480556,0.462105,0.426063,0.750000
5a8b82d15542995d1e6f13d1,0.000000,0.489657,0.478131,0.521818,0.394748,0.296094
5a8b89df55429949d91db5d3,0.000000,0.000000,0.403408,0.000000,0.427651,0.269276
5a8b908d55429950cd6afd17,0.000000,0.000000,0.000000,0.000000,0.000000,0.000000
5a8b92755542995d1e6f13ff,0.000000,0.507010,0.000000,0.441648,0.413260,0.750000
5a8b936f5542995d1e6f1403,0.000000,0.499040,0.358863,0.906250,0.875000,0.750000
5a8b9ac75542997f31a41d83,0.409524,0.507077,0.448189,0.446213,0.573348,0.244600
5a8ba55d554299240d9c2056,0.000000,0.616118,0.937500,0.906250,0.875000,0.750000
5a8babd15542996e8ac8899d,0.000000,0.000000,0.000000,0.000000,0.875000,0.290571
5a8bb8775542995e66a474e0,0.363365,0.478346,0.454537,0.307813,0.467253,0.429549
5a8bde8b5542997f31a41de9,0.000000,0.386942,0.355692,0.324442,0.875000,0.170503
5a8be0aa5542997f31a41dec,0.000000,0.518750,0.487500,0.000000,0.423158,0.300000
5a8c0b8e5542995e66a4753b,0.000000,0.893750,0.616250,0.862500,0.968750,0.491250
5a8c13cd5542995e66a4754b,0.358596,0.404181,0.445175,0.413798,0.479037,0.352548
5a8c2c95554299240d9c20b1,0.000000,0.406205,0.336575,0.426086,0.875000,0.937500
5a8c38195542995e66a4755d,0.442660,0.000000,0.279232,0.000000,0.000000,0.000000
5a8c3ee7554299240d9c20df,0.360145,0.479931,0.444294,0.412315,0.386205,0.410599
5a8c3f655542995e66a47578,0.438347,0.427505,0.937500,0.419597,0.875000,0.449803
5a8c40a2554299240d9c20e8,0.368707,0.547805,0.937500,0.968750,0.893750,0.968750
5a8c41235542995e66a4757e,0.000000,0.000000,0.480284,0.336821,0.875000,0.750000
5a8c41bb5542997f31a41e08,0.000000,0.000000,0.000000,0.464899,0.906250,0.000000
5a8c4521554299240d9c20ff,0.000000,0.000000,0.349040,0.000000,0.383743,0.390678
5a8c473a554299653c1aa016,0.000000,0.696827,0.665577,0.634327,0.665577,0.665577
5a8c4a25554299585d9e3647,0.000000,0.000000,0.000000,0.000000,0.320496,0.176166
5a8c4cda554299653c1aa02f,0.000000,0.956250,0.825000,0.893750,0.862500,0.925000
5a8c4ffb554299653c1aa038,0.000000,0.432010,0.862500,0.862500,0.400760,0.244510
5a8c570d5542996e8ac88a5f,0.000000,0.000000,0.000000,0.000000,0.488871,0.000000
5a8c5739554299240d9c212f,0.000000,0.968750,0.937500,0.906250,0.000000,0.000000
5a8c59555542995e66a475ce,0.000000,0.000000,0.000000,0.414443,0.380674,0.446303
5a8c5ab85542996e8ac88a70,0.000000,0.316368,0.862500,0.831250,0.863393,0.737500
5a8c5abe5542995e66a475d1,0.000000,0.968750,0.364643,0.806250,0.875000,0.271482
5a8c5c275542996e8ac88a7a,0.000000,0.000000,0.862500,0.398229,0.000000,0.000000
5a8c61335542996e8ac88a92,0.283874,0.427886,0.347921,0.350930,0.395971,0.161145
5a8c63e4554299585d9e367d,0.000000,0.340792,0.504672,0.407884,0.264734,0.323827
5a8c65495542996e8ac88aa1,0.000000,0.000000,0.000000,0.000000,0.000000,0.000000
5a8c696d5542995e66a475e6,0.000000,0.000000,0.000000,0.000000,0.418841,0.248340
5a8c6aec5542995e66a475e9,0.000000,0.381250,0.342402,0.312250,0.337500,0.000000
5a8c6d27554299585d9e3695,0.000000,0.000000,0.420902,0.000000,0.000000,0.239776
5a8c7a5d554299240d9c217d,0.000000,0.569089,0.568422,0.470536,0.465942,0.313187
5a8c7dcf554299240d9c2197,0.255655,0.475404,0.449063,0.411963,0.380744,0.414421
5a8c835b554299653c1aa0a1,0.000000,0.405335,0.457329,0.423749,0.399842,0.274874
5a8c8a17554299653c1aa0b4,0.000000,0.499566,0.460333,0.000000,0.426147,0.404107
5a8c8f1f554299585d9e36df,0.389597,0.249930,0.389189,0.455355,0.330179,0.380068
5a8c9070554299653c1aa0be,0.362153,0.481333,0.460227,0.417745,0.387490,0.272679
5a8c9eed5542996e8ac88af0,0.000000,0.384349,0.455456,0.422291,0.000000,0.000000
5a8c9f04554299585d9e3701,0.259930,0.000000,0.000000,0.000000,0.236240,0.203251
5a8ca3a25542996e8ac88afa,0.000000,0.521366,0.462333,0.000000,0.394020,0.379834
5a8ca49e5542996e8ac88afc,0.000000,0.000000,0.267996,0.000000,0.000000,0.000000
5a8ca77d554299240d9c21b6,0.000000,0.546832,0.507417,0.475952,0.453082,0.529040
5a8ca860554299240d9c21bc,0.000000,0.000000,0.837500,0.731250,0.875000,0.875000
5a8caa69554299240d9c21c7,0.300652,0.968750,0.419927,0.586155,0.306320,0.557381
5a8cab415542996e8ac88b13,0.000000,0.420529,0.686749,0.282896,0.421655,0.499249
5a8caeed554299240d9c21d8,0.000000,0.000000,0.000000,0.000000,0.000000,0.000000
5a8cb0025542996e8ac88b25,0.000000,0.000000,0.937500,0.906250,0.875000,0.485840
5a8cb26c5542996e8ac88b29,0.000000,0.868750,0.862500,0.806250,0.485410,0.862500
5a8cb92e55429941ae14dedb,0.000000,0.497303,0.414813,0.000000,0.316909,0.507337
5a8cbdcc554299653c1aa106,0.000000,0.000000,0.000000,0.000000,0.000000,0.000000
5a8cd579554299585d9e373d,0.000000,0.968750,0.937500,0.831250,0.421238,0.883173
5a8cd8b955429941ae14df0e,0.000000,0.512787,0.937500,0.474477,0.419037,0.906250
5a8ce118554299441c6b9f4d,0.264572,0.389261,0.284682,0.326446,0.300391,0.097748
5a8ce359554299441c6b9f58,0.000000,0.485737,0.454430,0.453120,0.458997,0.363927
5a8ce3b455429941ae14df31,0.000000,0.000000,0.483295,0.806250,0.421924,0.363856
5a8ce564554299585d9e375b,0.000000,0.000000,0.000000,0.000000,0.000000,0.000000
5a8ceec0554299441c6b9f88,0.000000,0.569021,0.000000,0.937500,0.420242,0.390337
5a8cf156554299585d9e3778,0.000000,0.000000,0.000000,0.000000,0.000000,0.000000
5a8cfc8e554299441c6b9f9e,0.000000,0.000000,0.623781,0.492531,0.488442,0.249787
5a8cfe9155429941ae14df5a,0.000000,0.000000,0.390874,0.268348,0.000000,0.391846
5a8d072e554299585d9e3798,0.359968,0.478094,0.448521,0.000000,0.390855,0.264407
5a8d1f3f5542994ba4e3dc09,0.250667,0.323601,0.375891,0.416902,0.287397,0.164378
5a8d259055429941ae14df89,0.000000,0.573154,0.441904,0.000000,0.000000,0.650000
5a8d3e795542994ba4e3dc31,0.262605,0.482846,0.452004,0.420346,0.482846,0.425023
5a8d4e735542994ba4e3dc62,0.850000,0.893750,0.968750,0.431521,0.875000,0.875000
5a8d7acf554299068b959d09,0.486531,0.333345,0.507758,0.523347,0.507758,0.000000
5a8d844c554299068b959d22,0.000000,0.544282,0.862500,0.250840,0.800000,0.675000
5a8d863c554299068b959d2a,0.000000,0.968750,0.510410,0.937500,0.000000,0.000000
5a8d92a3554299068b959d40,0.000000,0.893750,0.451591,0.420341,0.635000,0.537500
5a8da6c0554299441c6ba02c,0.305313,0.422178,0.937500,0.360022,0.875000,0.305035
5a8db0d0554299068b959da9,0.000000,0.000000,0.000000,0.000000,0.000000,0.268825
5a8db1ad554299441c6ba038,0.000000,0.000000,0.472396,0.000000,0.875000,0.000000
5a8db1e7554299068b959db4,0.000000,0.000000,0.376141,0.000000,0.599686,0.968750
5a8db31f5542994ba4e3dd09,0.000000,0.530516,0.520833,0.273535,0.000000,0.218406
5a8db3c7554299441c6ba03e,0.000000,0.000000,0.000000,0.000000,0.000000,0.000000
5a8db79e554299068b959dd8,0.000000,0.000000,0.585963,0.000000,0.550121,0.425121
5a8dbecc554299441c6ba080,0.292443,0.000000,0.000000,0.466866,0.000000,0.000000
5a8dbf66554299653c1aa14f,0.000000,0.000000,0.000000,0.000000,0.000000,0.000000
5a8dc29f55429941ae14e059,0.000000,0.000000,0.483633,0.000000,0.421133,0.405382
5a8dc4d0554299068b959dec,0.000000,0.868750,0.937500,0.470453,0.538975,0.280791
5a8dd5c75542995a26add406,0.000000,0.968750,0.000000,0.000000,0.000000,0.285111
5a8dd64e55429917b4a5bcc8,0.000000,0.000000,0.000000,0.434609,0.429264,0.467857
5a8dd768554299068b959dff,0.000000,0.968750,0.937500,0.906250,0.937500,0.906250
5a8dd7845542995a26add411,0.000000,0.000000,0.000000,0.353618,0.425000,0.272250
5a8ddcb15542995a26add42e,0.000000,0.968750,0.000000,0.000000,0.506530,0.000000
5a8ddf53554299068b959e11,0.379689,0.497687,0.467315,0.437529,0.405207,0.502961
5a8dea2555429917b4a5bcd5,0.000000,0.717386,0.686136,0.000000,0.623636,0.298910
5a8ded82554299068b959e1c,0.000000,0.370077,0.465500,0.453916,0.496811,0.492191
5a8df86d554299068b959e26,0.304690,0.506708,0.387071,0.435801,0.296649,0.206200
5a8e06ef5542995085b37387,0.000000,0.000000,0.000000,0.379233,0.875000,0.537720
5a8e0bf25542995085b373af,0.000000,0.424628,0.498013,0.457468,0.000000,0.335566
5a8e1370554299653c1aa166,0.750000,0.968750,0.837500,0.968750,0.875000,0.937500
5a8e13ff5542995085b373b5,0.358020,0.302130,0.269446,0.417212,0.418593,0.444268
5a8e171b554299068b959e5a,0.000000,0.521516,0.000000,0.481551,0.453779,0.663855
5a8e1921554299653c1aa16b,0.000000,0.553750,0.597500,0.000000,0.435000,0.410000
5a8e20125542990e94052a5e,0.000000,0.968750,0.937500,0.906250,0.906250,0.862500
5a8e251c554299068b959e6c,0.254959,0.506419,0.349159,0.417470,0.384971,0.226136
5a8e2bc55542995085b373b9,0.000000,0.000000,0.324597,0.000000,0.278145,0.156218
5a8e2e0e5542995085b373c6,0.000000,0.547044,0.937500,0.484819,0.937500,0.506466
5a8e37955542995085b373e6,0.000000,0.000000,0.000000,0.371591,0.875000,0.750000
5a8e3a2a5542990e94052a94,0.000000,0.399919,0.448891,0.422963,0.937500,0.469135
5a8e3d97554299068b959e7e,0.850000,0.968750,0.000000,0.937500,0.000000,0.937500
5a8e46c55542990e94052aac,0.000000,0.489351,0.000000,0.000000,0.399180,0.000000
5a8e48765542995a26add4c4,0.000000,0.000000,0.000000,0.000000,0.000000,0.000000
5a8e4bfd55429917b4a5bd85,0.399291,0.529494,0.968750,0.419229,0.435744,0.310744
5a8e4f835542990e94052ac4,0.000000,0.000000,0.366523,0.550304,0.000000,0.289634
5a8e553b5542990e94052ad5,0.850000,0.523893,0.480708,0.458855,0.875000,0.937500
5a8e55eb5542990e94052adb,0.268411,0.316462,0.284702,0.347489,0.396281,0.190993
5a8e59a55542990e94052ae3,0.250794,0.294869,0.447414,0.242673,0.313202,0.406385
5a8e5f9d5542990e94052aec,0.000000,0.515673,0.454183,0.420262,0.440000,0.302605
5a8e81715542995085b37436,0.000000,0.000000,0.000000,0.000000,0.875000,0.750000
5a8e89435542990e94052b38,0.367026,0.534135,0.455095,0.461051,0.937500,0.271104
5a8e8b1c5542990e94052b41,0.259594,0.482550,0.449069,0.414744,0.439695,0.489887
5a8e8fdd5542990e94052b58,0.000000,0.524421,0.338268,0.453206,0.000000,0.187834
5a8e98995542990e94052b68,0.370819,0.395804,0.369643,0.332864,0.402161,0.179803
5a8e9b9e5542990e94052b76,0.000000,0.384226,0.937500,0.348492,0.529769,0.781250
5a8e9f6e5542990e94052b80,0.270287,0.471082,0.479673,0.474066,0.522939,0.476905
5a8ec88d5542995a26add51c,0.363003,0.299399,0.370260,0.364775,0.449868,0.445928
5a8ecd045542995085b37495,0.364848,0.403412,0.272893,0.831250,0.309875,0.186304
5a8ed37a5542995085b374a8,0.000000,0.000000,0.000000,0.000000,0.000000,0.000000
5a8edb6a55429917b4a5bdea,0.000000,0.000000,0.000000,0.314000,0.471461,0.000000
5a8edc0a55429917b4a5bdef,0.000000,0.000000,0.000000,0.000000,0.000000,0.000000
5a8edecc5542995a26add535,0.000000,0.499507,0.837500,0.413204,0.281069,0.266987
5a8ee3085542995a26add554,0.000000,0.000000,0.447769,0.420277,0.521681,0.260715
5a8eecf95542995a26add563,0.000000,0.968750,0.937500,0.906250,0.968750,0.968750
5a8ef3f15542995085b374be,0.361382,0.484047,0.491946,0.327704,0.403114,0.353327
5a8efa3d55429918e830d16d,0.000000,0.000000,0.000000,0.468544,0.425847,0.353107
5a8effff5542997ba9cb3182,0.000000,0.591050,0.527493,0.518220,0.371207,0.507605
5a8f00e55542997ba9cb3184,0.275128,0.555410,0.620840,0.000000,0.394030,0.000000
5a8f05c1554299458435d518,0.368494,0.396934,0.287972,0.432101,0.393767,0.198613
5a8f11c75542995085b374eb,0.000000,0.406406,0.491465,0.425024,0.440000,0.522715
5a8f13175542997ba9cb31c3,0.000000,0.000000,0.473225,0.000000,0.284396,0.154286
5a8f15c75542997ba9cb31d5,0.358491,0.428271,0.375779,0.414462,0.324545,0.273265
5a8f182255429924144829ae,0.000000,0.000000,0.000000,0.000000,0.000000,0.000000
5a8f19d1554299458435d573,0.000000,0.968750,0.507422,0.488657,0.875000,0.750000
5a8f1f845542997ba9cb31d6,0.406667,0.893750,0.862500,0.452855,0.775000,0.389590
5a8f1fa555429924144829d5,0.000000,0.000000,0.461263,0.000000,0.401061,0.275940
5a8f21e955429918e830d196,0.404270,0.519968,0.611786,0.457468,0.557851,0.301218
5a8f25d45542997ba9cb31ef,0.000000,0.000000,0.000000,0.731250,0.875000,0.000000
5a8f2b0455429918e830d1b6,0.359396,0.476723,0.353065,0.000000,0.290596,0.164087
5a8f3df85542997ba9cb31fe,0.406596,0.642136,0.937500,0.450000,0.548386,0.603750
5a8f4071554299458435d593,0.000000,0.000000,0.000000,0.545536,0.342517,0.389286
5a8f432a55429918e830d1e1,0.000000,0.968750,0.937500,0.906250,0.906250,0.906250
5a8f455e55429918e830d1e6,0.000000,0.000000,0.000000,0.000000,0.000000,0.000000
5a8f46ad5542995b44241ff6,0.332465,0.968750,0.937500,0.862500,0.893750,0.381243
5a8f46b15542992414482a2b,0.000000,0.544719,0.536382,0.565192,0.587287,0.517269
5a8f4fb95542997ba9cb3231,0.000000,0.521347,0.488993,0.445289,0.407975,0.301042
5a8f55b05542992414482a5e,0.000000,0.000000,0.000000,0.000000,0.000000,0.000000
5a8f5b8155429918e830d203,0.277749,0.000000,0.355459,0.000000,0.000000,0.000000
5a8f5d2a5542992414482a7c,0.000000,0.000000,0.000000,0.000000,0.000000,0.000000
5a8f619955429918e830d20b,0.000000,0.000000,0.000000,0.000000,0.000000,0.276787
5a8f676055429918e830d211,0.850000,0.737670,0.706420,0.675170,0.706420,0.968750
5a8f74e755429918e830d229,0.000000,0.000000,0.000000,0.435375,0.000000,0.000000
5a8f766955429918e830d22a,0.850000,0.968750,0.482162,0.906250,0.875000,0.277647
5a8f7fe7554299458435d65d,0.000000,0.000000,0.000000,0.442635,0.439830,0.264555
5a8f9330554299458435d67a,0.000000,0.000000,0.000000,0.000000,0.000000,0.000000
5a8f954455429918e830d280,0.377655,0.508761,0.516152,0.489947,0.459063,0.411350
5a8f95945542997ba9cb32dc,0.000000,0.496098,0.000000,0.432149,0.327392,0.392857
5a8f96d755429918e830d286,0.363846,0.334356,0.451093,0.387614,0.406364,0.937500
5a8f97535542995b4424206c,0.256579,0.301515,0.370343,0.414238,0.308294,0.259468
5a8f987e55429918e830d28a,0.000000,0.547159,0.457149,0.906250,0.968750,0.906250
5a8f992355429918e830d28c,0.000000,0.497457,0.347656,0.462500,0.282677,0.309668
5a8f9b43554299458435d696,0.377479,0.487175,0.455884,0.414935,0.424750,0.293425
5a8f9d04554299458435d69d,0.000000,0.968750,0.502365,0.906250,0.906250,0.750000
5a8fa3c75542992414482b14,0.308604,0.000000,0.000000,0.448830,0.447304,0.282684
5a8fa9d35542992414482b2d,0.289107,0.442934,0.409731,0.355250,0.420682,0.288424
5a8fb26255429918e830d2b1,0.000000,0.968750,0.545120,0.906250,0.542105,0.968750
5a8fbc8f55429918e830d2c4,0.000000,0.000000,0.000000,0.455833,0.424681,0.000000
5a8fc46d55429918e830d2d2,0.000000,0.945673,0.914423,0.883173,0.452510,0.914423
5a8fc50555429918e830d2d3,0.000000,0.000000,0.000000,0.000000,0.000000,0.000000
5a8fe3c95542995651fb5082,0.000000,0.000000,0.000000,0.000000,0.000000,0.000000
5a8fff3455429916514e7402,0.000000,0.000000,0.000000,0.000000,0.000000,0.000000
5a900e115542990a98493580,0.264052,0.968750,0.000000,0.906250,0.875000,0.650000
5a901c1d5542995651fb50b4,0.000000,0.305551,0.352895,0.321521,0.487857,0.266973
5a901c2c5542990a9849358c,0.000000,0.968750,0.498057,0.586719,0.968750,0.523440
5a901e245542995651fb50c2,0.000000,0.968750,0.937500,0.906250,0.775000,0.712500
5a901f365542995651fb50c8,0.000000,0.000000,0.594853,0.563603,0.532353,0.407353
5a901f3e55429933b8a2047e,0.382179,0.535208,0.464764,0.495011,0.619814,0.534429
5a90224855429916514e7424,0.362370,0.295228,0.377995,0.419399,0.307826,0.188124
5a90228555429916514e7425,0.000000,0.419297,0.000000,0.937500,0.906250,0.937500
5a903bd755429916514e743a,0.000000,0.455893,0.425096,0.523190,0.352610,0.232695
5a904f705542995651fb5123,0.000000,0.498048,0.480924,0.449674,0.436456,0.287458
5a9059c655429916514e7480,0.000000,0.893750,0.937500,0.466453,0.875000,0.750000
5a905ac25542990a984935fe,0.000000,0.787155,0.539852,0.000000,0.547479,0.787155
5a90628a5542995b442420a8,0.000000,0.000000,0.000000,0.395750,0.355808,0.000000
5a90647455429933b8a20511,0.000000,0.614513,0.937500,0.552013,0.622097,0.517857
5a9067005542990a98493616,0.376065,0.430561,0.470225,0.434714,0.329173,0.204837
5a90689c5542990a9849361f,0.262416,0.489072,0.457822,0.423502,0.395322,0.191156
5a906beb55429916514e74b9,0.255137,0.402846,0.346305,0.424418,0.313398,0.359879
5a9076245542995b442420c2,0.284264,0.893750,0.837500,0.806250,0.000000,0.750000
5a907f3e55429933b8a2052c,0.000000,0.000000,0.000000,0.806250,0.937500,0.875000
5a9080505542995651fb5178,0.000000,0.000000,0.937500,0.937500,0.875000,0.750000
5a9088ac55429933b8a2053d,0.282254,0.000000,0.000000,0.466798,0.000000,0.906250
5a908dd65542995651fb518a,0.000000,0.394222,0.464887,0.426635,0.402184,0.170557
5a908e0455429933b8a20556,0.000000,0.968750,0.484544,0.466806,0.000000,0.216810
5a908e9d5542995651fb518b,0.000000,0.000000,0.405748,0.000000,0.343886,0.000000
5a9093d955429916514e74fe,0.355899,0.479353,0.450576,0.418290,0.906250,0.388895
5a9094055542995651fb5197,0.000000,0.000000,0.000000,0.000000,0.000000,0.192568
5a90a47c5542990a9849367a,0.000000,0.000000,0.401155,0.831250,0.274787,0.000000
5a90ab5e55429916514e7519,0.000000,0.000000,0.000000,0.000000,0.000000,0.342084
5a90b4345542990a984936ba,0.000000,0.495616,0.471787,0.436747,0.599590,0.630840
5a90b6e055429933b8a205a9,0.311250,0.499163,0.000000,0.351553,0.318677,0.292298
5a90b7b45542990a984936c6,0.000000,0.968750,0.000000,0.456250,0.325000,0.750000
5a90b87055429933b8a205b8,0.000000,0.498601,0.467351,0.432740,0.389270,0.265867
5a90bfd755429916514e7554,0.357674,0.478728,0.447321,0.413678,0.384288,0.260012
5a90c1a755429916514e755b,0.000000,0.000000,0.862500,0.000000,0.800000,0.000000
5a90c47955429916514e7566,0.000000,0.000000,0.000000,0.000000,0.000000,0.000000
5a90c9f45542995651fb51f8,0.364953,0.410835,0.274565,0.244721,0.315430,0.090430
5a90cac55542995651fb51fd,0.000000,0.419355,0.451506,0.906250,0.875000,0.750000
5a90d3ff55429916514e7587,0.000000,0.000000,0.526265,0.478437,0.500500,0.000000
5a90db4c55429916514e759e,0.000000,0.968750,0.937500,0.587500,0.000000,0.000000
5ab1dbce5542993be8fa985b,0.366032,0.000000,0.000000,0.000000,0.409426,0.968750
5ab1e25f5542993be8fa986c,0.362821,0.492802,0.355036,0.424254,0.393943,0.162602
5ab1e3c6554299722f9b4c97,0.361541,0.228813,0.000000,0.000000,0.251185,0.429994
5ab1e4a6554299449642c7fc,0.000000,0.000000,0.800000,0.906250,0.447866,0.803676
5ab1e5855542993be8fa9875,0.364589,0.000000,0.000000,0.000000,0.000000,0.000000
5ab1e7bc554299449642c801,0.275623,0.000000,0.000000,0.000000,0.310659,0.471361
5ab1f0c9554299340b525430,0.000000,0.000000,0.937500,0.000000,0.000000,0.750000
5ab1f80155429970612095a0,0.000000,0.000000,0.000000,0.339144,0.439707,0.305736
5ab204bc5542993be8fa98ae,0.362923,0.408383,0.276624,0.419936,0.388278,0.361281
5ab22f28554299722f9b4cc5,0.396016,0.000000,0.000000,0.000000,0.000000,0.306734
5ab247655542993be8fa98cf,0.000000,0.441672,0.385457,0.357178,0.000000,0.000000
5ab2478555429970612095d0,0.371327,0.000000,0.000000,0.000000,0.384282,0.000000
5ab24a7955429970612095d7,0.000000,0.000000,0.000000,0.000000,0.000000,0.162335
5ab24eaf554299449642c86b,0.000000,0.000000,0.000000,0.000000,0.000000,0.000000
5ab24fbe554299449642c86d,0.386747,0.454205,0.322955,0.359864,0.358391,0.204931
5ab2532c55429970612095e2,0.000000,0.000000,0.000000,0.000000,0.000000,0.000000
5ab2574d55429970612095e4,0.000000,0.000000,0.441628,0.404611,0.506157,0.000000
5ab25a2d554299340b5254a4,0.000000,0.000000,0.000000,0.000000,0.000000,0.000000
5ab25b6e5542993be8fa98e0,0.000000,0.868750,0.361588,0.422804,0.403140,0.287151
5ab261b6554299340b5254aa,0.000000,0.000000,0.000000,0.000000,0.000000,0.000000
5ab26205554299340b5254ab,0.000000,0.433206,0.458477,0.453136,0.000000,0.392857
5ab2648e554299449642c88d,0.000000,0.000000,0.937500,0.576076,0.875000,0.650000
5ab2662d55429970612095f3,0.000000,0.571774,0.000000,0.550488,0.000000,0.000000
5ab272945542997061209601,0.000000,0.000000,0.000000,0.372917,0.217035,0.000000
5ab272f2554299340b5254cf,0.364633,0.386206,0.454993,0.321875,0.391769,0.266829
5ab27447554299722f9b4d32,0.000000,0.000000,0.000000,0.318535,0.000000,0.166753
5ab277f05542997061209615,0.000000,0.000000,0.000000,0.000000,0.416934,0.326828
5ab279b2554299449642c8b8,0.000000,0.611607,0.580357,0.549107,0.517857,0.750000
5ab27a1a5542997061209622,0.000000,0.968750,0.937500,0.906250,0.875000,0.750000
5ab27e71554299340b5254e3,0.000000,0.000000,0.000000,0.000000,0.438473,0.314331
5ab27f97554299449642c8c8,0.000000,0.401218,0.937500,0.831250,0.000000,0.000000
5ab28557554299706120964f,0.000000,0.469118,0.363567,0.444310,0.000000,0.338567
5ab287c85542997061209655,0.000000,0.000000,0.491713,0.000000,0.000000,0.000000
5ab289ee554299340b525509,0.312496,0.531586,0.000000,0.458688,0.437836,0.300092
5ab290ec5542993be8fa9951,0.256495,0.374880,0.343429,0.413429,0.381650,0.156250
5ab29358554299340b525523,0.000000,0.479891,0.449628,0.419979,0.390227,0.750000
5ab2959b5542997061209661,0.000000,0.000000,0.000000,0.000000,0.000000,0.000000
5ab296f95542997061209665,0.000000,0.000000,0.000000,0.000000,0.000000,0.000000
5ab2989d554299194fa93424,0.359263,0.000000,0.467386,0.488985,0.404886,0.750000
5ab29b9d554299545a2cf9d0,0.000000,0.000000,0.000000,0.261779,0.000000,0.000000
5ab29caf554299194fa93458,0.000000,0.501112,0.501940,0.440938,0.427032,0.185714
5ab29e07554299194fa9346a,0.271562,0.494688,0.424640,0.329309,0.330096,0.237140
5ab2a056554299194fa93481,0.385897,0.412206,0.312845,0.461801,0.410897,0.456250
5ab2a255554299295394677f,0.000000,0.376932,0.463517,0.429988,0.345833,0.875000
5ab2a48a5542992953946788,0.393734,0.000000,0.000000,0.490390,0.469857,0.474564
5ab2b5295542992953946837,0.000000,0.550980,0.494234,0.362866,0.875000,0.462481
5ab2b5e3554299545a2cfa15,0.396280,0.572321,0.396149,0.350228,0.404223,0.485178
5ab2bcbb554299166977407f,0.356531,0.408729,0.346352,0.318270,0.283104,0.260867
5ab2c0a35542991669774098,0.000000,0.968750,0.837500,0.461992,0.775000,0.750000
5ab2c4285542992953946873,0.000000,0.000000,0.000000,0.000000,0.000000,0.000000
5ab2c4a9554299545a2cfa6b,0.000000,0.968750,0.937500,0.906250,0.533703,0.750000
5ab2d24255429916697740ec,0.000000,0.000000,0.460355,0.425721,0.394925,0.276207
5ab2d27055429916697740ed,0.000000,0.968750,0.530511,0.563671,0.479687,0.750000
5ab2da16554299545a2cfaca,0.000000,0.000000,0.000000,0.437910,0.000000,0.348748
5ab2e0ea5542992953946890,0.000000,0.000000,0.000000,0.000000,0.000000,0.000000
5ab2e4935542992953946896,0.381271,0.413103,0.282159,0.248760,0.401593,0.400366
5ab2e79d55429929539468a1,0.390118,0.426992,0.290336,0.379379,0.320752,0.268583
5ab2eb4855429929539468b8,0.000000,0.312899,0.862500,0.377901,0.353095,0.000000
5ab2f0be554299545a2cfadd,0.278944,0.268750,0.413085,0.350585,0.000000,0.317614
5ab2f1175542991669774144,0.410902,0.634632,0.603382,0.572132,0.559632,0.604185
5ab2f6ca55429976abd1bbda,0.000000,0.893750,0.937500,0.806250,0.635000,0.650000
5ab2f898554299545a2cfaef,0.000000,0.000000,0.000000,0.420756,0.415628,0.280157
5ab2fdeb5542991669774177,0.000000,0.968750,0.937500,0.000000,0.968750,0.750000
5ab3060955429976abd1bc2a,0.000000,0.311035,0.397189,0.434404,0.400305,0.505942
5ab3067455429976abd1bc2b,0.000000,0.968750,0.937500,0.906250,0.562276,0.937500
5ab30797554299753aec5908,0.000000,0.968750,0.937500,0.473350,0.875000,0.650000
5ab3084555429976abd1bc2f,0.418056,0.893750,0.459312,0.508074,0.475577,0.384439
5ab30a7b554299233954fedf,0.000000,0.000000,0.000000,0.440410,0.000000,0.000000
5ab30b1d554299233954fee1,0.750000,0.968750,0.937500,0.906250,0.875000,0.750000
5ab30b39554299233954fee2,0.000000,0.000000,0.468848,0.000000,0.333317,0.000000
5ab30d4e554299753aec5926,0.294316,0.438482,0.862500,0.831250,0.862500,0.893750
5ab31367554299753aec5937,0.000000,0.000000,0.470192,0.444244,0.388621,0.375473
5ab319fa55429976abd1bc61,0.750000,0.893750,0.937500,0.906250,0.800000,0.675000
5ab32188554299233954ff1e,0.000000,0.000000,0.348438,0.415318,0.000000,0.000000
5ab32233554299233954ff21,0.000000,0.000000,0.000000,0.000000,0.000000,0.750000
5ab324b455429976abd1bc6e,0.310744,0.478926,0.862500,0.000000,0.529147,0.750000
5ab32913554299233954ff39,0.000000,0.868750,0.000000,0.906250,0.968750,0.906250
5ab3324055429969a97a8102,0.000000,0.968750,0.937500,0.906250,0.875000,0.000000
5ab33e2455429969a97a810b,0.362671,0.497810,0.463862,0.429048,0.400785,0.276617
5ab343c1554299753aec5967,0.000000,0.000000,0.461660,0.442590,0.586340,0.000000
5ab3469a55429969a97a8125,0.446498,0.423558,0.392308,0.906250,0.349054,0.224054
5ab346a455429976abd1bc81,0.000000,0.000000,0.937500,0.906250,0.937500,0.781250
5ab34c6755429976abd1bc88,0.000000,0.547953,0.000000,0.435964,0.419901,0.457287
5ab35dae55429976abd1bc9f,0.322270,0.347296,0.371346,0.402010,0.427438,0.464510
5ab3669155429969a97a8142,0.000000,0.401494,0.461827,0.392324,0.457650,0.000000
5ab3751a55429969a97a814e,0.000000,0.968750,0.937500,0.906250,0.775000,0.650000
5ab37b0d55429969a97a815c,0.000000,0.486886,0.937500,0.937500,0.968750,0.968750
5ab3926255429969a97a817c,0.282910,0.422725,0.504167,0.472917,0.472917,0.340660
5ab394bb55429969a97a8184,0.000000,0.000000,0.474167,0.542917,0.511667,0.450000
5ab3b0cc554299753aec59a1,0.264755,0.486208,0.463734,0.433327,0.401443,0.404434
5ab3b64955429969a97a818d,0.406699,0.505631,0.483354,0.256217,0.426681,0.397280
5ab3be855542992ade7c6e6e,0.000000,0.968750,0.937500,0.000000,0.875000,0.750000
5ab3c65b55429969a97a81bb,0.000000,0.496131,0.559087,0.906250,0.875000,0.271587
5ab3cbcb5542992ade7c6e9e,0.000000,0.000000,0.000000,0.000000,0.000000,0.186642
5ab3cc08554299233954ffb0,0.386897,0.401977,0.505647,0.474325,0.435301,0.402974
5ab3d136554299233954ffb3,0.000000,0.654530,0.937500,0.000000,0.367249,0.000000
5ab3db575542992ade7c6ed6,0.000000,0.567516,0.000000,0.000000,0.461427,0.350032
5ab3e8f755429976abd1bce9,0.000000,0.000000,0.497325,0.466075,0.434825,0.282229
5ab3ed29554299233954ffef,0.000000,0.000000,0.000000,0.000000,0.000000,0.000000
5ab3f1d75542992339550003,0.000000,0.968750,0.937500,0.806250,0.968750,0.937500
5ab3f2eb5542992339550009,0.000000,0.000000,0.487500,0.525139,0.402500,0.000000
5ab3f6ee5542992ade7c6ef9,0.850000,0.968750,0.937500,0.937500,0.875000,0.781250
5ab3f8fe5542992ade7c6f04,0.362864,0.398746,0.447998,0.315521,0.389051,0.339802
5ab3f9ac554299753aec5a0f,0.000000,0.000000,0.000000,0.000000,0.000000,0.000000
5ab3fa26554299753aec5a10,0.356558,0.477793,0.342460,0.452419,0.388543,0.420690
5ab3fb32554299753aec5a13,0.000000,0.000000,0.000000,0.000000,0.000000,0.000000
5ab3fc575542992339550028,0.394572,0.609579,0.578329,0.534278,0.474030,0.348266
5ab4031a55429976abd1bd2e,0.000000,0.000000,0.000000,0.000000,0.000000,0.000000
5ab4154b55429969a97a8237,0.000000,0.501726,0.454241,0.000000,0.000000,0.750000
5ab416ea5542996a3a969f29,0.000000,0.000000,0.571705,0.478465,0.436742,0.781250
5ab420c95542996a3a969f51,0.000000,0.000000,0.000000,0.000000,0.354706,0.000000
5ab426455542991751b4d69e,0.000000,0.499438,0.000000,0.477250,0.000000,0.271520
5ab42d2955429942dd415eae,0.000000,0.000000,0.000000,0.906250,0.000000,0.461757
5ab42d49554299753aec5a4d,0.000000,0.492058,0.000000,0.831250,0.000000,0.397831
5ab42db65542992339550045,0.000000,0.000000,0.290603,0.164949,0.310588,0.193750
5ab4345255429942dd415edf,0.000000,0.432489,0.409134,0.906250,0.421634,0.000000
5ab4386f5542991751b4d6f7,0.000000,0.537736,0.490227,0.493347,0.565000,0.413243
5ab4424455429942dd415efe,0.000000,0.574330,0.578262,0.459191,0.461307,0.295511
5ab443195542991779162c40,0.000000,0.533024,0.000000,0.000000,0.424686,0.000000
5ab4439f5542991779162c42,0.000000,0.478314,0.450629,0.414103,0.000000,0.262245
5ab4443655429942dd415f05,0.370488,0.424069,0.340500,0.438401,0.405319,0.280319
5ab444bc5542990594ba9be3,0.000000,0.366576,0.410326,0.379076,0.906250,0.420250
5ab457bf5542991751b4d749,0.000000,0.000000,0.480357,0.549107,0.517857,0.781250
5ab459095542991751b4d74d,0.495349,0.419240,0.000000,0.551599,0.460614,0.750000
5ab45f6b5542996a3a969f7a,0.000000,0.000000,0.472417,0.603876,0.875000,0.510126
5ab463bd5542990594ba9c0c,0.000000,0.968750,0.935417,0.906250,0.579185,0.968750
5ab47cb95542990594ba9c30,0.000000,0.667715,0.000000,0.000000,0.875000,0.000000
5ab47ee75542991751b4d794,0.258897,0.478605,0.444946,0.464933,0.449428,0.459344
5ab485295542991779162cb9,0.000000,0.303350,0.347024,0.315552,0.000000,0.300000
5ab488265542991751b4d7a7,0.423340,0.642090,0.937500,0.937500,0.491471,0.781250
5ab488ff5542991779162cc9,0.000000,0.382679,0.508935,0.352500,0.478968,0.375000
5ab489a85542990594ba9c5d,0.000000,0.000000,0.000000,0.906250,0.441686,0.315481
5ab48f8f55429942dd415f6b,0.000000,0.000000,0.476602,0.455782,0.875000,0.451039
5ab4939955429942dd415f6e,0.257897,0.475037,0.445335,0.413246,0.387500,0.258867
5ab4969c5542991779162cf9,0.000000,0.000000,0.455354,0.000000,0.394582,0.292448
5ab49b1755429942dd415f78,0.000000,0.000000,0.000000,0.000000,0.000000,0.000000
5ab4a7715542996a3a969fab,0.000000,0.490317,0.604741,0.429728,0.602500,0.875000
5ab4b3335542996a3a969fb6,0.000000,0.000000,0.000000,0.000000,0.000000,0.000000
5ab4eeda5542996a3a969fee,0.000000,0.529077,0.507146,0.000000,0.601442,0.570192
5ab4f61a5542991779162d36,0.000000,0.968750,0.968750,0.368806,0.968750,0.000000
5ab4f6865542991779162d39,0.000000,0.000000,0.515608,0.000000,0.353108,0.302129
5ab504ba5542991779162d53,0.000000,0.752670,0.497088,0.690170,0.400878,0.485356
5ab509cc55429942dd415fdf,0.377059,0.494769,0.475171,0.458750,0.465489,0.463089
5ab5118e5542996a3a96a010,0.000000,0.000000,0.000000,0.462079,0.434380,0.299489
5ab514745542991779162d71,0.305391,0.515855,0.482528,0.461085,0.485129,0.469607
5ab51bd85542990594ba9d07,0.000000,0.503202,0.471952,0.440410,0.409452,0.509640
5ab51f735542996a3a96a028,0.000000,0.968750,0.511919,0.453578,0.937500,0.968750
5ab524705542990594ba9d1b,0.750000,0.968750,0.837500,0.968750,0.875000,0.750000
5ab524cc5542996a3a96a036,0.000000,0.489083,0.937500,0.906250,0.412925,0.324769
5ab526855542996a3a96a03b,0.359623,0.490950,0.445673,0.423249,0.391009,0.000000
5ab528f15542996a3a96a044,0.361356,0.476647,0.447400,0.413312,0.422143,0.257372
5ab53496554299637185c506,0.000000,0.000000,0.493051,0.461801,0.430551,0.493051
5ab539b05542997d4ad1f0d8,0.000000,0.608546,0.577296,0.546046,0.514796,0.937500
5ab549205542992aa134a292,0.000000,0.000000,0.000000,0.000000,0.431653,0.206733
5ab550f1554299494045ef7a,0.000000,0.530482,0.522956,0.554800,0.000000,0.519462
5ab551665542992aa134a2a9,0.000000,0.000000,0.496574,0.465324,0.434074,0.750000
5ab5516e554299494045ef7c,0.299466,0.000000,0.415260,0.328425,0.288071,0.259339
5ab5527b554299488d4d992b,0.000000,0.309548,0.496677,0.467720,0.443830,0.518746
5ab55b57554299488d4d995f,0.000000,0.431427,0.555000,0.468258,0.875000,0.750000
5ab55e135542992aa134a2d5,0.000000,0.530568,0.361126,0.389539,0.384506,0.530568
5ab5615c5542992aa134a2f7,0.000000,0.000000,0.000000,0.000000,0.000000,0.000000
5ab5664b554299494045efa0,0.000000,0.504641,0.000000,0.442270,0.000000,0.185891
5ab56d8c5542997d4ad1f119,0.000000,0.000000,0.000000,0.334037,0.000000,0.312218
5ab5754a5542992aa134a321,0.359587,0.476189,0.444934,0.415823,0.382803,0.259021
5ab5759b554299488d4d9992,0.000000,0.514404,0.000000,0.453431,0.242440,0.308754
5ab582305542992aa134a338,0.000000,0.000000,0.000000,0.464970,0.438841,0.329784
5ab5834d554299494045effa,0.000000,0.000000,0.000000,0.000000,0.000000,0.000000
5ab588445542992aa134a34e,0.000000,0.000000,0.583654,0.539929,0.487432,0.538550
5ab588e75542992aa134a351,0.392298,0.481562,0.462454,0.510335,0.356406,0.342435
5ab58caa554299637185c5c4,0.260465,0.868750,0.349342,0.316715,0.337162,0.160465
5ab58ced554299637185c5c5,0.000000,0.000000,0.000000,0.000000,0.000000,0.000000
5ab58f34554299488d4d99d8,0.000000,0.000000,0.496422,0.000000,0.875000,0.290208
5ab593fe5542992aa134a366,0.000000,0.571750,0.646750,0.937500,0.605840,0.624590
5ab594fa554299488d4d99eb,0.309291,0.486801,0.564908,0.515662,0.578162,0.349036
5ab5a1db554299488d4d9a07,0.000000,0.752670,0.649787,0.721420,0.649787,0.330408
5ab5b746554299494045f03d,0.000000,0.893750,0.496581,0.459867,0.449030,0.514856
5ab5b7f8554299494045f03f,0.000000,0.000000,0.000000,0.000000,0.334227,0.000000
5ab5b8b0554299494045f042,0.000000,0.968750,0.762500,0.831250,0.775000,0.675000
5ab5b8de554299637185c5f4,0.000000,0.968750,0.937500,0.937500,0.937500,0.286372
5ab5bc9a5542997d4ad1f1cb,0.000000,0.000000,0.572657,0.541407,0.510157,0.385157
5ab5bee0554299494045f04f,0.000000,0.567842,0.937500,0.906250,0.875000,0.781250
5ab5d56c554299488d4d9a42,0.262071,0.000000,0.000000,0.000000,0.291746,0.000000
5ab5d8595542992aa134a3ac,0.405385,0.545467,0.490000,0.489477,0.451717,0.309576
5ab5d86f5542997d4ad1f206,0.000000,0.000000,0.473117,0.494817,0.875000,0.000000
5ab5dc50554299494045f08a,0.000000,0.618140,0.586890,0.506901,0.968750,0.586890
5ab5dd30554299494045f08d,0.000000,0.442697,0.413256,0.380288,0.346286,0.288448
5ab5e4d0554299494045f0a7,0.393475,0.512653,0.505793,0.498244,0.494750,0.451939
5ab5e76c5542997d4ad1f236,0.000000,0.000000,0.000000,0.000000,0.000000,0.000000
5ab5f88e554299488d4d9a6b,0.000000,0.968750,0.937500,0.906250,0.968750,0.968750
5ab5fb30554299110f2199aa,0.000000,0.000000,0.000000,0.000000,0.000000,0.262994
5ab61000554299710c8d1e57,0.000000,0.968750,0.937500,0.906250,0.968750,0.968750
5ab61df855429953192ad25d,0.379894,0.494641,0.577744,0.509695,0.577744,0.577744
5ab6260955429953192ad276,0.000000,0.000000,0.000000,0.530125,0.000000,0.750000
5ab63944554299710c8d1e80,0.000000,0.893750,0.862500,0.831250,0.875000,0.875000
5ab642fd5542995eadeeff8f,0.000000,0.000000,0.000000,0.337595,0.000000,0.000000
5ab65a7c55429954757d3251,0.000000,0.000000,0.372969,0.459926,0.000000,0.000000
5ab662e355429954757d3277,0.388310,0.394525,0.456341,0.444125,0.446053,0.171429
5ab6644a5542995eadeeffb7,0.000000,0.627083,0.570591,0.482416,0.548841,0.548967
5ab66e3955429954757d32b3,0.000000,0.574785,0.000000,0.000000,0.000000,0.000000
5ab674195542995eadeeffec,0.000000,0.000000,0.000000,0.000000,0.875000,0.000000
5ab67c2a55429954757d32f8,0.000000,0.618750,0.587500,0.587500,0.525000,0.750000
5ab67c5555429954757d32fa,0.000000,0.000000,0.449359,0.420095,0.287613,0.419216
5ab67d3e55429953192ad2d6,0.750000,0.968750,0.762500,0.831250,0.875000,0.781250
5ab6818655429954757d3314,0.315554,0.000000,0.000000,0.000000,0.000000,0.000000
5ab6840c55429954757d331f,0.370480,0.414022,0.280707,0.252515,0.225706,0.094578
5ab6889355429953192ad2e6,0.000000,0.000000,0.000000,0.000000,0.000000,0.000000
5ab6953255429953192ad305,0.000000,0.000000,0.927500,0.000000,0.421423,0.740000
5ab69bfc5542995eadef0036,0.000000,0.370464,0.355474,0.314571,0.275617,0.000000
5ab69ed855429954757d3336,0.277648,0.408080,0.384454,0.250940,0.000000,0.189289
5ab69f77554299710c8d1ef7,0.000000,0.000000,0.937500,0.906250,0.906250,0.812500
5ab6a06f5542995eadef004a,0.000000,0.000000,0.490806,0.363889,0.353306,0.211174
5ab6a08b5542995eadef004b,0.000000,0.502622,0.452425,0.449330,0.386112,0.272988
5ab6a0e355429953192ad340,0.000000,0.000000,0.000000,0.000000,0.000000,0.000000
5ab6a1b4554299710c8d1f03,0.000000,0.000000,0.000000,0.000000,0.000000,0.000000
5ab6a534554299710c8d1f1a,0.000000,0.000000,0.937500,0.000000,0.520627,0.000000
5ab6ab7d55429953192ad35c,0.000000,0.968750,0.422011,0.465761,0.875000,0.750000
5ab6b6a75542995eadef0068,0.000000,0.542608,0.937500,0.480108,0.968750,0.875000
5ab6b721554299110f219a53,0.000000,0.968750,0.499888,0.468638,0.499888,0.468638
5ab6ba4b5542995eadef0080,0.000000,0.000000,0.000000,0.464976,0.395770,0.269774
5ab6bc365542995eadef008c,0.000000,0.554987,0.523737,0.557193,0.875000,0.968750
5ab6c3ee554299110f219a63,0.000000,0.000000,0.000000,0.000000,0.000000,0.000000
5ab6c5f755429954757d336d,0.278161,0.321795,0.459217,0.464643,0.875000,0.541544
5ab6c751554299710c8d1f5b,0.000000,0.000000,0.000000,0.000000,0.000000,0.000000
5ab6c8a3554299710c8d1f5d,0.360571,0.000000,0.448923,0.314581,0.000000,0.261339
5ab6caf7554299710c8d1f63,0.000000,0.968750,0.448880,0.436837,0.468593,0.268107
5ab6ce145542995eadef009e,0.000000,0.000000,0.937500,0.000000,0.000000,0.000000
5ab6d0e05542995eadef00a5,0.372295,0.000000,0.377885,0.442643,0.309010,0.283560
5ab6d2af55429954757d3382,0.268399,0.000000,0.000000,0.355010,0.459375,0.202354
5ab6d90955429954757d3395,0.000000,0.000000,0.476191,0.443358,0.000000,0.000000
5ab6dab35542995eadef00cb,0.000000,0.000000,0.697556,0.535703,0.431403,0.204398
5ab6e4d355429954757d33ae,0.295575,0.000000,0.556842,0.000000,0.456944,0.291429
5ab6e54d554299710c8d1f9f,0.000000,0.968750,0.631951,0.831250,0.488592,0.893750
5ab6e97c5542991d322236cc,0.000000,0.938750,0.470321,0.876250,0.845000,0.838750
5ab6eb1155429954757d33ba,0.000000,0.958036,0.507811,0.492856,0.437033,0.538087
5ab6f038554299710c8d1fc8,0.000000,0.510423,0.937500,0.447923,0.968750,0.000000
5ab6f772554299110f219a80,0.850000,0.968750,0.937500,0.906250,0.875000,0.945673
5ab6fd5e554299110f219a87,0.378469,0.479206,0.000000,0.000000,0.000000,0.273971
5ab701075542991d32223738,0.583340,0.506078,0.479855,0.937500,0.775000,0.176261
5ab702835542991d32223742,0.355281,0.323475,0.454108,0.444078,0.906250,0.529108
5ab702fc554299110f219a93,0.000000,0.577090,0.367391,0.514590,0.483340,0.358340
5ab702fd5542993667793f13,0.000000,0.000000,0.449327,0.000000,0.000000,0.261969
5ab707585542992aa3b8c77c,0.000000,0.000000,0.000000,0.000000,0.000000,0.000000
5ab711e1554299110f219aae,0.000000,0.968750,0.937500,0.373765,0.647500,0.211331
5ab715495542991d32223771,0.262251,0.403892,0.371301,0.339114,0.133486,0.085072
5ab722cd5542992aa3b8c7a9,0.000000,0.000000,0.000000,0.431059,0.000000,0.316667
5ab7296d5542992aa3b8c7b5,0.000000,0.000000,0.540071,0.608821,0.577571,0.000000
5ab729835542992aa3b8c7b6,0.411000,0.488449,0.000000,0.000000,0.875000,0.968750
5ab72be75542993667793f68,0.000000,0.000000,0.000000,0.000000,0.563218,0.000000
5ab7304b5542993667793f7b,0.000000,0.000000,0.000000,0.000000,0.000000,0.000000
5ab7321c5542992aa3b8c7cb,0.377812,0.501724,0.457882,0.482284,0.537239,0.509620
5ab738ff5542992aa3b8c7df,0.000000,0.583653,0.545103,0.512617,0.550618,0.362143
5ab73d975542992aa3b8c7e6,0.000000,0.000000,0.000000,0.537894,0.000000,0.906250
5ab73fa655429928e1fe3840,0.000000,0.000000,0.000000,0.000000,0.000000,0.288707
5ab740d85542992aa3b8c7ff,0.000000,0.000000,0.516231,0.000000,0.447684,0.385184
5ab7411455429928e1fe3844,0.383933,0.000000,0.000000,0.000000,0.000000,0.000000
5ab746cf5542993667793fae,0.361638,0.486144,0.493860,0.446243,0.391453,0.487591
5ab74a785542993667793fb2,0.000000,0.403842,0.000000,0.000000,0.000000,0.180493
5ab74b2c554299110f219b00,0.291647,0.533791,0.000000,0.507438,0.860000,0.329853
5ab7528b5542992aa3b8c814,0.502308,0.441855,0.589808,0.546058,0.527657,0.862500
5ab757ab5542995dae37e90b,0.000000,0.240614,0.000000,0.000000,0.000000,0.000000
5ab7591255429928e1fe384c,0.000000,0.000000,0.492868,0.465436,0.000000,0.472959
5ab75ffd5542993667793fc4,0.000000,0.000000,0.937500,0.906250,0.937500,0.968750
5ab76c145542993667793fdb,0.000000,0.349239,0.475400,0.448499,0.408391,0.201636
5ab778f85542995dae37e930,0.000000,0.505285,0.509052,0.000000,0.000000,0.000000
5ab77e255542995dae37e93d,0.000000,0.300375,0.446503,0.413426,0.380801,0.292978
5ab77eaf55429928e1fe385e,0.000000,0.000000,0.000000,0.000000,0.000000,0.000000
5ab784c55542995dae37e94a,0.000000,0.000000,0.000000,0.000000,0.875000,0.750000
5ab78dbd55429928e1fe387c,0.000000,0.438628,0.000000,0.906250,0.875000,0.750000
5ab7a2b85542991d32223790,0.000000,0.000000,0.608537,0.577287,0.546037,0.906250
5ab7b1095542995dae37e990,0.308338,0.419131,0.493308,0.357176,0.588028,0.495838
5ab7b2ea5542992aa3b8c851,0.000000,0.000000,0.000000,0.906250,0.000000,0.000000
5ab7c25955429928e1fe38ca,0.000000,0.000000,0.528160,0.496910,0.413355,0.285809
5ab7ca9b55429928e1fe38f5,0.000000,0.000000,0.307883,0.000000,0.000000,0.185200
5ab7cff355429928e1fe391e,0.000000,0.968750,0.937500,0.434513,0.775000,0.750000
5ab7e2925542995dae37e9d6,0.000000,0.000000,0.394431,0.400863,0.893750,0.000000
5ab7e77b5542993667794042,0.000000,0.968750,0.937500,0.906250,0.506724,0.750000
5ab7ed485542993667794051,0.394255,0.305417,0.444868,0.313753,0.385541,0.162292
5ab7ee0e5542991d322237c7,0.000000,0.557632,0.497729,0.466479,0.463882,0.288077
5ab7ee225542991d322237c8,0.000000,0.507090,0.937500,0.610178,0.875000,0.588340
5ab7eea755429928e1fe3942,0.260340,0.304742,0.000000,0.000000,0.429777,0.196575
5ab7f1265542992aa3b8c88d,0.000000,0.893750,0.502302,0.371052,0.393333,0.409349
5ab7f6845542992aa3b8c893,0.000000,0.494213,0.000000,0.254186,0.389572,0.338880
5ab7f92f5542995dae37ea0c,0.000000,0.488834,0.461251,0.417988,0.000000,0.267591
5ab7fab95542993667794082,0.000000,0.521675,0.491030,0.435068,0.487029,0.334786
5ab7fd33554299366779408c,0.289851,0.968750,0.449160,0.906250,0.555410,0.937500
5ab800145542990e739ec7bc,0.000000,0.532098,0.482284,0.462917,0.431791,0.513831
5ab80208554299366779409f,0.370692,0.000000,0.937500,0.968750,0.968750,0.499898
5ab814725542992aa3b8c899,0.000000,0.968750,0.837500,0.000000,0.000000,0.750000
5ab8159f55429916710eafe2,0.000000,0.000000,0.000000,0.000000,0.000000,0.000000
5ab81cbb5542990e739ec826,0.000000,0.528785,0.000000,0.000000,0.483366,0.310035
5ab8287955429934fafe6cfa,0.000000,0.793750,0.862500,0.937500,0.875000,0.750000
5ab829d85542990e739ec843,0.000000,0.485947,0.454697,0.490313,0.555825,0.916071
5ab82b055542990e739ec849,0.000000,0.382183,0.351786,0.356250,0.289286,0.250781
5ab82d1e5542992aa3b8c8a6,0.000000,0.000000,0.862500,0.438664,0.875000,0.275789
5ab82db55542990e739ec856,0.000000,0.000000,0.000000,0.000000,0.000000,0.000000
5ab834a755429919ba4e2264,0.000000,0.000000,0.513995,0.482745,0.875000,0.906250
5ab8365a55429934fafe6d17,0.000000,0.968750,0.937500,0.906250,0.000000,0.461337
5ab83c5855429919ba4e227a,0.365747,0.311164,0.284498,0.350239,0.316797,0.198337
5ab83ce655429934fafe6d28,0.000000,0.000000,0.000000,0.000000,0.576535,0.371211
5ab8507155429916710eb034,0.000000,0.000000,0.000000,0.000000,0.937500,0.906250
5ab851045542990e739ec8c1,0.000000,0.459534,0.503284,0.472034,0.440578,0.906250
5ab851a655429919ba4e22a9,0.000000,0.968750,0.000000,0.438173,0.875000,0.422943
5ab8575d55429919ba4e22b1,0.000000,0.968750,0.968750,0.440874,0.507241,0.503305
5ab858ac55429919ba4e22b6,0.000000,0.000000,0.000000,0.408216,0.492299,0.366489
5ab85be855429919ba4e22c4,0.750000,0.503808,0.862500,0.425335,0.442989,0.268010
5ab85e075542992aa3b8c8c4,0.000000,0.000000,0.000000,0.000000,0.000000,0.299769
5ab865af55429919ba4e22da,0.000000,0.000000,0.000000,0.000000,0.000000,0.438154
5ab868435542990e739ec8ec,0.000000,0.493493,0.000000,0.422761,0.401935,0.000000
5ab8698e5542990e739ec8f0,0.000000,0.531976,0.468541,0.455521,0.875000,0.508307
5ab86e5b55429916710eb04c,0.000000,0.574046,0.000000,0.462848,0.480296,0.968750
5ab870aa5542992aa3b8c8e4,0.405878,0.377856,0.533190,0.415356,0.465768,0.592715
5ab872b155429934fafe6dbe,0.450220,0.968750,0.463846,0.906250,0.445893,0.937500
5ab876a255429916710eb065,0.000000,0.418892,0.520357,0.439225,0.421549,0.543994
5ab8771655429916710eb068,0.000000,0.511198,0.542947,0.906250,0.417448,0.321779
5ab877aa55429919ba4e2300,0.000000,0.000000,0.000000,0.000000,0.000000,0.000000
5ab878dc55429934fafe6deb,0.361178,0.414000,0.384898,0.421628,0.457649,0.265541
5ab87dcf55429919ba4e2307,0.000000,0.000000,0.000000,0.000000,0.000000,0.000000
5ab88c4e55429916710eb08d,0.000000,0.378709,0.443325,0.308375,0.390000,0.364583
5ab88da755429919ba4e231e,0.000000,0.441593,0.000000,0.633528,0.602278,0.429022
5ab897e355429916710eb096,0.000000,0.526523,0.470282,0.906250,0.410477,0.285557
5ab8a09655429916710eb09c,0.000000,0.584782,0.433468,0.553532,0.584782,0.422327
5ab8af095542991b5579efd9,0.000000,0.000000,0.492874,0.430383,0.430374,0.310149
5ab8b3e555429919ba4e235e,0.306940,0.893750,0.937500,0.906250,0.417864,0.750000
5ab8b9ee5542991b5579efe9,0.354389,0.299151,0.369718,0.231963,0.305794,0.444486
5ab8bee35542991b5579eff0,0.398776,0.716681,0.862500,0.463816,0.645870,0.514422
5ab8bf9755429916710eb0b9,0.000000,0.000000,0.000000,0.000000,0.000000,0.000000
5ab8dd315542991b5579f01d,0.000000,0.968750,0.937500,0.937500,0.461844,0.812500
5ab8e7c75542991b5579f033,0.000000,0.448324,0.482209,0.438407,0.436074,0.768750
5ab8e82e5542991b5579f035,0.000000,0.000000,0.000000,0.000000,0.000000,0.327478
5ab8e8fd5542991b5579f036,0.850000,0.968750,0.893750,0.862500,0.457624,0.968750
5ab8f0655542991b5579f065,0.383198,0.968750,0.532836,0.906250,0.511328,0.750000
5ab8f10d5542991b5579f06c,0.000000,0.493644,0.484280,0.906250,0.346707,0.750000
5ab8f1fa5542991b5579f077,0.372400,0.413233,0.290441,0.233472,0.404957,0.279785
5ab8f34f55429934fafe6e22,0.377109,0.417510,0.000000,0.437445,0.418732,0.301004
5ab8f36c5542991b5579f085,0.000000,0.000000,0.937500,0.443676,0.417701,0.000000
5ab8f8905542991b5579f0ad,0.000000,0.548021,0.516771,0.481559,0.454271,0.432872
5ab8ff2e55429934fafe6e2b,0.000000,0.302910,0.000000,0.317679,0.210084,0.242308
5ab8ffe655429934fafe6e31,0.282611,0.550309,0.519059,0.487254,0.552140,0.331004
5ab903005542991b5579f0cb,0.428603,0.968750,0.937500,0.906250,0.968750,0.333514
5ab9115655429919ba4e2388,0.376874,0.450690,0.000000,0.906250,0.414091,0.000000
5ab9184155429919ba4e23a8,0.397280,0.517419,0.475574,0.430193,0.462355,0.334182
5ab91d53554299753720f700,0.000000,0.499698,0.000000,0.000000,0.000000,0.000000
5ab9246255429919ba4e23d3,0.281924,0.501168,0.461149,0.441367,0.485565,0.382566
5ab9257b554299753720f749,0.000000,0.000000,0.000000,0.445521,0.862500,0.750000
5ab927c955429934fafe6e6c,0.000000,0.506705,0.522478,0.464899,0.431864,0.398090
5ab927d955429934fafe6e6d,0.000000,0.000000,0.937500,0.906250,0.875000,0.750000
5ab9293355429934fafe6e6f,0.000000,0.663855,0.462192,0.601355,0.570105,0.538855
5ab9336d554299753720f792,0.295340,0.264090,0.937500,0.444507,0.775000,0.937500
5ab933d7554299753720f795,0.000000,0.000000,0.000000,0.000000,0.000000,0.000000
5ab9353a55429934fafe6e72,0.000000,0.000000,0.000000,0.000000,0.000000,0.000000
5ab93a945542996be2020461,0.250501,0.374502,0.337942,0.306857,0.275518,0.155584
5ab943b3554299743d22ea98,0.000000,0.521420,0.431852,0.400602,0.431852,0.431852
5ab9443e5542996be202046c,0.262215,0.225838,0.295118,0.415212,0.232358,0.178655
5ab9449a554299131ca422eb,0.260855,0.000000,0.000000,0.000000,0.132095,0.000000
5ab94cc6554299743d22eadc,0.000000,0.000000,0.000000,0.456994,0.875000,0.252941
5ab9522e55429970cfb8ea59,0.000000,0.529044,0.403310,0.906250,0.875000,0.342318
5ab95b28554299743d22eb09,0.000000,0.000000,0.000000,0.428152,0.000000,0.264656
5ab95c14554299743d22eb0d,0.000000,0.000000,0.000000,0.000000,0.000000,0.000000
5ab95c23554299753720f802,0.000000,0.542090,0.510840,0.339432,0.548340,0.354590
5ab95e985542996be20204ac,0.000000,0.515673,0.480580,0.475054,0.875000,0.194714
5ab96318554299743d22eb3c,0.000000,0.000000,0.464560,0.315625,0.485748,0.162097
5ab964245542996be20204be,0.000000,0.000000,0.000000,0.000000,0.000000,0.000000
5ab9643d554299131ca42321,0.255391,0.374505,0.345266,0.416214,0.480968,0.415173
5ab964eb55429970cfb8eab3,0.000000,0.000000,0.271917,0.000000,0.000000,0.084910
5ab96a0f55429970cfb8eacb,0.000000,0.893750,0.862500,0.893750,0.862500,0.937500
5ab96d865542996be20204df,0.000000,0.000000,0.000000,0.428284,0.449419,0.314632
5ab96f1455429970cfb8eae8,0.000000,0.455553,0.599303,0.568053,0.363819,0.336374
5ab96ffe5542996be20204ed,0.000000,0.417150,0.287790,0.354346,0.775000,0.100469
5ab971b255429970cfb8eaf6,0.000000,0.968750,0.358572,0.325588,0.394478,0.490878
5ab97b5e55429970cfb8eb1e,0.000000,0.294620,0.263436,0.308534,0.000000,0.150957
5ab97d9f554299753720f81b,0.000000,0.000000,0.000000,0.000000,0.000000,0.000000
5ab97e125542996be2020522,0.000000,0.434830,0.552794,0.521544,0.491364,0.906250
5ab98a795542996be2020547,0.000000,0.596962,0.515424,0.538817,0.507567,0.346154
5ab98ac1554299131ca4236c,0.375605,0.000000,0.000000,0.260318,0.404482,0.000000
5ab98d2a5542996be202054b,0.000000,0.968750,0.000000,0.937500,0.000000,0.305715
5ab98d43554299743d22eb6b,0.000000,0.426762,0.428889,0.374078,0.315086,0.279670
5ab98db4554299743d22eb6c,0.000000,0.000000,0.428650,0.487489,0.477586,0.176087
5ab98e57554299753720f831,0.367811,0.818750,0.862500,0.375153,0.725000,0.831250
5ab993225542996be202055d,0.368500,0.310366,0.468993,0.424728,0.406841,0.406841
5ab993cc554299743d22eb7d,0.000000,0.454174,0.391889,0.399474,0.497416,0.530000
5ab995e6554299131ca42385,0.000000,0.000000,0.458931,0.426421,0.925000,0.000000
5ab9984c554299743d22eb86,0.399022,0.422984,0.937500,0.443694,0.000000,0.750000
5ab99e1b55429970cfb8eb59,0.000000,0.399132,0.367107,0.322886,0.299427,0.189323
5ab9acd8554299743d22eb95,0.850000,0.893750,0.862500,0.893750,0.893750,0.893750
5ab9ad58554299131ca423c7,0.449811,0.568561,0.937500,0.937500,0.493561,0.812500
5ab9ae475542996be2020586,0.000000,0.000000,0.000000,0.000000,0.000000,0.000000
5ab9b1015542996be202058c,0.000000,0.000000,0.530354,0.000000,0.000000,0.000000
5ab9b13b554299743d22eba7,0.000000,0.000000,0.000000,0.507118,0.475868,0.319141
5ab9b1bd554299131ca423d1,0.278101,0.448967,0.968750,0.437345,0.454596,0.675000
5ab9b2a455429970cfb8eb73,0.000000,0.500454,0.495272,0.440703,0.320982,0.192682
5ab9bc58554299131ca423e7,0.427528,0.518746,0.937500,0.453835,0.404014,0.000000
5ab9c08e554299753720f847,0.000000,0.417830,0.572045,0.906250,0.337581,0.650000
5ab9c0fa5542996be202059f,0.295654,0.516991,0.484174,0.451539,0.455690,0.439107
5ab9c2ee5542996be20205a2,0.000000,0.000000,0.000000,0.000000,0.000000,0.000000
5ab9c3fc5542996be20205a3,0.000000,0.000000,0.000000,0.466387,0.875000,0.394595
5ab9c5b1554299131ca423fe,0.282294,0.410867,0.377211,0.338888,0.395808,0.484276
5ab9c98555429970cfb8eba2,0.000000,0.968750,0.937500,0.968750,0.875000,0.420421
5ab9d61455429901930fa730,0.000000,0.520515,0.489265,0.000000,0.875000,0.750000
5ab9dc51554299232ef4a226,0.000000,0.524350,0.463838,0.369440,0.906250,0.812500
5ab9f1a155429901930fa74f,0.468235,0.968750,0.555735,0.483198,0.875000,0.862500
5ab9f90e55429901930fa759,0.356197,0.426103,0.267603,0.000000,0.384070,0.359375
5ab9faf155429901930fa75e,0.000000,0.000000,0.425690,0.438305,0.000000,0.526947
5aba31e75542994dbf0198c2,0.355352,0.474768,0.443809,0.313693,0.383764,0.256134
5aba33e955429955dce3edd9,0.282624,0.000000,0.362952,0.251140,0.000000,0.176316
5aba34a6554299232ef4a272,0.000000,0.513934,0.467794,0.906250,0.524432,0.515790
5aba360f5542994dbf0198c4,0.000000,0.564898,0.000000,0.000000,0.472366,0.875000
5aba3841554299232ef4a27f,0.000000,0.000000,0.504934,0.519662,0.523230,0.309493
5aba3f8a554299232ef4a28f,0.000000,0.498078,0.466960,0.435578,0.402836,0.277955
5aba4efc55429939ce03dc8b,0.262025,0.405556,0.467445,0.340902,0.393727,0.258477
5aba514655429955dce3edeb,0.414752,0.537101,0.662144,0.412981,0.363808,0.474644
5aba57ea554299232ef4a294,0.363658,0.000000,0.446040,0.438726,0.410108,0.172564
5aba5851554299232ef4a296,0.000000,0.968750,0.937500,0.440063,0.875000,0.750000
5aba5b4c5542994dbf0198ee,0.000000,0.000000,0.469254,0.000000,0.875000,0.750000
5aba637055429955dce3edfe,0.388600,0.000000,0.404728,0.893750,0.937500,0.650000
5aba6a7455429901930fa7a8,0.000000,0.893750,0.000000,0.465690,0.906250,0.750000
5aba6f6b55429901930fa7be,0.000000,0.000000,0.000000,0.000000,0.875000,0.000000
5aba765355429901930fa7de,0.000000,0.000000,0.862500,0.000000,0.000000,0.463536
5aba792455429955dce3ee4c,0.000000,0.478805,0.479714,0.422125,0.465000,0.457405
5aba79b3554299232ef4a2e3,0.000000,0.000000,0.000000,0.484511,0.404437,0.278064
5aba804e55429955dce3ee60,0.000000,0.968750,0.495289,0.937500,0.433134,0.578958
5aba8365554299232ef4a319,0.000000,0.000000,0.470674,0.548701,0.405509,0.671265
5aba866a5542994dbf019930,0.262168,0.392428,0.456681,0.422716,0.298678,0.000000
5aba8b8055429955dce3ee7e,0.374803,0.968750,0.968750,0.634110,0.875000,0.750000
5aba8be455429901930fa828,0.359744,0.486355,0.353010,0.420899,0.309223,0.267967
5aba8f2e5542994dbf019944,0.000000,0.000000,0.000000,0.906250,0.906250,0.309074
5aba8f35554299232ef4a337,0.000000,0.653844,0.516016,0.591344,0.906250,0.750000
5aba978355429955dce3ee95,0.274328,0.472896,0.546584,0.513256,0.471660,0.248239
5aba9a8655429955dce3eea0,0.000000,0.893750,0.937500,0.906250,0.442881,0.750000
5aba9c095542994dbf019976,0.000000,0.411274,0.396324,0.364741,0.342854,0.201471
5aba9c905542994dbf01997a,0.000000,0.000000,0.000000,0.000000,0.000000,0.000000
5abaa73a55429901930fa87a,0.381066,0.499816,0.937500,0.437316,0.937500,0.781250
5abaa79955429901930fa87b,0.000000,0.000000,0.000000,0.000000,0.000000,0.768750
5abaaf68554299232ef4a372,0.000000,0.000000,0.497268,0.486838,0.455614,0.418482
5ababc6855429939ce03dd4f,0.000000,0.599843,0.568593,0.568593,0.567676,0.598926
5abac2875542996606241600,0.250713,0.481394,0.451327,0.418920,0.387355,0.358628
5abac47c55429901930fa8af,0.259034,0.477122,0.345981,0.417179,0.208392,0.160359
5abac990554299660624160b,0.000000,0.000000,0.000000,0.435907,0.000000,0.000000
5abace1f554299232ef4a396,0.000000,0.000000,0.482951,0.000000,0.391211,0.000000
5abad49555429901930fa8c5,0.262533,0.408005,0.484320,0.452072,0.503281,0.534531
5abad59255429939ce03dd58,0.000000,0.540160,0.376000,0.000000,0.413276,0.506413
5abad62755429939ce03dd59,0.000000,0.434052,0.535890,0.489356,0.502546,0.340552
5abadb815542996606241641,0.000000,0.000000,0.000000,0.906250,0.000000,0.750000
5abade5c5542996cc5e49eba,0.000000,0.491426,0.937500,0.432438,0.469886,0.491247
5abae0f55542996606241656,0.000000,0.000000,0.937500,0.617663,0.893750,0.521964
5abae247554299660624165c,0.000000,0.000000,0.000000,0.000000,0.000000,0.000000
5abae4bd5542996cc5e49ee7,0.631035,0.968750,0.516733,0.906250,0.968750,0.322832
5abaef3d5542992ccd8e7e63,0.408530,0.566585,0.000000,0.572121,0.906250,0.300851
5abaf0155542992ccd8e7e67,0.750000,0.893750,0.937500,0.470501,0.439251,0.381700
5abaf14a55429966062416a7,0.000000,0.000000,0.000000,0.000000,0.000000,0.535000
5abaff6e5542992ccd8e7ea0,0.297626,0.893750,0.762500,0.906250,0.431667,0.000000
5abaff945542992ccd8e7ea1,0.364840,0.498743,0.462399,0.432209,0.387130,0.450971
5abb00155542992ccd8e7ea4,0.000000,0.000000,0.000000,0.456964,0.875000,0.423901
5abb0a325542996cc5e49f6e,0.000000,0.393562,0.000000,0.504949,0.307673,0.180556
5abb0ae65542996cc5e49f74,0.000000,0.968750,0.937500,0.906250,0.968750,0.937500
5abb0b105542996cc5e49f76,0.850000,0.000000,0.968750,0.906250,0.875000,0.781250
5abb0d3b5542992ccd8e7ede,0.000000,0.000000,0.937500,0.000000,0.000000,0.000000
5abb0d655542992ccd8e7edf,0.000000,0.000000,0.000000,0.454002,0.312491,0.271160
5abb0e105542992ccd8e7ee4,0.000000,0.326388,0.000000,0.352616,0.354066,0.342866
5abb0e355542992ccd8e7ee5,0.000000,0.000000,0.000000,0.000000,0.000000,0.000000
5abb12115542992ccd8e7efa,0.000000,0.968750,0.396000,0.906250,0.396657,0.311836
5abb121b5542996cc5e49f8b,0.000000,0.000000,0.000000,0.000000,0.000000,0.325754
5abb171b554299232ef4a3ce,0.000000,0.000000,0.937500,0.480057,0.411175,0.000000
5abb1809554299232ef4a3d1,0.362038,0.437553,0.406303,0.342045,0.211538,0.116838
5abb1a155542996cc5e49fa8,0.000000,0.566603,0.583654,0.552404,0.521154,0.614904
5abb20b85542996cc5e49fb7,0.000000,0.968750,0.539387,0.906250,0.510106,0.750000
5abb38dc554299642a094a70,0.000000,0.546607,0.515357,0.484107,0.452857,0.228908
5abb3cd35542992ccd8e7f35,0.000000,0.492432,0.536182,0.504932,0.474419,0.339082
5abb774d5542993f40c73afc,0.000000,0.000000,0.000000,0.000000,0.000000,0.000000
5abb95c555429966062416f3,0.000000,0.576212,0.862500,0.490074,0.831250,0.750000
5abb9cb5554299642a094ac6,0.000000,0.000000,0.497325,0.430249,0.000000,0.000000
5abb9d6b554299642a094ac9,0.258390,0.407750,0.862500,0.420273,0.481341,0.092899
5abb9f4f554299642a094acf,0.000000,0.000000,0.000000,0.000000,0.000000,0.000000
5abb9ffc554299642a094ad2,0.321467,0.423461,0.550735,0.355946,0.563235,0.372742
5abba08e554299642a094ad5,0.435864,0.383170,0.523364,0.490867,0.460864,0.263659
5abba198554299642a094ade,0.412263,0.798750,0.937500,0.806250,0.875000,0.875000
5abba708554299642a094b05,0.000000,0.000000,0.391394,0.352678,0.311415,0.215138
5abbb8b75542996606241725,0.371638,0.489311,0.454190,0.426392,0.415394,0.171721
5abbb9ae55429931dba144c2,0.000000,0.000000,0.649787,0.000000,0.587287,0.524787
5abbcebf554299642a094b4c,0.000000,0.000000,0.000000,0.000000,0.000000,0.600000
5abbcefd55429931dba14563,0.000000,0.000000,0.000000,0.831250,0.000000,0.750000
5abbd1e75542993f40c73bb9,0.273094,0.492015,0.937500,0.906250,0.937500,0.000000
5abbd21955429931dba1457d,0.000000,0.968750,0.937500,0.937500,0.508409,0.481080
5abbd46c554299642a094b51,0.391176,0.529232,0.497982,0.466732,0.435482,0.529232
5abbdaaf55429931dba145a8,0.750000,0.968750,0.557744,0.344015,0.000000,0.812500
5abbdc9f554299642a094b6a,0.362143,0.480893,0.399018,0.364470,0.387143,0.293393
5abbdd75554299642a094b74,0.000000,0.453750,0.000000,0.482112,0.432317,0.429005
5abbde3b554299642a094b7e,0.256332,0.299782,0.268109,0.337300,0.206327,0.402317
5abbe44f554299642a094bbd,0.000000,0.401880,0.370469,0.447711,0.478083,0.356192
5abbe495554299642a094bbf,0.000000,0.516037,0.527956,0.505017,0.554806,0.750000
5abbe9d7554299114383a08f,0.359931,0.474919,0.450772,0.412174,0.385533,0.251144
5abbe9e8554299114383a090,0.000000,0.336779,0.271813,0.000000,0.451197,0.443340
5abbf482554299114383a0ab,0.000000,0.000000,0.000000,0.000000,0.000000,0.000000
5abbf5555542993f40c73c30,0.000000,0.553713,0.509903,0.484583,0.463049,0.330286
5abbf84e5542993f40c73c34,0.000000,0.000000,0.937500,0.338877,0.457662,0.500909
5abbfaf555429931dba14605,0.000000,0.000000,0.000000,0.000000,0.000000,0.196895
5abc08d155429965836003f5,0.000000,0.000000,0.487554,0.292735,0.431877,0.305610
5abc2d7755429959677d6a29,0.000000,0.306793,0.000000,0.000000,0.000000,0.000000
5abc384a554299700f9d7829,0.000000,0.000000,0.000000,0.445576,0.000000,0.000000
5abc3a2e55429959677d6a58,0.000000,0.968750,0.937500,0.906250,0.775000,0.750000
5abc3eb05542993a06baf8af,0.000000,0.000000,0.937500,0.000000,0.875000,0.750000
5abc498b5542993a06baf8cc,0.000000,0.633664,0.602414,0.571164,0.906250,0.490809
5abc565a554299700f9d7877,0.370463,0.233067,0.361894,0.349701,0.393124,0.268678
5abc569e5542993a06baf8dd,0.000000,0.000000,0.391917,0.337755,0.340342,0.342159
5abc68ce554299700f9d78b4,0.000000,0.968750,0.937500,0.968750,0.000000,0.968750
5abc6c7f554299700f9d78be,0.365901,0.481797,0.352080,0.420047,0.906250,0.750000
5abc6e17554299700f9d78c2,0.000000,0.968750,0.000000,0.467199,0.875000,0.000000
5abc7485554299700f9d78d2,0.000000,0.000000,0.000000,0.000000,0.000000,0.000000
5abc7bad554299114383a128,0.000000,0.000000,0.000000,0.000000,0.000000,0.000000
5abc81a3554299700f9d78d9,0.359389,0.403993,0.312055,0.414754,0.000000,0.261024
5abc874a554299700f9d78e6,0.262554,0.000000,0.453747,0.000000,0.393730,0.000000
5abc8753554299700f9d78e7,0.285526,0.379689,0.600000,0.537500,0.406250,0.506250
5abc8fa8554299700f9d7909,0.000000,0.605114,0.374897,0.542614,0.605114,0.405122
5abc91fe554299700f9d790e,0.000000,0.000000,0.000000,0.341816,0.000000,0.000000
5abca602554299700f9d7917,0.368542,0.421386,0.382060,0.435948,0.418595,0.341836
5abcbe5d5542996583600469,0.000000,0.000000,0.000000,0.000000,0.000000,0.000000
5abcc1a25542996583600470,0.000000,0.000000,0.519949,0.488699,0.000000,0.000000
5abcc71a55429959677d6adc,0.304405,0.893750,0.937500,0.906250,0.432266,0.750000
5abcced355429965836004a9,0.000000,0.000000,0.000000,0.000000,0.000000,0.000000
5abcd28a554299114383a166,0.392401,0.432459,0.296884,0.320139,0.316963,0.292714
5abce78a55429959677d6b37,0.000000,0.000000,0.862500,0.937500,0.800000,0.768750
5abcf00a55429959677d6b54,0.000000,0.000000,0.000000,0.000000,0.000000,0.000000
5abcf0c955429959677d6b59,0.265474,0.000000,0.000000,0.000000,0.322919,0.290146
5abcf3ed554299700f9d7941,0.000000,0.420215,0.000000,0.554464,0.875000,0.000000
5abcf4b455429959677d6b6d,0.000000,0.000000,0.000000,0.000000,0.432949,0.000000
5abcf4d855429959677d6b6e,0.000000,0.501932,0.473535,0.439432,0.411035,0.465944
5abcf9ec55429959677d6b92,0.000000,0.519213,0.000000,0.000000,0.000000,0.000000
5abcfb1a5542993a06baf9ce,0.000000,0.442830,0.509960,0.346789,0.000000,0.232485
5abd00095542992ac4f38192,0.000000,0.536169,0.466608,0.906250,0.355611,0.422194
5abd0638554299700f9d7967,0.000000,0.496981,0.937500,0.331541,0.501770,0.488966
5abd07d6554299700f9d7977,0.000000,0.387716,0.371173,0.241190,0.383000,0.193563
5abd09bd5542996e802b46a2,0.000000,0.299710,0.000000,0.312210,0.000000,0.000000
5abd0c765542996e802b46bd,0.390118,0.589135,0.589135,0.429136,0.383927,0.563102
5abd11fe55429933744ab6fd,0.378247,0.513287,0.464997,0.000000,0.850000,0.750000
5abd153a55429933744ab716,0.000000,0.000000,0.541035,0.550996,0.568616,0.582849
5abd1a4e55429933744ab724,0.000000,0.893750,0.000000,0.000000,0.433947,0.390197
5abd211b55429933744ab73c,0.000000,0.728750,0.597500,0.666250,0.535000,0.410000
5abd21e45542996e802b4725,0.850000,0.818750,0.937500,0.862500,0.968750,0.781250
5abd36605542993062266bff,0.000000,0.000000,0.356935,0.000000,0.301401,0.273856
5abd3b9855429924427fcf50,0.000000,0.421060,0.000000,0.360393,0.421143,0.372492
5abd421c5542993062266c42,0.000000,0.000000,0.000000,0.000000,0.000000,0.000000
5abd56dc5542993062266c5b,0.000000,0.000000,0.000000,0.508430,0.455168,0.310884
5abd589f55429933744ab781,0.000000,0.000000,0.000000,0.000000,0.000000,0.000000
5abd65da55429924427fcfce,0.000000,0.000000,0.000000,0.364643,0.000000,0.000000
5abd6a515542993062266c80,0.000000,0.417801,0.455639,0.430201,0.388862,0.370890
5abd7b0055429924427fcff2,0.000000,0.489665,0.458477,0.000000,0.294276,0.000000
5abd7b9255429933744ab7f3,0.370461,0.418381,0.399260,0.376208,0.411924,0.111924
5abd7cd955429933744ab7f6,0.000000,0.968750,0.937500,0.906250,0.875000,0.650000
5abd7e5c55429924427fd01a,0.000000,0.000000,0.937500,0.457788,0.000000,0.000000
5abd88575542993062266cbe,0.368692,0.793750,0.523897,0.000000,0.700000,0.000000
5abd8d175542996e802b47c0,0.302484,0.514590,0.514590,0.445711,0.585592,0.416821
5abd8eba55429924427fd055,0.000000,0.893750,0.937500,0.906250,0.875000,0.750000
5abd929f55429933744ab7fe,0.466264,0.585014,0.553764,0.520987,0.547033,0.359200
5abd984955429933744ab804,0.000000,0.000000,0.000000,0.000000,0.000000,0.000000
5abd9ee855429933744ab80b,0.000000,0.513284,0.482034,0.450153,0.415375,0.290375
5abda14b5542992ac4f382e3,0.000000,0.510309,0.463519,0.437702,0.875000,0.968750
5abda89055429965af743da2,0.000000,0.000000,0.000000,0.000000,0.000000,0.000000
5abda8e255429965af743da5,0.000000,0.000000,0.504371,0.000000,0.403535,0.192772
5abdac2155429965af743db7,0.000000,0.000000,0.000000,0.000000,0.000000,0.000000
5abdb3155542996e802b4816,0.000000,0.000000,0.000000,0.000000,0.000000,0.265211
5abdb37055429965af743de2,0.000000,0.422310,0.421897,0.433173,0.408911,0.427488
5abdb67d55429965af743dff,0.000000,0.430141,0.000000,0.000000,0.445775,0.498768
5abdbdc05542993f32c2a040,0.000000,0.496770,0.445026,0.479866,0.500643,0.438143
5abdbdd45542993062266cdc,0.000000,0.000000,0.000000,0.000000,0.000000,0.290499
5abdc3b75542993062266ce4,0.850000,0.968750,0.000000,0.906250,0.306415,0.750000
5abdc6c15542993062266ceb,0.000000,0.000000,0.000000,0.430694,0.000000,0.000000
5abdd3f055429965af743e60,0.272686,0.000000,0.000000,0.455071,0.000000,0.000000
5abddfd85542993f32c2a061,0.290840,0.378600,0.304536,0.906250,0.424836,0.750000
5abde4c255429976d4830a19,0.000000,0.000000,0.503972,0.000000,0.467190,0.000000
5abde68b5542991f6610609b,0.000000,0.397788,0.579558,0.337583,0.304295,0.392058
5abdfb765542993f32c2a078,0.377273,0.000000,0.000000,0.000000,0.000000,0.000000
5abe033155429976d4830a59,0.000000,0.000000,0.000000,0.000000,0.000000,0.000000
5abe07345542991f661060af,0.000000,0.000000,0.419298,0.000000,0.000000,0.307390
5abe235655429976d4830a7c,0.000000,0.000000,0.357050,0.000000,0.000000,0.000000
5abe249155429976d4830a7e,0.000000,0.448352,0.328099,0.476372,0.580079,0.413872
5abe35bc5542993f32c2a08c,0.850000,0.893750,0.407860,0.454786,0.000000,0.293831
5abe37145542991f66106102,0.000000,0.000000,0.000000,0.906250,0.448254,0.470368
5abe38cd5542993f32c2a096,0.000000,0.968750,0.937500,0.416638,0.906250,0.512517
5abe3cd455429976d4830a95,0.000000,0.968750,0.937500,0.453456,0.906250,0.968750
5abe3d825542993f32c2a0c1,0.000000,0.496250,0.937500,0.906250,0.875000,0.750000
5abe40cc55429976d4830ab8,0.850000,0.968750,0.495147,0.451798,0.968750,0.750000
5abe415055429976d4830abd,0.351660,0.818750,0.464160,0.507910,0.937500,0.750000
5abe45505542991f66106110,0.000000,0.000000,0.359713,0.420212,0.392695,0.261636
5abe4b425542991f66106129,0.000000,0.000000,0.937500,0.906250,0.403171,0.278171
5abe4ba85542991f6610612b,0.000000,0.000000,0.000000,0.000000,0.000000,0.000000
5abe506455429976d4830ae3,0.000000,0.000000,0.510071,0.433408,0.314649,0.000000
5abe51f95542991f66106143,0.000000,0.502596,0.907500,0.498772,0.670000,0.720000
5abe543555429965af743ec8,0.000000,0.518306,0.494905,0.501394,0.418304,0.294165
5abe58145542993f32c2a0e3,0.468514,0.384372,0.591840,0.521170,0.459807,0.000000
5abe682655429933744ab837,0.263636,0.438628,0.375532,0.276128,0.435339,0.487056
5abe6e135542993f32c2a11d,0.260569,0.000000,0.000000,0.000000,0.382635,0.000000
5abe6ebe55429965af743efe,0.000000,0.560882,0.529632,0.440108,0.401724,0.968750
5abe81355542993f32c2a133,0.364085,0.309840,0.384271,0.358243,0.319612,0.196620
5abe85105542993f32c2a147,0.360439,0.476814,0.444527,0.413942,0.451217,0.257966
5abe8ee555429976d4830b68,0.000000,0.000000,0.000000,0.000000,0.000000,0.000000
5abea7085542993f32c2a190,0.000000,0.423615,0.000000,0.442705,0.367654,0.589983
5abea9435542990832d3a07a,0.000000,0.520269,0.496753,0.525130,0.435833,0.498889
5abeaac15542990832d3a08a,0.000000,0.000000,0.000000,0.446740,0.000000,0.000000
5abeae055542994516f453eb,0.850000,0.968750,0.937500,0.906250,0.968750,0.968750
5abeae905542990832d3a0ab,0.393511,0.583041,0.937500,0.906250,0.937500,0.968750
5abeb2165542994516f453f2,0.000000,0.893750,0.429371,0.862500,0.893750,0.893750
5abeb69c5542993fe9a41d13,0.295842,0.419024,0.400035,0.516107,0.419776,0.294776
5abeb6b95542993fe9a41d14,0.000000,0.893750,0.893750,0.862500,0.875000,0.000000
5abeb8325542997719eab58a,0.000000,0.538991,0.922500,0.584030,0.760000,0.735000
5abeba7a5542993fe9a41d35,0.000000,0.000000,0.937500,0.906250,0.968750,0.968750
5abebb4f5542994516f45409,0.000000,0.474363,0.523988,0.475690,0.444211,0.414704
5abebcd65542997719eab5a5,0.000000,0.486523,0.000000,0.000000,0.381502,0.000000
5abec0045542994516f4541a,0.000000,0.607812,0.605657,0.617615,0.522874,0.466424
5abec32a5542994516f45425,0.439728,0.447353,0.459160,0.000000,0.424220,0.380464
5abec5ed5542997ec76fd35f,0.000000,0.000000,0.000000,0.000000,0.000000,0.000000
5abec6135542994516f45432,0.399183,0.000000,0.610203,0.692651,0.434690,0.000000
5abeca1b5542997ec76fd367,0.000000,0.000000,0.000000,0.282530,0.000000,0.000000
5abed8845542994516f45453,0.750000,0.968750,0.937500,0.937500,0.968750,0.968750
5abed8b55542994516f45454,0.000000,0.511964,0.386439,0.436812,0.462568,0.493029
5abed9885542993fe9a41d54,0.255122,0.405487,0.368347,0.338473,0.309764,0.446450
5abedaa15542993fe9a41d59,0.000000,0.000000,0.000000,0.450833,0.614412,0.750000
5abee1575542994516f45463,0.000000,0.968750,0.937500,0.906250,0.875000,0.968750
5abee1de5542994516f45465,0.000000,0.751040,0.710920,0.377783,0.648420,0.554670
5abee6235542993fe9a41d88,0.256778,0.400577,0.368948,0.414219,0.386072,0.305066
5abef1755542997ec76fd394,0.000000,0.525953,0.473094,0.447910,0.428030,0.461757
5abef2d95542993fe9a41db3,0.000000,0.000000,0.000000,0.000000,0.000000,0.000000
5abf16025542993fe9a41dd2,0.000000,0.000000,0.000000,0.000000,0.000000,0.000000
5abf1ce25542997ec76fd3c8,0.000000,0.411267,0.394963,0.351109,0.348594,0.217498
5abf1fcd5542993fe9a41ddf,0.000000,0.000000,0.448200,0.000000,0.000000,0.000000
5abf204a5542997ec76fd3d0,0.376078,0.574299,0.460121,0.322783,0.468049,0.436799
5abf25465542997719eab676,0.000000,0.640045,0.608795,0.577545,0.546295,0.906250
5abf2e4f5542997719eab680,0.291375,0.550838,0.419588,0.334298,0.519588,0.276449
5abf5b375542997719eab687,0.000000,0.968750,0.000000,0.645840,0.875000,0.394662
5abf652f5542997ec76fd3ee,0.000000,0.000000,0.000000,0.000000,0.000000,0.000000
5abf858b5542997719eab697,0.275680,0.443991,0.487741,0.544590,0.731250,0.750000
5abf91af5542990832d3a154,0.000000,0.517531,0.485840,0.561513,0.000000,0.305263
5abf9aa15542994516f454d3,0.000000,0.968750,0.490321,0.968750,0.968750,0.875000
5abfa5055542990832d3a17f,0.000000,0.524104,0.690357,0.380524,0.589109,0.520879
5abfa8105542990832d3a187,0.000000,0.385917,0.354667,0.407090,0.591376,0.603876
5abfb1705542990832d3a1ab,0.000000,0.968750,0.862500,0.906250,0.000000,0.650000
5abfb1dc5542990832d3a1b1,0.000000,0.718750,0.718750,0.806250,0.762500,0.793750
5abfb1f45542990832d3a1b2,0.000000,0.000000,0.628532,0.435682,0.404432,0.937500
5abfb24c5542990832d3a1b5,0.000000,0.000000,0.000000,0.000000,0.000000,0.000000
5abfb62b5542997ec76fd43b,0.388798,0.893750,0.460653,0.000000,0.893750,0.862500
5abfbee05542997ec76fd446,0.000000,0.000000,0.452941,0.310368,0.000000,0.000000
5abfc0715542997ec76fd44b,0.000000,0.000000,0.000000,0.000000,0.000000,0.000000
5abfd0435542994516f454ff,0.000000,0.431512,0.000000,0.352814,0.000000,0.186503
5abfd1235542994516f45502,0.000000,0.000000,0.000000,0.000000,0.000000,0.000000
5abfd8195542997719eab6e7,0.000000,0.000000,0.000000,0.000000,0.000000,0.000000
5abfd9915542994516f45512,0.000000,0.000000,0.000000,0.000000,0.000000,0.000000
5abfdc625542994516f45514,0.000000,0.000000,0.000000,0.000000,0.000000,0.000000
5abfdeb65542997d642958f7,0.400520,0.479931,0.445362,0.493190,0.461940,0.432780
5abfe01f5542997d64295902,0.000000,0.384004,0.000000,0.419218,0.906250,0.363315
5abfe2785542997d6429591a,0.372105,0.431348,0.429250,0.248893,0.259444,0.415029
5abfe3425542997d64295921,0.000000,0.423084,0.451098,0.426218,0.000000,0.382575
5abfe5f85542994516f4551c,0.000000,0.421182,0.453401,0.430857,0.429270,0.781250
5abfe7425542997d6429592e,0.398317,0.968750,0.937500,0.443100,0.503872,0.968750
5abfeccd5542994516f4552a,0.000000,0.000000,0.000000,0.484836,0.000000,0.000000
5abff68a5542997d6429596e,0.000000,0.461750,0.430500,0.365596,0.000000,0.497981
5abff77b5542997d64295974,0.000000,0.000000,0.000000,0.000000,0.000000,0.000000
5abff7b85542994516f45557,0.000000,0.000000,0.000000,0.000000,0.403955,0.278955
5abff97b5542997d6429597e,0.000000,0.000000,0.000000,0.000000,0.875000,0.323351
5abffeea5542997d642959a0,0.000000,0.000000,0.525213,0.498970,0.491660,0.197624
5ac00bc65542996f0d89cb11,0.000000,0.000000,0.000000,0.000000,0.291649,0.275504
5ac010d4554299012d1db597,0.000000,0.634233,0.659075,0.000000,0.552825,0.615325
5ac02c96554299294b218f39,0.000000,0.000000,0.000000,0.467792,0.530529,0.470261
5ac02e49554299294b218f40,0.392602,0.968750,0.487922,0.906250,0.875000,0.812500
5ac030a7554299012d1db5cb,0.000000,0.868750,0.937500,0.000000,0.875000,0.750000
5ac0362c554299012d1db5d5,0.000000,0.000000,0.862500,0.387055,0.875000,0.968750
5ac04226554299294b218f65,0.000000,0.405494,0.000000,0.437196,0.311212,0.000000
5ac04b0b554299012d1db5e5,0.000000,0.491192,0.497325,0.466075,0.434825,0.272278
5ac05b235542992a796dece0,0.000000,0.346203,0.000000,0.556837,0.000000,0.768750
5ac05f325542992a796ded03,0.000000,0.000000,0.369697,0.336982,0.000000,0.000000
5ac0644b554299294b218fc0,0.000000,0.000000,0.893750,0.469057,0.875000,0.843750
5ac0666b5542996f0d89cb9b,0.000000,0.525850,0.937500,0.000000,0.463347,0.868750
5ac0696c554299012d1db5ef,0.000000,0.488707,0.375000,0.422765,0.375000,0.375000
5ac075585542996f0d89cbdc,0.359959,0.000000,0.454770,0.000000,0.000000,0.258259
5ac07f595542996f0d89cbfc,0.392847,0.793750,0.862500,0.862500,0.466179,0.893750
5ac086ca5542992a796ded36,0.732353,0.000000,0.000000,0.381477,0.425570,0.545878
5ac08bcf5542996f0d89cc0a,0.000000,0.454496,0.486522,0.884028,0.475078,0.386968
5ac08c67554299012d1db5ff,0.000000,0.893750,0.937500,0.000000,0.435926,0.675000
5ac09b61554299012d1db602,0.000000,0.968750,0.470487,0.906250,0.678804,0.478003
5ac09c71554299012d1db605,0.000000,0.000000,0.937500,0.937500,0.968750,0.968750
5ac0acf45542992a796ded60,0.000000,0.563102,0.562108,0.438664,0.562108,0.530858
5ac0ad9d5542997d64295a4d,0.000000,0.481046,0.937500,0.906250,0.430672,0.750000
5ac0bb805542992a796ded75,0.000000,0.000000,0.000000,0.000000,0.000000,0.000000
5ac0bfb2554299012d1db629,0.000000,0.000000,0.000000,0.000000,0.000000,0.000000
5ac0c1f75542997d64295a4e,0.602308,0.721058,0.721058,0.446317,0.689808,0.689808
5ac0d623554299294b219028,0.000000,0.435410,0.410639,0.336301,0.384084,0.375498
5ac0d670554299294b21902a,0.372044,0.507099,0.475573,0.320481,0.411660,0.494957
5ac0d74d554299012d1db642,0.000000,0.498235,0.000000,0.335677,0.000000,0.843750
5ac0ded25542997d64295a5f,0.000000,0.000000,0.937500,0.000000,0.893750,0.893750
5ac0e4d4554299294b219040,0.000000,0.546003,0.950000,0.000000,0.000000,0.327253
5ac0e5ec554299294b219047,0.000000,0.373750,0.471474,0.420645,0.485792,0.000000
5ac0f188554299012d1db65d,0.000000,0.000000,0.937500,0.806250,0.875000,0.937500
5ac0f2075542996f0d89cc3c,0.850000,0.718750,0.355389,0.367679,0.800000,0.420331
5ac10565554299012d1db684,0.000000,0.968750,0.837500,0.968750,0.968750,0.968750
5ac109b45542996f0d89cc5e,0.000000,0.968750,0.968750,0.937500,0.386088,0.875000
5ac1124d554299294b219090,0.000000,0.519899,0.508500,0.441750,0.400134,0.750000
5ac114ad554299012d1db691,0.000000,0.000000,0.577268,0.514086,0.546018,0.330402
5ac115f7554299294b21909c,0.000000,0.893750,0.000000,0.906250,0.844853,0.000000
5ac123015542992a796dee03,0.000000,0.000000,0.000000,0.906250,0.500044,0.906250
5ac12d275542992a796dee08,0.000000,0.000000,0.538804,0.831250,0.380736,0.479538
5ac132dc55429964131be17f,0.000000,0.000000,0.000000,0.466047,0.328587,0.296854
5ac133e755429964131be18b,0.357103,0.000000,0.000000,0.000000,0.000000,0.000000
5ac134a55542991316484a7f,0.000000,0.399839,0.000000,0.000000,0.000000,0.000000
5ac135b05542991316484a80,0.000000,0.383750,0.352500,0.312284,0.289789,0.186526
5ac136ca55429964131be197,0.000000,0.968750,0.000000,0.831250,0.875000,0.968750
5ac136d65542996f0d89cc73,0.000000,0.536750,0.531301,0.471309,0.448403,0.620474
5ac1377455429964131be199,0.418000,0.513485,0.505368,0.439301,0.442608,0.385659
5ac13e8d5542991316484a95,0.000000,0.430482,0.000000,0.423015,0.577596,0.487616
5ac13f205542994ab5c67cc8,0.000000,0.000000,0.000000,0.000000,0.000000,0.449510
5ac143535542991316484aac,0.000000,0.000000,0.359919,0.327634,0.325962,0.195660
5ac156e35542994d76dccddb,0.000000,0.535755,0.000000,0.584280,0.875000,0.750000
5ac157c75542994ab5c67cea,0.000000,0.000000,0.645840,0.438760,0.403534,0.906250
5ac15d8c5542991316484afa,0.000000,0.000000,0.000000,0.000000,0.000000,0.000000
5ac160db5542994d76dccdfc,0.000000,0.000000,0.000000,0.000000,0.000000,0.000000
5ac16b085542994ab5c67d21,0.386321,0.545417,0.544160,0.482917,0.937500,0.514700
5ac16e2455429964131be1f2,0.000000,0.000000,0.000000,0.441827,0.407191,0.194784
5ac173b35542994ab5c67d47,0.000000,0.302695,0.000000,0.000000,0.831250,0.258865
5ac1789f5542994ab5c67d5c,0.000000,0.624279,0.596600,0.561779,0.530529,0.309608
5ac179ef5542994d76dcce60,0.000000,0.000000,0.000000,0.000000,0.000000,0.000000
5ac17a735542994d76dcce63,0.357722,0.483121,0.447436,0.307880,0.384544,0.471789
5ac17b405542994ab5c67d64,0.000000,0.000000,0.669590,0.669590,0.669590,0.669590
5ac1815a5542994d76dcce84,0.000000,0.000000,0.000000,0.000000,0.000000,0.094445
5ac193445542994d76dcce86,0.354718,0.395483,0.439684,0.408170,0.377030,0.260421
5ac199145542994ab5c67d89,0.000000,0.440054,0.481836,0.375706,0.470254,0.331051
5ac1a1e45542991316484b6e,0.382812,0.501563,0.370312,0.439063,0.407813,0.812500
5ac1a2e75542994ab5c67dae,0.000000,0.000000,0.000000,0.000000,0.473533,0.906250
5ac1a6045542991316484b8c,0.850000,0.893750,0.937500,0.906250,0.937500,0.750000
5ac1a6b85542994ab5c67db7,0.441344,0.552964,0.528844,0.397594,0.560094,0.454299
5ac1a7da5542994d76dccea0,0.000000,0.300263,0.371816,0.413810,0.382083,0.258195
5ac1abd555429963665198de,0.000000,0.000000,0.564423,0.000000,0.000000,0.812500
5ac1b2fd55429963665198f2,0.000000,0.968750,0.937500,0.906250,0.937500,0.906250
5ac1b3e75542991316484b98,0.000000,0.000000,0.000000,0.000000,0.389564,0.261653
5ac1b8b85542991316484ba6,0.387085,0.504225,0.837500,0.335581,0.875000,0.750000
5ac1c00a5542994ab5c67dfd,0.379160,0.514144,0.451711,0.351644,0.444397,0.359539
5ac1c19a5542994ab5c67e05,0.000000,0.968750,0.453632,0.454238,0.404270,0.267916
5ac1c71555429964131be289,0.000000,0.000000,0.937500,0.000000,0.000000,0.000000
5ac1cc9f5542994ab5c67e24,0.000000,0.645417,0.614167,0.582917,0.551667,0.426667
5ac1cdbf5542994ab5c67e29,0.336908,0.000000,0.517300,0.494394,0.496496,0.469693
5ac1dc8a55429964131be2a7,0.000000,0.596321,0.482087,0.484173,0.512592,0.464139
5ac1efbc554299636651992c,0.361607,0.479100,0.447420,0.413627,0.383831,0.418503
5ac1f6415542991316484bd5,0.000000,0.000000,0.475970,0.444830,0.413580,0.750000
5ac1fb4d55429964131be2b0,0.000000,0.968750,0.937500,0.906250,0.000000,0.875000
5ac1fd6155429964131be2b1,0.000000,0.428427,0.402330,0.365927,0.800000,0.800000
5ac218f15542991316484be8,0.373223,0.493250,0.507034,0.439143,0.507485,0.525122
5ac220585542992f1f2b380a,0.000000,0.000000,0.000000,0.435735,0.000000,0.227404
5ac23da255429951e9e684c3,0.000000,0.510690,0.937500,0.906250,0.000000,0.176180
5ac23f5f554299636651994a,0.000000,0.968750,0.937500,0.906250,0.875000,0.812500
5ac2410255429951e9e684f1,0.000000,0.000000,0.862500,0.000000,0.000000,0.000000
5ac247325542994d76dccf05,0.000000,0.000000,0.456870,0.349837,0.393782,0.268669
5ac247955542994d76dccf06,0.397101,0.000000,0.000000,0.335431,0.424118,0.278721
5ac24be855429951e9e68535,0.000000,0.000000,0.629001,0.597751,0.893750,0.968750
5ac24e2e5542992f1f2b3840,0.000000,0.693757,0.451395,0.425972,0.000000,0.262348
5ac2599555429951e9e6856e,0.265291,0.491398,0.356077,0.420402,0.393982,0.164704
5ac25ca15542992f1f2b3878,0.000000,0.000000,0.522491,0.000000,0.000000,0.309592
5ac260da55429951e9e68591,0.000000,0.000000,0.485351,0.000000,0.000000,0.000000
5ac264b5554299636651999e,0.000000,0.428367,0.425937,0.469688,0.438438,0.750000
5ac26b9855429963665199b0,0.000000,0.399833,0.000000,0.324864,0.306176,0.000000
5ac26ce255429921a00aaf67,0.000000,0.000000,0.000000,0.906250,0.875000,0.968750
5ac26e1a55429963665199b4,0.000000,0.000000,0.567589,0.262612,0.000000,0.336050
5ac2778055429963665199ca,0.359600,0.000000,0.937500,0.414932,0.409766,0.262344
5ac277a155429921a00aaf92,0.000000,0.000000,0.468160,0.461216,0.000000,0.000000
5ac278c155429963665199ce,0.297731,0.234913,0.320826,0.203981,0.299703,0.046125
5ac27bf255429963665199d8,0.000000,0.000000,0.937500,0.499523,0.448710,0.376380
5ac27fe85542990b17b153bd,0.000000,0.000000,0.476858,0.000000,0.456995,0.710000
5ac2841155429921a00aafc6,0.000000,0.000000,0.000000,0.241907,0.000000,0.000000
5ac28413554299677310254b,0.423708,0.968750,0.937500,0.479958,0.000000,0.750000
5ac2893f5542996366519a00,0.000000,0.496377,0.474686,0.492358,0.398978,0.278650
5ac28df65542990b17b153ec,0.000000,0.000000,0.000000,0.000000,0.287478,0.162880
5ac29a09554299657fa28fcd,0.000000,0.000000,0.937500,0.862500,0.937500,0.643421
5ac29f1d554299657fa28fe3,0.000000,0.000000,0.458703,0.448783,0.000000,0.000000
5ac2a0b7554299657fa28feb,0.000000,0.000000,0.000000,0.000000,0.000000,0.000000
5ac2a17b55429967731025c7,0.000000,0.000000,0.000000,0.000000,0.000000,0.750000
5ac2a2515542990b17b1543d,0.312212,0.968750,0.386382,0.893750,0.893750,0.906250
5ac2ac2455429967731025f2,0.000000,0.627850,0.596600,0.479640,0.534100,0.937500
5ac2ada5554299657fa2900d,0.268321,0.418750,0.365347,0.251864,0.000000,0.181605
5ac2b03b554299677310260b,0.262272,0.470318,0.438715,0.414089,0.201639,0.251233
5ac2b35a5542996773102619,0.000000,0.437281,0.000000,0.000000,0.000000,0.875000
5ac2b8cc55429921a00ab046,0.000000,0.493650,0.937500,0.906250,0.775000,0.750000
5ac2b8d4554299218029db03,0.370190,0.893750,0.449168,0.432907,0.875000,0.893750
5ac2be75554299218029db0e,0.000000,0.528575,0.497325,0.466075,0.434825,0.309825
5ac2c0c8554299218029db14,0.000000,0.000000,0.443314,0.520349,0.380814,0.205546
5ac2c11e554299218029db16,0.000000,0.000000,0.000000,0.000000,0.000000,0.000000
5ac2c2ca554299218029db22,0.000000,0.495363,0.464113,0.434595,0.000000,0.398584
5ac2c3be5542990b17b1548d,0.000000,0.393922,0.471137,0.000000,0.408637,0.270000
5ac2c4bd5542990b17b15490,0.476154,0.492842,0.461592,0.330342,0.299092,0.675000
5ac2c6ca554299657fa29046,0.364883,0.507295,0.355489,0.328989,0.478777,0.472113
5ac2c7df554299657fa2904d,0.000000,0.893750,0.862500,0.906250,0.893750,0.875000
5ac2ceb8554299657fa29074,0.378678,0.400360,0.469038,0.346181,0.401793,0.181574
5ac2d48855429921a00ab059,0.000000,0.000000,0.306894,0.000000,0.000000,0.000000
5ac2d5e455429921a00ab05b,0.000000,0.000000,0.000000,0.000000,0.403830,0.361745
5ac2d6e5554299657fa29096,0.357173,0.406709,0.370710,0.236607,0.493340,0.082855
5ac2d7bd55429921a00ab067,0.000000,0.000000,0.000000,0.000000,0.000000,0.000000
5ac2d97d554299677310262f,0.271897,0.721853,0.458158,0.511031,0.721853,0.937500
5ac2da715542996773102634,0.000000,0.620924,0.545924,0.558424,0.455217,0.558424
5ac2e033554299218029db8c,0.392580,0.893750,0.762500,0.364494,0.700000,0.260871
5ac2e2ea5542996773102645,0.000000,0.000000,0.418977,0.471541,0.377895,0.409145
5ac2ea455542990b17b154a3,0.000000,0.486670,0.521600,0.410000,0.551176,0.486670
5ac2ef035542990b17b154c3,0.000000,0.486778,0.458082,0.416274,0.456725,0.355856
5ac2f3515542996773102653,0.368281,0.000000,0.458622,0.423437,0.432108,0.000000
5ac2fe2855429921a00ab0c5,0.289829,0.428374,0.000000,0.513181,0.441734,0.114620
5ac3012d5542996773102688,0.000000,0.000000,0.000000,0.454500,0.423250,0.271086
5ac301535542996773102689,0.000000,0.893750,0.443750,0.412500,0.862500,0.737500
5ac3083f5542990b17b154f5,0.000000,0.517083,0.485833,0.455213,0.404117,0.750000
5ac30c675542995ef918c0d5,0.000000,0.350380,0.837500,0.000000,0.000000,0.000000
5ac313525542995ef918c0f0,0.000000,0.451605,0.471964,0.462100,0.462814,0.378166
5ac3139a5542995ef918c0f4,0.469407,0.588157,0.556907,0.525657,0.494407,0.493750
5ac3146f5542995ef918c0fd,0.000000,0.625489,0.000000,0.350664,0.000000,0.000000
5ac31ed7554299218029dbd0,0.000000,0.000000,0.000000,0.000000,0.493889,0.563804
5ac324615542995ef918c126,0.431708,0.968750,0.527249,0.580005,0.546875,0.937500
5ac324ed5542995ef918c12a,0.000000,0.555425,0.506689,0.517671,0.349578,0.319189
5ac3266d5542995ef918c137,0.000000,0.485075,0.570833,0.906250,0.875000,0.276060
5ac326eb5542995ef918c13c,0.000000,0.000000,0.000000,0.000000,0.000000,0.000000
5ac35b935542995ef918c180,0.000000,0.731023,0.554173,0.568523,0.591673,0.337703
5ac3864f554299741d48a27b,0.000000,0.000000,0.000000,0.511250,0.000000,0.000000
5ac3984c554299741d48a2ad,0.254337,0.486622,0.538122,0.424845,0.393329,0.906250
5ac39894554299218029dbe3,0.000000,0.499632,0.000000,0.439728,0.412737,0.280607
5ac39d02554299391541381e,0.850000,0.000000,0.937500,0.440413,0.875000,0.384163
5ac3a2275542993915413846,0.468557,0.560986,0.518763,0.000000,0.906250,0.968750
5ac3a2505542993915413849,0.000000,0.000000,0.848864,0.336323,0.861364,0.875000
5ac3a2ab554299391541384e,0.000000,0.000000,0.000000,0.000000,0.402031,0.561281
5ac3a6c45542993915413887,0.501553,0.592740,0.905921,0.557803,0.526553,0.620303
5ac3a79d554299391541388d,0.552571,0.596321,0.478500,0.565071,0.353027,0.565071
5ac3a9f65542995ef918c1d2,0.000000,0.631750,0.675500,0.906250,0.906250,0.750000
5ac3ae265542995ef918c1e4,0.000000,0.427083,0.427083,0.425000,0.427083,0.427083
5ac3b2a75542995ef918c1fe,0.000000,0.000000,0.000000,0.000000,0.000000,0.000000
5ac3b57a554299204fd21e10,0.364729,0.479256,0.451104,0.421283,0.387481,0.393381
5ac3b5ee554299741d48a2f4,0.000000,0.566959,0.862500,0.566959,0.893750,0.875000
5ac3b7f7554299657fa29116,0.000000,0.968750,0.937500,0.968750,0.968750,0.968750
5ac3b91055429939154138e2,0.373234,0.427451,0.388459,0.406786,0.398188,0.224055
5ac3b99555429939154138ea,0.263979,0.893750,0.862500,0.360340,0.875000,0.875000
5ac3bc935542995ef918c207,0.000000,0.543750,0.587500,0.481250,0.512500,0.495735
5ac3beb75542995ef918c20b,0.383182,0.500216,0.862500,0.445252,0.800000,0.750000
5ac3c3ba554299657fa29123,0.000000,0.000000,0.508380,0.000000,0.000000,0.525960
5ac3c517554299204fd21e49,0.000000,0.000000,0.000000,0.000000,0.419406,0.000000
5ac3c6ee5542995ef918c233,0.355896,0.476684,0.444720,0.312142,0.281982,0.382836
5ac3ca9a554299204fd21e60,0.298979,0.403959,0.445936,0.354551,0.430468,0.303210
5ac3cdaa5542995ef918c23e,0.000000,0.000000,0.000000,0.429767,0.000000,0.000000
5ac3d2c2554299741d48a331,0.000000,0.000000,0.000000,0.480625,0.428187,0.419100
5ac3d31a5542995ef918c249,0.000000,0.644203,0.614183,0.549335,0.522845,0.580585
5ac3d3a4554299204fd21e8f,0.382397,0.968750,0.369897,0.831250,0.937500,0.290306
5ac3d6495542995c82c4ac3f,0.000000,0.968750,0.937500,0.421691,0.968750,0.450007
5ac3d6b8554299076e296ca7,0.000000,0.818750,0.484825,0.447170,0.404783,0.756250
5ac3deec554299194317387f,0.000000,0.000000,0.937500,0.831250,0.800000,0.906250
5ac3e0a35542991943173889,0.407833,0.893750,0.230708,0.370731,0.182833,0.937500
5ac3e1405542997ea680c973,0.000000,0.000000,0.600530,0.604590,0.619783,0.448340
5ac3e196554299204fd21eb2,0.306205,0.968750,0.476260,0.445010,0.875000,0.323681
5ac3e1be554299076e296cbd,0.000000,0.893750,0.862500,0.831250,0.800000,0.768750
5ac3e54f554299204fd21eb9,0.000000,0.500429,0.000000,0.000000,0.400421,0.378563
5ac3e764554299076e296ccb,0.000000,0.000000,0.580925,0.549675,0.875000,0.750000
5ac3e76f554299076e296ccc,0.000000,0.968750,0.377568,0.906250,0.293046,0.280042
5ac3e8b8554299204fd21ec5,0.000000,0.000000,0.000000,0.000000,0.000000,0.000000
5ac3f09f554299076e296cdb,0.376667,0.438934,0.000000,0.357788,0.000000,0.469054
5ac3f700554299076e296ce0,0.000000,0.000000,0.937500,0.000000,0.000000,0.750000
5ac3fdcd5542997ea680c9a7,0.000000,0.000000,0.608214,0.831250,0.893750,0.893750
5ac40d295542995c82c4aca5,0.491532,0.610282,0.579032,0.550493,0.629428,0.598178
5ac40e5d5542997ea680c9c3,0.000000,0.000000,0.000000,0.417288,0.000000,0.000000
5ac4183e5542997ea680ca07,0.000000,0.000000,0.477091,0.449732,0.000000,0.000000
5ac41a525542995c82c4acc1,0.000000,0.000000,0.937500,0.000000,0.000000,0.937500
5ac42b11554299076e296d7d,0.000000,0.968750,0.937500,0.906250,0.875000,0.937500
5ac42c66554299076e296d80,0.000000,0.538541,0.592910,0.361870,0.331250,0.332299
5ac42f3b554299076e296d87,0.278772,0.000000,0.541346,0.510096,0.478846,0.597282
5ac4369a5542995c82c4acf0,0.000000,0.000000,0.000000,0.000000,0.000000,0.000000
5ac440065542997ea680ca4b,0.393594,0.968750,0.459398,0.906250,0.456382,0.750000
5ac444a85542991943173954,0.000000,0.556463,0.937500,0.862500,0.713125,0.583738
5ac4515a554299076e296d91,0.000000,0.490827,0.493510,0.461997,0.415346,0.548464
5ac459b0554299204fd21f2d,0.261191,0.412213,0.382292,0.357057,0.210361,0.190093
5ac45b08554299076e296dab,0.000000,0.377664,0.000000,0.543002,0.520000,0.750000
5ac463945542995c82c4ad46,0.000000,0.500970,0.464635,0.441449,0.315695,0.286650
5ac4741e55429919431739a0,0.000000,0.431446,0.400196,0.369159,0.337696,0.317553
5ac484dd554299204fd21f76,0.000000,0.503560,0.447381,0.425380,0.310659,0.261126
5ac489995542995c82c4ad5d,0.365544,0.485552,0.371467,0.456733,0.583340,0.750000
5ac492a85542996feb3fe8d9,0.275911,0.409186,0.472157,0.436044,0.937500,0.000000
5ac497e25542997ea680ca90,0.436759,0.000000,0.534802,0.499687,0.582455,0.564187
5ac499205542997ea680ca92,0.000000,0.000000,0.000000,0.492472,0.446091,0.481174
5ac49d495542996feb3fe913,0.000000,0.000000,0.000000,0.000000,0.000000,0.000000
5ac4bf2c5542997ea680caa7,0.000000,0.000000,0.362262,0.831250,0.831250,0.410613
5ac4c1805542997ea680cab5,0.000000,0.000000,0.000000,0.000000,0.000000,0.000000
5ac4c693554299076e296df7,0.000000,0.657083,0.547845,0.547443,0.473361,0.000000
5ac4d9c9554299076e296e16,0.000000,0.668757,0.637507,0.429247,0.407322,0.180075
5ac4df36554299076e296e27,0.260031,0.478358,0.444519,0.414743,0.422500,0.516250
5ac4ec9f55429919431739fc,0.000000,0.000000,0.000000,0.000000,0.000000,0.000000
5ac4eccb5542996feb3fe97f,0.000000,0.314628,0.462984,0.547730,0.000000,0.191014
5ac4ef3c55429924173fb4eb,0.000000,0.000000,0.000000,0.000000,0.666250,0.546350
5ac4f62b5542996feb3fe9a4,0.259048,0.474818,0.000000,0.000000,0.000000,0.000000
5ac4fa8c55429924173fb536,0.000000,0.000000,0.000000,0.000000,0.000000,0.000000
5ac506bc5542996feb3fe9d4,0.000000,0.412077,0.937500,0.349577,0.775000,0.397638
5ac506be5542994611c8b325,0.000000,0.000000,0.000000,0.000000,0.000000,0.319814
5ac5076755429924173fb564,0.000000,0.000000,0.561356,0.561356,0.000000,0.626763
5ac508a05542994611c8b330,0.000000,0.318446,0.388554,0.263935,0.875000,0.000000
5ac50a0655429924173fb578,0.000000,0.000000,0.000000,0.000000,0.000000,0.000000
5ac513be5542994611c8b36c,0.000000,0.968750,0.463107,0.000000,0.506855,0.506285
5ac518a855429924173fb5a4,0.000000,0.968750,0.545948,0.514698,0.483448,0.357500
5ac51cb255429924173fb5b8,0.395028,0.968750,0.000000,0.806250,0.875000,0.470911
5ac51d0055429924173fb5bc,0.000000,0.000000,0.000000,0.439226,0.408043,0.000000
5ac527ed5542994611c8b3d9,0.342883,0.561633,0.530383,0.499133,0.467883,0.242883
5ac52e085542994611c8b3f3,0.000000,0.000000,0.479380,0.937500,0.414620,0.000000
5ac52e4c5542994611c8b3f7,0.000000,0.000000,0.000000,0.000000,0.000000,0.000000
5ac5304d5542994611c8b408,0.000000,0.380533,0.000000,0.000000,0.000000,0.000000
5ac536925542996feb3fea31,0.000000,0.591376,0.762500,0.937500,0.862500,0.893750
5ac538ef5542994611c8b437,0.250756,0.370185,0.000000,0.306727,0.312015,0.263031
5ac547815542994611c8b48a,0.402458,0.000000,0.000000,0.000000,0.000000,0.472327
5ac54a445542993e66e822b9,0.000000,0.000000,0.541352,0.331530,0.420780,0.290523
5ac54ea25542993e66e822ec,0.389481,0.893750,0.000000,0.806250,0.906250,0.862500
5ac5525d5542993e66e82308,0.301936,0.968750,0.937500,0.369016,0.968750,0.750000
5ac5531e5542993e66e8230d,0.000000,0.385597,0.354320,0.326012,0.000000,0.000000
5ac55c415542993e66e82348,0.000000,0.427255,0.000000,0.255189,0.000000,0.250759
5ac55e0c5542993e66e8236a,0.485000,0.409084,0.461632,0.429648,0.397283,0.287195
5ac55e0c5542993e66e8236b,0.000000,0.483032,0.000000,0.430929,0.399720,0.000000
5ac55f145542993e66e8237e,0.000000,0.000000,0.000000,0.000000,0.000000,0.000000
5adbcbca5542996e6852523b,0.000000,0.000000,0.000000,0.000000,0.000000,0.000000
5adbd2cc55429944faac236e,0.301158,0.758027,0.726777,0.000000,0.478675,0.243709
5adbd2d555429947ff173839,0.364988,0.487167,0.456865,0.428575,0.394761,0.270135
5adbd3965542994650320bf9,0.000000,0.000000,0.000000,0.320938,0.390563,0.258715
5adbd46355429944faac2373,0.000000,0.000000,0.000000,0.366433,0.308065,0.812500
5adbdccb55429944faac238f,0.850000,0.968750,0.937500,0.968750,0.893750,0.434590
5adbdd835542996e68525265,0.270344,0.000000,0.282416,0.000000,0.000000,0.096415
5adbe03c5542996e6852526e,0.000000,0.478396,0.000000,0.000000,0.356508,0.000000
5adbe12b55429944faac239e,0.000000,0.478179,0.448493,0.000000,0.526523,0.000000
5adbe67a5542996e68525278,0.357811,0.300970,0.369814,0.338764,0.308367,0.374641
5adbe9c955429944faac23b8,0.000000,0.000000,0.937500,0.000000,0.000000,0.000000
5adbf27f55429944faac23c7,0.000000,0.000000,0.937500,0.000000,0.875000,0.489294
5adbf45755429947ff173865,0.000000,0.448176,0.000000,0.530679,0.450592,0.474223
5adbf7b0554299438c868cfa,0.378342,0.498152,0.454936,0.434411,0.875000,0.179836
5adbf8e855429947ff17387e,0.000000,0.968750,0.937500,0.906250,0.875000,0.263740
5adc008255429947ff1738ac,0.000000,0.000000,0.480334,0.424510,0.400725,0.281881
5adc019f5542994650320c48,0.850000,0.893750,0.491507,0.355197,0.429007,0.203235
5adc02bb554299438c868d03,0.000000,0.501528,0.937500,0.000000,0.875000,0.781250
5adc02cd5542994650320c51,0.359684,0.303815,0.263063,0.340890,0.389886,0.261720
5adc046e5542994650320c54,0.260375,0.369770,0.449751,0.418289,0.286667,0.260138
5adc05d755429944faac23f5,0.000000,0.512317,0.383368,0.000000,0.399702,0.351098
5adc074555429944faac23f8,0.000000,0.623005,0.591755,0.356174,0.628333,0.466755
5adc0be35542996e685252b9,0.000000,0.000000,0.435220,0.000000,0.000000,0.000000
5adc0d725542996e685252c0,0.000000,0.000000,0.000000,0.000000,0.000000,0.000000
5adc0dd955429944faac2402,0.388405,0.430319,0.470697,0.603226,0.530690,0.000000
5adc102055429944faac240e,0.850000,0.537713,0.000000,0.444939,0.968750,0.342878
5adc10cf554299438c868d26,0.000000,0.313422,0.372794,0.000000,0.300263,0.174742
5adc11bd554299438c868d2e,0.000000,0.000000,0.472133,0.556250,0.302632,0.300000
5adc1ccc5542994650320c7c,0.000000,0.416066,0.000000,0.608821,0.968750,0.937500
5adc1f135542994650320c82,0.000000,0.000000,0.000000,0.000000,0.000000,0.186023
5adc2dcc55429944faac244b,0.405600,0.968750,0.937500,0.906250,0.937500,0.968750
5adc2de05542996e685252d1,0.000000,0.000000,0.000000,0.000000,0.000000,0.295455
5adc2e0a5542996e685252d2,0.000000,0.000000,0.837500,0.906250,0.937500,0.968750
5adc2ead55429944faac244c,0.385613,0.516809,0.469306,0.442564,0.520918,0.000000
5adc33415542996e685252da,0.000000,0.545707,0.457285,0.338393,0.428300,0.181034
5adc34a955429944faac245f,0.000000,0.000000,0.607314,0.576064,0.544814,0.305269
5adc34c055429944faac2460,0.000000,0.000000,0.486455,0.441282,0.000000,0.000000
5adc378955429944faac246d,0.000000,0.000000,0.000000,0.000000,0.000000,0.000000
5adc3eab554299438c868d8f,0.341507,0.463750,0.432500,0.432500,0.370000,0.463750
5adc55c75542996e68525313,0.363010,0.488629,0.451485,0.269452,0.389504,0.336338
5adc5d2a5542996e6852532d,0.000000,0.692090,0.000000,0.529590,0.660840,0.629590
5adc60905542996e6852533e,0.000000,0.496233,0.466377,0.430974,0.000000,0.000000
5adc66615542996e68525352,0.000000,0.553532,0.526382,0.495132,0.937500,0.968750
5adc6a23554299438c868db1,0.452983,0.514842,0.540483,0.506578,0.393071,0.352983
5adc723655429944faac24d7,0.000000,0.495635,0.503289,0.428265,0.401942,0.309440
5adc73555542994650320d0a,0.000000,0.000000,0.000000,0.000000,0.000000,0.413125
5adc76b155429947ff173982,0.000000,0.438646,0.862500,0.000000,0.893750,0.750000
5adc7c275542994650320d20,0.000000,0.390231,0.000000,0.000000,0.000000,0.781250
5adc801b5542994650320d2b,0.000000,0.000000,0.000000,0.000000,0.000000,0.180231
5adc816d55429944faac24e6,0.256482,0.474898,0.443501,0.413333,0.418987,0.450237
5adc84e15542994d58a2f627,0.000000,0.560627,0.303866,0.435110,0.408704,0.000000
5adc85305542994d58a2f628,0.000000,0.506607,0.371849,0.332249,0.485349,0.000000
5adc8f165542994d58a2f65e,0.000000,0.000000,0.495273,0.000000,0.302989,0.447794
5adc90af5542994d58a2f663,0.261505,0.483686,0.357870,0.419727,0.454779,0.270370
5adc910c5542994d58a2f666,0.000000,0.503142,0.467716,0.876250,0.432156,0.399899
5adc92135542994d58a2f668,0.000000,0.419622,0.484669,0.435253,0.000000,0.000000
5adc96f05542994ed6169ba3,0.000000,0.544092,0.500579,0.937500,0.525417,0.538474
5adc97125542994734353750,0.000000,0.519662,0.000000,0.000000,0.428576,0.000000
5adca52d5542994d58a2f690,0.000000,0.421760,0.299358,0.388735,0.460650,0.000000
5adcaa645542994ed6169bbf,0.000000,0.579270,0.548020,0.490195,0.733340,0.637500
5adcaa9b5542990d50227cdc,0.000000,0.000000,0.521825,0.434637,0.454925,0.426736
5adcacd85542990d50227ce6,0.000000,0.000000,0.000000,0.906250,0.875000,0.812500
5adcb2d75542994d58a2f69e,0.324793,0.368543,0.430719,0.406043,0.363550,0.238550
5adcb7845542994d58a2f6aa,0.000000,0.000000,0.000000,0.000000,0.700000,0.000000
5adcb79f554299473435377d,0.349997,0.514085,0.454913,0.446140,0.368046,0.192164
5adcba045542994ed6169bd6,0.366903,0.482527,0.451240,0.423765,0.390116,0.269067
5adcbb785542994ed6169bdd,0.000000,0.558750,0.527500,0.496250,0.558750,0.415000
5adcbde05542994d58a2f6b9,0.289676,0.000000,0.000000,0.000000,0.000000,0.000000
5adcc39f554299473435378e,0.850000,0.968750,0.937500,0.528472,0.875000,0.812500
5adccbce5542990d50227d27,0.000000,0.968750,0.472590,0.446329,0.461360,0.357438
5adcd1a65542992c1e3a2419,0.000000,0.968750,0.937500,0.457691,0.497981,0.421241
5adcd3d65542992c1e3a2421,0.000000,0.533036,0.501786,0.000000,0.439286,0.439226
5adcd6ce5542994d58a2f6f5,0.261939,0.475264,0.445812,0.416891,0.382862,0.306092
5adcd7b05542994d58a2f6f8,0.371067,0.489817,0.414817,0.427317,0.397290,0.364817
5adcd7fb5542990d50227d43,0.281841,0.503039,0.454732,0.463961,0.292166,0.431173
5adcdfe45542992c1e3a2449,0.000000,0.000000,0.000000,0.000000,0.000000,0.650000
5adcdffa5542992c1e3a244a,0.000000,0.550304,0.543815,0.488233,0.514577,0.506324
5adce0fa5542992c1e3a2452,0.000000,0.000000,0.509379,0.000000,0.000000,0.000000
5adce1315542992c1e3a2454,0.000000,0.000000,0.937500,0.000000,0.000000,0.000000
5adce3935542992c1e3a246a,0.000000,0.893750,0.862500,0.937500,0.875000,0.431008
5adce6ed5542992c1e3a2489,0.000000,0.000000,0.530354,0.906250,0.000000,0.843750
5adce6f65542992c1e3a248a,0.000000,0.421645,0.000000,0.452881,0.000000,0.295007
5adceb6f5542992c1e3a24b5,0.831250,0.950000,0.918750,0.372208,0.937500,0.222018
5adceeca5542992c1e3a24be,0.000000,0.000000,0.448730,0.417276,0.398223,0.650000
5adcf21b5542992c1e3a24cb,0.000000,0.000000,0.456542,0.427225,0.394024,0.000000
5adcf26a5542994ed6169c2f,0.558340,0.677090,0.645840,0.000000,0.875000,0.750000
5adcf9465542990d50227d6d,0.000000,0.000000,0.506944,0.636019,0.604769,0.478590
5add001255429947343537fc,0.000000,0.000000,0.000000,0.000000,0.000000,0.000750
5add10205542992ae4cec445,0.000000,0.000000,0.000000,0.000000,0.000000,0.000000
5add143e5542994734353832,0.357545,0.474283,0.446273,0.416335,0.385120,0.485424
5add15a95542994ed6169c6e,0.297287,0.509733,0.000000,0.355528,0.322898,0.293098
5add15cf5542994ed6169c6f,0.000000,0.567077,0.535827,0.806250,0.567077,0.434296
5add16775542990d50227dce,0.850000,0.295464,0.457579,0.344641,0.385513,0.266477
5add17175542990d50227dd5,0.000000,0.490225,0.000000,0.427598,0.000000,0.263960
5add173d5542994ed6169c79,0.000000,0.000000,0.000000,0.443641,0.316792,0.294041
5add17b45542994734353843,0.000000,0.968750,0.455871,0.451345,0.875000,0.000000
5add1b445542992ae4cec46c,0.000000,0.680661,0.541576,0.605661,0.586911,0.586911
5add1d3b5542992ae4cec479,0.000000,0.522838,0.505086,0.906250,0.444030,0.526181
5add1e515542992ae4cec47d,0.000000,0.420271,0.406911,0.424539,0.875000,0.241114
5add1e78554299473435385b,0.000000,0.000000,0.000000,0.000000,0.000000,0.000000
5add1f0f5542990d50227dee,0.262408,0.478222,0.445660,0.413181,0.389356,0.279601
5add1fde5542990d50227df3,0.305114,0.000000,0.000000,0.000000,0.351293,0.196343
5add21765542992ae4cec497,0.000000,0.893750,0.000000,0.000000,0.000000,0.214440
5add256b5542992ae4cec4a8,0.000000,0.484220,0.301797,0.421791,0.452970,0.390541
5add26b55542992ae4cec4b1,0.000000,0.000000,0.862500,0.311555,0.000000,0.266309
5add356e5542995b365faab4,0.000000,0.000000,0.478289,0.447793,0.409459,0.381948
5add37485542992c1e3a256a,0.423405,0.479424,0.516486,0.479424,0.448022,0.326297
5add38aa5542990dbb2f7dd2,0.400469,0.562814,0.531564,0.527595,0.471347,0.346979
5add38ad5542990dbb2f7dd3,0.850000,0.893750,0.968750,0.937500,0.968750,0.893750
5add3be85542995b365faace,0.000000,0.484743,0.937500,0.806250,0.800000,0.812500
5add3d005542995b365faad4,0.000000,0.514532,0.490435,0.521685,0.968750,0.937500
5add40535542990dbb2f7dff,0.000000,0.425747,0.937500,0.660987,0.000000,0.181271
5add47455542997545bbbd14,0.750000,0.968750,0.968750,0.389795,0.906250,0.968750
5add4bb75542997545bbbd21,0.850000,0.893750,0.937500,0.906250,0.968750,0.750000
5add4c0c5542995b365faaff,0.362970,0.403825,0.451044,0.242620,0.422172,0.862500
5add588f5542990dbb2f7e48,0.000000,0.000000,0.417738,0.429830,0.921711,0.968750
5add59615542992ae4cec51a,0.384963,0.649161,0.575630,0.586661,0.649161,0.597626
5add59f65542992200553acc,0.000000,0.000000,0.923864,0.906250,0.000000,0.000000
5add694d5542992ae4cec556,0.416776,0.488499,0.557249,0.525999,0.494749,0.937500
5add72a75542990dbb2f7e52,0.000000,0.000000,0.000000,0.000000,0.000000,0.000000
5add72ef5542992200553b23,0.306193,0.000000,0.508808,0.000000,0.454406,0.343803
5add76945542992ae4cec575,0.384220,0.508750,0.533102,0.423438,0.515994,0.391364
5add7d475542990dbb2f7e62,0.000000,0.000000,0.449211,0.420497,0.390468,0.000000
5add91a15542990dbb2f7e71,0.000000,0.494321,0.474063,0.937500,0.968750,0.937500
5add98165542990dbb2f7e80,0.000000,0.000000,0.391221,0.498078,0.875000,0.650000
5add9fc25542997545bbbd90,0.000000,0.000000,0.937500,0.485341,0.000000,0.750000
5adda3025542997545bbbd97,0.000000,0.323748,0.552500,0.475341,0.508750,0.906250
5addab655542995b365fab5a,0.000000,0.415966,0.000000,0.415966,0.000000,0.384716
5addac245542997545bbbda1,0.261125,0.484503,0.453308,0.428260,0.461457,0.266735
5addb5035542995b365fab68,0.000000,0.393078,0.513718,0.806250,0.968750,0.750000
5addba895542995b365fab72,0.000000,0.968750,0.000000,0.906250,0.875000,0.750000
5addcb7f5542997dc7907035,0.000000,0.553750,0.522500,0.566250,0.535000,0.410000
5adddb7e5542997dc790705f,0.412100,0.452171,0.418397,0.467976,0.473698,0.666250
5adddbd45542992200553b66,0.000000,0.000000,0.000000,0.000000,0.000000,0.000000
5adddfc95542990dbb2f7ed4,0.000000,0.968750,0.490231,0.906250,0.000000,0.000000
5adde4fe5542990dbb2f7eed,0.000000,0.532386,0.567500,0.435758,0.505000,0.184615
5adde9a55542995b365fab83,0.360481,0.400480,0.272703,0.236390,0.307360,0.198692
5added1d5542995b365fab8c,0.000000,0.439330,0.000000,0.906250,0.875000,0.000000
5addeec75542997dc79070c2,0.299983,0.345735,0.641153,0.465792,0.424780,0.307308
5addf0065542997dc79070cc,0.359790,0.387672,0.937500,0.906250,0.875000,0.968750
5addf2765542995b365fab97,0.000000,0.000000,0.000000,0.493148,0.000000,0.200240
5addf3915542992200553bbe,0.000000,0.404214,0.372964,0.432333,0.937500,0.492629
5addf5aa5542995b365fab9f,0.421226,0.000000,0.917500,0.886250,0.755000,0.366498
5addf72c5542997dc79070ec,0.000000,0.505410,0.000000,0.507847,0.468516,0.650000
5addf7fa5542997dc79070f1,0.250920,0.399521,0.271833,0.458902,0.383902,0.407312
5addfcec5542992200553bca,0.000000,0.608750,0.532140,0.906250,0.937500,0.750000
5addfd5e5542997545bbbde3,0.000000,0.000000,0.916071,0.467107,0.433574,0.362586
5ade011e5542997545bbbdfa,0.000000,0.405222,0.000000,0.425808,0.000000,0.264214
5ade05dd5542995b365fabc9,0.000000,0.394222,0.450127,0.318227,0.426577,0.257116
5ade060c5542995b365fabcb,0.000000,0.000000,0.000000,0.363977,0.332085,0.124798
5ade0ace5542995b365fabe5,0.000000,0.000000,0.395938,0.368580,0.875000,0.218256
5ade0cc95542995b365fabeb,0.392164,0.793750,0.937500,0.906250,0.937500,0.968750
5ade151055429939a52fe7fe,0.000000,0.000000,0.000000,0.831250,0.875000,0.000000
5ade1aa855429975fa854e4d,0.000000,0.000000,0.489817,0.559167,0.509439,0.497447
5ade1d9455429975fa854e65,0.000000,0.000000,0.000000,0.000000,0.000000,0.000000
5ade1ec055429975fa854e6e,0.000000,0.000000,0.000000,0.000000,0.000000,0.000000
5ade281655429939a52fe845,0.265376,0.000000,0.000000,0.000000,0.000000,0.000000
5ade2cf1554299728e26c65c,0.000000,0.968750,0.937500,0.806250,0.862500,0.893750
5ade311855429939a52fe85b,0.000000,0.000000,0.509946,0.432156,0.447446,0.322446
5ade31835542997c77adeda7,0.000000,0.492956,0.473073,0.425004,0.410526,0.520082
5ade35f65542997c77adedad,0.280914,0.428979,0.413584,0.452364,0.366225,0.311706
5ade44755542992fa25da71c,0.000000,0.000000,0.518895,0.000000,0.841667,0.219373
5ade4748554299728e26c6a5,0.000000,0.305796,0.448750,0.413752,0.386240,0.256281
5ade5311554299728e26c6ca,0.000000,0.000000,0.347675,0.000000,0.387120,0.000000
5ade5bbc5542997c77adee11,0.000000,0.968750,0.862500,0.000000,0.893750,0.750000
5ade60fd554299728e26c6fd,0.000000,0.000000,0.000000,0.463190,0.429600,0.307855
5ade637955429939a52fe897,0.000000,0.396219,0.000000,0.000000,0.000000,0.325579
5ade63ff5542992fa25da76c,0.000000,0.968750,0.524530,0.479566,0.875000,0.373259
5ade64875542997c77adee18,0.000000,0.505808,0.480625,0.493662,0.908750,0.968750
5ade65655542997c77adee19,0.281040,0.346044,0.318114,0.275290,0.357259,0.239964
5ade658055429975fa854ebc,0.000000,0.000000,0.490357,0.500954,0.875000,0.893750
5ade66675542992fa25da76e,0.000000,0.000000,0.000000,0.000000,0.466061,0.875000
5ade700a5542997c77adee2b,0.850000,0.893750,0.937500,0.937500,0.800000,0.675000
5ade76015542997c77adee33,0.000000,0.000000,0.461848,0.417516,0.000000,0.000000
5ade76a355429939a52fe8cc,0.000000,0.000000,0.937500,0.447923,0.875000,0.750000
5ade7b6955429939a52fe8d4,0.000000,0.000000,0.620840,0.000000,0.558340,0.000000
5ade89405542997c77adee4b,0.000000,0.000000,0.000000,0.432697,0.000000,0.197427
5ade8a9855429975fa854efb,0.750000,0.968750,0.968750,0.968750,0.893750,0.906250
5ade8d9a55429975fa854f0f,0.000000,0.000000,0.000000,0.000000,0.000000,0.105046
5ade90215542992fa25da7cb,0.000000,0.000000,0.937500,0.381958,0.862500,0.893750
5ade92d75542997c77adee5d,0.000000,0.000000,0.349997,0.831250,0.800000,0.968750
5ade9602554299728e26c746,0.000000,0.476408,0.000000,0.000000,0.407082,0.843750
5ade9d44554299728e26c76e,0.372231,0.486474,0.486731,0.423998,0.392421,0.266039
5ade9dff5542992fa25da7dd,0.438447,0.000000,0.572016,0.464436,0.488948,0.000000
5adea03055429939a52fe910,0.354962,0.342083,0.445506,0.454583,0.231812,0.298333
5adea21655429939a52fe91b,0.000000,0.893750,0.862500,0.553232,0.875000,0.194166
5adea48155429975fa854f2d,0.000000,0.000000,0.367744,0.445100,0.000000,0.302650
5adea5ea5542992fa25da7f0,0.000000,0.000000,0.937500,0.537318,0.000000,0.496962
5adea84b55429975fa854f54,0.000000,0.000000,0.000000,0.000000,0.000000,0.000000
5adea93555429975fa854f5a,0.000000,0.402608,0.370722,0.000000,0.301784,0.413846
5adeafbd55429939a52fe957,0.252055,0.337869,0.345127,0.314583,0.350369,0.157143
5adeb4d655429939a52fe967,0.383333,0.602083,0.570833,0.862500,0.508333,0.800000
5adeb89b554299728e26c77c,0.000000,0.497092,0.937500,0.495987,0.875000,0.471477
5adeb9265542992fa25da825,0.000000,0.000000,0.000000,0.441250,0.305096,0.182265
5adebbb0554299728e26c792,0.000000,0.000000,0.000000,0.000000,0.000000,0.000000
5adebd65554299728e26c7a8,0.257674,0.477842,0.269555,0.338247,0.404520,0.180201
5adec21c554299728e26c7c5,0.393663,0.329561,0.481163,0.453876,0.422626,0.215461
5adec47555429975fa854f84,0.000000,0.544060,0.366972,0.588626,0.959073,0.000000
5adec74e5542995534e8c70c,0.260767,0.226251,0.446012,0.236995,0.285353,0.006402
5adec8ad55429975fa854f8f,0.000000,0.000000,0.000000,0.000000,0.000000,0.000000
5adec9aa5542992fa25da84f,0.369212,0.968750,0.937500,0.937500,0.875000,0.937500
5adecc235542995ec70e8f1b,0.000000,0.968750,0.400690,0.000000,0.409813,0.281194
5adecd175542995ec70e8f1e,0.000000,0.485266,0.340940,0.000000,0.479105,0.186765
5aded8b9554299728e26c7d8,0.358712,0.508806,0.445776,0.417050,0.384243,0.290056
5adf0cdc5542995534e8c73f,0.000000,0.485199,0.937500,0.000000,0.391433,0.000000
5adf199a5542995534e8c74b,0.280203,0.414687,0.485985,0.452187,0.461809,0.207547
5adf1c645542993344016bda,0.850000,0.968750,0.937500,0.906250,0.968750,0.812500
5adf25e95542992d7e9f92bc,0.000000,0.442819,0.000000,0.494618,0.403278,0.559100
5adf2a275542993a75d263ff,0.000000,0.406527,0.448956,0.418768,0.388603,0.311360
5adf2aa85542993a75d26404,0.355289,0.298934,0.368772,0.236873,0.207197,0.081458
5adf2cab5542995534e8c766,0.000000,0.968750,0.937500,0.479519,0.875000,0.323269
5adf2fe55542993a75d26419,0.366179,0.486739,0.000000,0.000000,0.292529,0.000000
5adf33ce5542995ec70e8f8e,0.368095,0.431937,0.378775,0.440948,0.431937,0.426131
5adf362c5542992d7e9f92d1,0.000000,0.000000,0.000000,0.000000,0.000000,0.000000
5adf3e5a5542995ec70e8f9f,0.000000,0.613991,0.635000,0.555919,0.518419,0.465751
5adf425e5542993a75d26459,0.000000,0.000000,0.000000,0.290324,0.402880,0.280262
5adf49dc5542993a75d26495,0.000000,0.000000,0.000000,0.429160,0.218931,0.306351
5adf57715542995ec70e8fc9,0.000000,0.000000,0.511655,0.395678,0.351907,0.352419
5adf59695542995534e8c79a,0.365383,0.503485,0.472131,0.434946,0.462847,0.428088
5adf5b5b5542993a75d264d6,0.000000,0.361750,0.523364,0.492114,0.862500,0.350412
5adf5c6b5542995534e8c79c,0.000000,0.000000,0.000000,0.000000,0.000000,0.000000
5adf611d5542995ec70e8fdd,0.000000,0.000000,0.531083,0.000000,0.355297,0.167500
5adf73385542992d7e9f9371,0.000000,0.492553,0.457871,0.425991,0.424556,0.401023
5adf73385542992d7e9f9372,0.000000,0.968750,0.937500,0.526585,0.610441,0.906250
5adf73895542992d7e9f9377,0.000000,0.000000,0.000000,0.000000,0.000000,0.293580
5adf85755542993344016cb7,0.000000,0.434917,0.937500,0.906250,0.875000,0.875000
5adf8fcd5542995ec70e903b,0.498750,0.418370,0.491944,0.328766,0.376669,0.513438
5adf9207554299025d62a2c4,0.000000,0.000000,0.000000,0.000000,0.000000,0.000000
5adf9286554299025d62a2c6,0.000000,0.000000,0.000000,0.000000,0.000000,0.000000
5adf9afa5542995534e8c80c,0.261715,0.481250,0.000000,0.000000,0.462500,0.167674
5adfa0225542992d7e9f93c4,0.259093,0.373750,0.346622,0.320001,0.342500,0.373589
5adfa0a75542995534e8c822,0.375237,0.503335,0.487370,0.520660,0.471578,0.438108
5adfa324554299025d62a312,0.000000,0.000000,0.000000,0.000000,0.511395,0.355303
5adfa4fc55429942ec259acd,0.000000,0.469920,0.436332,0.500887,0.485280,0.170337
5adfa751554299025d62a32a,0.000000,0.000000,0.507325,0.459887,0.875000,0.750000
5adfafea5542995ec70e9070,0.850000,0.378207,0.968750,0.968750,0.906250,0.968750
5adfb057554299603e418367,0.000000,0.000000,0.000000,0.000000,0.455473,0.402500
5adfb0595542995ec70e9072,0.000000,0.516720,0.541220,0.621591,0.586447,0.545958
5adfb7c4554299603e41838a,0.000000,0.000000,0.862500,0.831250,0.000000,0.675000
5adfbe6e55429942ec259b34,0.000000,0.539007,0.513833,0.492852,0.445626,0.355469
5adfd2cb55429925eb1afaa4,0.000000,0.000000,0.000000,0.000000,0.000000,0.000000
5adfd78b55429906c02daa65,0.000000,0.000000,0.000000,0.242420,0.212353,0.176250
5adfddce55429925eb1afad5,0.000000,0.000000,0.407500,0.000000,0.451250,0.340749
5adfe10855429906c02daa7e,0.000000,0.000000,0.000000,0.000000,0.000000,0.000000
5adfe109554299025d62a372,0.000000,0.000000,0.000000,0.000000,0.000000,0.000000
5adfe28055429906c02daa84,0.371718,0.417400,0.282310,0.353391,0.399258,0.101004
5adfe594554299025d62a378,0.000000,0.000000,0.527418,0.494713,0.521222,0.535515
5adfe90855429942ec259b80,0.000000,0.000000,0.000000,0.325000,0.277918,0.000000
5adfe9ec554299603e4183bd,0.000000,0.893750,0.862500,0.579485,0.610735,0.654485
5adfeb1b55429925eb1afb2c,0.361896,0.000000,0.457190,0.233489,0.317786,0.381502
5adfed3555429925eb1afb39,0.363451,0.484749,0.376742,0.420284,0.440749,0.295273
5adfedcc554299025d62a38a,0.398512,0.424866,0.496857,0.355264,0.415051,0.523412
5adfee0e55429942ec259b98,0.000000,0.547114,0.000000,0.906250,0.875000,0.906250
5adfef8e55429925eb1afb49,0.000000,0.374632,0.000000,0.310728,0.276154,0.291916
5adfeffb55429942ec259ba0,0.273295,0.486205,0.392857,0.414209,0.475667,0.408235
5adff21255429925eb1afb65,0.000000,0.000000,0.000000,0.906250,0.875000,0.906250
5adff35355429925eb1afb78,0.000000,0.000000,0.000000,0.000000,0.403913,0.000000
5adff35955429925eb1afb7a,0.000000,0.968750,0.937500,0.968750,0.968750,0.968750
5adff61255429925eb1afba1,0.000000,0.417227,0.968750,0.447399,0.775000,0.503281
5adffbc055429942ec259bb7,0.000000,0.893750,0.000000,0.000000,0.348265,0.857353
5adffdfb55429906c02daa9d,0.369635,0.395417,0.472731,0.000000,0.875000,0.650000
5ae0045655429942ec259be6,0.000000,0.506154,0.454726,0.325249,0.000000,0.000000
5ae004eb55429942ec259bea,0.365338,0.305129,0.448335,0.438318,0.389903,0.262686
5ae00768554299025d62a3ac,0.850000,0.968750,0.937500,0.906250,0.875000,0.380154
5ae007fd554299025d62a3af,0.750000,0.441148,0.610015,0.700397,0.546119,0.340330
5ae00da755429906c02daab4,0.000000,0.893750,0.409975,0.453725,0.443667,0.224917
5ae017d955429925eb1afc0f,0.000000,0.625411,0.594161,0.458524,0.431477,0.469161
5ae0195a55429925eb1afc11,0.000000,0.000000,0.409395,0.000000,0.507477,0.308687
5ae01c59554299025d62a3ff,0.372856,0.416606,0.485356,0.454106,0.422856,0.222856
5ae01e0e55429925eb1afc18,0.000000,0.502973,0.460680,0.423222,0.300882,0.203427
5ae02082554299025d62a419,0.000000,0.000000,0.000000,0.000000,0.000000,0.000000
5ae0318055429924de1b7053,0.372468,0.421506,0.000000,0.433776,0.397757,0.000000
5ae0370555429924de1b7066,0.000000,0.000000,0.499981,0.472269,0.875000,0.843750
5ae0489255429924de1b708d,0.000000,0.968750,0.937500,0.906250,0.875000,0.000000
5ae059f655429945ae95933a,0.000000,0.000000,0.545840,0.376523,0.000000,0.303198
5ae05ea555429924de1b70c2,0.850000,0.893750,0.937500,0.862500,0.906250,0.937500
5ae060cc5542993d6555eb1e,0.394811,0.662834,0.490096,0.568287,0.373786,0.592832
5ae06aac55429945ae95934d,0.434032,0.559750,0.000000,0.486613,0.451755,0.321353
5ae075fd5542993d6555eb60,0.000000,0.968750,0.937500,0.937500,0.968750,0.655417
5ae07ab555429924de1b70d4,0.364513,0.408775,0.265593,0.338038,0.386952,0.193743
5ae07ca155429945ae95936f,0.577090,0.383490,0.359032,0.315603,0.283802,0.163886
5ae07db455429924de1b70d8,0.000000,0.000000,0.524640,0.488993,0.000000,0.536182
5ae0823e55429906c02daad7,0.000000,0.514609,0.937500,0.542352,0.968750,0.544220
5ae08654554299603e418419,0.000000,0.411910,0.374390,0.420625,0.800000,0.480064
5ae0888a554299603e41841f,0.000000,0.442944,0.412634,0.475217,0.325445,0.301613
5ae0909f55429945ae9593c4,0.364644,0.486221,0.451210,0.412846,0.394154,0.427303
5ae0a2b855429945ae9593da,0.381020,0.429688,0.370682,0.000000,0.700000,0.283911
5ae0a3b25542993d6555ebd1,0.000000,0.000000,0.563977,0.906250,0.000000,0.338427
5ae0ab4355429945ae959404,0.000000,0.489996,0.358031,0.000000,0.000000,0.269571
5ae0b4dd55429945ae959434,0.000000,0.000000,0.471689,0.439770,0.421793,0.201824
5ae0ba645542993d6555ec24,0.000000,0.000000,0.000000,0.379572,0.775000,0.383821
5ae0baa255429924de1b715d,0.000000,0.404843,0.371533,0.000000,0.000000,0.000000
5ae0bbca554299603e418453,0.000000,0.649205,0.862500,0.862500,0.968750,0.645054
5ae0bc9e55429906c02dab12,0.269249,0.514951,0.490076,0.000000,0.467100,0.000000
5ae0be3655429906c02dab1b,0.000000,0.968750,0.862500,0.831250,0.862500,0.750000
5ae0bec355429924de1b716e,0.256971,0.000000,0.447993,0.314510,0.384389,0.258370
5ae0bf5b55429906c02dab22,0.000000,0.893750,0.862500,0.906250,0.875000,0.968750
5ae0c13a5542993d6555ec40,0.000000,0.968750,0.370580,0.906250,0.352679,0.178982
5ae0c3a15542993d6555ec4d,0.375497,0.488750,0.354860,0.439145,0.472429,0.184917
5ae0c55d5542993d6555ec55,0.000000,0.000000,0.000000,0.000000,0.000000,0.000000
5ae0c5d25542993d6555ec59,0.000000,0.000000,0.000000,0.477446,0.000000,0.426711
5ae0c76655429906c02dab44,0.000000,0.542281,0.391464,0.463625,0.552130,0.503170
5ae0ca1f55429906c02dab52,0.000000,0.427179,0.937500,0.968750,0.875000,0.968750
5ae0d2f155429945ae959474,0.000000,0.000000,0.000000,0.000000,0.000000,0.000000
5ae0dca855429924de1b71a7,0.000000,0.538533,0.501736,0.441508,0.507283,0.551033
5ae0dedf55429924de1b71b9,0.000000,0.000000,0.000000,0.449283,0.000000,0.286157
5ae0e0e155429924de1b71c2,0.269590,0.000000,0.000000,0.314765,0.000000,0.150946
5ae0e4a65542993d6555ec85,0.000000,0.968750,0.937500,0.937500,0.968750,0.968750
5ae0e756554299422ee99550,0.000000,0.000000,0.000000,0.000000,0.000000,0.000000
5ae0e8f7554299422ee99554,0.000000,0.893750,0.937500,0.906250,0.875000,0.750000
5ae0e94e55429945ae95948f,0.000000,0.893750,0.862500,0.444127,0.800000,0.781250
5ae0e9b35542993d6555ec96,0.000000,0.000000,0.463326,0.410349,0.406562,0.465724
5ae0e9eb5542990adbacf6c5,0.000000,0.000000,0.000000,0.000000,0.246875,0.000000
5ae0eb055542997b2ef7d071,0.421898,0.524117,0.649305,0.724305,0.497904,0.724305
5ae0eead5542990adbacf6dc,0.423077,0.466691,0.937500,0.000000,0.875000,0.750000
5ae0f05f5542993d6555eca7,0.000000,0.000000,0.000000,0.451434,0.906250,0.295315
5ae0f6805542990adbacf6f2,0.000000,0.000000,0.000000,0.365655,0.000000,0.206071
5ae0f6e95542997b2ef7d0b5,0.000000,0.968750,0.968750,0.906250,0.875000,0.906250
5ae0fe1455429920d5234266,0.000000,0.527800,0.496550,0.465300,0.334050,0.309050
5ae100a9554299422ee995b8,0.000000,0.000000,0.000000,0.448001,0.000000,0.000000
5ae1050855429920d5234283,0.000000,0.486239,0.937500,0.906250,0.968750,0.501292
5ae10c4855429920d52342a7,0.000000,0.303981,0.445579,0.338806,0.451988,0.326800
5ae1117655429901ffe4ad47,0.397733,0.525399,0.494149,0.492765,0.462488,0.493230
5ae113f7554299422ee995fc,0.000000,0.000000,0.000000,0.000000,0.000000,0.000000
5ae1146055429901ffe4ad57,0.277732,0.538942,0.503750,0.441063,0.351442,0.000000
5ae1182b55429901ffe4ad80,0.256715,0.477261,0.445120,0.411848,0.386928,0.262249
5ae11c0d55429920d52342c8,0.409724,0.342885,0.387969,0.461824,0.433047,0.388963
5ae11fb65542997b2ef7d0e5,0.850000,0.968750,0.968750,0.906250,0.875000,0.750000
5ae121735542997b2ef7d0f0,0.250920,0.400433,0.374690,0.340735,0.209775,0.084929
5ae1218255429901ffe4adb7,0.000000,0.873750,0.742500,0.873750,0.893750,0.873750
5ae128d95542997b2ef7d110,0.850000,0.893750,0.509274,0.906250,0.875000,0.332876
5ae12bc7554299422ee99619,0.000000,0.000000,0.000000,0.000000,0.522398,0.397398
5ae12d6155429901ffe4adcf,0.000000,0.000000,0.000000,0.257526,0.000000,0.000000
5ae12e52554299422ee9961e,0.000000,0.443033,0.438214,0.000000,0.445057,0.682212
5ae130515542997b2ef7d121,0.000000,0.968750,0.937500,0.449831,0.937500,0.843750
5ae130f755429901ffe4add8,0.000000,0.968750,0.937500,0.906250,0.968750,0.000000
5ae137565542997b2ef7d134,0.262270,0.308420,0.272733,0.422532,0.314824,0.192447
5ae1387255429901ffe4ae03,0.000000,0.350948,0.332830,0.300985,0.417307,0.320953
5ae1388b55429901ffe4ae04,0.360338,0.478362,0.443901,0.306774,0.379192,0.262932
5ae13a5f55429920d5234331,0.000000,0.000000,0.000000,0.000000,0.308559,0.000000
5ae13ba3554299422ee99633,0.000000,0.000000,0.000000,0.456315,0.000000,0.000000
5ae13d9b55429920d523433c,0.000000,0.644464,0.613214,0.581964,0.552353,0.489853
5ae1437a55429920d523435b,0.000000,0.000000,0.937500,0.906250,0.906250,0.750000
5ae1444355429901ffe4ae33,0.361139,0.379840,0.448134,0.422757,0.357500,0.478586
5ae144c75542997b2ef7d19b,0.000000,0.536810,0.484302,0.455819,0.875000,0.559457
5ae146cf55429920d5234376,0.000000,0.000000,0.000000,0.000000,0.000000,0.336878
5ae147aa55429920d5234380,0.000000,0.610000,0.578750,0.547500,0.516250,0.486058
5ae1484855429920d5234384,0.367527,0.893750,0.373830,0.541544,0.512500,0.000000
5ae1486f5542990adbacf739,0.000000,0.000000,0.528446,0.564205,0.532955,0.340946
5ae1532255429901ffe4ae5f,0.000000,0.615179,0.583929,0.615179,0.521429,0.540179
5ae155c15542990adbacf758,0.000000,0.625577,0.594327,0.563077,0.531827,0.465173
5ae160265542990adbacf779,0.000000,0.618750,0.473675,0.556250,0.427711,0.494335
5ae168e75542990adbacf787,0.000000,0.000000,0.000000,0.000000,0.409625,0.373533
5ae17aa555429901ffe4ae99,0.000000,0.968750,0.469985,0.937500,0.968750,0.968750
5ae17b785542990adbacf7a3,0.000000,0.000000,0.396591,0.501035,0.000000,0.000000
5ae17e8055429901ffe4aeb0,0.000000,0.000000,0.000000,0.000000,0.000000,0.000000
5ae17ef555429901ffe4aeb6,0.259115,0.479068,0.449440,0.417096,0.385318,0.259556
5ae182425542990adbacf7a9,0.000000,0.376127,0.343447,0.313138,0.283084,0.321591
5ae1830b55429901ffe4aee2,0.386854,0.459837,0.476020,0.444770,0.875000,0.750000
5ae18df6554299492dc91b3c,0.000000,0.000000,0.907500,0.427147,0.457614,0.465672
5ae1904a554299492dc91b42,0.000000,0.968750,0.937500,0.000000,0.000000,0.843750
5ae19839554299492dc91b50,0.358057,0.303182,0.449469,0.420929,0.390315,0.258097
5ae1a5a75542997283cd2235,0.000000,0.489217,0.465842,0.429893,0.462552,0.453226
5ae1a8bd554299492dc91b56,0.000000,0.000000,0.000000,0.000000,0.000000,0.000000
5ae1b614554299422ee99685,0.356512,0.476251,0.444583,0.412446,0.380431,0.341554
5ae1bb56554299422ee99689,0.000000,0.000000,0.937500,0.595840,0.564590,0.533340
5ae1c4e4554299234fd042f0,0.269817,0.536528,0.454949,0.438647,0.860000,0.466804
5ae1cab7554299492dc91b8a,0.374219,0.000000,0.937500,0.536250,0.413425,0.295046
5ae1cbb5554299492dc91b8b,0.000000,0.520908,0.493117,0.470969,0.503243,0.500300
5ae1d15c5542997283cd226a,0.000000,0.000000,0.000000,0.350374,0.000000,0.000000
5ae1d4665542997283cd2286,0.000000,0.419538,0.399701,0.356189,0.411399,0.216386
5ae1d62b554299234fd0431f,0.282097,0.424240,0.385843,0.427598,0.330851,0.277604
5ae1d71f5542997f29b3c14b,0.000000,0.000000,0.000000,0.000000,0.000000,0.000000
5ae1da64554299422ee996a6,0.000000,0.000000,0.469383,0.435702,0.410213,0.283520
5ae1dc64554299492dc91ba8,0.372122,0.389806,0.458027,0.422119,0.437100,0.516573
5ae1dd84554299422ee996b1,0.000000,0.000000,0.837500,0.000000,0.000000,0.000000
5ae1ddcb554299492dc91baa,0.000000,0.000000,0.000000,0.000000,0.434649,0.000000
5ae1e63e5542997f29b3c184,0.282767,0.488254,0.456659,0.425485,0.476322,0.504907
5ae1f1bc5542994d89d5b2da,0.359580,0.475386,0.445166,0.413789,0.384944,0.255644
5ae1f2325542997f29b3c1ad,0.000000,0.000000,0.000000,0.466075,0.497325,0.392857
5ae1f3ee5542997f29b3c1ae,0.310229,0.539904,0.862500,0.458750,0.875000,0.271812
5ae1fbfe5542997283cd2308,0.000000,0.493650,0.470326,0.000000,0.775000,0.169094
5ae204495542994d89d5b307,0.000000,0.451478,0.417466,0.425522,0.508224,0.449166
5ae205d75542997f29b3c204,0.434248,0.472952,0.485769,0.410452,0.291945,0.379202
5ae20b2d5542997283cd2357,0.000000,0.624306,0.393560,0.385138,0.549306,0.280135
5ae20de8554299492dc91bc0,0.000000,0.000000,0.000000,0.000000,0.322035,0.000000
5ae20e9a5542997283cd238f,0.000000,0.519095,0.488611,0.423863,0.397592,0.370132
5ae20ea65542994d89d5b326,0.000000,0.000000,0.355738,0.345192,0.414620,0.423860
5ae20f4a5542997283cd2397,0.330206,0.440920,0.300453,0.338300,0.000000,0.302434
5ae2119f5542997283cd23a8,0.000000,0.000000,0.937500,0.906250,0.000000,0.750000
5ae21393554299234fd043d0,0.000000,0.000000,0.937500,0.937500,0.000000,0.812500
5ae21464554299495565d9eb,0.377373,0.512697,0.479195,0.351296,0.318821,0.296286
5ae21536554299495565d9f0,0.000000,0.000000,0.000000,0.000000,0.000000,0.000000
5ae215c2554299495565d9f3,0.000000,0.557778,0.821711,0.921711,0.440184,0.418520
5ae215e35542997283cd23cb,0.000000,0.968750,0.968750,0.937500,0.968750,0.937500
5ae2166c554299495565d9f6,0.850000,0.968750,0.502252,0.489976,0.968750,0.380369
5ae217455542994d89d5b340,0.000000,0.481713,0.454069,0.426906,0.292500,0.357541
5ae21845554299495565da01,0.356259,0.480025,0.448693,0.419094,0.388171,0.431573
5ae218bc5542994d89d5b349,0.000000,0.000000,0.000000,0.000000,0.000000,0.000000
5ae219345542997283cd23d6,0.000000,0.000000,0.338781,0.000000,0.428358,0.000000
5ae21c49554299234fd043d7,0.000000,0.000000,0.000000,0.000000,0.000000,0.000000
5ae221875542994d89d5b364,0.000000,0.328782,0.000000,0.000000,0.000000,0.000000
5ae222485542994d89d5b368,0.000000,0.588975,0.544420,0.524712,0.450387,0.375383
5ae223b05542994d89d5b371,0.372795,0.454861,0.000000,0.461216,0.446774,0.304966
5ae223d15542996483e64901,0.401887,0.000000,0.000000,0.000000,0.450028,0.425446
5ae22442554299234fd043e8,0.000000,0.000000,0.000000,0.000000,0.000000,0.000000
5ae22ae4554299234fd0440c,0.000000,0.000000,0.445782,0.000000,0.000000,0.000000
5ae22b0f554299495565da23,0.850000,0.893750,0.000000,0.831250,0.893750,0.529445
5ae22ba1554299495565da28,0.355477,0.478351,0.447144,0.480937,0.384750,0.400909
5ae231165542994d89d5b389,0.000000,0.940179,0.532083,0.554233,0.490683,0.865179
5ae232c6554299492dc91bdc,0.000000,0.968750,0.487983,0.937500,0.937500,0.781250
5ae2335d554299495565da39,0.438559,0.000000,0.000000,0.000000,0.000000,0.000000
5ae233795542994d89d5b391,0.000000,0.452697,0.000000,0.342500,0.452697,0.000000
5ae234bb5542992decbdcc5c,0.000000,0.311857,0.937500,0.906250,0.397277,0.650000
5ae2352f5542992decbdcc5e,0.000000,0.000000,0.366538,0.448736,0.401148,0.270777
5ae238195542992decbdcc7a,0.386798,0.968750,0.602466,0.481416,0.446106,0.300632
5ae23adb5542992decbdcc8e,0.308593,0.000000,0.937500,0.906250,0.522727,0.376629
5ae23b285542996483e64936,0.357041,0.303174,0.269758,0.421686,0.432220,0.750000
5ae23bdd5542992decbdcc99,0.000000,0.000000,0.531144,0.610501,0.000000,0.000000
5ae23c745542992decbdcc9b,0.363602,0.485122,0.391331,0.418444,0.399220,0.486117
5ae245365542994d89d5b3af,0.000000,0.893750,0.937500,0.451706,0.610972,0.937500
5ae24c195542996483e64965,0.850000,0.968750,0.937500,0.486467,0.875000,0.781250
5ae253ba5542992decbdccb8,0.374973,0.000000,0.477362,0.321250,0.418987,0.793750
5ae2564a5542992decbdccc4,0.000000,0.402990,0.445250,0.344343,0.309261,0.183985
5ae258195542994d89d5b3ed,0.261730,0.415863,0.937500,0.323926,0.359790,0.906250
5ae259b65542996483e64980,0.000000,0.000000,0.937500,0.000000,0.875000,0.906250
5ae25bca5542992decbdccca,0.000000,0.397594,0.000000,0.330103,0.000000,0.000000
5ae25dd65542994d89d5b3f8,0.000000,0.000000,0.000000,0.000000,0.601057,0.000000
5ae26a7b5542992decbdccf6,0.000000,0.000000,0.000000,0.000000,0.420877,0.176429
5ae2784b5542992decbdcd17,0.000000,0.000000,0.000000,0.000000,0.000000,0.000000
5ae27b0c5542996483e649b5,0.367554,0.394804,0.457534,0.524698,0.875000,0.403405
5ae286145542996483e649e0,0.389130,0.432880,0.937500,0.549107,0.514130,0.451630
5ae2870f5542992decbdcd35,0.000000,0.000000,0.506581,0.475573,0.000000,0.319323
5ae28c215542996483e649e2,0.000000,0.350275,0.393838,0.370102,0.000000,0.323375
5ae28c8e554299492dc91c2c,0.357167,0.477404,0.447028,0.411881,0.308464,0.326023
5ae28f26554299495565dabc,0.367626,0.498942,0.399940,0.000000,0.392318,0.214250
5ae2918a5542994d89d5b429,0.408790,0.671919,0.518642,0.365040,0.510449,0.453169
5ae296565542996483e64a08,0.000000,0.968750,0.572794,0.906250,0.875000,0.437885
5ae29bcb5542992decbdcd50,0.320402,0.968750,0.937500,0.455253,0.937500,0.843750
5ae2a9745542996483e64a1e,0.000000,0.483498,0.000000,0.000000,0.383991,0.257374
5ae2aa775542996483e64a27,0.000000,0.000000,0.000000,0.431209,0.399918,0.325890
5ae2ab755542996483e64a30,0.000000,0.968750,0.575796,0.468917,0.620050,0.620050
5ae2b824554299492dc91c4c,0.000000,0.000000,0.937500,0.489400,0.504725,0.464620
5ae2b9c85542992decbdcd84,0.000000,0.410327,0.000000,0.000000,0.000000,0.265513
5ae2bc3a5542992decbdcd8a,0.000000,0.000000,0.000000,0.368094,0.000000,0.237766
5ae2be445542992decbdcd8f,0.000000,0.533750,0.000000,0.578178,0.703676,0.534428
5ae2c2bb5542991a06ce98ce,0.365940,0.870673,0.359849,0.330340,0.751923,0.626923
5ae2c7b95542992decbdcd99,0.377130,0.000000,0.381742,0.000000,0.431598,0.306670
5ae2d53955429928c42394eb,0.000000,0.000000,0.000000,0.000000,0.470286,0.327949
5ae2d61155429928c42394ed,0.000000,0.648487,0.378256,0.348385,0.349414,0.270787
5ae2dca755429928c423950c,0.000000,0.000000,0.937500,0.906250,0.437766,0.650000
5ae2e43455429928c4239536,0.000000,0.000000,0.000000,0.000000,0.000000,0.000000
5ae2e57655429928c423953b,0.000000,0.000000,0.514910,0.483660,0.875000,0.327410
5ae2e8bf55429928c4239549,0.000000,0.386867,0.000000,0.317648,0.215678,0.290935
5ae2ebcb5542991a06ce9902,0.000000,0.968750,0.358022,0.968750,0.294627,0.388992
5ae2ecd05542991a06ce9904,0.000000,0.478277,0.445930,0.413285,0.478406,0.489910
5ae2fcd955429928c423958b,0.850000,0.968750,0.937500,0.429405,0.800000,0.297280
5ae30b4255429928c42395c2,0.000000,0.893750,0.449956,0.731250,0.875000,0.479678
5ae3190755429928c42395e8,0.000000,0.000000,0.451187,0.427303,0.382125,0.397011
5ae31c0855429928c42395ff,0.000000,0.968750,0.937500,0.906250,0.875000,0.675000
5ae324bc5542994393b9e631,0.000000,0.677090,0.937500,0.432954,0.583340,0.458340
5ae3250c5542994393b9e633,0.000000,0.630750,0.699500,0.000000,0.000000,0.512000
5ae327c55542992f92d8221f,0.000000,0.000000,0.000000,0.000000,0.390439,0.390902
5ae32bea55429928c4239646,0.850000,0.893750,0.476894,0.395443,0.875000,0.843750
5ae32ee955429928c4239655,0.000000,0.519514,0.000000,0.466738,0.000000,0.968750
5ae330645542990afbd1e0d3,0.000000,0.968750,0.523746,0.906250,0.678269,0.577517
5ae3328455429928c4239675,0.000000,0.513036,0.481786,0.493173,0.875000,0.326914
5ae33aa45542992f92d82250,0.000000,0.000000,0.000000,0.000000,0.000000,0.000000
5ae33ab15542992f92d82251,0.850000,0.968750,0.937500,0.412717,0.549249,0.511749
5ae340555542990afbd1e0f5,0.000000,0.438007,0.937500,0.906250,0.875000,0.000000
5ae340a15542990afbd1e0f6,0.000000,0.675261,0.000000,0.554637,0.672780,0.538891
5ae345d65542992e3233c357,0.000000,0.519971,0.483429,0.467850,0.526850,0.457237
5ae347b75542992e3233c366,0.000000,0.502023,0.374550,0.000000,0.000000,0.000000
5ae348535542992e3233c36a,0.000000,0.893750,0.862500,0.862500,0.000000,0.893750
5ae353435542992e3233c37d,0.000000,0.601630,0.937500,0.489590,0.450984,0.875000
5ae3555d5542992f92d8228a,0.255308,0.303663,0.443273,0.413672,0.382908,0.256791
5ae3563c5542992f92d82290,0.000000,0.000000,0.000000,0.000000,0.602090,0.000000
5ae356485542991a06ce9997,0.360327,0.404424,0.270589,0.339431,0.296429,0.259457
5ae3574a5542991a06ce9999,0.383208,0.000000,0.000000,0.000000,0.000000,0.520130
5ae35e175542992e3233c3c3,0.265019,0.000000,0.000000,0.000000,0.000000,0.000000
5ae35f555542991a06ce99a5,0.000000,0.384909,0.353567,0.423060,0.000000,0.000000
5ae362695542992f92d822af,0.356260,0.476761,0.445987,0.415464,0.382925,0.259844
5ae366585542990afbd1e12e,0.000000,0.528575,0.497325,0.466075,0.875000,0.310229
5ae366965542992e3233c3df,0.000000,0.517531,0.937500,0.459016,0.937500,0.309173
5ae368135542994393b9e6b2,0.000000,0.000000,0.472428,0.477719,0.412554,0.287955
5ae368f35542994393b9e6b6,0.000000,0.000000,0.000000,0.000000,0.000000,0.000000
5ae3692b5542994393b9e6b7,0.000000,0.561124,0.531433,0.500183,0.875000,0.342374
5ae372ce5542992e3233c406,0.000000,0.968750,0.454192,0.552404,0.968750,0.000000
5ae373215542994393b9e6c0,0.850000,0.893750,0.893750,0.360430,0.220660,0.812500
5ae375df5542994393b9e6d0,0.000000,0.000000,0.000000,0.188068,0.000000,0.000000
5ae379c45542992e3233c41a,0.000000,0.577497,0.545943,0.551863,0.481544,0.350924
5ae37dd35542992e3233c42c,0.356660,0.477629,0.446924,0.414316,0.383151,0.258193
5ae3847d5542992f92d822fe,0.291623,0.000000,0.511964,0.456028,0.508743,0.452594
5ae384d95542992e3233c434,0.850000,0.893750,0.937500,0.906250,0.968750,0.199350
5ae393d95542990afbd1e18b,0.000000,0.553592,0.000000,0.445229,0.409255,0.288979
5ae396cd5542994393b9e71c,0.326998,0.455837,0.000000,0.382935,0.473532,0.488317
5ae3a5a85542992f92d82323,0.255825,0.370893,0.444577,0.412934,0.381199,0.419293
5ae3a5e25542992f92d82324,0.000000,0.628707,0.597457,0.566207,0.534957,0.534957
5ae3a67f5542994393b9e733,0.381114,0.561540,0.475080,0.446972,0.421164,0.283999
5ae3a6d45542992e3233c441,0.000000,0.000000,0.862500,0.455110,0.423860,0.438757
5ae3b4325542990afbd1e1a9,0.000000,0.473471,0.411652,0.384803,0.000000,0.326942
5ae3b5415542991a06ce9a16,0.275091,0.318112,0.287272,0.355351,0.324152,0.675000
5ae3b91e5542992e3233c45b,0.850000,0.893750,0.937500,0.906250,0.968750,0.484783
5ae3bef95542991a06ce9a1a,0.357096,0.302186,0.000000,0.419924,0.383240,0.968750
5ae3c02c5542992e3233c474,0.530947,0.655466,0.624216,0.592966,0.655466,0.439277
5ae3ccb25542990afbd1e1dd,0.000000,0.000000,0.000000,0.000000,0.000000,0.000000
5ae3cf7e5542990afbd1e1e2,0.000000,0.580351,0.649101,0.617851,0.617851,0.649101
5ae3d7325542994393b9e782,0.000000,0.893750,0.937500,0.937500,0.968750,0.968750
5ae3db435542992f92d823a0,0.000000,0.000000,0.000000,0.000000,0.000000,0.000000
5ae3e0365542992e3233c495,0.000000,0.968750,0.000000,0.000000,0.000000,0.409375
5ae3e4315542994393b9e792,0.000000,0.000000,0.937500,0.484250,0.875000,0.490228
5ae3e6705542994393b9e7a6,0.000000,0.452650,0.514939,0.000000,0.875000,0.294576
5ae3edc95542995ad6573ca0,0.000000,0.000000,0.000000,0.000000,0.397124,0.000000
5ae3f0025542995ad6573cab,0.000000,0.000000,0.000000,0.325008,0.385653,0.320000
5ae3f0955542995ad6573cae,0.000000,0.000000,0.000000,0.000000,0.000000,0.000000
5ae3f14e5542995ad6573cb8,0.301483,0.464728,0.000000,0.461418,0.000000,0.207700
5ae3f2fe5542995ad6573ccf,0.000000,0.000000,0.589167,0.449901,0.000000,0.620417
5ae3f36c5542995ad6573cd4,0.374067,0.577841,0.000000,0.434313,0.437010,0.361030
5ae3fa885542995dadf2427e,0.364375,0.483295,0.448042,0.417337,0.391486,0.417882
5ae3fdc85542996836b02c05,0.000000,0.000000,0.000000,0.000000,0.000000,0.000000
5ae3ff985542995dadf242ae,0.000000,0.000000,0.521802,0.000000,0.000000,0.000000
5ae3ffae5542995dadf242b1,0.000000,0.000000,0.462346,0.468985,0.000000,0.331467
5ae400005542991a06ce9a47,0.000000,0.000000,0.401206,0.272111,0.368935,0.000000
5ae402975542995dadf242d0,0.000000,0.391390,0.000000,0.906250,0.000000,0.000000
5ae404e255429970de88d850,0.000000,0.968750,0.937500,0.806250,0.775000,0.750000
5ae4065b55429970de88d868,0.750000,0.000000,0.837500,0.475791,0.968750,0.750000
5ae4073b55429970de88d878,0.403956,0.518358,0.379201,0.436808,0.460515,0.441765
5ae4077355429970de88d87b,0.000000,0.339579,0.298493,0.000000,0.443441,0.000000
5ae407ae55429970de88d87f,0.000000,0.000000,0.000000,0.000000,0.406195,0.309231
5ae40ba25542996836b02c23,0.000000,0.496765,0.937500,0.906250,0.321159,0.000000
5ae40d9d5542996836b02c2a,0.000000,0.645530,0.000000,0.433529,0.551780,0.489280
5ae40e8e55429970de88d8c9,0.000000,0.303430,0.275753,0.315600,0.277143,0.000000
5ae416d555429970de88d8f3,0.000000,0.000000,0.507973,0.906250,0.412076,0.320473
5ae41b8c55429970de88d8fb,0.000000,0.576345,0.517783,0.379840,0.000000,0.000000
5ae42ea85542995ad6573d17,0.000000,0.000000,0.482657,0.000000,0.000000,0.000000
5ae4313855429970de88d90c,0.000000,0.527237,0.000000,0.000000,0.000000,0.293607
5ae431885542995ad6573d1a,0.000000,0.893750,0.937500,0.000000,0.906250,0.650000
5ae4378a55429970de88d912,0.000000,0.513888,0.458902,0.496738,0.583750,0.299908
5ae4388355429970de88d917,0.000000,0.000000,0.000000,0.000000,0.000000,0.000000
5ae4390b55429970de88d91a,0.371325,0.000000,0.469431,0.383681,0.365254,0.937500
5ae43a735542995dadf242f5,0.000000,0.537806,0.562527,0.000000,0.447525,0.937500
5ae43bd855429970de88d929,0.446455,0.591466,0.560216,0.565320,0.533446,0.340048
5ae450f75542995dadf2431a,0.268410,0.388649,0.392720,0.330694,0.396766,0.280281
5ae4518f5542995dadf2431d,0.000000,0.968750,0.440840,0.584590,0.553340,0.937500
5ae4539c5542996836b02c73,0.000000,0.000000,0.000000,0.000000,0.000000,0.000000
5ae469445542995ad6573d41,0.000000,0.434910,0.505229,0.482343,0.409091,0.488390
5ae46b085542995dadf24326,0.000000,0.000000,0.000000,0.000000,0.000000,0.000000
5ae46bd755429913cc20445b,0.000000,0.000000,0.000000,0.000000,0.000000,0.000000
5ae46d0755429913cc20445f,0.850000,0.893750,0.937500,0.414861,0.383611,0.258611
5ae4745e5542995dadf2433f,0.000000,0.968750,0.937500,0.000000,0.440296,0.750000
5ae475275542995dadf24341,0.000000,0.968750,0.937500,0.906250,0.412283,0.501155
5ae4799a55429970de88d97f,0.000000,0.525452,0.968750,0.893750,0.000000,0.279470
5ae47c065542996836b02cb7,0.252273,0.410101,0.290470,0.421621,0.321081,0.462498
5ae481b455429913cc204483,0.000000,0.968750,0.480041,0.455524,0.299616,0.750000
5ae496005542996836b02ce0,0.372452,0.492461,0.470445,0.430128,0.393155,0.286313
5ae497145542995dadf24362,0.357214,0.478306,0.446468,0.415826,0.414036,0.351879
5ae498055542996836b02ce3,0.000000,0.000000,0.000000,0.000000,0.000000,0.000000
5ae49e585542995ad6573dbe,0.253103,0.298413,0.271974,0.317361,0.287676,0.317642
5ae4a06955429970de88d9e3,0.000000,0.000000,0.641428,0.556250,0.563571,0.419100
5ae4a18d5542995dadf24382,0.000000,0.493270,0.476845,0.433133,0.497857,0.288143
5ae4a27955429970de88d9e8,0.410974,0.448916,0.418085,0.862500,0.800000,0.451903
5ae4a3355542995ad6573de7,0.332360,0.462456,0.488912,0.432198,0.511707,0.000000
5ae4b8105542995ad6573e2b,0.000000,0.000000,0.000000,0.000000,0.000000,0.000000
5ae4b9335542995ad6573e2d,0.000000,0.693036,0.661786,0.630536,0.693036,0.661786
5ae4bc7455429960a22e0185,0.000000,0.968750,0.504693,0.489368,0.937500,0.812500
5ae4be4055429960a22e019a,0.370450,0.490170,0.365016,0.452121,0.417339,0.473235
5ae4c1975542996836b02d16,0.000000,0.706750,0.675500,0.470595,0.513000,0.550500
5ae4c2355542995dadf243e8,0.850000,0.484516,0.488165,0.320643,0.937500,0.287485
5ae4c31f55429960a22e01c1,0.750000,0.968750,0.937500,0.806250,0.875000,0.937500
5ae4c53c55429960a22e01d3,0.254201,0.299405,0.368140,0.336711,0.398980,0.401709
5ae4c5be5542996836b02d1e,0.362219,0.000000,0.000000,0.237825,0.000000,0.000000
5ae4c7675542996836b02d25,0.380001,0.432557,0.394487,0.341821,0.338454,0.181169
5ae4cb0b55429960a22e01e7,0.000000,0.000000,0.000000,0.436447,0.405106,0.286755
5ae4d23555429960a22e01f5,0.000000,0.000000,0.000000,0.440642,0.000000,0.297309
5ae4d41355429908b6326488,0.000000,0.000000,0.000000,0.000000,0.000000,0.000000
5ae4e4275542990ba0bbb18d,0.000000,0.000000,0.000000,0.450943,0.000000,0.000000
5ae4ebbc5542993aec5ec0f0,0.460723,0.582303,0.551053,0.462201,0.585357,0.288553
5ae4ec6a55429908b63264bc,0.000000,0.000000,0.345076,0.000000,0.345076,0.223214
5ae4ee1655429908b63264bf,0.000000,0.402289,0.000000,0.000000,0.404206,0.360682
5ae4f04255429913cc204537,0.000000,0.000000,0.472220,0.329432,0.297159,0.567500
5ae4f3c25542990ba0bbb1ac,0.000000,0.000000,0.000000,0.000000,0.000000,0.000000
5ae4f5bf55429913cc20453e,0.304034,0.560710,0.478299,0.502105,0.482205,0.306415
5ae4feae55429908b63264d2,0.263843,0.478303,0.447269,0.417102,0.387427,0.263411
5ae4feba55429913cc204561,0.375247,0.000000,0.459816,0.358725,0.421580,0.273765
5ae4ff4755429913cc204564,0.407329,0.422612,0.444002,0.467819,0.366953,0.432012
5ae5033e55429960a22e023a,0.261490,0.478503,0.451971,0.415777,0.384738,0.448918
5ae5062755429913cc204575,0.000000,0.000000,0.937500,0.468547,0.875000,0.000000
5ae50e0255429908b63264fb,0.374991,0.968750,0.937500,0.831250,0.937500,0.199991
5ae5170655429908b632651a,0.000000,0.411079,0.379706,0.416093,0.477139,0.489590
5ae517cd5542993aec5ec135,0.000000,0.488917,0.462459,0.906250,0.875000,0.495167
5ae51b005542993aec5ec144,0.000000,0.968750,0.968750,0.409777,0.875000,0.937500
5ae51c7b5542993aec5ec14b,0.416243,0.431311,0.513640,0.451863,0.422451,0.323274
5ae5230b5542990ba0bbb1c4,0.389140,0.000000,0.000000,0.906250,0.000000,0.843750
5ae523d65542990ba0bbb1c7,0.000000,0.000000,0.000000,0.000000,0.000000,0.000000
5ae526945542992663a4f122,0.000000,0.000000,0.000000,0.335561,0.000000,0.000000
5ae52b2f5542993aec5ec171,0.000000,0.507035,0.937500,0.906250,0.968750,0.750000
5ae52ea65542992663a4f13e,0.000000,0.000000,0.511783,0.464976,0.468750,0.375000
5ae52f495542992663a4f142,0.000000,0.000000,0.000000,0.906250,0.467441,0.000000
5ae534f35542990ba0bbb21e,0.000000,0.968750,0.496226,0.464976,0.875000,0.843750
5ae53a5755429908b632658a,0.000000,0.584957,0.000000,0.473694,0.471974,0.337391
5ae543a755429960a22e02a5,0.000000,0.306571,0.279942,0.249543,0.287500,0.337500
5ae543d05542990ba0bbb247,0.000000,0.000000,0.000000,0.000000,0.000000,0.000000
5ae54a905542990ba0bbb25d,0.000000,0.000000,0.000000,0.000000,0.000000,0.000000
5ae54e1d5542990ba0bbb26c,0.000000,0.393827,0.362969,0.433750,0.875000,0.750000
5ae54e2a55429908b63265d2,0.256881,0.403315,0.274384,0.239705,0.206114,0.083509
5ae550c05542992663a4f1c8,0.000000,0.387833,0.364115,0.000000,0.413300,0.178034
5ae5512555429908b63265d8,0.384275,0.493744,0.476379,0.458347,0.424294,0.297471
5ae558ad5542992663a4f1d7,0.000000,0.968750,0.488232,0.356982,0.519612,0.538068
5ae5592755429908b63265ea,0.000000,0.000000,0.000000,0.906250,0.496894,0.560840
5ae55c505542992663a4f1e5,0.000000,0.000000,0.000000,0.000000,0.000000,0.000000
5ae55f255542990ba0bbb290,0.000000,0.000000,0.483818,0.338427,0.522613,0.566250
5ae55f8d55429908b63265f7,0.000000,0.000000,0.000000,0.000000,0.285949,0.336400
5ae5661d55429960a22e02ea,0.000000,0.000000,0.000000,0.000000,0.000000,0.212156
5ae56b615542993aec5ec1a6,0.000000,0.512259,0.937500,0.906250,0.875000,0.000000
5ae56d31554299546bf82ed7,0.000000,0.655444,0.624194,0.454379,0.875000,0.526667
5ae56e705542990ba0bbb2a7,0.000000,0.466672,0.419997,0.000000,0.000000,0.000000
5ae57042554299546bf82edd,0.000000,0.968750,0.937500,0.806250,0.937500,0.937500
5ae572da554299546bf82ee1,0.000000,0.626705,0.937500,0.906250,0.937500,0.937500
5ae57a62554299546bf82ee5,0.000000,0.586465,0.000000,0.570536,0.000000,0.655215
5ae57ebc554299546bf82ee8,0.000000,0.000000,0.000000,0.000000,0.000000,0.000000
5ae5833e554299546bf82eec,0.000000,0.547981,0.516095,0.906250,0.000000,0.750000
5ae5a54f554299546bf82f02,0.000000,0.000000,0.000000,0.000000,0.000000,0.000000
5ae5aa25554299546bf82f12,0.320810,0.000000,0.000000,0.502975,0.000000,0.000000
5ae5b60d5542990ba0bbb2bf,0.000000,0.000000,0.000000,0.000000,0.000000,0.000000
5ae5bea85542992663a4f214,0.000000,0.968750,0.937500,0.906250,0.937500,0.968750
5ae5caa6554299546bf82f67,0.000000,0.968750,0.476368,0.906250,0.875000,0.906250
5ae5cde95542992663a4f228,0.000000,0.000000,0.000000,0.000000,0.000000,0.000000
5ae5cf465542992663a4f229,0.404733,0.466992,0.415571,0.509040,0.000000,0.407622
5ae5d0185542996de7b71a23,0.000000,0.000000,0.937500,0.906250,0.906250,0.650000
5ae5d0f455429929b08079b7,0.000000,0.968750,0.562500,0.906250,0.305490,0.968750
5ae5d2db554299546bf82f87,0.502857,0.546607,0.590357,0.559107,0.452857,0.590357
5ae5d33a554299546bf82f89,0.000000,0.968750,0.523940,0.347735,0.404555,0.650000
5ae5d4f55542996de7b71a2a,0.000000,0.000000,0.000000,0.000000,0.000000,0.000000
5ae5d8015542993aec5ec1e2,0.000000,0.000000,0.000000,0.413259,0.000000,0.000000
5ae5d906554299546bf82f9e,0.000000,0.968750,0.000000,0.000000,0.875000,0.712500
5ae5da325542993aec5ec1e6,0.360164,0.485174,0.456811,0.418885,0.394311,0.269311
5ae5dcf45542996de7b71a31,0.000000,0.000000,0.000000,0.359277,0.000000,0.173306
5ae5de5e554299546bf82fa7,0.271801,0.492232,0.468222,0.320847,0.298062,0.169452
5ae5e0865542996de7b71a48,0.000000,0.893750,0.937500,0.906250,0.906250,0.750000
5ae5e10f5542996de7b71a4e,0.000000,0.000000,0.550530,0.580037,0.475309,0.350309
5ae5e11b5542996de7b71a4f,0.000000,0.000000,0.000000,0.000000,0.906250,0.937500
5ae5e70a55429929b0807a0c,0.000000,0.555278,0.000000,0.424181,0.469580,0.370277
5ae5ea00554299546bf82fc9,0.000000,0.968750,0.937500,0.368350,0.397870,0.547324
5ae5fd62554299546bf83000,0.000000,0.448036,0.000000,0.267050,0.700000,0.449255
5ae5fe42554299546bf83003,0.000000,0.523567,0.565466,0.570461,0.527677,0.542275
5ae6032f55429929b0807a53,0.000000,0.446641,0.937500,0.906250,0.875000,0.315393
5ae608c05542992663a4f245,0.000000,0.498170,0.465430,0.434568,0.397990,0.275204
5ae60a2d5542996de7b71b0b,0.000000,0.000000,0.573259,0.000000,0.000000,0.650000
5ae60b3755429929b0807aac,0.467500,0.893750,0.564615,0.906250,0.775000,0.489615
5ae60d0055429929b0807ab5,0.359275,0.477367,0.448729,0.415418,0.476553,0.581250
5ae616075542996de7b71b42,0.000000,0.000000,0.937500,0.906250,0.000000,0.781250
5ae617ef5542995703ce8af5,0.000000,0.000000,0.513995,0.482745,0.405607,0.280556
5ae618975542996de7b71b58,0.000000,0.000000,0.000000,0.542457,0.402292,0.296303
5ae6190c5542996de7b71b5a,0.000000,0.450298,0.000000,0.499271,0.000000,0.239474
5ae619315542992663a4f260,0.000000,0.443817,0.000000,0.000000,0.439530,0.314530
5ae622ec5542992ae0d1623c,0.411250,0.403365,0.510943,0.441559,0.440992,0.331214
5ae6273f55429929b0807ae4,0.000000,0.000000,0.000000,0.689435,0.470764,0.000000
5ae62b2d5542992ae0d1625b,0.000000,0.968750,0.937500,0.906250,0.521831,0.937500
5ae6326a5542992ae0d16276,0.268664,0.000000,0.000000,0.000000,0.000000,0.000000
5ae632da5542992ae0d1627b,0.000000,0.893750,0.555840,0.470380,0.460434,0.587090
5ae63b5c55429908198fa528,0.283500,0.000000,0.000000,0.346820,0.457060,0.360105
5ae63e7955429908198fa53e,0.000000,0.968750,0.937500,0.968750,0.875000,0.937500
5ae63e8a55429908198fa53f,0.000000,0.000000,0.000000,0.377225,0.000000,0.000000
5ae643c355429929b0807b16,0.000000,0.893750,0.862500,0.449398,0.524574,0.000000
5ae6460d5542992ae0d162ac,0.396545,0.893750,0.937500,0.444464,0.875000,0.283771
5ae64aa755429908198fa577,0.000000,0.000000,0.000000,0.329441,0.000000,0.185705
5ae64bd055429908198fa57b,0.361420,0.968750,0.937500,0.906250,0.875000,0.368705
5ae6538655429908198fa58c,0.372402,0.968750,0.000000,0.906250,0.875000,0.000000
5ae655f55542992ae0d162dd,0.000000,0.000000,0.655182,0.623932,0.592682,0.686432
5ae65ab25542996d980e7b05,0.000000,0.000000,0.000000,0.448184,0.000000,0.269715
5ae65d5f5542992ae0d162fd,0.000000,0.968750,0.000000,0.000000,0.875000,0.273744
5ae65ed755429908198fa5b0,0.000000,0.000000,0.000000,0.000000,0.000000,0.000000
5ae6617f5542996d980e7b35,0.000000,0.000000,0.000000,0.000000,0.000000,0.000000
5ae664285542991bbc9760c6,0.000000,0.543615,0.000000,0.472834,0.441762,0.303923
5ae666f25542992ae0d1632c,0.000000,0.000000,0.862500,0.906250,0.862500,0.750000
5ae6697e55429908198fa5c5,0.850000,0.968750,0.427885,0.906250,0.875000,0.937500
5ae66cf25542992ae0d16344,0.000000,0.893750,0.937500,0.906250,0.906250,0.280660
5ae67e725542996d980e7b91,0.000000,0.505000,0.473750,0.517500,0.433689,0.443269
5ae67ee35542991bbc9760f8,0.000000,0.000000,0.000000,0.000000,0.000000,0.000000
5ae683405542996d980e7bc2,0.000000,0.000000,0.937500,0.906250,0.875000,0.750000
5ae686025542996d980e7bdb,0.000000,0.000000,0.000000,0.481572,0.875000,0.000000
5ae686a75542995703ce8b73,0.000000,0.000000,0.553112,0.000000,0.298726,0.395359
5ae68a1e5542996d980e7bf4,0.000000,0.000000,0.659075,0.236685,0.627825,0.527825
5ae691fd5542992ae0d16360,0.000000,0.000000,0.463180,0.906250,0.000000,0.937500
5ae692815542992ae0d16361,0.000000,0.000000,0.375302,0.000000,0.326417,0.204770
5ae692bf5542992ae0d16362,0.000000,0.000000,0.534160,0.247470,0.476281,0.812500
5ae694a65542991bbc976142,0.750000,0.344204,0.862500,0.000000,0.893750,0.937500
5ae694f455429908198fa63b,0.000000,0.545221,0.414500,0.478544,0.490355,0.521522
5ae697425542996d980e7c28,0.000000,0.000000,0.000000,0.000000,0.000000,0.264367
5ae69f655542996d980e7c65,0.000000,0.000000,0.000000,0.000000,0.000000,0.000000
5ae6a6a85542996d980e7c6d,0.000000,0.000000,0.000000,0.314224,0.346855,0.000000
5ae6aa4d5542995703ce8b86,0.000000,0.000000,0.508926,0.000000,0.446426,0.479179
5ae6aa7f5542995703ce8b88,0.000000,0.000000,0.000000,0.000000,0.000000,0.000000
5ae6d46c5542991bbc976180,0.394993,0.000000,0.000000,0.000000,0.538682,0.000000
5ae6d6e75542991bbc976183,0.273697,0.968750,0.602853,0.540353,0.474890,0.301450
5ae6ddb55542996d980e7ca1,0.000000,0.000000,0.368025,0.000000,0.000000,0.000000
5ae6deb35542991bbc976191,0.000000,0.968750,0.968750,0.000000,0.906250,0.968750
5ae6ffd5554299572ea54675,0.341842,0.485592,0.354342,0.498092,0.466842,0.271906
5ae70f035542991bbc9761b1,0.850000,0.968750,0.968750,0.434265,0.775000,0.968750
5ae712e45542995703ce8bc8,0.750000,0.968750,0.862500,0.968750,0.906250,0.906250
5ae718ef554299572ea546d8,0.850000,0.893750,0.376909,0.448813,0.517822,0.650000
5ae71b9b554299572ea546e7,0.000000,0.319649,0.458822,0.428430,0.399615,0.906250
5ae721125542996d980e7cb7,0.000000,0.968750,0.937500,0.000000,0.937500,0.750000
5ae722ba5542992ae0d163b0,0.276691,0.000000,0.467177,0.000000,0.000000,0.541827
5ae728e05542991bbc9761b9,0.378135,0.968750,0.242285,0.906250,0.437000,0.875000
5ae72b665542991e8301cb7e,0.000000,0.466275,0.521303,0.432034,0.000000,0.650000
5ae72cba554299572ea54758,0.000000,0.000000,0.000000,0.000000,0.000000,0.225321
5ae72cf35542991e8301cb96,0.000000,0.000000,0.000000,0.000000,0.000000,0.000000
5ae72e005542991e8301cba4,0.000000,0.501548,0.000000,0.000000,0.404242,0.270114
5ae734fb5542991e8301cbd7,0.000000,0.352864,0.937500,0.831250,0.494159,0.534946
5ae737cc5542991e8301cbea,0.000000,0.434882,0.274202,0.000000,0.290757,0.266118
5ae73ab75542991e8301cc05,0.000000,0.546202,0.339952,0.343678,0.384481,0.327885
5ae73b795542991e8301cc10,0.000000,0.000000,0.335846,0.573355,0.375918,0.602788
5ae73ce55542991e8301cc25,0.000000,0.534146,0.560682,0.471646,0.437170,0.798214
5ae7441f5542997b22f6a661,0.000000,0.968750,0.000000,0.906250,0.906250,0.750000
5ae746445542991bbc9761d0,0.750000,0.491312,0.470001,0.432417,0.000000,0.268959
5ae749505542997b22f6a678,0.000000,0.000000,0.000000,0.000000,0.316779,0.327083
5ae74c075542997b22f6a693,0.000000,0.945673,0.396610,0.883173,0.875000,0.309288
5ae74fb45542997b22f6a6b1,0.000000,0.968750,0.441667,0.426560,0.423896,0.375688
5ae74feb5542997b22f6a6b5,0.276487,0.000000,0.418172,0.461922,0.800000,0.000000
5ae750265542995703ce8bde,0.000000,0.587090,0.457980,0.000000,0.630840,0.000000
5ae750265542997b22f6a6b7,0.000000,0.968750,0.937500,0.538024,0.775000,0.290254
5ae751415542995703ce8be3,0.288761,0.340994,0.389771,0.444643,0.403844,0.750000
5ae751b45542997b22f6a6c8,0.000000,0.968750,0.000000,0.906250,0.875000,0.750000
5ae75d9b5542997b22f6a6fd,0.000000,0.000000,0.000000,0.937500,0.875000,0.750000
5ae75e0f5542991bbc9761ff,0.000000,0.466964,0.387500,0.356250,0.322470,0.244032
5ae75e715542991bbc976200,0.000000,0.000000,0.000000,0.000000,0.000000,0.000000
5ae763015542997ec2727629,0.750000,0.968750,0.937500,0.906250,0.968750,0.937500
5ae764ac5542997b22f6a721,0.000000,0.893750,0.862500,0.831250,0.375618,0.302647
5ae7651e5542991e8301cc83,0.000000,0.000000,0.000000,0.000000,0.000000,0.000000
5ae773565542997b22f6a774,0.000000,0.686461,0.568000,0.597345,0.686461,0.498101
5ae7739855429952e35ea918,0.750000,0.968750,0.937500,0.906250,0.875000,0.514348
5ae775f1554299572ea547bf,0.000000,0.595130,0.000000,0.431146,0.937500,0.502321
5ae77824554299540e5a55b9,0.000000,0.968750,0.000000,0.906250,0.875000,0.781250
5ae778415542997ec2727665,0.000000,0.000000,0.000000,0.000000,0.000000,0.000000
5ae77aff55429952e35ea937,0.000000,0.000000,0.000000,0.000000,0.000000,0.000000
5ae7814055429952e35ea950,0.000000,0.404276,0.000000,0.235118,0.321099,0.219209
5ae7837255429952e35ea95b,0.000000,0.893750,0.937500,0.443553,0.452941,0.187303
5ae784275542994a481bbd30,0.000000,0.000000,0.000000,0.444239,0.459307,0.323356
5ae788f05542994a481bbd76,0.000000,0.000000,0.000000,0.000000,0.000000,0.000000
5ae789275542997ec2727694,0.000000,0.489809,0.000000,0.000000,0.000000,0.282721
5ae789645542994a481bbd7c,0.000000,0.000000,0.000000,0.000000,0.000000,0.000000
5ae78b085542994a481bbd89,0.000000,0.893750,0.862500,0.862500,0.893750,0.893750
5ae78e17554299540e5a5600,0.000000,0.394689,0.364959,0.562667,0.422039,0.358488
5ae78f9d5542994a481bbda4,0.000000,0.000000,0.000000,0.267763,0.000000,0.404383
5ae794d15542997ec27276a9,0.000000,0.000000,0.000000,0.354432,0.322895,0.197895
5ae798725542997ec27276b3,0.000000,0.542277,0.478989,0.547739,0.448527,0.391489
5ae79b8d5542997ec27276b6,0.373876,0.322788,0.511307,0.352639,0.348807,0.175204
5ae79d065542997ec27276bc,0.000000,0.000000,0.837500,0.000000,0.000000,0.000000
5ae7a44b5542993210983ec5,0.000000,0.968750,0.968750,0.906250,0.875000,0.750000
5ae7aa8755429952e35ea9b1,0.000000,0.000000,0.000000,0.000000,0.000000,0.000000
5ae7ad4055429952e35ea9b8,0.000000,0.968750,0.378177,0.906250,0.968750,0.643421
5ae7b15e5542993210983ef8,0.000000,0.635356,0.493017,0.000000,0.433287,0.499518
5ae7b1df554299540e5a564c,0.000000,0.893750,0.937500,0.463341,0.906250,0.354669
5ae7b7b45542994a481bbdc4,0.000000,0.968750,0.000000,0.906250,0.937500,0.968750
5ae7ba115542993210983f0f,0.000000,0.677090,0.645840,0.532538,0.968750,0.968750
5ae7bb0b5542993210983f17,0.000000,0.723487,0.692237,0.660987,0.629737,0.629737
5ae7bf4d5542993210983f2f,0.000000,0.000000,0.404545,0.467660,0.875000,0.000000
5ae7c4375542993210983f3e,0.391083,0.432188,0.490723,0.369688,0.461922,0.459725
5ae7cc065542994a481bbde3,0.000000,0.000000,0.937500,0.463733,0.463733,0.750000
5ae7d535554299540e5a565a,0.000000,0.000000,0.000000,0.000000,0.453569,0.812500
5ae7e73655429952e35ea9d8,0.000000,0.000000,0.000000,0.000000,0.000000,0.000000
5ae7e8a05542994a481bbe02,0.850000,0.968750,0.937500,0.468914,0.968750,0.937500
5ae7eb425542994a481bbe21,0.000000,0.893750,0.862500,0.906250,0.341582,0.875000
5ae7eb925542994a481bbe26,0.000000,0.968750,0.471214,0.320378,0.893750,0.893750
5ae7eba4554299540e5a5697,0.000000,0.958036,0.376387,0.431790,0.764286,0.266400
5ae7ebb05542994a481bbe27,0.000000,0.968750,0.937500,0.937500,0.875000,0.937500
5ae7ec2b5542994a481bbe2c,0.000000,0.000000,0.000000,0.000000,0.000000,0.282337
5ae7edd4554299540e5a56ab,0.000000,0.513943,0.372222,0.446584,0.478298,0.300810
5ae7ee915542993210983fc3,0.000000,0.968750,0.937500,0.906250,0.433584,0.346237
5ae7ee9255429952e35ea9e7,0.000000,0.893750,0.300508,0.456844,0.875000,0.762500
5ae7fa625542994a481bbe5b,0.000000,0.000000,0.594327,0.397910,0.531827,0.414423
5ae7fc295542993210983ffe,0.000000,0.000000,0.492500,0.461250,0.000000,0.461250
5ae7ff155542994a481bbe6c,0.000000,0.000000,0.605137,0.000000,0.000000,0.342637
5ae802d55542993210984032,0.365212,0.489085,0.459157,0.426658,0.937500,0.906250
5ae804355542994a481bbe83,0.389187,0.510966,0.385667,0.461719,0.340567,0.317903
5ae8072f5542994a481bbe8f,0.000000,0.968750,0.505276,0.517700,0.447110,0.412341
5ae8197055429952e35eaa15,0.000000,0.968750,0.937500,0.370633,0.906250,0.504748
5ae822ce5542997ec272772b,0.000000,0.618750,0.937500,0.484047,0.447959,0.000000
5ae830225542997ec2727754,0.000000,0.000000,0.000000,0.000000,0.000000,0.000000
5ae834635542997ec2727766,0.000000,0.550070,0.937500,0.487570,0.381320,0.750000
5ae836d05542997ec2727773,0.000000,0.531483,0.606600,0.906250,0.875000,0.515607
5ae8381e5542997ec2727779,0.000000,0.000000,0.937500,0.000000,0.875000,0.750000
5ae8455b5542997ec2727789,0.000000,0.968750,0.000000,0.906250,0.875000,0.750000
