timestamp, index, memory.used [MiB], memory.total [MiB], utilization.gpu [%]
2026/07/04 04:06:04.506, 0, 0 MiB, 81920 MiB, 0 %
2026/07/04 04:06:04.512, 1, 0 MiB, 81920 MiB, 0 %
2026/07/04 04:06:04.518, 2, 0 MiB, 81920 MiB, 0 %
2026/07/04 04:06:04.523, 3, 0 MiB, 81920 MiB, 0 %
2026/07/04 04:06:04.528, 4, 0 MiB, 81920 MiB, 0 %
2026/07/04 04:06:04.533, 5, 0 MiB, 81920 MiB, 0 %
2026/07/04 04:06:04.538, 6, 0 MiB, 81920 MiB, 0 %
2026/07/04 04:06:04.543, 7, 0 MiB, 81920 MiB, 0 %
2026/07/04 04:06:14.549, 0, 0 MiB, 81920 MiB, 0 %
2026/07/04 04:06:14.589, 1, 0 MiB, 81920 MiB, 0 %
2026/07/04 04:06:14.590, 2, 0 MiB, 81920 MiB, 0 %
2026/07/04 04:06:14.590, 3, 0 MiB, 81920 MiB, 0 %
2026/07/04 04:06:14.590, 4, 0 MiB, 81920 MiB, 0 %
2026/07/04 04:06:14.590, 5, 0 MiB, 81920 MiB, 0 %
2026/07/04 04:06:14.591, 6, 0 MiB, 81920 MiB, 0 %
2026/07/04 04:06:14.591, 7, 0 MiB, 81920 MiB, 0 %
2026/07/04 04:06:24.592, 0, 14935 MiB, 81920 MiB, 0 %
2026/07/04 04:06:24.593, 1, 0 MiB, 81920 MiB, 0 %
2026/07/04 04:06:24.593, 2, 0 MiB, 81920 MiB, 0 %
2026/07/04 04:06:24.594, 3, 0 MiB, 81920 MiB, 0 %
2026/07/04 04:06:24.594, 4, 0 MiB, 81920 MiB, 0 %
2026/07/04 04:06:24.594, 5, 0 MiB, 81920 MiB, 0 %
2026/07/04 04:06:24.594, 6, 0 MiB, 81920 MiB, 0 %
2026/07/04 04:06:24.595, 7, 0 MiB, 81920 MiB, 0 %
2026/07/04 04:06:34.595, 0, 14935 MiB, 81920 MiB, 0 %
2026/07/04 04:06:34.596, 1, 0 MiB, 81920 MiB, 0 %
2026/07/04 04:06:34.596, 2, 0 MiB, 81920 MiB, 0 %
2026/07/04 04:06:34.596, 3, 0 MiB, 81920 MiB, 0 %
2026/07/04 04:06:34.596, 4, 0 MiB, 81920 MiB, 0 %
2026/07/04 04:06:34.597, 5, 0 MiB, 81920 MiB, 0 %
2026/07/04 04:06:34.597, 6, 0 MiB, 81920 MiB, 0 %
2026/07/04 04:06:34.597, 7, 0 MiB, 81920 MiB, 0 %
2026/07/04 04:06:44.598, 0, 14941 MiB, 81920 MiB, 77 %
2026/07/04 04:06:44.598, 1, 0 MiB, 81920 MiB, 0 %
2026/07/04 04:06:44.599, 2, 0 MiB, 81920 MiB, 0 %
2026/07/04 04:06:44.599, 3, 0 MiB, 81920 MiB, 0 %
2026/07/04 04:06:44.599, 4, 0 MiB, 81920 MiB, 0 %
2026/07/04 04:06:44.599, 5, 0 MiB, 81920 MiB, 0 %
2026/07/04 04:06:44.600, 6, 0 MiB, 81920 MiB, 0 %
2026/07/04 04:06:44.600, 7, 0 MiB, 81920 MiB, 0 %
2026/07/04 04:06:54.601, 0, 14943 MiB, 81920 MiB, 0 %
2026/07/04 04:06:54.601, 1, 0 MiB, 81920 MiB, 0 %
2026/07/04 04:06:54.602, 2, 0 MiB, 81920 MiB, 0 %
2026/07/04 04:06:54.602, 3, 0 MiB, 81920 MiB, 0 %
2026/07/04 04:06:54.602, 4, 0 MiB, 81920 MiB, 0 %
2026/07/04 04:06:54.602, 5, 0 MiB, 81920 MiB, 0 %
2026/07/04 04:06:54.603, 6, 0 MiB, 81920 MiB, 0 %
2026/07/04 04:06:54.603, 7, 0 MiB, 81920 MiB, 0 %
2026/07/04 04:07:04.604, 0, 14953 MiB, 81920 MiB, 0 %
2026/07/04 04:07:04.604, 1, 0 MiB, 81920 MiB, 0 %
2026/07/04 04:07:04.605, 2, 0 MiB, 81920 MiB, 0 %
2026/07/04 04:07:04.605, 3, 0 MiB, 81920 MiB, 0 %
2026/07/04 04:07:04.605, 4, 0 MiB, 81920 MiB, 0 %
2026/07/04 04:07:04.605, 5, 0 MiB, 81920 MiB, 0 %
2026/07/04 04:07:04.606, 6, 0 MiB, 81920 MiB, 0 %
2026/07/04 04:07:04.606, 7, 0 MiB, 81920 MiB, 0 %
2026/07/04 04:07:14.607, 0, 14953 MiB, 81920 MiB, 0 %
2026/07/04 04:07:14.607, 1, 0 MiB, 81920 MiB, 0 %
2026/07/04 04:07:14.608, 2, 0 MiB, 81920 MiB, 0 %
2026/07/04 04:07:14.608, 3, 0 MiB, 81920 MiB, 0 %
2026/07/04 04:07:14.608, 4, 0 MiB, 81920 MiB, 0 %
2026/07/04 04:07:14.608, 5, 0 MiB, 81920 MiB, 0 %
2026/07/04 04:07:14.609, 6, 0 MiB, 81920 MiB, 0 %
2026/07/04 04:07:14.609, 7, 0 MiB, 81920 MiB, 0 %
2026/07/04 04:07:24.610, 0, 14953 MiB, 81920 MiB, 0 %
2026/07/04 04:07:24.610, 1, 0 MiB, 81920 MiB, 0 %
2026/07/04 04:07:24.611, 2, 0 MiB, 81920 MiB, 0 %
2026/07/04 04:07:24.611, 3, 0 MiB, 81920 MiB, 0 %
2026/07/04 04:07:24.611, 4, 0 MiB, 81920 MiB, 0 %
2026/07/04 04:07:24.611, 5, 0 MiB, 81920 MiB, 0 %
2026/07/04 04:07:24.612, 6, 0 MiB, 81920 MiB, 0 %
2026/07/04 04:07:24.612, 7, 0 MiB, 81920 MiB, 0 %
2026/07/04 04:07:34.613, 0, 14953 MiB, 81920 MiB, 0 %
2026/07/04 04:07:34.613, 1, 0 MiB, 81920 MiB, 0 %
2026/07/04 04:07:34.614, 2, 0 MiB, 81920 MiB, 0 %
2026/07/04 04:07:34.614, 3, 0 MiB, 81920 MiB, 0 %
2026/07/04 04:07:34.614, 4, 0 MiB, 81920 MiB, 0 %
2026/07/04 04:07:34.614, 5, 0 MiB, 81920 MiB, 0 %
2026/07/04 04:07:34.615, 6, 0 MiB, 81920 MiB, 0 %
2026/07/04 04:07:34.615, 7, 0 MiB, 81920 MiB, 0 %
2026/07/04 04:07:44.616, 0, 14953 MiB, 81920 MiB, 0 %
2026/07/04 04:07:44.616, 1, 0 MiB, 81920 MiB, 0 %
2026/07/04 04:07:44.616, 2, 0 MiB, 81920 MiB, 0 %
2026/07/04 04:07:44.617, 3, 0 MiB, 81920 MiB, 0 %
2026/07/04 04:07:44.617, 4, 0 MiB, 81920 MiB, 0 %
2026/07/04 04:07:44.617, 5, 0 MiB, 81920 MiB, 0 %
2026/07/04 04:07:44.617, 6, 0 MiB, 81920 MiB, 0 %
2026/07/04 04:07:44.617, 7, 0 MiB, 81920 MiB, 0 %
2026/07/04 04:07:54.618, 0, 14953 MiB, 81920 MiB, 0 %
2026/07/04 04:07:54.618, 1, 0 MiB, 81920 MiB, 0 %
2026/07/04 04:07:54.619, 2, 0 MiB, 81920 MiB, 0 %
2026/07/04 04:07:54.619, 3, 0 MiB, 81920 MiB, 0 %
2026/07/04 04:07:54.619, 4, 0 MiB, 81920 MiB, 0 %
2026/07/04 04:07:54.620, 5, 0 MiB, 81920 MiB, 0 %
2026/07/04 04:07:54.620, 6, 0 MiB, 81920 MiB, 0 %
2026/07/04 04:07:54.620, 7, 0 MiB, 81920 MiB, 0 %
2026/07/04 04:08:04.621, 0, 14955 MiB, 81920 MiB, 63 %
2026/07/04 04:08:04.621, 1, 0 MiB, 81920 MiB, 0 %
2026/07/04 04:08:04.622, 2, 0 MiB, 81920 MiB, 0 %
2026/07/04 04:08:04.622, 3, 0 MiB, 81920 MiB, 0 %
2026/07/04 04:08:04.622, 4, 0 MiB, 81920 MiB, 0 %
2026/07/04 04:08:04.622, 5, 0 MiB, 81920 MiB, 0 %
2026/07/04 04:08:04.623, 6, 0 MiB, 81920 MiB, 0 %
2026/07/04 04:08:04.623, 7, 0 MiB, 81920 MiB, 0 %
2026/07/04 04:08:14.624, 0, 14955 MiB, 81920 MiB, 0 %
2026/07/04 04:08:14.624, 1, 0 MiB, 81920 MiB, 0 %
2026/07/04 04:08:14.625, 2, 0 MiB, 81920 MiB, 0 %
2026/07/04 04:08:14.625, 3, 0 MiB, 81920 MiB, 0 %
2026/07/04 04:08:14.625, 4, 0 MiB, 81920 MiB, 0 %
2026/07/04 04:08:14.625, 5, 0 MiB, 81920 MiB, 0 %
2026/07/04 04:08:14.626, 6, 0 MiB, 81920 MiB, 0 %
2026/07/04 04:08:14.626, 7, 0 MiB, 81920 MiB, 0 %
2026/07/04 04:08:24.627, 0, 14955 MiB, 81920 MiB, 77 %
2026/07/04 04:08:24.627, 1, 0 MiB, 81920 MiB, 0 %
2026/07/04 04:08:24.627, 2, 0 MiB, 81920 MiB, 0 %
2026/07/04 04:08:24.628, 3, 0 MiB, 81920 MiB, 0 %
2026/07/04 04:08:24.628, 4, 0 MiB, 81920 MiB, 0 %
2026/07/04 04:08:24.628, 5, 0 MiB, 81920 MiB, 0 %
2026/07/04 04:08:24.628, 6, 0 MiB, 81920 MiB, 0 %
2026/07/04 04:08:24.629, 7, 0 MiB, 81920 MiB, 0 %
2026/07/04 04:08:34.629, 0, 14955 MiB, 81920 MiB, 0 %
2026/07/04 04:08:34.630, 1, 0 MiB, 81920 MiB, 0 %
2026/07/04 04:08:34.630, 2, 0 MiB, 81920 MiB, 0 %
2026/07/04 04:08:34.630, 3, 0 MiB, 81920 MiB, 0 %
2026/07/04 04:08:34.631, 4, 0 MiB, 81920 MiB, 0 %
2026/07/04 04:08:34.631, 5, 0 MiB, 81920 MiB, 0 %
2026/07/04 04:08:34.631, 6, 0 MiB, 81920 MiB, 0 %
2026/07/04 04:08:34.632, 7, 0 MiB, 81920 MiB, 0 %
2026/07/04 04:08:44.632, 0, 14955 MiB, 81920 MiB, 61 %
2026/07/04 04:08:44.633, 1, 0 MiB, 81920 MiB, 0 %
2026/07/04 04:08:44.633, 2, 0 MiB, 81920 MiB, 0 %
2026/07/04 04:08:44.633, 3, 0 MiB, 81920 MiB, 0 %
2026/07/04 04:08:44.634, 4, 0 MiB, 81920 MiB, 0 %
2026/07/04 04:08:44.634, 5, 0 MiB, 81920 MiB, 0 %
2026/07/04 04:08:44.634, 6, 0 MiB, 81920 MiB, 0 %
2026/07/04 04:08:44.635, 7, 0 MiB, 81920 MiB, 0 %
2026/07/04 04:08:54.635, 0, 14955 MiB, 81920 MiB, 72 %
2026/07/04 04:08:54.636, 1, 0 MiB, 81920 MiB, 0 %
2026/07/04 04:08:54.636, 2, 0 MiB, 81920 MiB, 0 %
2026/07/04 04:08:54.636, 3, 0 MiB, 81920 MiB, 0 %
2026/07/04 04:08:54.637, 4, 0 MiB, 81920 MiB, 0 %
2026/07/04 04:08:54.637, 5, 0 MiB, 81920 MiB, 0 %
2026/07/04 04:08:54.637, 6, 0 MiB, 81920 MiB, 0 %
2026/07/04 04:08:54.638, 7, 0 MiB, 81920 MiB, 0 %
2026/07/04 04:09:04.638, 0, 14955 MiB, 81920 MiB, 72 %
2026/07/04 04:09:04.639, 1, 0 MiB, 81920 MiB, 0 %
2026/07/04 04:09:04.639, 2, 0 MiB, 81920 MiB, 0 %
2026/07/04 04:09:04.640, 3, 0 MiB, 81920 MiB, 0 %
2026/07/04 04:09:04.640, 4, 0 MiB, 81920 MiB, 0 %
2026/07/04 04:09:04.640, 5, 0 MiB, 81920 MiB, 0 %
2026/07/04 04:09:04.640, 6, 0 MiB, 81920 MiB, 0 %
2026/07/04 04:09:04.641, 7, 0 MiB, 81920 MiB, 0 %
2026/07/04 04:09:14.641, 0, 14955 MiB, 81920 MiB, 0 %
2026/07/04 04:09:14.642, 1, 0 MiB, 81920 MiB, 0 %
2026/07/04 04:09:14.642, 2, 0 MiB, 81920 MiB, 0 %
2026/07/04 04:09:14.642, 3, 0 MiB, 81920 MiB, 0 %
2026/07/04 04:09:14.643, 4, 0 MiB, 81920 MiB, 0 %
2026/07/04 04:09:14.643, 5, 0 MiB, 81920 MiB, 0 %
2026/07/04 04:09:14.643, 6, 0 MiB, 81920 MiB, 0 %
2026/07/04 04:09:14.644, 7, 0 MiB, 81920 MiB, 0 %
2026/07/04 04:09:24.644, 0, 14955 MiB, 81920 MiB, 0 %
2026/07/04 04:09:24.645, 1, 0 MiB, 81920 MiB, 0 %
2026/07/04 04:09:24.645, 2, 0 MiB, 81920 MiB, 0 %
2026/07/04 04:09:24.645, 3, 0 MiB, 81920 MiB, 0 %
2026/07/04 04:09:24.646, 4, 0 MiB, 81920 MiB, 0 %
2026/07/04 04:09:24.646, 5, 0 MiB, 81920 MiB, 0 %
2026/07/04 04:09:24.646, 6, 0 MiB, 81920 MiB, 0 %
2026/07/04 04:09:24.646, 7, 0 MiB, 81920 MiB, 0 %
2026/07/04 04:09:34.647, 0, 14955 MiB, 81920 MiB, 0 %
2026/07/04 04:09:34.648, 1, 0 MiB, 81920 MiB, 0 %
2026/07/04 04:09:34.648, 2, 0 MiB, 81920 MiB, 0 %
2026/07/04 04:09:34.648, 3, 0 MiB, 81920 MiB, 0 %
2026/07/04 04:09:34.648, 4, 0 MiB, 81920 MiB, 0 %
2026/07/04 04:09:34.649, 5, 0 MiB, 81920 MiB, 0 %
2026/07/04 04:09:34.649, 6, 0 MiB, 81920 MiB, 0 %
2026/07/04 04:09:34.649, 7, 0 MiB, 81920 MiB, 0 %
2026/07/04 04:09:44.650, 0, 14955 MiB, 81920 MiB, 0 %
2026/07/04 04:09:44.650, 1, 0 MiB, 81920 MiB, 0 %
2026/07/04 04:09:44.651, 2, 0 MiB, 81920 MiB, 0 %
2026/07/04 04:09:44.651, 3, 0 MiB, 81920 MiB, 0 %
2026/07/04 04:09:44.651, 4, 0 MiB, 81920 MiB, 0 %
2026/07/04 04:09:44.652, 5, 0 MiB, 81920 MiB, 0 %
2026/07/04 04:09:44.652, 6, 0 MiB, 81920 MiB, 0 %
2026/07/04 04:09:44.652, 7, 0 MiB, 81920 MiB, 0 %
2026/07/04 04:09:54.653, 0, 14955 MiB, 81920 MiB, 0 %
2026/07/04 04:09:54.653, 1, 0 MiB, 81920 MiB, 0 %
2026/07/04 04:09:54.654, 2, 0 MiB, 81920 MiB, 0 %
2026/07/04 04:09:54.654, 3, 0 MiB, 81920 MiB, 0 %
2026/07/04 04:09:54.654, 4, 0 MiB, 81920 MiB, 0 %
2026/07/04 04:09:54.654, 5, 0 MiB, 81920 MiB, 0 %
2026/07/04 04:09:54.655, 6, 0 MiB, 81920 MiB, 0 %
2026/07/04 04:09:54.655, 7, 0 MiB, 81920 MiB, 0 %
2026/07/04 04:10:04.655, 0, 14955 MiB, 81920 MiB, 58 %
2026/07/04 04:10:04.656, 1, 0 MiB, 81920 MiB, 0 %
2026/07/04 04:10:04.656, 2, 0 MiB, 81920 MiB, 0 %
2026/07/04 04:10:04.657, 3, 0 MiB, 81920 MiB, 0 %
2026/07/04 04:10:04.657, 4, 0 MiB, 81920 MiB, 0 %
2026/07/04 04:10:04.657, 5, 0 MiB, 81920 MiB, 0 %
2026/07/04 04:10:04.657, 6, 0 MiB, 81920 MiB, 0 %
2026/07/04 04:10:04.658, 7, 0 MiB, 81920 MiB, 0 %
2026/07/04 04:10:14.658, 0, 14955 MiB, 81920 MiB, 0 %
2026/07/04 04:10:14.659, 1, 0 MiB, 81920 MiB, 0 %
2026/07/04 04:10:14.659, 2, 0 MiB, 81920 MiB, 0 %
2026/07/04 04:10:14.659, 3, 0 MiB, 81920 MiB, 0 %
2026/07/04 04:10:14.660, 4, 0 MiB, 81920 MiB, 0 %
2026/07/04 04:10:14.660, 5, 0 MiB, 81920 MiB, 0 %
2026/07/04 04:10:14.660, 6, 0 MiB, 81920 MiB, 0 %
2026/07/04 04:10:14.660, 7, 0 MiB, 81920 MiB, 0 %
2026/07/04 04:10:24.661, 0, 14955 MiB, 81920 MiB, 0 %
2026/07/04 04:10:24.661, 1, 0 MiB, 81920 MiB, 0 %
2026/07/04 04:10:24.662, 2, 0 MiB, 81920 MiB, 0 %
2026/07/04 04:10:24.662, 3, 0 MiB, 81920 MiB, 0 %
2026/07/04 04:10:24.662, 4, 0 MiB, 81920 MiB, 0 %
2026/07/04 04:10:24.663, 5, 0 MiB, 81920 MiB, 0 %
2026/07/04 04:10:24.663, 6, 0 MiB, 81920 MiB, 0 %
2026/07/04 04:10:24.663, 7, 0 MiB, 81920 MiB, 0 %
2026/07/04 04:10:34.664, 0, 14955 MiB, 81920 MiB, 77 %
2026/07/04 04:10:34.664, 1, 0 MiB, 81920 MiB, 0 %
2026/07/04 04:10:34.664, 2, 0 MiB, 81920 MiB, 0 %
2026/07/04 04:10:34.665, 3, 0 MiB, 81920 MiB, 0 %
2026/07/04 04:10:34.665, 4, 0 MiB, 81920 MiB, 0 %
2026/07/04 04:10:34.665, 5, 0 MiB, 81920 MiB, 0 %
2026/07/04 04:10:34.666, 6, 0 MiB, 81920 MiB, 0 %
2026/07/04 04:10:34.666, 7, 0 MiB, 81920 MiB, 0 %
2026/07/04 04:10:44.666, 0, 14955 MiB, 81920 MiB, 0 %
2026/07/04 04:10:44.667, 1, 0 MiB, 81920 MiB, 0 %
2026/07/04 04:10:44.667, 2, 0 MiB, 81920 MiB, 0 %
2026/07/04 04:10:44.667, 3, 0 MiB, 81920 MiB, 0 %
2026/07/04 04:10:44.668, 4, 0 MiB, 81920 MiB, 0 %
2026/07/04 04:10:44.668, 5, 0 MiB, 81920 MiB, 0 %
2026/07/04 04:10:44.668, 6, 0 MiB, 81920 MiB, 0 %
2026/07/04 04:10:44.668, 7, 0 MiB, 81920 MiB, 0 %
2026/07/04 04:10:54.669, 0, 14955 MiB, 81920 MiB, 0 %
2026/07/04 04:10:54.669, 1, 0 MiB, 81920 MiB, 0 %
2026/07/04 04:10:54.670, 2, 0 MiB, 81920 MiB, 0 %
2026/07/04 04:10:54.670, 3, 0 MiB, 81920 MiB, 0 %
2026/07/04 04:10:54.670, 4, 0 MiB, 81920 MiB, 0 %
2026/07/04 04:10:54.671, 5, 0 MiB, 81920 MiB, 0 %
2026/07/04 04:10:54.671, 6, 0 MiB, 81920 MiB, 0 %
2026/07/04 04:10:54.671, 7, 0 MiB, 81920 MiB, 0 %
2026/07/04 04:11:04.672, 0, 14955 MiB, 81920 MiB, 0 %
2026/07/04 04:11:04.672, 1, 0 MiB, 81920 MiB, 0 %
2026/07/04 04:11:04.673, 2, 0 MiB, 81920 MiB, 0 %
2026/07/04 04:11:04.673, 3, 0 MiB, 81920 MiB, 0 %
2026/07/04 04:11:04.673, 4, 0 MiB, 81920 MiB, 0 %
2026/07/04 04:11:04.673, 5, 0 MiB, 81920 MiB, 0 %
2026/07/04 04:11:04.674, 6, 0 MiB, 81920 MiB, 0 %
2026/07/04 04:11:04.674, 7, 0 MiB, 81920 MiB, 0 %
2026/07/04 04:11:14.675, 0, 14955 MiB, 81920 MiB, 0 %
2026/07/04 04:11:14.675, 1, 0 MiB, 81920 MiB, 0 %
2026/07/04 04:11:14.675, 2, 0 MiB, 81920 MiB, 0 %
2026/07/04 04:11:14.676, 3, 0 MiB, 81920 MiB, 0 %
2026/07/04 04:11:14.676, 4, 0 MiB, 81920 MiB, 0 %
2026/07/04 04:11:14.676, 5, 0 MiB, 81920 MiB, 0 %
2026/07/04 04:11:14.677, 6, 0 MiB, 81920 MiB, 0 %
2026/07/04 04:11:14.677, 7, 0 MiB, 81920 MiB, 0 %
2026/07/04 04:11:24.678, 0, 14955 MiB, 81920 MiB, 0 %
2026/07/04 04:11:24.678, 1, 0 MiB, 81920 MiB, 0 %
2026/07/04 04:11:24.679, 2, 0 MiB, 81920 MiB, 0 %
2026/07/04 04:11:24.679, 3, 0 MiB, 81920 MiB, 0 %
2026/07/04 04:11:24.679, 4, 0 MiB, 81920 MiB, 0 %
2026/07/04 04:11:24.680, 5, 0 MiB, 81920 MiB, 0 %
2026/07/04 04:11:24.680, 6, 0 MiB, 81920 MiB, 0 %
2026/07/04 04:11:24.680, 7, 0 MiB, 81920 MiB, 0 %
2026/07/04 04:11:34.681, 0, 14955 MiB, 81920 MiB, 66 %
2026/07/04 04:11:34.681, 1, 0 MiB, 81920 MiB, 0 %
2026/07/04 04:11:34.682, 2, 0 MiB, 81920 MiB, 0 %
2026/07/04 04:11:34.682, 3, 0 MiB, 81920 MiB, 0 %
2026/07/04 04:11:34.682, 4, 0 MiB, 81920 MiB, 0 %
2026/07/04 04:11:34.682, 5, 0 MiB, 81920 MiB, 0 %
2026/07/04 04:11:34.683, 6, 0 MiB, 81920 MiB, 0 %
2026/07/04 04:11:34.683, 7, 0 MiB, 81920 MiB, 0 %
2026/07/04 04:11:44.684, 0, 14955 MiB, 81920 MiB, 16 %
2026/07/04 04:11:44.684, 1, 0 MiB, 81920 MiB, 0 %
2026/07/04 04:11:44.685, 2, 0 MiB, 81920 MiB, 0 %
2026/07/04 04:11:44.685, 3, 0 MiB, 81920 MiB, 0 %
2026/07/04 04:11:44.685, 4, 0 MiB, 81920 MiB, 0 %
2026/07/04 04:11:44.686, 5, 0 MiB, 81920 MiB, 0 %
2026/07/04 04:11:44.686, 6, 0 MiB, 81920 MiB, 0 %
2026/07/04 04:11:44.686, 7, 0 MiB, 81920 MiB, 0 %
2026/07/04 04:11:54.687, 0, 14955 MiB, 81920 MiB, 0 %
2026/07/04 04:11:54.687, 1, 0 MiB, 81920 MiB, 0 %
2026/07/04 04:11:54.688, 2, 0 MiB, 81920 MiB, 0 %
2026/07/04 04:11:54.688, 3, 0 MiB, 81920 MiB, 0 %
2026/07/04 04:11:54.688, 4, 0 MiB, 81920 MiB, 0 %
2026/07/04 04:11:54.689, 5, 0 MiB, 81920 MiB, 0 %
2026/07/04 04:11:54.689, 6, 0 MiB, 81920 MiB, 0 %
2026/07/04 04:11:54.689, 7, 0 MiB, 81920 MiB, 0 %
2026/07/04 04:12:04.690, 0, 14955 MiB, 81920 MiB, 0 %
2026/07/04 04:12:04.690, 1, 0 MiB, 81920 MiB, 0 %
2026/07/04 04:12:04.691, 2, 0 MiB, 81920 MiB, 0 %
2026/07/04 04:12:04.691, 3, 0 MiB, 81920 MiB, 0 %
2026/07/04 04:12:04.691, 4, 0 MiB, 81920 MiB, 0 %
2026/07/04 04:12:04.691, 5, 0 MiB, 81920 MiB, 0 %
2026/07/04 04:12:04.692, 6, 0 MiB, 81920 MiB, 0 %
2026/07/04 04:12:04.692, 7, 0 MiB, 81920 MiB, 0 %
2026/07/04 04:12:14.693, 0, 14955 MiB, 81920 MiB, 0 %
2026/07/04 04:12:14.694, 1, 0 MiB, 81920 MiB, 0 %
2026/07/04 04:12:14.694, 2, 0 MiB, 81920 MiB, 0 %
2026/07/04 04:12:14.694, 3, 0 MiB, 81920 MiB, 0 %
2026/07/04 04:12:14.695, 4, 0 MiB, 81920 MiB, 0 %
2026/07/04 04:12:14.695, 5, 0 MiB, 81920 MiB, 0 %
2026/07/04 04:12:14.695, 6, 0 MiB, 81920 MiB, 0 %
2026/07/04 04:12:14.696, 7, 0 MiB, 81920 MiB, 0 %
2026/07/04 04:12:24.696, 0, 14955 MiB, 81920 MiB, 0 %
2026/07/04 04:12:24.696, 1, 0 MiB, 81920 MiB, 0 %
2026/07/04 04:12:24.697, 2, 0 MiB, 81920 MiB, 0 %
2026/07/04 04:12:24.697, 3, 0 MiB, 81920 MiB, 0 %
2026/07/04 04:12:24.697, 4, 0 MiB, 81920 MiB, 0 %
2026/07/04 04:12:24.698, 5, 0 MiB, 81920 MiB, 0 %
2026/07/04 04:12:24.698, 6, 0 MiB, 81920 MiB, 0 %
2026/07/04 04:12:24.698, 7, 0 MiB, 81920 MiB, 0 %
2026/07/04 04:12:34.698, 0, 14955 MiB, 81920 MiB, 0 %
2026/07/04 04:12:34.699, 1, 0 MiB, 81920 MiB, 0 %
2026/07/04 04:12:34.699, 2, 0 MiB, 81920 MiB, 0 %
2026/07/04 04:12:34.700, 3, 0 MiB, 81920 MiB, 0 %
2026/07/04 04:12:34.700, 4, 0 MiB, 81920 MiB, 0 %
2026/07/04 04:12:34.700, 5, 0 MiB, 81920 MiB, 0 %
2026/07/04 04:12:34.700, 6, 0 MiB, 81920 MiB, 0 %
2026/07/04 04:12:34.701, 7, 0 MiB, 81920 MiB, 0 %
2026/07/04 04:12:44.702, 0, 14955 MiB, 81920 MiB, 0 %
2026/07/04 04:12:44.702, 1, 0 MiB, 81920 MiB, 0 %
2026/07/04 04:12:44.703, 2, 0 MiB, 81920 MiB, 0 %
2026/07/04 04:12:44.703, 3, 0 MiB, 81920 MiB, 0 %
2026/07/04 04:12:44.703, 4, 0 MiB, 81920 MiB, 0 %
2026/07/04 04:12:44.704, 5, 0 MiB, 81920 MiB, 0 %
2026/07/04 04:12:44.704, 6, 0 MiB, 81920 MiB, 0 %
2026/07/04 04:12:44.704, 7, 0 MiB, 81920 MiB, 0 %
2026/07/04 04:12:54.705, 0, 14955 MiB, 81920 MiB, 0 %
2026/07/04 04:12:54.706, 1, 0 MiB, 81920 MiB, 0 %
2026/07/04 04:12:54.706, 2, 0 MiB, 81920 MiB, 0 %
2026/07/04 04:12:54.706, 3, 0 MiB, 81920 MiB, 0 %
2026/07/04 04:12:54.707, 4, 0 MiB, 81920 MiB, 0 %
2026/07/04 04:12:54.707, 5, 0 MiB, 81920 MiB, 0 %
2026/07/04 04:12:54.707, 6, 0 MiB, 81920 MiB, 0 %
2026/07/04 04:12:54.708, 7, 0 MiB, 81920 MiB, 0 %
2026/07/04 04:13:04.708, 0, 14955 MiB, 81920 MiB, 0 %
2026/07/04 04:13:04.709, 1, 0 MiB, 81920 MiB, 0 %
2026/07/04 04:13:04.709, 2, 0 MiB, 81920 MiB, 0 %
2026/07/04 04:13:04.709, 3, 0 MiB, 81920 MiB, 0 %
2026/07/04 04:13:04.709, 4, 0 MiB, 81920 MiB, 0 %
2026/07/04 04:13:04.710, 5, 0 MiB, 81920 MiB, 0 %
2026/07/04 04:13:04.710, 6, 0 MiB, 81920 MiB, 0 %
2026/07/04 04:13:04.710, 7, 0 MiB, 81920 MiB, 0 %
2026/07/04 04:13:14.711, 0, 14955 MiB, 81920 MiB, 0 %
2026/07/04 04:13:14.711, 1, 0 MiB, 81920 MiB, 0 %
2026/07/04 04:13:14.711, 2, 0 MiB, 81920 MiB, 0 %
2026/07/04 04:13:14.712, 3, 0 MiB, 81920 MiB, 0 %
2026/07/04 04:13:14.712, 4, 0 MiB, 81920 MiB, 0 %
2026/07/04 04:13:14.712, 5, 0 MiB, 81920 MiB, 0 %
2026/07/04 04:13:14.713, 6, 0 MiB, 81920 MiB, 0 %
2026/07/04 04:13:14.713, 7, 0 MiB, 81920 MiB, 0 %
2026/07/04 04:13:24.713, 0, 14955 MiB, 81920 MiB, 76 %
2026/07/04 04:13:24.714, 1, 0 MiB, 81920 MiB, 0 %
2026/07/04 04:13:24.714, 2, 0 MiB, 81920 MiB, 0 %
2026/07/04 04:13:24.714, 3, 0 MiB, 81920 MiB, 0 %
2026/07/04 04:13:24.715, 4, 0 MiB, 81920 MiB, 0 %
2026/07/04 04:13:24.715, 5, 0 MiB, 81920 MiB, 0 %
2026/07/04 04:13:24.715, 6, 0 MiB, 81920 MiB, 0 %
2026/07/04 04:13:24.715, 7, 0 MiB, 81920 MiB, 0 %
2026/07/04 04:13:34.716, 0, 14955 MiB, 81920 MiB, 0 %
2026/07/04 04:13:34.716, 1, 0 MiB, 81920 MiB, 0 %
2026/07/04 04:13:34.717, 2, 0 MiB, 81920 MiB, 0 %
2026/07/04 04:13:34.717, 3, 0 MiB, 81920 MiB, 0 %
2026/07/04 04:13:34.717, 4, 0 MiB, 81920 MiB, 0 %
2026/07/04 04:13:34.717, 5, 0 MiB, 81920 MiB, 0 %
2026/07/04 04:13:34.718, 6, 0 MiB, 81920 MiB, 0 %
2026/07/04 04:13:34.718, 7, 0 MiB, 81920 MiB, 0 %
2026/07/04 04:13:44.719, 0, 14955 MiB, 81920 MiB, 0 %
2026/07/04 04:13:44.720, 1, 0 MiB, 81920 MiB, 0 %
2026/07/04 04:13:44.720, 2, 0 MiB, 81920 MiB, 0 %
2026/07/04 04:13:44.720, 3, 0 MiB, 81920 MiB, 0 %
2026/07/04 04:13:44.721, 4, 0 MiB, 81920 MiB, 0 %
2026/07/04 04:13:44.721, 5, 0 MiB, 81920 MiB, 0 %
2026/07/04 04:13:44.721, 6, 0 MiB, 81920 MiB, 0 %
2026/07/04 04:13:44.722, 7, 0 MiB, 81920 MiB, 0 %
2026/07/04 04:13:54.722, 0, 14955 MiB, 81920 MiB, 0 %
2026/07/04 04:13:54.723, 1, 0 MiB, 81920 MiB, 0 %
2026/07/04 04:13:54.723, 2, 0 MiB, 81920 MiB, 0 %
2026/07/04 04:13:54.723, 3, 0 MiB, 81920 MiB, 0 %
2026/07/04 04:13:54.724, 4, 0 MiB, 81920 MiB, 0 %
2026/07/04 04:13:54.724, 5, 0 MiB, 81920 MiB, 0 %
2026/07/04 04:13:54.724, 6, 0 MiB, 81920 MiB, 0 %
2026/07/04 04:13:54.724, 7, 0 MiB, 81920 MiB, 0 %
2026/07/04 04:14:04.725, 0, 14955 MiB, 81920 MiB, 0 %
2026/07/04 04:14:04.726, 1, 0 MiB, 81920 MiB, 0 %
2026/07/04 04:14:04.726, 2, 0 MiB, 81920 MiB, 0 %
2026/07/04 04:14:04.726, 3, 0 MiB, 81920 MiB, 0 %
2026/07/04 04:14:04.726, 4, 0 MiB, 81920 MiB, 0 %
2026/07/04 04:14:04.727, 5, 0 MiB, 81920 MiB, 0 %
2026/07/04 04:14:04.727, 6, 0 MiB, 81920 MiB, 0 %
2026/07/04 04:14:04.727, 7, 0 MiB, 81920 MiB, 0 %
2026/07/04 04:14:14.728, 0, 14955 MiB, 81920 MiB, 0 %
2026/07/04 04:14:14.728, 1, 0 MiB, 81920 MiB, 0 %
2026/07/04 04:14:14.729, 2, 0 MiB, 81920 MiB, 0 %
2026/07/04 04:14:14.729, 3, 0 MiB, 81920 MiB, 0 %
2026/07/04 04:14:14.729, 4, 0 MiB, 81920 MiB, 0 %
2026/07/04 04:14:14.730, 5, 0 MiB, 81920 MiB, 0 %
2026/07/04 04:14:14.730, 6, 0 MiB, 81920 MiB, 0 %
2026/07/04 04:14:14.730, 7, 0 MiB, 81920 MiB, 0 %
2026/07/04 04:14:24.731, 0, 14955 MiB, 81920 MiB, 0 %
2026/07/04 04:14:24.731, 1, 0 MiB, 81920 MiB, 0 %
2026/07/04 04:14:24.731, 2, 0 MiB, 81920 MiB, 0 %
2026/07/04 04:14:24.732, 3, 0 MiB, 81920 MiB, 0 %
2026/07/04 04:14:24.732, 4, 0 MiB, 81920 MiB, 0 %
2026/07/04 04:14:24.732, 5, 0 MiB, 81920 MiB, 0 %
2026/07/04 04:14:24.733, 6, 0 MiB, 81920 MiB, 0 %
2026/07/04 04:14:24.733, 7, 0 MiB, 81920 MiB, 0 %
2026/07/04 04:14:34.733, 0, 14955 MiB, 81920 MiB, 0 %
2026/07/04 04:14:34.734, 1, 0 MiB, 81920 MiB, 0 %
2026/07/04 04:14:34.734, 2, 0 MiB, 81920 MiB, 0 %
2026/07/04 04:14:34.734, 3, 0 MiB, 81920 MiB, 0 %
2026/07/04 04:14:34.735, 4, 0 MiB, 81920 MiB, 0 %
2026/07/04 04:14:34.735, 5, 0 MiB, 81920 MiB, 0 %
2026/07/04 04:14:34.735, 6, 0 MiB, 81920 MiB, 0 %
2026/07/04 04:14:34.735, 7, 0 MiB, 81920 MiB, 0 %
2026/07/04 04:14:44.736, 0, 14955 MiB, 81920 MiB, 0 %
2026/07/04 04:14:44.736, 1, 0 MiB, 81920 MiB, 0 %
2026/07/04 04:14:44.737, 2, 0 MiB, 81920 MiB, 0 %
2026/07/04 04:14:44.737, 3, 0 MiB, 81920 MiB, 0 %
2026/07/04 04:14:44.737, 4, 0 MiB, 81920 MiB, 0 %
2026/07/04 04:14:44.738, 5, 0 MiB, 81920 MiB, 0 %
2026/07/04 04:14:44.738, 6, 0 MiB, 81920 MiB, 0 %
2026/07/04 04:14:44.738, 7, 0 MiB, 81920 MiB, 0 %
2026/07/04 04:14:54.739, 0, 14955 MiB, 81920 MiB, 0 %
2026/07/04 04:14:54.739, 1, 0 MiB, 81920 MiB, 0 %
2026/07/04 04:14:54.740, 2, 0 MiB, 81920 MiB, 0 %
2026/07/04 04:14:54.740, 3, 0 MiB, 81920 MiB, 0 %
2026/07/04 04:14:54.740, 4, 0 MiB, 81920 MiB, 0 %
2026/07/04 04:14:54.741, 5, 0 MiB, 81920 MiB, 0 %
2026/07/04 04:14:54.741, 6, 0 MiB, 81920 MiB, 0 %
2026/07/04 04:14:54.741, 7, 0 MiB, 81920 MiB, 0 %
2026/07/04 04:15:04.742, 0, 14955 MiB, 81920 MiB, 0 %
2026/07/04 04:15:04.742, 1, 0 MiB, 81920 MiB, 0 %
2026/07/04 04:15:04.742, 2, 0 MiB, 81920 MiB, 0 %
2026/07/04 04:15:04.743, 3, 0 MiB, 81920 MiB, 0 %
2026/07/04 04:15:04.743, 4, 0 MiB, 81920 MiB, 0 %
2026/07/04 04:15:04.743, 5, 0 MiB, 81920 MiB, 0 %
2026/07/04 04:15:04.744, 6, 0 MiB, 81920 MiB, 0 %
2026/07/04 04:15:04.744, 7, 0 MiB, 81920 MiB, 0 %
2026/07/04 04:15:14.744, 0, 14955 MiB, 81920 MiB, 0 %
2026/07/04 04:15:14.745, 1, 0 MiB, 81920 MiB, 0 %
2026/07/04 04:15:14.745, 2, 0 MiB, 81920 MiB, 0 %
2026/07/04 04:15:14.746, 3, 0 MiB, 81920 MiB, 0 %
2026/07/04 04:15:14.746, 4, 0 MiB, 81920 MiB, 0 %
2026/07/04 04:15:14.746, 5, 0 MiB, 81920 MiB, 0 %
2026/07/04 04:15:14.747, 6, 0 MiB, 81920 MiB, 0 %
2026/07/04 04:15:14.747, 7, 0 MiB, 81920 MiB, 0 %
2026/07/04 04:15:24.747, 0, 14955 MiB, 81920 MiB, 0 %
2026/07/04 04:15:24.748, 1, 0 MiB, 81920 MiB, 0 %
2026/07/04 04:15:24.748, 2, 0 MiB, 81920 MiB, 0 %
2026/07/04 04:15:24.748, 3, 0 MiB, 81920 MiB, 0 %
2026/07/04 04:15:24.749, 4, 0 MiB, 81920 MiB, 0 %
2026/07/04 04:15:24.749, 5, 0 MiB, 81920 MiB, 0 %
2026/07/04 04:15:24.749, 6, 0 MiB, 81920 MiB, 0 %
2026/07/04 04:15:24.750, 7, 0 MiB, 81920 MiB, 0 %
2026/07/04 04:15:34.750, 0, 14955 MiB, 81920 MiB, 0 %
2026/07/04 04:15:34.751, 1, 0 MiB, 81920 MiB, 0 %
2026/07/04 04:15:34.751, 2, 0 MiB, 81920 MiB, 0 %
2026/07/04 04:15:34.751, 3, 0 MiB, 81920 MiB, 0 %
2026/07/04 04:15:34.751, 4, 0 MiB, 81920 MiB, 0 %
2026/07/04 04:15:34.752, 5, 0 MiB, 81920 MiB, 0 %
2026/07/04 04:15:34.752, 6, 0 MiB, 81920 MiB, 0 %
2026/07/04 04:15:34.752, 7, 0 MiB, 81920 MiB, 0 %
2026/07/04 04:15:44.753, 0, 14955 MiB, 81920 MiB, 0 %
2026/07/04 04:15:44.753, 1, 0 MiB, 81920 MiB, 0 %
2026/07/04 04:15:44.754, 2, 0 MiB, 81920 MiB, 0 %
2026/07/04 04:15:44.754, 3, 0 MiB, 81920 MiB, 0 %
2026/07/04 04:15:44.754, 4, 0 MiB, 81920 MiB, 0 %
2026/07/04 04:15:44.754, 5, 0 MiB, 81920 MiB, 0 %
2026/07/04 04:15:44.754, 6, 0 MiB, 81920 MiB, 0 %
2026/07/04 04:15:44.755, 7, 0 MiB, 81920 MiB, 0 %
2026/07/04 04:15:54.756, 0, 14955 MiB, 81920 MiB, 0 %
2026/07/04 04:15:54.756, 1, 0 MiB, 81920 MiB, 0 %
2026/07/04 04:15:54.757, 2, 0 MiB, 81920 MiB, 0 %
2026/07/04 04:15:54.757, 3, 0 MiB, 81920 MiB, 0 %
2026/07/04 04:15:54.757, 4, 0 MiB, 81920 MiB, 0 %
2026/07/04 04:15:54.758, 5, 0 MiB, 81920 MiB, 0 %
2026/07/04 04:15:54.758, 6, 0 MiB, 81920 MiB, 0 %
2026/07/04 04:15:54.758, 7, 0 MiB, 81920 MiB, 0 %
2026/07/04 04:16:04.759, 0, 14955 MiB, 81920 MiB, 0 %
2026/07/04 04:16:04.759, 1, 0 MiB, 81920 MiB, 0 %
2026/07/04 04:16:04.759, 2, 0 MiB, 81920 MiB, 0 %
2026/07/04 04:16:04.760, 3, 0 MiB, 81920 MiB, 0 %
2026/07/04 04:16:04.760, 4, 0 MiB, 81920 MiB, 0 %
2026/07/04 04:16:04.760, 5, 0 MiB, 81920 MiB, 0 %
2026/07/04 04:16:04.761, 6, 0 MiB, 81920 MiB, 0 %
2026/07/04 04:16:04.761, 7, 0 MiB, 81920 MiB, 0 %
2026/07/04 04:16:14.761, 0, 14955 MiB, 81920 MiB, 0 %
2026/07/04 04:16:14.762, 1, 0 MiB, 81920 MiB, 0 %
2026/07/04 04:16:14.762, 2, 0 MiB, 81920 MiB, 0 %
2026/07/04 04:16:14.762, 3, 0 MiB, 81920 MiB, 0 %
2026/07/04 04:16:14.763, 4, 0 MiB, 81920 MiB, 0 %
2026/07/04 04:16:14.763, 5, 0 MiB, 81920 MiB, 0 %
2026/07/04 04:16:14.763, 6, 0 MiB, 81920 MiB, 0 %
2026/07/04 04:16:14.763, 7, 0 MiB, 81920 MiB, 0 %
2026/07/04 04:16:24.764, 0, 14955 MiB, 81920 MiB, 0 %
2026/07/04 04:16:24.765, 1, 0 MiB, 81920 MiB, 0 %
2026/07/04 04:16:24.765, 2, 0 MiB, 81920 MiB, 0 %
2026/07/04 04:16:24.765, 3, 0 MiB, 81920 MiB, 0 %
2026/07/04 04:16:24.765, 4, 0 MiB, 81920 MiB, 0 %
2026/07/04 04:16:24.766, 5, 0 MiB, 81920 MiB, 0 %
2026/07/04 04:16:24.766, 6, 0 MiB, 81920 MiB, 0 %
2026/07/04 04:16:24.766, 7, 0 MiB, 81920 MiB, 0 %
2026/07/04 04:16:34.767, 0, 14955 MiB, 81920 MiB, 0 %
2026/07/04 04:16:34.767, 1, 0 MiB, 81920 MiB, 0 %
2026/07/04 04:16:34.768, 2, 0 MiB, 81920 MiB, 0 %
2026/07/04 04:16:34.768, 3, 0 MiB, 81920 MiB, 0 %
2026/07/04 04:16:34.768, 4, 0 MiB, 81920 MiB, 0 %
2026/07/04 04:16:34.768, 5, 0 MiB, 81920 MiB, 0 %
2026/07/04 04:16:34.769, 6, 0 MiB, 81920 MiB, 0 %
2026/07/04 04:16:34.769, 7, 0 MiB, 81920 MiB, 0 %
2026/07/04 04:16:44.770, 0, 14955 MiB, 81920 MiB, 0 %
2026/07/04 04:16:44.770, 1, 0 MiB, 81920 MiB, 0 %
2026/07/04 04:16:44.770, 2, 0 MiB, 81920 MiB, 0 %
2026/07/04 04:16:44.771, 3, 0 MiB, 81920 MiB, 0 %
2026/07/04 04:16:44.771, 4, 0 MiB, 81920 MiB, 0 %
2026/07/04 04:16:44.771, 5, 0 MiB, 81920 MiB, 0 %
2026/07/04 04:16:44.772, 6, 0 MiB, 81920 MiB, 0 %
2026/07/04 04:16:44.772, 7, 0 MiB, 81920 MiB, 0 %
2026/07/04 04:16:54.772, 0, 14955 MiB, 81920 MiB, 0 %
2026/07/04 04:16:54.773, 1, 0 MiB, 81920 MiB, 0 %
2026/07/04 04:16:54.773, 2, 0 MiB, 81920 MiB, 0 %
2026/07/04 04:16:54.773, 3, 0 MiB, 81920 MiB, 0 %
2026/07/04 04:16:54.774, 4, 0 MiB, 81920 MiB, 0 %
2026/07/04 04:16:54.774, 5, 0 MiB, 81920 MiB, 0 %
2026/07/04 04:16:54.774, 6, 0 MiB, 81920 MiB, 0 %
2026/07/04 04:16:54.775, 7, 0 MiB, 81920 MiB, 0 %
2026/07/04 04:17:04.775, 0, 14955 MiB, 81920 MiB, 0 %
2026/07/04 04:17:04.776, 1, 0 MiB, 81920 MiB, 0 %
2026/07/04 04:17:04.776, 2, 0 MiB, 81920 MiB, 0 %
2026/07/04 04:17:04.776, 3, 0 MiB, 81920 MiB, 0 %
2026/07/04 04:17:04.776, 4, 0 MiB, 81920 MiB, 0 %
2026/07/04 04:17:04.777, 5, 0 MiB, 81920 MiB, 0 %
2026/07/04 04:17:04.777, 6, 0 MiB, 81920 MiB, 0 %
2026/07/04 04:17:04.777, 7, 0 MiB, 81920 MiB, 0 %
2026/07/04 04:17:14.778, 0, 14955 MiB, 81920 MiB, 0 %
2026/07/04 04:17:14.778, 1, 0 MiB, 81920 MiB, 0 %
2026/07/04 04:17:14.779, 2, 0 MiB, 81920 MiB, 0 %
2026/07/04 04:17:14.779, 3, 0 MiB, 81920 MiB, 0 %
2026/07/04 04:17:14.779, 4, 0 MiB, 81920 MiB, 0 %
2026/07/04 04:17:14.779, 5, 0 MiB, 81920 MiB, 0 %
2026/07/04 04:17:14.780, 6, 0 MiB, 81920 MiB, 0 %
2026/07/04 04:17:14.780, 7, 0 MiB, 81920 MiB, 0 %
2026/07/04 04:17:24.781, 0, 14955 MiB, 81920 MiB, 0 %
2026/07/04 04:17:24.781, 1, 0 MiB, 81920 MiB, 0 %
2026/07/04 04:17:24.781, 2, 0 MiB, 81920 MiB, 0 %
2026/07/04 04:17:24.782, 3, 0 MiB, 81920 MiB, 0 %
2026/07/04 04:17:24.782, 4, 0 MiB, 81920 MiB, 0 %
2026/07/04 04:17:24.782, 5, 0 MiB, 81920 MiB, 0 %
2026/07/04 04:17:24.783, 6, 0 MiB, 81920 MiB, 0 %
2026/07/04 04:17:24.783, 7, 0 MiB, 81920 MiB, 0 %
2026/07/04 04:17:34.783, 0, 14955 MiB, 81920 MiB, 0 %
2026/07/04 04:17:34.784, 1, 0 MiB, 81920 MiB, 0 %
2026/07/04 04:17:34.784, 2, 0 MiB, 81920 MiB, 0 %
2026/07/04 04:17:34.784, 3, 0 MiB, 81920 MiB, 0 %
2026/07/04 04:17:34.785, 4, 0 MiB, 81920 MiB, 0 %
2026/07/04 04:17:34.785, 5, 0 MiB, 81920 MiB, 0 %
2026/07/04 04:17:34.785, 6, 0 MiB, 81920 MiB, 0 %
2026/07/04 04:17:34.786, 7, 0 MiB, 81920 MiB, 0 %
2026/07/04 04:17:44.786, 0, 14955 MiB, 81920 MiB, 0 %
2026/07/04 04:17:44.787, 1, 0 MiB, 81920 MiB, 0 %
2026/07/04 04:17:44.787, 2, 0 MiB, 81920 MiB, 0 %
2026/07/04 04:17:44.787, 3, 0 MiB, 81920 MiB, 0 %
2026/07/04 04:17:44.788, 4, 0 MiB, 81920 MiB, 0 %
2026/07/04 04:17:44.788, 5, 0 MiB, 81920 MiB, 0 %
2026/07/04 04:17:44.788, 6, 0 MiB, 81920 MiB, 0 %
2026/07/04 04:17:44.788, 7, 0 MiB, 81920 MiB, 0 %
2026/07/04 04:17:54.789, 0, 14955 MiB, 81920 MiB, 0 %
2026/07/04 04:17:54.790, 1, 0 MiB, 81920 MiB, 0 %
2026/07/04 04:17:54.790, 2, 0 MiB, 81920 MiB, 0 %
2026/07/04 04:17:54.790, 3, 0 MiB, 81920 MiB, 0 %
2026/07/04 04:17:54.790, 4, 0 MiB, 81920 MiB, 0 %
2026/07/04 04:17:54.791, 5, 0 MiB, 81920 MiB, 0 %
2026/07/04 04:17:54.791, 6, 0 MiB, 81920 MiB, 0 %
2026/07/04 04:17:54.791, 7, 0 MiB, 81920 MiB, 0 %
2026/07/04 04:18:04.792, 0, 14955 MiB, 81920 MiB, 0 %
2026/07/04 04:18:04.792, 1, 0 MiB, 81920 MiB, 0 %
2026/07/04 04:18:04.792, 2, 0 MiB, 81920 MiB, 0 %
2026/07/04 04:18:04.793, 3, 0 MiB, 81920 MiB, 0 %
2026/07/04 04:18:04.793, 4, 0 MiB, 81920 MiB, 0 %
2026/07/04 04:18:04.793, 5, 0 MiB, 81920 MiB, 0 %
2026/07/04 04:18:04.794, 6, 0 MiB, 81920 MiB, 0 %
2026/07/04 04:18:04.794, 7, 0 MiB, 81920 MiB, 0 %
2026/07/04 04:18:14.794, 0, 14955 MiB, 81920 MiB, 0 %
2026/07/04 04:18:14.795, 1, 0 MiB, 81920 MiB, 0 %
2026/07/04 04:18:14.795, 2, 0 MiB, 81920 MiB, 0 %
2026/07/04 04:18:14.796, 3, 0 MiB, 81920 MiB, 0 %
2026/07/04 04:18:14.796, 4, 0 MiB, 81920 MiB, 0 %
2026/07/04 04:18:14.796, 5, 0 MiB, 81920 MiB, 0 %
2026/07/04 04:18:14.796, 6, 0 MiB, 81920 MiB, 0 %
2026/07/04 04:18:14.797, 7, 0 MiB, 81920 MiB, 0 %
2026/07/04 04:18:24.797, 0, 14955 MiB, 81920 MiB, 0 %
2026/07/04 04:18:24.798, 1, 0 MiB, 81920 MiB, 0 %
2026/07/04 04:18:24.798, 2, 0 MiB, 81920 MiB, 0 %
2026/07/04 04:18:24.798, 3, 0 MiB, 81920 MiB, 0 %
2026/07/04 04:18:24.799, 4, 0 MiB, 81920 MiB, 0 %
2026/07/04 04:18:24.799, 5, 0 MiB, 81920 MiB, 0 %
2026/07/04 04:18:24.799, 6, 0 MiB, 81920 MiB, 0 %
2026/07/04 04:18:24.799, 7, 0 MiB, 81920 MiB, 0 %
2026/07/04 04:18:34.800, 0, 14955 MiB, 81920 MiB, 0 %
2026/07/04 04:18:34.801, 1, 0 MiB, 81920 MiB, 0 %
2026/07/04 04:18:34.801, 2, 0 MiB, 81920 MiB, 0 %
2026/07/04 04:18:34.801, 3, 0 MiB, 81920 MiB, 0 %
2026/07/04 04:18:34.801, 4, 0 MiB, 81920 MiB, 0 %
2026/07/04 04:18:34.802, 5, 0 MiB, 81920 MiB, 0 %
2026/07/04 04:18:34.802, 6, 0 MiB, 81920 MiB, 0 %
2026/07/04 04:18:34.802, 7, 0 MiB, 81920 MiB, 0 %
2026/07/04 04:18:44.803, 0, 14955 MiB, 81920 MiB, 0 %
2026/07/04 04:18:44.803, 1, 0 MiB, 81920 MiB, 0 %
2026/07/04 04:18:44.804, 2, 0 MiB, 81920 MiB, 0 %
2026/07/04 04:18:44.804, 3, 0 MiB, 81920 MiB, 0 %
2026/07/04 04:18:44.804, 4, 0 MiB, 81920 MiB, 0 %
2026/07/04 04:18:44.804, 5, 0 MiB, 81920 MiB, 0 %
2026/07/04 04:18:44.805, 6, 0 MiB, 81920 MiB, 0 %
2026/07/04 04:18:44.805, 7, 0 MiB, 81920 MiB, 0 %
2026/07/04 04:18:54.806, 0, 14955 MiB, 81920 MiB, 71 %
2026/07/04 04:18:54.806, 1, 0 MiB, 81920 MiB, 0 %
2026/07/04 04:18:54.806, 2, 0 MiB, 81920 MiB, 0 %
2026/07/04 04:18:54.807, 3, 0 MiB, 81920 MiB, 0 %
2026/07/04 04:18:54.807, 4, 0 MiB, 81920 MiB, 0 %
2026/07/04 04:18:54.807, 5, 0 MiB, 81920 MiB, 0 %
2026/07/04 04:18:54.808, 6, 0 MiB, 81920 MiB, 0 %
2026/07/04 04:18:54.808, 7, 0 MiB, 81920 MiB, 0 %
2026/07/04 04:19:04.808, 0, 14955 MiB, 81920 MiB, 75 %
2026/07/04 04:19:04.809, 1, 0 MiB, 81920 MiB, 0 %
2026/07/04 04:19:04.809, 2, 0 MiB, 81920 MiB, 0 %
2026/07/04 04:19:04.810, 3, 0 MiB, 81920 MiB, 0 %
2026/07/04 04:19:04.810, 4, 0 MiB, 81920 MiB, 0 %
2026/07/04 04:19:04.810, 5, 0 MiB, 81920 MiB, 0 %
2026/07/04 04:19:04.810, 6, 0 MiB, 81920 MiB, 0 %
2026/07/04 04:19:04.811, 7, 0 MiB, 81920 MiB, 0 %
2026/07/04 04:19:14.811, 0, 14955 MiB, 81920 MiB, 73 %
2026/07/04 04:19:14.812, 1, 0 MiB, 81920 MiB, 0 %
2026/07/04 04:19:14.812, 2, 0 MiB, 81920 MiB, 0 %
2026/07/04 04:19:14.812, 3, 0 MiB, 81920 MiB, 0 %
2026/07/04 04:19:14.813, 4, 0 MiB, 81920 MiB, 0 %
2026/07/04 04:19:14.813, 5, 0 MiB, 81920 MiB, 0 %
2026/07/04 04:19:14.813, 6, 0 MiB, 81920 MiB, 0 %
2026/07/04 04:19:14.814, 7, 0 MiB, 81920 MiB, 0 %
2026/07/04 04:19:24.814, 0, 14955 MiB, 81920 MiB, 0 %
2026/07/04 04:19:24.815, 1, 0 MiB, 81920 MiB, 0 %
2026/07/04 04:19:24.815, 2, 0 MiB, 81920 MiB, 0 %
2026/07/04 04:19:24.815, 3, 0 MiB, 81920 MiB, 0 %
2026/07/04 04:19:24.816, 4, 0 MiB, 81920 MiB, 0 %
2026/07/04 04:19:24.816, 5, 0 MiB, 81920 MiB, 0 %
2026/07/04 04:19:24.816, 6, 0 MiB, 81920 MiB, 0 %
2026/07/04 04:19:24.816, 7, 0 MiB, 81920 MiB, 0 %
2026/07/04 04:19:34.817, 0, 14955 MiB, 81920 MiB, 6 %
2026/07/04 04:19:34.818, 1, 0 MiB, 81920 MiB, 0 %
2026/07/04 04:19:34.818, 2, 0 MiB, 81920 MiB, 0 %
2026/07/04 04:19:34.818, 3, 0 MiB, 81920 MiB, 0 %
2026/07/04 04:19:34.818, 4, 0 MiB, 81920 MiB, 0 %
2026/07/04 04:19:34.819, 5, 0 MiB, 81920 MiB, 0 %
2026/07/04 04:19:34.819, 6, 0 MiB, 81920 MiB, 0 %
2026/07/04 04:19:34.819, 7, 0 MiB, 81920 MiB, 0 %
2026/07/04 04:19:44.820, 0, 14955 MiB, 81920 MiB, 0 %
2026/07/04 04:19:44.820, 1, 0 MiB, 81920 MiB, 0 %
2026/07/04 04:19:44.821, 2, 0 MiB, 81920 MiB, 0 %
2026/07/04 04:19:44.821, 3, 0 MiB, 81920 MiB, 0 %
2026/07/04 04:19:44.821, 4, 0 MiB, 81920 MiB, 0 %
2026/07/04 04:19:44.821, 5, 0 MiB, 81920 MiB, 0 %
2026/07/04 04:19:44.822, 6, 0 MiB, 81920 MiB, 0 %
2026/07/04 04:19:44.822, 7, 0 MiB, 81920 MiB, 0 %
2026/07/04 04:19:54.823, 0, 14955 MiB, 81920 MiB, 0 %
2026/07/04 04:19:54.823, 1, 0 MiB, 81920 MiB, 0 %
2026/07/04 04:19:54.823, 2, 0 MiB, 81920 MiB, 0 %
2026/07/04 04:19:54.824, 3, 0 MiB, 81920 MiB, 0 %
2026/07/04 04:19:54.824, 4, 0 MiB, 81920 MiB, 0 %
2026/07/04 04:19:54.824, 5, 0 MiB, 81920 MiB, 0 %
2026/07/04 04:19:54.825, 6, 0 MiB, 81920 MiB, 0 %
2026/07/04 04:19:54.825, 7, 0 MiB, 81920 MiB, 0 %
2026/07/04 04:20:04.825, 0, 14955 MiB, 81920 MiB, 0 %
2026/07/04 04:20:04.826, 1, 0 MiB, 81920 MiB, 0 %
2026/07/04 04:20:04.826, 2, 0 MiB, 81920 MiB, 0 %
2026/07/04 04:20:04.826, 3, 0 MiB, 81920 MiB, 0 %
2026/07/04 04:20:04.827, 4, 0 MiB, 81920 MiB, 0 %
2026/07/04 04:20:04.827, 5, 0 MiB, 81920 MiB, 0 %
2026/07/04 04:20:04.827, 6, 0 MiB, 81920 MiB, 0 %
2026/07/04 04:20:04.828, 7, 0 MiB, 81920 MiB, 0 %
2026/07/04 04:20:14.828, 0, 14955 MiB, 81920 MiB, 0 %
2026/07/04 04:20:14.829, 1, 0 MiB, 81920 MiB, 0 %
2026/07/04 04:20:14.829, 2, 0 MiB, 81920 MiB, 0 %
2026/07/04 04:20:14.829, 3, 0 MiB, 81920 MiB, 0 %
2026/07/04 04:20:14.830, 4, 0 MiB, 81920 MiB, 0 %
2026/07/04 04:20:14.830, 5, 0 MiB, 81920 MiB, 0 %
2026/07/04 04:20:14.830, 6, 0 MiB, 81920 MiB, 0 %
2026/07/04 04:20:14.830, 7, 0 MiB, 81920 MiB, 0 %
2026/07/04 04:20:24.831, 0, 14955 MiB, 81920 MiB, 0 %
2026/07/04 04:20:24.831, 1, 0 MiB, 81920 MiB, 0 %
2026/07/04 04:20:24.832, 2, 0 MiB, 81920 MiB, 0 %
2026/07/04 04:20:24.832, 3, 0 MiB, 81920 MiB, 0 %
2026/07/04 04:20:24.832, 4, 0 MiB, 81920 MiB, 0 %
2026/07/04 04:20:24.833, 5, 0 MiB, 81920 MiB, 0 %
2026/07/04 04:20:24.833, 6, 0 MiB, 81920 MiB, 0 %
2026/07/04 04:20:24.833, 7, 0 MiB, 81920 MiB, 0 %
2026/07/04 04:20:34.834, 0, 14955 MiB, 81920 MiB, 0 %
2026/07/04 04:20:34.834, 1, 0 MiB, 81920 MiB, 0 %
2026/07/04 04:20:34.835, 2, 0 MiB, 81920 MiB, 0 %
2026/07/04 04:20:34.835, 3, 0 MiB, 81920 MiB, 0 %
2026/07/04 04:20:34.835, 4, 0 MiB, 81920 MiB, 0 %
2026/07/04 04:20:34.835, 5, 0 MiB, 81920 MiB, 0 %
2026/07/04 04:20:34.836, 6, 0 MiB, 81920 MiB, 0 %
2026/07/04 04:20:34.836, 7, 0 MiB, 81920 MiB, 0 %
2026/07/04 04:20:44.837, 0, 14955 MiB, 81920 MiB, 0 %
2026/07/04 04:20:44.837, 1, 0 MiB, 81920 MiB, 0 %
2026/07/04 04:20:44.837, 2, 0 MiB, 81920 MiB, 0 %
2026/07/04 04:20:44.838, 3, 0 MiB, 81920 MiB, 0 %
2026/07/04 04:20:44.838, 4, 0 MiB, 81920 MiB, 0 %
2026/07/04 04:20:44.838, 5, 0 MiB, 81920 MiB, 0 %
2026/07/04 04:20:44.839, 6, 0 MiB, 81920 MiB, 0 %
2026/07/04 04:20:44.839, 7, 0 MiB, 81920 MiB, 0 %
2026/07/04 04:20:54.839, 0, 14955 MiB, 81920 MiB, 0 %
2026/07/04 04:20:54.840, 1, 0 MiB, 81920 MiB, 0 %
2026/07/04 04:20:54.840, 2, 0 MiB, 81920 MiB, 0 %
2026/07/04 04:20:54.840, 3, 0 MiB, 81920 MiB, 0 %
2026/07/04 04:20:54.841, 4, 0 MiB, 81920 MiB, 0 %
2026/07/04 04:20:54.841, 5, 0 MiB, 81920 MiB, 0 %
2026/07/04 04:20:54.841, 6, 0 MiB, 81920 MiB, 0 %
2026/07/04 04:20:54.842, 7, 0 MiB, 81920 MiB, 0 %
2026/07/04 04:21:04.842, 0, 14955 MiB, 81920 MiB, 0 %
2026/07/04 04:21:04.843, 1, 0 MiB, 81920 MiB, 0 %
2026/07/04 04:21:04.843, 2, 0 MiB, 81920 MiB, 0 %
2026/07/04 04:21:04.843, 3, 0 MiB, 81920 MiB, 0 %
2026/07/04 04:21:04.843, 4, 0 MiB, 81920 MiB, 0 %
2026/07/04 04:21:04.844, 5, 0 MiB, 81920 MiB, 0 %
2026/07/04 04:21:04.844, 6, 0 MiB, 81920 MiB, 0 %
2026/07/04 04:21:04.844, 7, 0 MiB, 81920 MiB, 0 %
2026/07/04 04:21:14.845, 0, 14955 MiB, 81920 MiB, 0 %
2026/07/04 04:21:14.845, 1, 0 MiB, 81920 MiB, 0 %
2026/07/04 04:21:14.846, 2, 0 MiB, 81920 MiB, 0 %
2026/07/04 04:21:14.846, 3, 0 MiB, 81920 MiB, 0 %
2026/07/04 04:21:14.846, 4, 0 MiB, 81920 MiB, 0 %
2026/07/04 04:21:14.847, 5, 0 MiB, 81920 MiB, 0 %
2026/07/04 04:21:14.847, 6, 0 MiB, 81920 MiB, 0 %
2026/07/04 04:21:14.847, 7, 0 MiB, 81920 MiB, 0 %
2026/07/04 04:21:24.848, 0, 14955 MiB, 81920 MiB, 0 %
2026/07/04 04:21:24.848, 1, 0 MiB, 81920 MiB, 0 %
2026/07/04 04:21:24.848, 2, 0 MiB, 81920 MiB, 0 %
2026/07/04 04:21:24.849, 3, 0 MiB, 81920 MiB, 0 %
2026/07/04 04:21:24.849, 4, 0 MiB, 81920 MiB, 0 %
2026/07/04 04:21:24.849, 5, 0 MiB, 81920 MiB, 0 %
2026/07/04 04:21:24.850, 6, 0 MiB, 81920 MiB, 0 %
2026/07/04 04:21:24.850, 7, 0 MiB, 81920 MiB, 0 %
2026/07/04 04:21:34.850, 0, 14955 MiB, 81920 MiB, 72 %
2026/07/04 04:21:34.851, 1, 0 MiB, 81920 MiB, 0 %
2026/07/04 04:21:34.851, 2, 0 MiB, 81920 MiB, 0 %
2026/07/04 04:21:34.851, 3, 0 MiB, 81920 MiB, 0 %
2026/07/04 04:21:34.852, 4, 0 MiB, 81920 MiB, 0 %
2026/07/04 04:21:34.852, 5, 0 MiB, 81920 MiB, 0 %
2026/07/04 04:21:34.852, 6, 0 MiB, 81920 MiB, 0 %
2026/07/04 04:21:34.853, 7, 0 MiB, 81920 MiB, 0 %
2026/07/04 04:21:44.853, 0, 14955 MiB, 81920 MiB, 71 %
2026/07/04 04:21:44.854, 1, 0 MiB, 81920 MiB, 0 %
2026/07/04 04:21:44.854, 2, 0 MiB, 81920 MiB, 0 %
2026/07/04 04:21:44.854, 3, 0 MiB, 81920 MiB, 0 %
2026/07/04 04:21:44.855, 4, 0 MiB, 81920 MiB, 0 %
2026/07/04 04:21:44.855, 5, 0 MiB, 81920 MiB, 0 %
2026/07/04 04:21:44.855, 6, 0 MiB, 81920 MiB, 0 %
2026/07/04 04:21:44.855, 7, 0 MiB, 81920 MiB, 0 %
2026/07/04 04:21:54.856, 0, 14955 MiB, 81920 MiB, 0 %
2026/07/04 04:21:54.857, 1, 0 MiB, 81920 MiB, 0 %
2026/07/04 04:21:54.857, 2, 0 MiB, 81920 MiB, 0 %
2026/07/04 04:21:54.857, 3, 0 MiB, 81920 MiB, 0 %
2026/07/04 04:21:54.857, 4, 0 MiB, 81920 MiB, 0 %
2026/07/04 04:21:54.858, 5, 0 MiB, 81920 MiB, 0 %
2026/07/04 04:21:54.858, 6, 0 MiB, 81920 MiB, 0 %
2026/07/04 04:21:54.858, 7, 0 MiB, 81920 MiB, 0 %
2026/07/04 04:22:04.859, 0, 14955 MiB, 81920 MiB, 0 %
2026/07/04 04:22:04.859, 1, 0 MiB, 81920 MiB, 0 %
2026/07/04 04:22:04.860, 2, 0 MiB, 81920 MiB, 0 %
2026/07/04 04:22:04.860, 3, 0 MiB, 81920 MiB, 0 %
2026/07/04 04:22:04.860, 4, 0 MiB, 81920 MiB, 0 %
2026/07/04 04:22:04.861, 5, 0 MiB, 81920 MiB, 0 %
2026/07/04 04:22:04.861, 6, 0 MiB, 81920 MiB, 0 %
2026/07/04 04:22:04.861, 7, 0 MiB, 81920 MiB, 0 %
2026/07/04 04:22:14.862, 0, 14955 MiB, 81920 MiB, 0 %
2026/07/04 04:22:14.862, 1, 0 MiB, 81920 MiB, 0 %
2026/07/04 04:22:14.863, 2, 0 MiB, 81920 MiB, 0 %
2026/07/04 04:22:14.863, 3, 0 MiB, 81920 MiB, 0 %
2026/07/04 04:22:14.863, 4, 0 MiB, 81920 MiB, 0 %
2026/07/04 04:22:14.864, 5, 0 MiB, 81920 MiB, 0 %
2026/07/04 04:22:14.864, 6, 0 MiB, 81920 MiB, 0 %
2026/07/04 04:22:14.864, 7, 0 MiB, 81920 MiB, 0 %
2026/07/04 04:22:24.865, 0, 14955 MiB, 81920 MiB, 0 %
2026/07/04 04:22:24.865, 1, 0 MiB, 81920 MiB, 0 %
2026/07/04 04:22:24.866, 2, 0 MiB, 81920 MiB, 0 %
2026/07/04 04:22:24.866, 3, 0 MiB, 81920 MiB, 0 %
2026/07/04 04:22:24.866, 4, 0 MiB, 81920 MiB, 0 %
2026/07/04 04:22:24.866, 5, 0 MiB, 81920 MiB, 0 %
2026/07/04 04:22:24.867, 6, 0 MiB, 81920 MiB, 0 %
2026/07/04 04:22:24.867, 7, 0 MiB, 81920 MiB, 0 %
2026/07/04 04:22:34.868, 0, 14955 MiB, 81920 MiB, 0 %
2026/07/04 04:22:34.868, 1, 0 MiB, 81920 MiB, 0 %
2026/07/04 04:22:34.869, 2, 0 MiB, 81920 MiB, 0 %
2026/07/04 04:22:34.869, 3, 0 MiB, 81920 MiB, 0 %
2026/07/04 04:22:34.869, 4, 0 MiB, 81920 MiB, 0 %
2026/07/04 04:22:34.869, 5, 0 MiB, 81920 MiB, 0 %
2026/07/04 04:22:34.870, 6, 0 MiB, 81920 MiB, 0 %
2026/07/04 04:22:34.870, 7, 0 MiB, 81920 MiB, 0 %
2026/07/04 04:22:44.870, 0, 14955 MiB, 81920 MiB, 0 %
2026/07/04 04:22:44.871, 1, 0 MiB, 81920 MiB, 0 %
2026/07/04 04:22:44.871, 2, 0 MiB, 81920 MiB, 0 %
2026/07/04 04:22:44.872, 3, 0 MiB, 81920 MiB, 0 %
2026/07/04 04:22:44.872, 4, 0 MiB, 81920 MiB, 0 %
2026/07/04 04:22:44.872, 5, 0 MiB, 81920 MiB, 0 %
2026/07/04 04:22:44.872, 6, 0 MiB, 81920 MiB, 0 %
2026/07/04 04:22:44.873, 7, 0 MiB, 81920 MiB, 0 %
2026/07/04 04:22:54.873, 0, 14955 MiB, 81920 MiB, 0 %
2026/07/04 04:22:54.874, 1, 0 MiB, 81920 MiB, 0 %
2026/07/04 04:22:54.874, 2, 0 MiB, 81920 MiB, 0 %
2026/07/04 04:22:54.874, 3, 0 MiB, 81920 MiB, 0 %
2026/07/04 04:22:54.875, 4, 0 MiB, 81920 MiB, 0 %
2026/07/04 04:22:54.875, 5, 0 MiB, 81920 MiB, 0 %
2026/07/04 04:22:54.875, 6, 0 MiB, 81920 MiB, 0 %
2026/07/04 04:22:54.875, 7, 0 MiB, 81920 MiB, 0 %
2026/07/04 04:23:04.876, 0, 14955 MiB, 81920 MiB, 0 %
2026/07/04 04:23:04.876, 1, 0 MiB, 81920 MiB, 0 %
2026/07/04 04:23:04.877, 2, 0 MiB, 81920 MiB, 0 %
2026/07/04 04:23:04.877, 3, 0 MiB, 81920 MiB, 0 %
2026/07/04 04:23:04.877, 4, 0 MiB, 81920 MiB, 0 %
2026/07/04 04:23:04.877, 5, 0 MiB, 81920 MiB, 0 %
2026/07/04 04:23:04.878, 6, 0 MiB, 81920 MiB, 0 %
2026/07/04 04:23:04.878, 7, 0 MiB, 81920 MiB, 0 %
2026/07/04 04:23:14.879, 0, 14955 MiB, 81920 MiB, 100 %
2026/07/04 04:23:14.880, 1, 0 MiB, 81920 MiB, 0 %
2026/07/04 04:23:14.880, 2, 0 MiB, 81920 MiB, 0 %
2026/07/04 04:23:14.880, 3, 0 MiB, 81920 MiB, 0 %
2026/07/04 04:23:14.881, 4, 0 MiB, 81920 MiB, 0 %
2026/07/04 04:23:14.881, 5, 0 MiB, 81920 MiB, 0 %
2026/07/04 04:23:14.881, 6, 0 MiB, 81920 MiB, 0 %
2026/07/04 04:23:14.882, 7, 0 MiB, 81920 MiB, 0 %
2026/07/04 04:23:24.882, 0, 14955 MiB, 81920 MiB, 0 %
2026/07/04 04:23:24.883, 1, 0 MiB, 81920 MiB, 0 %
2026/07/04 04:23:24.883, 2, 0 MiB, 81920 MiB, 0 %
2026/07/04 04:23:24.883, 3, 0 MiB, 81920 MiB, 0 %
2026/07/04 04:23:24.883, 4, 0 MiB, 81920 MiB, 0 %
2026/07/04 04:23:24.884, 5, 0 MiB, 81920 MiB, 0 %
2026/07/04 04:23:24.884, 6, 0 MiB, 81920 MiB, 0 %
2026/07/04 04:23:24.884, 7, 0 MiB, 81920 MiB, 0 %
2026/07/04 04:23:34.885, 0, 14955 MiB, 81920 MiB, 0 %
2026/07/04 04:23:34.885, 1, 0 MiB, 81920 MiB, 0 %
2026/07/04 04:23:34.886, 2, 0 MiB, 81920 MiB, 0 %
2026/07/04 04:23:34.886, 3, 0 MiB, 81920 MiB, 0 %
2026/07/04 04:23:34.886, 4, 0 MiB, 81920 MiB, 0 %
2026/07/04 04:23:34.886, 5, 0 MiB, 81920 MiB, 0 %
2026/07/04 04:23:34.887, 6, 0 MiB, 81920 MiB, 0 %
2026/07/04 04:23:34.887, 7, 0 MiB, 81920 MiB, 0 %
2026/07/04 04:23:44.887, 0, 14955 MiB, 81920 MiB, 0 %
2026/07/04 04:23:44.888, 1, 0 MiB, 81920 MiB, 0 %
2026/07/04 04:23:44.888, 2, 0 MiB, 81920 MiB, 0 %
2026/07/04 04:23:44.888, 3, 0 MiB, 81920 MiB, 0 %
2026/07/04 04:23:44.889, 4, 0 MiB, 81920 MiB, 0 %
2026/07/04 04:23:44.889, 5, 0 MiB, 81920 MiB, 0 %
2026/07/04 04:23:44.889, 6, 0 MiB, 81920 MiB, 0 %
2026/07/04 04:23:44.890, 7, 0 MiB, 81920 MiB, 0 %
2026/07/04 04:23:54.890, 0, 14955 MiB, 81920 MiB, 77 %
2026/07/04 04:23:54.891, 1, 0 MiB, 81920 MiB, 0 %
2026/07/04 04:23:54.891, 2, 0 MiB, 81920 MiB, 0 %
2026/07/04 04:23:54.891, 3, 0 MiB, 81920 MiB, 0 %
2026/07/04 04:23:54.891, 4, 0 MiB, 81920 MiB, 0 %
2026/07/04 04:23:54.892, 5, 0 MiB, 81920 MiB, 0 %
2026/07/04 04:23:54.892, 6, 0 MiB, 81920 MiB, 0 %
2026/07/04 04:23:54.892, 7, 0 MiB, 81920 MiB, 0 %
2026/07/04 04:24:04.893, 0, 14955 MiB, 81920 MiB, 0 %
2026/07/04 04:24:04.894, 1, 0 MiB, 81920 MiB, 0 %
2026/07/04 04:24:04.894, 2, 0 MiB, 81920 MiB, 0 %
2026/07/04 04:24:04.894, 3, 0 MiB, 81920 MiB, 0 %
2026/07/04 04:24:04.894, 4, 0 MiB, 81920 MiB, 0 %
2026/07/04 04:24:04.895, 5, 0 MiB, 81920 MiB, 0 %
2026/07/04 04:24:04.895, 6, 0 MiB, 81920 MiB, 0 %
2026/07/04 04:24:04.895, 7, 0 MiB, 81920 MiB, 0 %
2026/07/04 04:24:14.896, 0, 14955 MiB, 81920 MiB, 0 %
2026/07/04 04:24:14.897, 1, 0 MiB, 81920 MiB, 0 %
2026/07/04 04:24:14.897, 2, 0 MiB, 81920 MiB, 0 %
2026/07/04 04:24:14.897, 3, 0 MiB, 81920 MiB, 0 %
2026/07/04 04:24:14.898, 4, 0 MiB, 81920 MiB, 0 %
2026/07/04 04:24:14.898, 5, 0 MiB, 81920 MiB, 0 %
2026/07/04 04:24:14.898, 6, 0 MiB, 81920 MiB, 0 %
2026/07/04 04:24:14.898, 7, 0 MiB, 81920 MiB, 0 %
2026/07/04 04:24:24.899, 0, 14955 MiB, 81920 MiB, 0 %
2026/07/04 04:24:24.900, 1, 0 MiB, 81920 MiB, 0 %
2026/07/04 04:24:24.900, 2, 0 MiB, 81920 MiB, 0 %
2026/07/04 04:24:24.900, 3, 0 MiB, 81920 MiB, 0 %
2026/07/04 04:24:24.900, 4, 0 MiB, 81920 MiB, 0 %
2026/07/04 04:24:24.901, 5, 0 MiB, 81920 MiB, 0 %
2026/07/04 04:24:24.901, 6, 0 MiB, 81920 MiB, 0 %
2026/07/04 04:24:24.901, 7, 0 MiB, 81920 MiB, 0 %
2026/07/04 04:24:34.902, 0, 14955 MiB, 81920 MiB, 100 %
2026/07/04 04:24:34.903, 1, 0 MiB, 81920 MiB, 0 %
2026/07/04 04:24:34.903, 2, 0 MiB, 81920 MiB, 0 %
2026/07/04 04:24:34.903, 3, 0 MiB, 81920 MiB, 0 %
2026/07/04 04:24:34.903, 4, 0 MiB, 81920 MiB, 0 %
2026/07/04 04:24:34.904, 5, 0 MiB, 81920 MiB, 0 %
2026/07/04 04:24:34.904, 6, 0 MiB, 81920 MiB, 0 %
2026/07/04 04:24:34.904, 7, 0 MiB, 81920 MiB, 0 %
2026/07/04 04:24:44.905, 0, 14955 MiB, 81920 MiB, 0 %
2026/07/04 04:24:44.906, 1, 0 MiB, 81920 MiB, 0 %
2026/07/04 04:24:44.906, 2, 0 MiB, 81920 MiB, 0 %
2026/07/04 04:24:44.906, 3, 0 MiB, 81920 MiB, 0 %
2026/07/04 04:24:44.906, 4, 0 MiB, 81920 MiB, 0 %
2026/07/04 04:24:44.907, 5, 0 MiB, 81920 MiB, 0 %
2026/07/04 04:24:44.907, 6, 0 MiB, 81920 MiB, 0 %
2026/07/04 04:24:44.907, 7, 0 MiB, 81920 MiB, 0 %
2026/07/04 04:24:54.908, 0, 14955 MiB, 81920 MiB, 0 %
2026/07/04 04:24:54.908, 1, 0 MiB, 81920 MiB, 0 %
2026/07/04 04:24:54.909, 2, 0 MiB, 81920 MiB, 0 %
2026/07/04 04:24:54.909, 3, 0 MiB, 81920 MiB, 0 %
2026/07/04 04:24:54.909, 4, 0 MiB, 81920 MiB, 0 %
2026/07/04 04:24:54.910, 5, 0 MiB, 81920 MiB, 0 %
2026/07/04 04:24:54.910, 6, 0 MiB, 81920 MiB, 0 %
2026/07/04 04:24:54.910, 7, 0 MiB, 81920 MiB, 0 %
2026/07/04 04:25:04.911, 0, 14955 MiB, 81920 MiB, 0 %
2026/07/04 04:25:04.911, 1, 0 MiB, 81920 MiB, 0 %
2026/07/04 04:25:04.912, 2, 0 MiB, 81920 MiB, 0 %
2026/07/04 04:25:04.912, 3, 0 MiB, 81920 MiB, 0 %
2026/07/04 04:25:04.912, 4, 0 MiB, 81920 MiB, 0 %
2026/07/04 04:25:04.912, 5, 0 MiB, 81920 MiB, 0 %
2026/07/04 04:25:04.913, 6, 0 MiB, 81920 MiB, 0 %
2026/07/04 04:25:04.913, 7, 0 MiB, 81920 MiB, 0 %
2026/07/04 04:25:14.914, 0, 14955 MiB, 81920 MiB, 0 %
2026/07/04 04:25:14.914, 1, 0 MiB, 81920 MiB, 0 %
2026/07/04 04:25:14.915, 2, 0 MiB, 81920 MiB, 0 %
2026/07/04 04:25:14.915, 3, 0 MiB, 81920 MiB, 0 %
2026/07/04 04:25:14.915, 4, 0 MiB, 81920 MiB, 0 %
2026/07/04 04:25:14.915, 5, 0 MiB, 81920 MiB, 0 %
2026/07/04 04:25:14.916, 6, 0 MiB, 81920 MiB, 0 %
2026/07/04 04:25:14.916, 7, 0 MiB, 81920 MiB, 0 %
2026/07/04 04:25:24.917, 0, 14955 MiB, 81920 MiB, 0 %
2026/07/04 04:25:24.917, 1, 0 MiB, 81920 MiB, 0 %
2026/07/04 04:25:24.918, 2, 0 MiB, 81920 MiB, 0 %
2026/07/04 04:25:24.918, 3, 0 MiB, 81920 MiB, 0 %
2026/07/04 04:25:24.918, 4, 0 MiB, 81920 MiB, 0 %
2026/07/04 04:25:24.918, 5, 0 MiB, 81920 MiB, 0 %
2026/07/04 04:25:24.919, 6, 0 MiB, 81920 MiB, 0 %
2026/07/04 04:25:24.919, 7, 0 MiB, 81920 MiB, 0 %
2026/07/04 04:25:34.920, 0, 14955 MiB, 81920 MiB, 0 %
2026/07/04 04:25:34.920, 1, 0 MiB, 81920 MiB, 0 %
2026/07/04 04:25:34.921, 2, 0 MiB, 81920 MiB, 0 %
2026/07/04 04:25:34.921, 3, 0 MiB, 81920 MiB, 0 %
2026/07/04 04:25:34.921, 4, 0 MiB, 81920 MiB, 0 %
2026/07/04 04:25:34.922, 5, 0 MiB, 81920 MiB, 0 %
2026/07/04 04:25:34.922, 6, 0 MiB, 81920 MiB, 0 %
2026/07/04 04:25:34.922, 7, 0 MiB, 81920 MiB, 0 %
2026/07/04 04:25:44.923, 0, 14955 MiB, 81920 MiB, 0 %
2026/07/04 04:25:44.923, 1, 0 MiB, 81920 MiB, 0 %
2026/07/04 04:25:44.924, 2, 0 MiB, 81920 MiB, 0 %
2026/07/04 04:25:44.924, 3, 0 MiB, 81920 MiB, 0 %
2026/07/04 04:25:44.924, 4, 0 MiB, 81920 MiB, 0 %
2026/07/04 04:25:44.925, 5, 0 MiB, 81920 MiB, 0 %
2026/07/04 04:25:44.925, 6, 0 MiB, 81920 MiB, 0 %
2026/07/04 04:25:44.925, 7, 0 MiB, 81920 MiB, 0 %
2026/07/04 04:25:54.926, 0, 14955 MiB, 81920 MiB, 0 %
2026/07/04 04:25:54.926, 1, 0 MiB, 81920 MiB, 0 %
2026/07/04 04:25:54.927, 2, 0 MiB, 81920 MiB, 0 %
2026/07/04 04:25:54.927, 3, 0 MiB, 81920 MiB, 0 %
2026/07/04 04:25:54.927, 4, 0 MiB, 81920 MiB, 0 %
2026/07/04 04:25:54.928, 5, 0 MiB, 81920 MiB, 0 %
2026/07/04 04:25:54.928, 6, 0 MiB, 81920 MiB, 0 %
2026/07/04 04:25:54.928, 7, 0 MiB, 81920 MiB, 0 %
2026/07/04 04:26:04.929, 0, 14955 MiB, 81920 MiB, 0 %
2026/07/04 04:26:04.929, 1, 0 MiB, 81920 MiB, 0 %
2026/07/04 04:26:04.930, 2, 0 MiB, 81920 MiB, 0 %
2026/07/04 04:26:04.930, 3, 0 MiB, 81920 MiB, 0 %
2026/07/04 04:26:04.930, 4, 0 MiB, 81920 MiB, 0 %
2026/07/04 04:26:04.931, 5, 0 MiB, 81920 MiB, 0 %
2026/07/04 04:26:04.931, 6, 0 MiB, 81920 MiB, 0 %
2026/07/04 04:26:04.931, 7, 0 MiB, 81920 MiB, 0 %
2026/07/04 04:26:14.932, 0, 14955 MiB, 81920 MiB, 72 %
2026/07/04 04:26:14.932, 1, 0 MiB, 81920 MiB, 0 %
2026/07/04 04:26:14.933, 2, 0 MiB, 81920 MiB, 0 %
2026/07/04 04:26:14.933, 3, 0 MiB, 81920 MiB, 0 %
2026/07/04 04:26:14.933, 4, 0 MiB, 81920 MiB, 0 %
2026/07/04 04:26:14.934, 5, 0 MiB, 81920 MiB, 0 %
2026/07/04 04:26:14.934, 6, 0 MiB, 81920 MiB, 0 %
2026/07/04 04:26:14.934, 7, 0 MiB, 81920 MiB, 0 %
2026/07/04 04:26:24.935, 0, 14955 MiB, 81920 MiB, 0 %
2026/07/04 04:26:24.936, 1, 0 MiB, 81920 MiB, 0 %
2026/07/04 04:26:24.936, 2, 0 MiB, 81920 MiB, 0 %
2026/07/04 04:26:24.936, 3, 0 MiB, 81920 MiB, 0 %
2026/07/04 04:26:24.936, 4, 0 MiB, 81920 MiB, 0 %
2026/07/04 04:26:24.937, 5, 0 MiB, 81920 MiB, 0 %
2026/07/04 04:26:24.937, 6, 0 MiB, 81920 MiB, 0 %
2026/07/04 04:26:24.937, 7, 0 MiB, 81920 MiB, 0 %
2026/07/04 04:26:34.938, 0, 14955 MiB, 81920 MiB, 0 %
2026/07/04 04:26:34.939, 1, 0 MiB, 81920 MiB, 0 %
2026/07/04 04:26:34.939, 2, 0 MiB, 81920 MiB, 0 %
2026/07/04 04:26:34.939, 3, 0 MiB, 81920 MiB, 0 %
2026/07/04 04:26:34.939, 4, 0 MiB, 81920 MiB, 0 %
2026/07/04 04:26:34.940, 5, 0 MiB, 81920 MiB, 0 %
2026/07/04 04:26:34.940, 6, 0 MiB, 81920 MiB, 0 %
2026/07/04 04:26:34.940, 7, 0 MiB, 81920 MiB, 0 %
2026/07/04 04:26:44.941, 0, 14955 MiB, 81920 MiB, 0 %
2026/07/04 04:26:44.942, 1, 0 MiB, 81920 MiB, 0 %
2026/07/04 04:26:44.942, 2, 0 MiB, 81920 MiB, 0 %
2026/07/04 04:26:44.942, 3, 0 MiB, 81920 MiB, 0 %
2026/07/04 04:26:44.942, 4, 0 MiB, 81920 MiB, 0 %
2026/07/04 04:26:44.943, 5, 0 MiB, 81920 MiB, 0 %
2026/07/04 04:26:44.943, 6, 0 MiB, 81920 MiB, 0 %
2026/07/04 04:26:44.943, 7, 0 MiB, 81920 MiB, 0 %
2026/07/04 04:26:54.944, 0, 14955 MiB, 81920 MiB, 0 %
2026/07/04 04:26:54.944, 1, 0 MiB, 81920 MiB, 0 %
2026/07/04 04:26:54.945, 2, 0 MiB, 81920 MiB, 0 %
2026/07/04 04:26:54.945, 3, 0 MiB, 81920 MiB, 0 %
2026/07/04 04:26:54.945, 4, 0 MiB, 81920 MiB, 0 %
2026/07/04 04:26:54.946, 5, 0 MiB, 81920 MiB, 0 %
2026/07/04 04:26:54.946, 6, 0 MiB, 81920 MiB, 0 %
2026/07/04 04:26:54.946, 7, 0 MiB, 81920 MiB, 0 %
2026/07/04 04:27:04.947, 0, 14955 MiB, 81920 MiB, 0 %
2026/07/04 04:27:04.947, 1, 0 MiB, 81920 MiB, 0 %
2026/07/04 04:27:04.947, 2, 0 MiB, 81920 MiB, 0 %
2026/07/04 04:27:04.948, 3, 0 MiB, 81920 MiB, 0 %
2026/07/04 04:27:04.948, 4, 0 MiB, 81920 MiB, 0 %
2026/07/04 04:27:04.948, 5, 0 MiB, 81920 MiB, 0 %
2026/07/04 04:27:04.949, 6, 0 MiB, 81920 MiB, 0 %
2026/07/04 04:27:04.949, 7, 0 MiB, 81920 MiB, 0 %
2026/07/04 04:27:14.949, 0, 14955 MiB, 81920 MiB, 83 %
2026/07/04 04:27:14.950, 1, 0 MiB, 81920 MiB, 0 %
2026/07/04 04:27:14.950, 2, 0 MiB, 81920 MiB, 0 %
2026/07/04 04:27:14.950, 3, 0 MiB, 81920 MiB, 0 %
2026/07/04 04:27:14.951, 4, 0 MiB, 81920 MiB, 0 %
2026/07/04 04:27:14.951, 5, 0 MiB, 81920 MiB, 0 %
2026/07/04 04:27:14.951, 6, 0 MiB, 81920 MiB, 0 %
2026/07/04 04:27:14.952, 7, 0 MiB, 81920 MiB, 0 %
2026/07/04 04:27:24.952, 0, 14955 MiB, 81920 MiB, 0 %
2026/07/04 04:27:24.953, 1, 0 MiB, 81920 MiB, 0 %
2026/07/04 04:27:24.953, 2, 0 MiB, 81920 MiB, 0 %
2026/07/04 04:27:24.953, 3, 0 MiB, 81920 MiB, 0 %
2026/07/04 04:27:24.953, 4, 0 MiB, 81920 MiB, 0 %
2026/07/04 04:27:24.954, 5, 0 MiB, 81920 MiB, 0 %
2026/07/04 04:27:24.954, 6, 0 MiB, 81920 MiB, 0 %
2026/07/04 04:27:24.954, 7, 0 MiB, 81920 MiB, 0 %
2026/07/04 04:27:34.956, 0, 14955 MiB, 81920 MiB, 0 %
2026/07/04 04:27:34.956, 1, 0 MiB, 81920 MiB, 0 %
2026/07/04 04:27:34.956, 2, 0 MiB, 81920 MiB, 0 %
2026/07/04 04:27:34.957, 3, 0 MiB, 81920 MiB, 0 %
2026/07/04 04:27:34.957, 4, 0 MiB, 81920 MiB, 0 %
2026/07/04 04:27:34.957, 5, 0 MiB, 81920 MiB, 0 %
2026/07/04 04:27:34.958, 6, 0 MiB, 81920 MiB, 0 %
2026/07/04 04:27:34.958, 7, 0 MiB, 81920 MiB, 0 %
2026/07/04 04:27:44.959, 0, 14955 MiB, 81920 MiB, 0 %
2026/07/04 04:27:44.960, 1, 0 MiB, 81920 MiB, 0 %
2026/07/04 04:27:44.960, 2, 0 MiB, 81920 MiB, 0 %
2026/07/04 04:27:44.960, 3, 0 MiB, 81920 MiB, 0 %
2026/07/04 04:27:44.961, 4, 0 MiB, 81920 MiB, 0 %
2026/07/04 04:27:44.961, 5, 0 MiB, 81920 MiB, 0 %
2026/07/04 04:27:44.961, 6, 0 MiB, 81920 MiB, 0 %
2026/07/04 04:27:44.961, 7, 0 MiB, 81920 MiB, 0 %
2026/07/04 04:27:54.963, 0, 14955 MiB, 81920 MiB, 0 %
2026/07/04 04:27:54.963, 1, 0 MiB, 81920 MiB, 0 %
2026/07/04 04:27:54.964, 2, 0 MiB, 81920 MiB, 0 %
2026/07/04 04:27:54.964, 3, 0 MiB, 81920 MiB, 0 %
2026/07/04 04:27:54.964, 4, 0 MiB, 81920 MiB, 0 %
2026/07/04 04:27:54.964, 5, 0 MiB, 81920 MiB, 0 %
2026/07/04 04:27:54.965, 6, 0 MiB, 81920 MiB, 0 %
2026/07/04 04:27:54.965, 7, 0 MiB, 81920 MiB, 0 %
2026/07/04 04:28:04.966, 0, 14955 MiB, 81920 MiB, 0 %
2026/07/04 04:28:04.966, 1, 0 MiB, 81920 MiB, 0 %
2026/07/04 04:28:04.966, 2, 0 MiB, 81920 MiB, 0 %
2026/07/04 04:28:04.967, 3, 0 MiB, 81920 MiB, 0 %
2026/07/04 04:28:04.967, 4, 0 MiB, 81920 MiB, 0 %
2026/07/04 04:28:04.967, 5, 0 MiB, 81920 MiB, 0 %
2026/07/04 04:28:04.967, 6, 0 MiB, 81920 MiB, 0 %
2026/07/04 04:28:04.968, 7, 0 MiB, 81920 MiB, 0 %
2026/07/04 04:28:14.968, 0, 14955 MiB, 81920 MiB, 0 %
2026/07/04 04:28:14.969, 1, 0 MiB, 81920 MiB, 0 %
2026/07/04 04:28:14.969, 2, 0 MiB, 81920 MiB, 0 %
2026/07/04 04:28:14.970, 3, 0 MiB, 81920 MiB, 0 %
2026/07/04 04:28:14.970, 4, 0 MiB, 81920 MiB, 0 %
2026/07/04 04:28:14.970, 5, 0 MiB, 81920 MiB, 0 %
2026/07/04 04:28:14.970, 6, 0 MiB, 81920 MiB, 0 %
2026/07/04 04:28:14.971, 7, 0 MiB, 81920 MiB, 0 %
2026/07/04 04:28:24.972, 0, 14955 MiB, 81920 MiB, 0 %
2026/07/04 04:28:24.972, 1, 0 MiB, 81920 MiB, 0 %
2026/07/04 04:28:24.972, 2, 0 MiB, 81920 MiB, 0 %
2026/07/04 04:28:24.973, 3, 0 MiB, 81920 MiB, 0 %
2026/07/04 04:28:24.973, 4, 0 MiB, 81920 MiB, 0 %
2026/07/04 04:28:24.973, 5, 0 MiB, 81920 MiB, 0 %
2026/07/04 04:28:24.974, 6, 0 MiB, 81920 MiB, 0 %
2026/07/04 04:28:24.974, 7, 0 MiB, 81920 MiB, 0 %
2026/07/04 04:28:34.975, 0, 14955 MiB, 81920 MiB, 0 %
2026/07/04 04:28:34.975, 1, 0 MiB, 81920 MiB, 0 %
2026/07/04 04:28:34.975, 2, 0 MiB, 81920 MiB, 0 %
2026/07/04 04:28:34.976, 3, 0 MiB, 81920 MiB, 0 %
2026/07/04 04:28:34.976, 4, 0 MiB, 81920 MiB, 0 %
2026/07/04 04:28:34.976, 5, 0 MiB, 81920 MiB, 0 %
2026/07/04 04:28:34.977, 6, 0 MiB, 81920 MiB, 0 %
2026/07/04 04:28:34.977, 7, 0 MiB, 81920 MiB, 0 %
2026/07/04 04:28:44.977, 0, 14955 MiB, 81920 MiB, 62 %
2026/07/04 04:28:44.978, 1, 0 MiB, 81920 MiB, 0 %
2026/07/04 04:28:44.978, 2, 0 MiB, 81920 MiB, 0 %
2026/07/04 04:28:44.979, 3, 0 MiB, 81920 MiB, 0 %
2026/07/04 04:28:44.979, 4, 0 MiB, 81920 MiB, 0 %
2026/07/04 04:28:44.979, 5, 0 MiB, 81920 MiB, 0 %
2026/07/04 04:28:44.979, 6, 0 MiB, 81920 MiB, 0 %
2026/07/04 04:28:44.980, 7, 0 MiB, 81920 MiB, 0 %
2026/07/04 04:28:54.980, 0, 14955 MiB, 81920 MiB, 0 %
2026/07/04 04:28:54.981, 1, 0 MiB, 81920 MiB, 0 %
2026/07/04 04:28:54.981, 2, 0 MiB, 81920 MiB, 0 %
2026/07/04 04:28:54.981, 3, 0 MiB, 81920 MiB, 0 %
2026/07/04 04:28:54.982, 4, 0 MiB, 81920 MiB, 0 %
2026/07/04 04:28:54.982, 5, 0 MiB, 81920 MiB, 0 %
2026/07/04 04:28:54.982, 6, 0 MiB, 81920 MiB, 0 %
2026/07/04 04:28:54.982, 7, 0 MiB, 81920 MiB, 0 %
2026/07/04 04:29:04.983, 0, 14955 MiB, 81920 MiB, 0 %
2026/07/04 04:29:04.983, 1, 0 MiB, 81920 MiB, 0 %
2026/07/04 04:29:04.984, 2, 0 MiB, 81920 MiB, 0 %
2026/07/04 04:29:04.984, 3, 0 MiB, 81920 MiB, 0 %
2026/07/04 04:29:04.984, 4, 0 MiB, 81920 MiB, 0 %
2026/07/04 04:29:04.985, 5, 0 MiB, 81920 MiB, 0 %
2026/07/04 04:29:04.985, 6, 0 MiB, 81920 MiB, 0 %
2026/07/04 04:29:04.985, 7, 0 MiB, 81920 MiB, 0 %
2026/07/04 04:29:14.986, 0, 14955 MiB, 81920 MiB, 0 %
2026/07/04 04:29:14.986, 1, 0 MiB, 81920 MiB, 0 %
2026/07/04 04:29:14.987, 2, 0 MiB, 81920 MiB, 0 %
2026/07/04 04:29:14.987, 3, 0 MiB, 81920 MiB, 0 %
2026/07/04 04:29:14.987, 4, 0 MiB, 81920 MiB, 0 %
2026/07/04 04:29:14.987, 5, 0 MiB, 81920 MiB, 0 %
2026/07/04 04:29:14.988, 6, 0 MiB, 81920 MiB, 0 %
2026/07/04 04:29:14.988, 7, 0 MiB, 81920 MiB, 0 %
2026/07/04 04:29:24.988, 0, 14955 MiB, 81920 MiB, 60 %
2026/07/04 04:29:24.989, 1, 0 MiB, 81920 MiB, 0 %
2026/07/04 04:29:24.989, 2, 0 MiB, 81920 MiB, 0 %
2026/07/04 04:29:24.989, 3, 0 MiB, 81920 MiB, 0 %
2026/07/04 04:29:24.990, 4, 0 MiB, 81920 MiB, 0 %
2026/07/04 04:29:24.990, 5, 0 MiB, 81920 MiB, 0 %
2026/07/04 04:29:24.990, 6, 0 MiB, 81920 MiB, 0 %
2026/07/04 04:29:24.991, 7, 0 MiB, 81920 MiB, 0 %
2026/07/04 04:29:34.991, 0, 14955 MiB, 81920 MiB, 0 %
2026/07/04 04:29:34.992, 1, 0 MiB, 81920 MiB, 0 %
2026/07/04 04:29:34.992, 2, 0 MiB, 81920 MiB, 0 %
2026/07/04 04:29:34.992, 3, 0 MiB, 81920 MiB, 0 %
2026/07/04 04:29:34.993, 4, 0 MiB, 81920 MiB, 0 %
2026/07/04 04:29:34.993, 5, 0 MiB, 81920 MiB, 0 %
2026/07/04 04:29:34.993, 6, 0 MiB, 81920 MiB, 0 %
2026/07/04 04:29:34.993, 7, 0 MiB, 81920 MiB, 0 %
2026/07/04 04:29:44.994, 0, 14955 MiB, 81920 MiB, 0 %
2026/07/04 04:29:44.995, 1, 0 MiB, 81920 MiB, 0 %
2026/07/04 04:29:44.995, 2, 0 MiB, 81920 MiB, 0 %
2026/07/04 04:29:44.995, 3, 0 MiB, 81920 MiB, 0 %
2026/07/04 04:29:44.995, 4, 0 MiB, 81920 MiB, 0 %
2026/07/04 04:29:44.996, 5, 0 MiB, 81920 MiB, 0 %
2026/07/04 04:29:44.996, 6, 0 MiB, 81920 MiB, 0 %
2026/07/04 04:29:44.996, 7, 0 MiB, 81920 MiB, 0 %
2026/07/04 04:29:54.997, 0, 14955 MiB, 81920 MiB, 0 %
2026/07/04 04:29:54.997, 1, 0 MiB, 81920 MiB, 0 %
2026/07/04 04:29:54.998, 2, 0 MiB, 81920 MiB, 0 %
2026/07/04 04:29:54.998, 3, 0 MiB, 81920 MiB, 0 %
2026/07/04 04:29:54.998, 4, 0 MiB, 81920 MiB, 0 %
2026/07/04 04:29:54.998, 5, 0 MiB, 81920 MiB, 0 %
2026/07/04 04:29:54.999, 6, 0 MiB, 81920 MiB, 0 %
2026/07/04 04:29:54.999, 7, 0 MiB, 81920 MiB, 0 %
2026/07/04 04:30:05.000, 0, 14955 MiB, 81920 MiB, 0 %
2026/07/04 04:30:05.000, 1, 0 MiB, 81920 MiB, 0 %
2026/07/04 04:30:05.000, 2, 0 MiB, 81920 MiB, 0 %
2026/07/04 04:30:05.001, 3, 0 MiB, 81920 MiB, 0 %
2026/07/04 04:30:05.001, 4, 0 MiB, 81920 MiB, 0 %
2026/07/04 04:30:05.001, 5, 0 MiB, 81920 MiB, 0 %
2026/07/04 04:30:05.002, 6, 0 MiB, 81920 MiB, 0 %
2026/07/04 04:30:05.002, 7, 0 MiB, 81920 MiB, 0 %
2026/07/04 04:30:15.002, 0, 14955 MiB, 81920 MiB, 0 %
2026/07/04 04:30:15.003, 1, 0 MiB, 81920 MiB, 0 %
2026/07/04 04:30:15.003, 2, 0 MiB, 81920 MiB, 0 %
2026/07/04 04:30:15.003, 3, 0 MiB, 81920 MiB, 0 %
2026/07/04 04:30:15.004, 4, 0 MiB, 81920 MiB, 0 %
2026/07/04 04:30:15.004, 5, 0 MiB, 81920 MiB, 0 %
2026/07/04 04:30:15.004, 6, 0 MiB, 81920 MiB, 0 %
2026/07/04 04:30:15.005, 7, 0 MiB, 81920 MiB, 0 %
2026/07/04 04:30:25.005, 0, 14955 MiB, 81920 MiB, 0 %
2026/07/04 04:30:25.006, 1, 0 MiB, 81920 MiB, 0 %
2026/07/04 04:30:25.006, 2, 0 MiB, 81920 MiB, 0 %
2026/07/04 04:30:25.006, 3, 0 MiB, 81920 MiB, 0 %
2026/07/04 04:30:25.006, 4, 0 MiB, 81920 MiB, 0 %
2026/07/04 04:30:25.007, 5, 0 MiB, 81920 MiB, 0 %
2026/07/04 04:30:25.007, 6, 0 MiB, 81920 MiB, 0 %
2026/07/04 04:30:25.007, 7, 0 MiB, 81920 MiB, 0 %
2026/07/04 04:30:35.008, 0, 14955 MiB, 81920 MiB, 0 %
2026/07/04 04:30:35.008, 1, 0 MiB, 81920 MiB, 0 %
2026/07/04 04:30:35.009, 2, 0 MiB, 81920 MiB, 0 %
2026/07/04 04:30:35.009, 3, 0 MiB, 81920 MiB, 0 %
2026/07/04 04:30:35.009, 4, 0 MiB, 81920 MiB, 0 %
2026/07/04 04:30:35.009, 5, 0 MiB, 81920 MiB, 0 %
2026/07/04 04:30:35.010, 6, 0 MiB, 81920 MiB, 0 %
2026/07/04 04:30:35.010, 7, 0 MiB, 81920 MiB, 0 %
2026/07/04 04:30:45.010, 0, 14955 MiB, 81920 MiB, 0 %
2026/07/04 04:30:45.011, 1, 0 MiB, 81920 MiB, 0 %
2026/07/04 04:30:45.011, 2, 0 MiB, 81920 MiB, 0 %
2026/07/04 04:30:45.012, 3, 0 MiB, 81920 MiB, 0 %
2026/07/04 04:30:45.012, 4, 0 MiB, 81920 MiB, 0 %
2026/07/04 04:30:45.012, 5, 0 MiB, 81920 MiB, 0 %
2026/07/04 04:30:45.012, 6, 0 MiB, 81920 MiB, 0 %
2026/07/04 04:30:45.013, 7, 0 MiB, 81920 MiB, 0 %
2026/07/04 04:30:55.013, 0, 14955 MiB, 81920 MiB, 0 %
2026/07/04 04:30:55.014, 1, 0 MiB, 81920 MiB, 0 %
2026/07/04 04:30:55.014, 2, 0 MiB, 81920 MiB, 0 %
2026/07/04 04:30:55.014, 3, 0 MiB, 81920 MiB, 0 %
2026/07/04 04:30:55.014, 4, 0 MiB, 81920 MiB, 0 %
2026/07/04 04:30:55.015, 5, 0 MiB, 81920 MiB, 0 %
2026/07/04 04:30:55.015, 6, 0 MiB, 81920 MiB, 0 %
2026/07/04 04:30:55.015, 7, 0 MiB, 81920 MiB, 0 %
2026/07/04 04:31:05.015, 0, 14955 MiB, 81920 MiB, 0 %
2026/07/04 04:31:05.016, 1, 0 MiB, 81920 MiB, 0 %
2026/07/04 04:31:05.016, 2, 0 MiB, 81920 MiB, 0 %
2026/07/04 04:31:05.016, 3, 0 MiB, 81920 MiB, 0 %
2026/07/04 04:31:05.017, 4, 0 MiB, 81920 MiB, 0 %
2026/07/04 04:31:05.017, 5, 0 MiB, 81920 MiB, 0 %
2026/07/04 04:31:05.017, 6, 0 MiB, 81920 MiB, 0 %
2026/07/04 04:31:05.018, 7, 0 MiB, 81920 MiB, 0 %
2026/07/04 04:31:15.018, 0, 14955 MiB, 81920 MiB, 0 %
2026/07/04 04:31:15.018, 1, 0 MiB, 81920 MiB, 0 %
2026/07/04 04:31:15.019, 2, 0 MiB, 81920 MiB, 0 %
2026/07/04 04:31:15.019, 3, 0 MiB, 81920 MiB, 0 %
2026/07/04 04:31:15.019, 4, 0 MiB, 81920 MiB, 0 %
2026/07/04 04:31:15.020, 5, 0 MiB, 81920 MiB, 0 %
2026/07/04 04:31:15.020, 6, 0 MiB, 81920 MiB, 0 %
2026/07/04 04:31:15.020, 7, 0 MiB, 81920 MiB, 0 %
2026/07/04 04:31:25.021, 0, 14955 MiB, 81920 MiB, 0 %
2026/07/04 04:31:25.021, 1, 0 MiB, 81920 MiB, 0 %
2026/07/04 04:31:25.021, 2, 0 MiB, 81920 MiB, 0 %
2026/07/04 04:31:25.022, 3, 0 MiB, 81920 MiB, 0 %
2026/07/04 04:31:25.022, 4, 0 MiB, 81920 MiB, 0 %
2026/07/04 04:31:25.022, 5, 0 MiB, 81920 MiB, 0 %
2026/07/04 04:31:25.023, 6, 0 MiB, 81920 MiB, 0 %
2026/07/04 04:31:25.023, 7, 0 MiB, 81920 MiB, 0 %
2026/07/04 04:31:35.024, 0, 14955 MiB, 81920 MiB, 0 %
2026/07/04 04:31:35.025, 1, 0 MiB, 81920 MiB, 0 %
2026/07/04 04:31:35.025, 2, 0 MiB, 81920 MiB, 0 %
2026/07/04 04:31:35.025, 3, 0 MiB, 81920 MiB, 0 %
2026/07/04 04:31:35.026, 4, 0 MiB, 81920 MiB, 0 %
2026/07/04 04:31:35.026, 5, 0 MiB, 81920 MiB, 0 %
2026/07/04 04:31:35.026, 6, 0 MiB, 81920 MiB, 0 %
2026/07/04 04:31:35.026, 7, 0 MiB, 81920 MiB, 0 %
2026/07/04 04:31:45.028, 0, 14955 MiB, 81920 MiB, 64 %
2026/07/04 04:31:45.028, 1, 0 MiB, 81920 MiB, 0 %
2026/07/04 04:31:45.028, 2, 0 MiB, 81920 MiB, 0 %
2026/07/04 04:31:45.029, 3, 0 MiB, 81920 MiB, 0 %
2026/07/04 04:31:45.029, 4, 0 MiB, 81920 MiB, 0 %
2026/07/04 04:31:45.029, 5, 0 MiB, 81920 MiB, 0 %
2026/07/04 04:31:45.030, 6, 0 MiB, 81920 MiB, 0 %
2026/07/04 04:31:45.030, 7, 0 MiB, 81920 MiB, 0 %
2026/07/04 04:31:55.031, 0, 14955 MiB, 81920 MiB, 0 %
2026/07/04 04:31:55.031, 1, 0 MiB, 81920 MiB, 0 %
2026/07/04 04:31:55.031, 2, 0 MiB, 81920 MiB, 0 %
2026/07/04 04:31:55.032, 3, 0 MiB, 81920 MiB, 0 %
2026/07/04 04:31:55.032, 4, 0 MiB, 81920 MiB, 0 %
2026/07/04 04:31:55.032, 5, 0 MiB, 81920 MiB, 0 %
2026/07/04 04:31:55.032, 6, 0 MiB, 81920 MiB, 0 %
2026/07/04 04:31:55.033, 7, 0 MiB, 81920 MiB, 0 %
2026/07/04 04:32:05.033, 0, 14955 MiB, 81920 MiB, 0 %
2026/07/04 04:32:05.034, 1, 0 MiB, 81920 MiB, 0 %
2026/07/04 04:32:05.034, 2, 0 MiB, 81920 MiB, 0 %
2026/07/04 04:32:05.034, 3, 0 MiB, 81920 MiB, 0 %
2026/07/04 04:32:05.035, 4, 0 MiB, 81920 MiB, 0 %
2026/07/04 04:32:05.035, 5, 0 MiB, 81920 MiB, 0 %
2026/07/04 04:32:05.035, 6, 0 MiB, 81920 MiB, 0 %
2026/07/04 04:32:05.036, 7, 0 MiB, 81920 MiB, 0 %
2026/07/04 04:32:15.036, 0, 14955 MiB, 81920 MiB, 0 %
2026/07/04 04:32:15.037, 1, 0 MiB, 81920 MiB, 0 %
2026/07/04 04:32:15.037, 2, 0 MiB, 81920 MiB, 0 %
2026/07/04 04:32:15.037, 3, 0 MiB, 81920 MiB, 0 %
2026/07/04 04:32:15.038, 4, 0 MiB, 81920 MiB, 0 %
2026/07/04 04:32:15.038, 5, 0 MiB, 81920 MiB, 0 %
2026/07/04 04:32:15.038, 6, 0 MiB, 81920 MiB, 0 %
2026/07/04 04:32:15.039, 7, 0 MiB, 81920 MiB, 0 %
2026/07/04 04:32:25.039, 0, 14955 MiB, 81920 MiB, 0 %
2026/07/04 04:32:25.040, 1, 0 MiB, 81920 MiB, 0 %
2026/07/04 04:32:25.040, 2, 0 MiB, 81920 MiB, 0 %
2026/07/04 04:32:25.040, 3, 0 MiB, 81920 MiB, 0 %
2026/07/04 04:32:25.041, 4, 0 MiB, 81920 MiB, 0 %
2026/07/04 04:32:25.041, 5, 0 MiB, 81920 MiB, 0 %
2026/07/04 04:32:25.041, 6, 0 MiB, 81920 MiB, 0 %
2026/07/04 04:32:25.041, 7, 0 MiB, 81920 MiB, 0 %
2026/07/04 04:32:35.042, 0, 14955 MiB, 81920 MiB, 0 %
2026/07/04 04:32:35.042, 1, 0 MiB, 81920 MiB, 0 %
2026/07/04 04:32:35.043, 2, 0 MiB, 81920 MiB, 0 %
2026/07/04 04:32:35.043, 3, 0 MiB, 81920 MiB, 0 %
2026/07/04 04:32:35.043, 4, 0 MiB, 81920 MiB, 0 %
2026/07/04 04:32:35.044, 5, 0 MiB, 81920 MiB, 0 %
2026/07/04 04:32:35.044, 6, 0 MiB, 81920 MiB, 0 %
2026/07/04 04:32:35.044, 7, 0 MiB, 81920 MiB, 0 %
2026/07/04 04:32:45.045, 0, 14955 MiB, 81920 MiB, 0 %
2026/07/04 04:32:45.046, 1, 0 MiB, 81920 MiB, 0 %
2026/07/04 04:32:45.046, 2, 0 MiB, 81920 MiB, 0 %
2026/07/04 04:32:45.046, 3, 0 MiB, 81920 MiB, 0 %
2026/07/04 04:32:45.046, 4, 0 MiB, 81920 MiB, 0 %
2026/07/04 04:32:45.047, 5, 0 MiB, 81920 MiB, 0 %
2026/07/04 04:32:45.047, 6, 0 MiB, 81920 MiB, 0 %
2026/07/04 04:32:45.047, 7, 0 MiB, 81920 MiB, 0 %
2026/07/04 04:32:55.048, 0, 14955 MiB, 81920 MiB, 0 %
2026/07/04 04:32:55.049, 1, 0 MiB, 81920 MiB, 0 %
2026/07/04 04:32:55.049, 2, 0 MiB, 81920 MiB, 0 %
2026/07/04 04:32:55.049, 3, 0 MiB, 81920 MiB, 0 %
2026/07/04 04:32:55.050, 4, 0 MiB, 81920 MiB, 0 %
2026/07/04 04:32:55.050, 5, 0 MiB, 81920 MiB, 0 %
2026/07/04 04:32:55.050, 6, 0 MiB, 81920 MiB, 0 %
2026/07/04 04:32:55.050, 7, 0 MiB, 81920 MiB, 0 %
2026/07/04 04:33:05.051, 0, 14955 MiB, 81920 MiB, 71 %
2026/07/04 04:33:05.051, 1, 0 MiB, 81920 MiB, 0 %
2026/07/04 04:33:05.051, 2, 0 MiB, 81920 MiB, 0 %
2026/07/04 04:33:05.051, 3, 0 MiB, 81920 MiB, 0 %
2026/07/04 04:33:05.051, 4, 0 MiB, 81920 MiB, 0 %
2026/07/04 04:33:05.052, 5, 0 MiB, 81920 MiB, 0 %
2026/07/04 04:33:05.052, 6, 0 MiB, 81920 MiB, 0 %
2026/07/04 04:33:05.052, 7, 0 MiB, 81920 MiB, 0 %
2026/07/04 04:33:15.053, 0, 14955 MiB, 81920 MiB, 0 %
2026/07/04 04:33:15.054, 1, 0 MiB, 81920 MiB, 0 %
2026/07/04 04:33:15.054, 2, 0 MiB, 81920 MiB, 0 %
2026/07/04 04:33:15.054, 3, 0 MiB, 81920 MiB, 0 %
2026/07/04 04:33:15.054, 4, 0 MiB, 81920 MiB, 0 %
2026/07/04 04:33:15.054, 5, 0 MiB, 81920 MiB, 0 %
2026/07/04 04:33:15.054, 6, 0 MiB, 81920 MiB, 0 %
2026/07/04 04:33:15.054, 7, 0 MiB, 81920 MiB, 0 %
2026/07/04 04:33:25.055, 0, 14955 MiB, 81920 MiB, 0 %
2026/07/04 04:33:25.055, 1, 0 MiB, 81920 MiB, 0 %
2026/07/04 04:33:25.056, 2, 0 MiB, 81920 MiB, 0 %
2026/07/04 04:33:25.056, 3, 0 MiB, 81920 MiB, 0 %
2026/07/04 04:33:25.056, 4, 0 MiB, 81920 MiB, 0 %
2026/07/04 04:33:25.057, 5, 0 MiB, 81920 MiB, 0 %
2026/07/04 04:33:25.057, 6, 0 MiB, 81920 MiB, 0 %
2026/07/04 04:33:25.057, 7, 0 MiB, 81920 MiB, 0 %
2026/07/04 04:33:35.058, 0, 14955 MiB, 81920 MiB, 0 %
2026/07/04 04:33:35.058, 1, 0 MiB, 81920 MiB, 0 %
2026/07/04 04:33:35.059, 2, 0 MiB, 81920 MiB, 0 %
2026/07/04 04:33:35.059, 3, 0 MiB, 81920 MiB, 0 %
2026/07/04 04:33:35.059, 4, 0 MiB, 81920 MiB, 0 %
2026/07/04 04:33:35.059, 5, 0 MiB, 81920 MiB, 0 %
2026/07/04 04:33:35.060, 6, 0 MiB, 81920 MiB, 0 %
2026/07/04 04:33:35.060, 7, 0 MiB, 81920 MiB, 0 %
2026/07/04 04:33:45.061, 0, 14957 MiB, 81920 MiB, 0 %
2026/07/04 04:33:45.061, 1, 0 MiB, 81920 MiB, 0 %
2026/07/04 04:33:45.062, 2, 0 MiB, 81920 MiB, 0 %
2026/07/04 04:33:45.062, 3, 0 MiB, 81920 MiB, 0 %
2026/07/04 04:33:45.062, 4, 0 MiB, 81920 MiB, 0 %
2026/07/04 04:33:45.062, 5, 0 MiB, 81920 MiB, 0 %
2026/07/04 04:33:45.063, 6, 0 MiB, 81920 MiB, 0 %
2026/07/04 04:33:45.063, 7, 0 MiB, 81920 MiB, 0 %
2026/07/04 04:33:55.064, 0, 14957 MiB, 81920 MiB, 0 %
2026/07/04 04:33:55.065, 1, 0 MiB, 81920 MiB, 0 %
2026/07/04 04:33:55.065, 2, 0 MiB, 81920 MiB, 0 %
2026/07/04 04:33:55.065, 3, 0 MiB, 81920 MiB, 0 %
2026/07/04 04:33:55.065, 4, 0 MiB, 81920 MiB, 0 %
2026/07/04 04:33:55.065, 5, 0 MiB, 81920 MiB, 0 %
2026/07/04 04:33:55.066, 6, 0 MiB, 81920 MiB, 0 %
2026/07/04 04:33:55.066, 7, 0 MiB, 81920 MiB, 0 %
2026/07/04 04:34:05.067, 0, 14957 MiB, 81920 MiB, 0 %
2026/07/04 04:34:05.067, 1, 0 MiB, 81920 MiB, 0 %
2026/07/04 04:34:05.067, 2, 0 MiB, 81920 MiB, 0 %
2026/07/04 04:34:05.068, 3, 0 MiB, 81920 MiB, 0 %
2026/07/04 04:34:05.068, 4, 0 MiB, 81920 MiB, 0 %
2026/07/04 04:34:05.068, 5, 0 MiB, 81920 MiB, 0 %
2026/07/04 04:34:05.069, 6, 0 MiB, 81920 MiB, 0 %
2026/07/04 04:34:05.069, 7, 0 MiB, 81920 MiB, 0 %
2026/07/04 04:34:15.070, 0, 14957 MiB, 81920 MiB, 0 %
2026/07/04 04:34:15.070, 1, 0 MiB, 81920 MiB, 0 %
2026/07/04 04:34:15.070, 2, 0 MiB, 81920 MiB, 0 %
2026/07/04 04:34:15.071, 3, 0 MiB, 81920 MiB, 0 %
2026/07/04 04:34:15.071, 4, 0 MiB, 81920 MiB, 0 %
2026/07/04 04:34:15.071, 5, 0 MiB, 81920 MiB, 0 %
2026/07/04 04:34:15.072, 6, 0 MiB, 81920 MiB, 0 %
2026/07/04 04:34:15.072, 7, 0 MiB, 81920 MiB, 0 %
2026/07/04 04:34:25.073, 0, 14957 MiB, 81920 MiB, 0 %
2026/07/04 04:34:25.073, 1, 0 MiB, 81920 MiB, 0 %
2026/07/04 04:34:25.073, 2, 0 MiB, 81920 MiB, 0 %
2026/07/04 04:34:25.074, 3, 0 MiB, 81920 MiB, 0 %
2026/07/04 04:34:25.074, 4, 0 MiB, 81920 MiB, 0 %
2026/07/04 04:34:25.074, 5, 0 MiB, 81920 MiB, 0 %
2026/07/04 04:34:25.074, 6, 0 MiB, 81920 MiB, 0 %
2026/07/04 04:34:25.075, 7, 0 MiB, 81920 MiB, 0 %
2026/07/04 04:34:35.076, 0, 14957 MiB, 81920 MiB, 0 %
2026/07/04 04:34:35.076, 1, 0 MiB, 81920 MiB, 0 %
2026/07/04 04:34:35.076, 2, 0 MiB, 81920 MiB, 0 %
2026/07/04 04:34:35.077, 3, 0 MiB, 81920 MiB, 0 %
2026/07/04 04:34:35.077, 4, 0 MiB, 81920 MiB, 0 %
2026/07/04 04:34:35.077, 5, 0 MiB, 81920 MiB, 0 %
2026/07/04 04:34:35.077, 6, 0 MiB, 81920 MiB, 0 %
2026/07/04 04:34:35.078, 7, 0 MiB, 81920 MiB, 0 %
2026/07/04 04:34:45.078, 0, 14957 MiB, 81920 MiB, 0 %
2026/07/04 04:34:45.079, 1, 0 MiB, 81920 MiB, 0 %
2026/07/04 04:34:45.079, 2, 0 MiB, 81920 MiB, 0 %
2026/07/04 04:34:45.079, 3, 0 MiB, 81920 MiB, 0 %
2026/07/04 04:34:45.080, 4, 0 MiB, 81920 MiB, 0 %
2026/07/04 04:34:45.080, 5, 0 MiB, 81920 MiB, 0 %
2026/07/04 04:34:45.080, 6, 0 MiB, 81920 MiB, 0 %
2026/07/04 04:34:45.080, 7, 0 MiB, 81920 MiB, 0 %
2026/07/04 04:34:55.081, 0, 14957 MiB, 81920 MiB, 0 %
2026/07/04 04:34:55.082, 1, 0 MiB, 81920 MiB, 0 %
2026/07/04 04:34:55.082, 2, 0 MiB, 81920 MiB, 0 %
2026/07/04 04:34:55.082, 3, 0 MiB, 81920 MiB, 0 %
2026/07/04 04:34:55.082, 4, 0 MiB, 81920 MiB, 0 %
2026/07/04 04:34:55.083, 5, 0 MiB, 81920 MiB, 0 %
2026/07/04 04:34:55.083, 6, 0 MiB, 81920 MiB, 0 %
2026/07/04 04:34:55.083, 7, 0 MiB, 81920 MiB, 0 %
2026/07/04 04:35:05.083, 0, 14957 MiB, 81920 MiB, 0 %
2026/07/04 04:35:05.084, 1, 0 MiB, 81920 MiB, 0 %
2026/07/04 04:35:05.084, 2, 0 MiB, 81920 MiB, 0 %
2026/07/04 04:35:05.084, 3, 0 MiB, 81920 MiB, 0 %
2026/07/04 04:35:05.085, 4, 0 MiB, 81920 MiB, 0 %
2026/07/04 04:35:05.085, 5, 0 MiB, 81920 MiB, 0 %
2026/07/04 04:35:05.085, 6, 0 MiB, 81920 MiB, 0 %
2026/07/04 04:35:05.085, 7, 0 MiB, 81920 MiB, 0 %
2026/07/04 04:35:15.086, 0, 14957 MiB, 81920 MiB, 0 %
2026/07/04 04:35:15.087, 1, 0 MiB, 81920 MiB, 0 %
2026/07/04 04:35:15.087, 2, 0 MiB, 81920 MiB, 0 %
2026/07/04 04:35:15.087, 3, 0 MiB, 81920 MiB, 0 %
2026/07/04 04:35:15.087, 4, 0 MiB, 81920 MiB, 0 %
2026/07/04 04:35:15.087, 5, 0 MiB, 81920 MiB, 0 %
2026/07/04 04:35:15.087, 6, 0 MiB, 81920 MiB, 0 %
2026/07/04 04:35:15.087, 7, 0 MiB, 81920 MiB, 0 %
2026/07/04 04:35:25.088, 0, 14957 MiB, 81920 MiB, 53 %
2026/07/04 04:35:25.088, 1, 0 MiB, 81920 MiB, 0 %
2026/07/04 04:35:25.089, 2, 0 MiB, 81920 MiB, 0 %
2026/07/04 04:35:25.089, 3, 0 MiB, 81920 MiB, 0 %
2026/07/04 04:35:25.089, 4, 0 MiB, 81920 MiB, 0 %
2026/07/04 04:35:25.090, 5, 0 MiB, 81920 MiB, 0 %
2026/07/04 04:35:25.090, 6, 0 MiB, 81920 MiB, 0 %
2026/07/04 04:35:25.090, 7, 0 MiB, 81920 MiB, 0 %
2026/07/04 04:35:35.091, 0, 14957 MiB, 81920 MiB, 0 %
2026/07/04 04:35:35.091, 1, 0 MiB, 81920 MiB, 0 %
2026/07/04 04:35:35.092, 2, 0 MiB, 81920 MiB, 0 %
2026/07/04 04:35:35.092, 3, 0 MiB, 81920 MiB, 0 %
2026/07/04 04:35:35.092, 4, 0 MiB, 81920 MiB, 0 %
2026/07/04 04:35:35.092, 5, 0 MiB, 81920 MiB, 0 %
2026/07/04 04:35:35.093, 6, 0 MiB, 81920 MiB, 0 %
2026/07/04 04:35:35.093, 7, 0 MiB, 81920 MiB, 0 %
2026/07/04 04:35:45.094, 0, 14957 MiB, 81920 MiB, 0 %
2026/07/04 04:35:45.094, 1, 0 MiB, 81920 MiB, 0 %
2026/07/04 04:35:45.095, 2, 0 MiB, 81920 MiB, 0 %
2026/07/04 04:35:45.095, 3, 0 MiB, 81920 MiB, 0 %
2026/07/04 04:35:45.095, 4, 0 MiB, 81920 MiB, 0 %
2026/07/04 04:35:45.095, 5, 0 MiB, 81920 MiB, 0 %
2026/07/04 04:35:45.096, 6, 0 MiB, 81920 MiB, 0 %
2026/07/04 04:35:45.096, 7, 0 MiB, 81920 MiB, 0 %
2026/07/04 04:35:55.097, 0, 14957 MiB, 81920 MiB, 0 %
2026/07/04 04:35:55.097, 1, 0 MiB, 81920 MiB, 0 %
2026/07/04 04:35:55.097, 2, 0 MiB, 81920 MiB, 0 %
2026/07/04 04:35:55.098, 3, 0 MiB, 81920 MiB, 0 %
2026/07/04 04:35:55.098, 4, 0 MiB, 81920 MiB, 0 %
2026/07/04 04:35:55.098, 5, 0 MiB, 81920 MiB, 0 %
2026/07/04 04:35:55.099, 6, 0 MiB, 81920 MiB, 0 %
2026/07/04 04:35:55.099, 7, 0 MiB, 81920 MiB, 0 %
2026/07/04 04:36:05.100, 0, 14957 MiB, 81920 MiB, 0 %
2026/07/04 04:36:05.100, 1, 0 MiB, 81920 MiB, 0 %
2026/07/04 04:36:05.100, 2, 0 MiB, 81920 MiB, 0 %
2026/07/04 04:36:05.101, 3, 0 MiB, 81920 MiB, 0 %
2026/07/04 04:36:05.101, 4, 0 MiB, 81920 MiB, 0 %
2026/07/04 04:36:05.101, 5, 0 MiB, 81920 MiB, 0 %
2026/07/04 04:36:05.101, 6, 0 MiB, 81920 MiB, 0 %
2026/07/04 04:36:05.102, 7, 0 MiB, 81920 MiB, 0 %
2026/07/04 04:36:15.103, 0, 14957 MiB, 81920 MiB, 0 %
2026/07/04 04:36:15.103, 1, 0 MiB, 81920 MiB, 0 %
2026/07/04 04:36:15.103, 2, 0 MiB, 81920 MiB, 0 %
2026/07/04 04:36:15.104, 3, 0 MiB, 81920 MiB, 0 %
2026/07/04 04:36:15.104, 4, 0 MiB, 81920 MiB, 0 %
2026/07/04 04:36:15.104, 5, 0 MiB, 81920 MiB, 0 %
2026/07/04 04:36:15.104, 6, 0 MiB, 81920 MiB, 0 %
2026/07/04 04:36:15.105, 7, 0 MiB, 81920 MiB, 0 %
2026/07/04 04:36:25.105, 0, 14957 MiB, 81920 MiB, 0 %
2026/07/04 04:36:25.106, 1, 0 MiB, 81920 MiB, 0 %
2026/07/04 04:36:25.106, 2, 0 MiB, 81920 MiB, 0 %
2026/07/04 04:36:25.106, 3, 0 MiB, 81920 MiB, 0 %
2026/07/04 04:36:25.107, 4, 0 MiB, 81920 MiB, 0 %
2026/07/04 04:36:25.107, 5, 0 MiB, 81920 MiB, 0 %
2026/07/04 04:36:25.107, 6, 0 MiB, 81920 MiB, 0 %
2026/07/04 04:36:25.107, 7, 0 MiB, 81920 MiB, 0 %
2026/07/04 04:36:35.108, 0, 14957 MiB, 81920 MiB, 77 %
2026/07/04 04:36:35.109, 1, 0 MiB, 81920 MiB, 0 %
2026/07/04 04:36:35.109, 2, 0 MiB, 81920 MiB, 0 %
2026/07/04 04:36:35.109, 3, 0 MiB, 81920 MiB, 0 %
2026/07/04 04:36:35.109, 4, 0 MiB, 81920 MiB, 0 %
2026/07/04 04:36:35.110, 5, 0 MiB, 81920 MiB, 0 %
2026/07/04 04:36:35.110, 6, 0 MiB, 81920 MiB, 0 %
2026/07/04 04:36:35.110, 7, 0 MiB, 81920 MiB, 0 %
2026/07/04 04:36:45.111, 0, 14957 MiB, 81920 MiB, 0 %
2026/07/04 04:36:45.111, 1, 0 MiB, 81920 MiB, 0 %
2026/07/04 04:36:45.111, 2, 0 MiB, 81920 MiB, 0 %
2026/07/04 04:36:45.112, 3, 0 MiB, 81920 MiB, 0 %
2026/07/04 04:36:45.112, 4, 0 MiB, 81920 MiB, 0 %
2026/07/04 04:36:45.112, 5, 0 MiB, 81920 MiB, 0 %
2026/07/04 04:36:45.112, 6, 0 MiB, 81920 MiB, 0 %
2026/07/04 04:36:45.113, 7, 0 MiB, 81920 MiB, 0 %
2026/07/04 04:36:55.114, 0, 14957 MiB, 81920 MiB, 0 %
2026/07/04 04:36:55.114, 1, 0 MiB, 81920 MiB, 0 %
2026/07/04 04:36:55.115, 2, 0 MiB, 81920 MiB, 0 %
2026/07/04 04:36:55.115, 3, 0 MiB, 81920 MiB, 0 %
2026/07/04 04:36:55.115, 4, 0 MiB, 81920 MiB, 0 %
2026/07/04 04:36:55.115, 5, 0 MiB, 81920 MiB, 0 %
2026/07/04 04:36:55.116, 6, 0 MiB, 81920 MiB, 0 %
2026/07/04 04:36:55.116, 7, 0 MiB, 81920 MiB, 0 %
2026/07/04 04:37:05.117, 0, 14957 MiB, 81920 MiB, 0 %
2026/07/04 04:37:05.117, 1, 0 MiB, 81920 MiB, 0 %
2026/07/04 04:37:05.117, 2, 0 MiB, 81920 MiB, 0 %
2026/07/04 04:37:05.117, 3, 0 MiB, 81920 MiB, 0 %
2026/07/04 04:37:05.118, 4, 0 MiB, 81920 MiB, 0 %
2026/07/04 04:37:05.118, 5, 0 MiB, 81920 MiB, 0 %
2026/07/04 04:37:05.118, 6, 0 MiB, 81920 MiB, 0 %
2026/07/04 04:37:05.118, 7, 0 MiB, 81920 MiB, 0 %
2026/07/04 04:37:15.119, 0, 14957 MiB, 81920 MiB, 0 %
2026/07/04 04:37:15.119, 1, 0 MiB, 81920 MiB, 0 %
2026/07/04 04:37:15.120, 2, 0 MiB, 81920 MiB, 0 %
2026/07/04 04:37:15.120, 3, 0 MiB, 81920 MiB, 0 %
2026/07/04 04:37:15.120, 4, 0 MiB, 81920 MiB, 0 %
2026/07/04 04:37:15.120, 5, 0 MiB, 81920 MiB, 0 %
2026/07/04 04:37:15.121, 6, 0 MiB, 81920 MiB, 0 %
2026/07/04 04:37:15.121, 7, 0 MiB, 81920 MiB, 0 %
2026/07/04 04:37:25.122, 0, 14957 MiB, 81920 MiB, 74 %
2026/07/04 04:37:25.122, 1, 0 MiB, 81920 MiB, 0 %
2026/07/04 04:37:25.122, 2, 0 MiB, 81920 MiB, 0 %
2026/07/04 04:37:25.123, 3, 0 MiB, 81920 MiB, 0 %
2026/07/04 04:37:25.123, 4, 0 MiB, 81920 MiB, 0 %
2026/07/04 04:37:25.123, 5, 0 MiB, 81920 MiB, 0 %
2026/07/04 04:37:25.124, 6, 0 MiB, 81920 MiB, 0 %
2026/07/04 04:37:25.124, 7, 0 MiB, 81920 MiB, 0 %
2026/07/04 04:37:35.125, 0, 14957 MiB, 81920 MiB, 0 %
2026/07/04 04:37:35.125, 1, 0 MiB, 81920 MiB, 0 %
2026/07/04 04:37:35.125, 2, 0 MiB, 81920 MiB, 0 %
2026/07/04 04:37:35.126, 3, 0 MiB, 81920 MiB, 0 %
2026/07/04 04:37:35.126, 4, 0 MiB, 81920 MiB, 0 %
2026/07/04 04:37:35.126, 5, 0 MiB, 81920 MiB, 0 %
2026/07/04 04:37:35.126, 6, 0 MiB, 81920 MiB, 0 %
2026/07/04 04:37:35.127, 7, 0 MiB, 81920 MiB, 0 %
2026/07/04 04:37:45.127, 0, 14957 MiB, 81920 MiB, 61 %
2026/07/04 04:37:45.128, 1, 0 MiB, 81920 MiB, 0 %
2026/07/04 04:37:45.128, 2, 0 MiB, 81920 MiB, 0 %
2026/07/04 04:37:45.129, 3, 0 MiB, 81920 MiB, 0 %
2026/07/04 04:37:45.129, 4, 0 MiB, 81920 MiB, 0 %
2026/07/04 04:37:45.129, 5, 0 MiB, 81920 MiB, 0 %
2026/07/04 04:37:45.129, 6, 0 MiB, 81920 MiB, 0 %
2026/07/04 04:37:45.130, 7, 0 MiB, 81920 MiB, 0 %
2026/07/04 04:37:55.130, 0, 14957 MiB, 81920 MiB, 0 %
2026/07/04 04:37:55.131, 1, 0 MiB, 81920 MiB, 0 %
2026/07/04 04:37:55.131, 2, 0 MiB, 81920 MiB, 0 %
2026/07/04 04:37:55.131, 3, 0 MiB, 81920 MiB, 0 %
2026/07/04 04:37:55.132, 4, 0 MiB, 81920 MiB, 0 %
2026/07/04 04:37:55.132, 5, 0 MiB, 81920 MiB, 0 %
2026/07/04 04:37:55.132, 6, 0 MiB, 81920 MiB, 0 %
2026/07/04 04:37:55.133, 7, 0 MiB, 81920 MiB, 0 %
2026/07/04 04:38:05.133, 0, 14957 MiB, 81920 MiB, 0 %
2026/07/04 04:38:05.134, 1, 0 MiB, 81920 MiB, 0 %
2026/07/04 04:38:05.134, 2, 0 MiB, 81920 MiB, 0 %
2026/07/04 04:38:05.134, 3, 0 MiB, 81920 MiB, 0 %
2026/07/04 04:38:05.134, 4, 0 MiB, 81920 MiB, 0 %
2026/07/04 04:38:05.135, 5, 0 MiB, 81920 MiB, 0 %
2026/07/04 04:38:05.135, 6, 0 MiB, 81920 MiB, 0 %
2026/07/04 04:38:05.135, 7, 0 MiB, 81920 MiB, 0 %
2026/07/04 04:38:15.136, 0, 14957 MiB, 81920 MiB, 0 %
2026/07/04 04:38:15.136, 1, 0 MiB, 81920 MiB, 0 %
2026/07/04 04:38:15.137, 2, 0 MiB, 81920 MiB, 0 %
2026/07/04 04:38:15.137, 3, 0 MiB, 81920 MiB, 0 %
2026/07/04 04:38:15.137, 4, 0 MiB, 81920 MiB, 0 %
2026/07/04 04:38:15.137, 5, 0 MiB, 81920 MiB, 0 %
2026/07/04 04:38:15.138, 6, 0 MiB, 81920 MiB, 0 %
2026/07/04 04:38:15.138, 7, 0 MiB, 81920 MiB, 0 %
2026/07/04 04:38:25.139, 0, 14957 MiB, 81920 MiB, 0 %
2026/07/04 04:38:25.139, 1, 0 MiB, 81920 MiB, 0 %
2026/07/04 04:38:25.139, 2, 0 MiB, 81920 MiB, 0 %
2026/07/04 04:38:25.140, 3, 0 MiB, 81920 MiB, 0 %
2026/07/04 04:38:25.140, 4, 0 MiB, 81920 MiB, 0 %
2026/07/04 04:38:25.140, 5, 0 MiB, 81920 MiB, 0 %
2026/07/04 04:38:25.141, 6, 0 MiB, 81920 MiB, 0 %
2026/07/04 04:38:25.141, 7, 0 MiB, 81920 MiB, 0 %
2026/07/04 04:38:35.141, 0, 14957 MiB, 81920 MiB, 0 %
2026/07/04 04:38:35.142, 1, 0 MiB, 81920 MiB, 0 %
2026/07/04 04:38:35.142, 2, 0 MiB, 81920 MiB, 0 %
2026/07/04 04:38:35.142, 3, 0 MiB, 81920 MiB, 0 %
2026/07/04 04:38:35.143, 4, 0 MiB, 81920 MiB, 0 %
2026/07/04 04:38:35.143, 5, 0 MiB, 81920 MiB, 0 %
2026/07/04 04:38:35.143, 6, 0 MiB, 81920 MiB, 0 %
2026/07/04 04:38:35.144, 7, 0 MiB, 81920 MiB, 0 %
2026/07/04 04:38:45.144, 0, 14957 MiB, 81920 MiB, 0 %
2026/07/04 04:38:45.144, 1, 0 MiB, 81920 MiB, 0 %
2026/07/04 04:38:45.145, 2, 0 MiB, 81920 MiB, 0 %
2026/07/04 04:38:45.145, 3, 0 MiB, 81920 MiB, 0 %
2026/07/04 04:38:45.145, 4, 0 MiB, 81920 MiB, 0 %
2026/07/04 04:38:45.146, 5, 0 MiB, 81920 MiB, 0 %
2026/07/04 04:38:45.146, 6, 0 MiB, 81920 MiB, 0 %
2026/07/04 04:38:45.146, 7, 0 MiB, 81920 MiB, 0 %
2026/07/04 04:38:55.147, 0, 14957 MiB, 81920 MiB, 0 %
2026/07/04 04:38:55.147, 1, 0 MiB, 81920 MiB, 0 %
2026/07/04 04:38:55.148, 2, 0 MiB, 81920 MiB, 0 %
2026/07/04 04:38:55.148, 3, 0 MiB, 81920 MiB, 0 %
2026/07/04 04:38:55.148, 4, 0 MiB, 81920 MiB, 0 %
2026/07/04 04:38:55.149, 5, 0 MiB, 81920 MiB, 0 %
2026/07/04 04:38:55.149, 6, 0 MiB, 81920 MiB, 0 %
2026/07/04 04:38:55.149, 7, 0 MiB, 81920 MiB, 0 %
2026/07/04 04:39:05.150, 0, 14957 MiB, 81920 MiB, 0 %
2026/07/04 04:39:05.150, 1, 0 MiB, 81920 MiB, 0 %
2026/07/04 04:39:05.150, 2, 0 MiB, 81920 MiB, 0 %
2026/07/04 04:39:05.151, 3, 0 MiB, 81920 MiB, 0 %
2026/07/04 04:39:05.151, 4, 0 MiB, 81920 MiB, 0 %
2026/07/04 04:39:05.151, 5, 0 MiB, 81920 MiB, 0 %
2026/07/04 04:39:05.152, 6, 0 MiB, 81920 MiB, 0 %
2026/07/04 04:39:05.152, 7, 0 MiB, 81920 MiB, 0 %
2026/07/04 04:39:15.153, 0, 14957 MiB, 81920 MiB, 74 %
2026/07/04 04:39:15.153, 1, 0 MiB, 81920 MiB, 0 %
2026/07/04 04:39:15.153, 2, 0 MiB, 81920 MiB, 0 %
2026/07/04 04:39:15.154, 3, 0 MiB, 81920 MiB, 0 %
2026/07/04 04:39:15.154, 4, 0 MiB, 81920 MiB, 0 %
2026/07/04 04:39:15.154, 5, 0 MiB, 81920 MiB, 0 %
2026/07/04 04:39:15.154, 6, 0 MiB, 81920 MiB, 0 %
2026/07/04 04:39:15.155, 7, 0 MiB, 81920 MiB, 0 %
2026/07/04 04:39:25.155, 0, 14957 MiB, 81920 MiB, 0 %
2026/07/04 04:39:25.156, 1, 0 MiB, 81920 MiB, 0 %
2026/07/04 04:39:25.156, 2, 0 MiB, 81920 MiB, 0 %
2026/07/04 04:39:25.156, 3, 0 MiB, 81920 MiB, 0 %
2026/07/04 04:39:25.157, 4, 0 MiB, 81920 MiB, 0 %
2026/07/04 04:39:25.157, 5, 0 MiB, 81920 MiB, 0 %
2026/07/04 04:39:25.157, 6, 0 MiB, 81920 MiB, 0 %
2026/07/04 04:39:25.157, 7, 0 MiB, 81920 MiB, 0 %
2026/07/04 04:39:35.158, 0, 14957 MiB, 81920 MiB, 0 %
2026/07/04 04:39:35.158, 1, 0 MiB, 81920 MiB, 0 %
2026/07/04 04:39:35.159, 2, 0 MiB, 81920 MiB, 0 %
2026/07/04 04:39:35.159, 3, 0 MiB, 81920 MiB, 0 %
2026/07/04 04:39:35.159, 4, 0 MiB, 81920 MiB, 0 %
2026/07/04 04:39:35.160, 5, 0 MiB, 81920 MiB, 0 %
2026/07/04 04:39:35.160, 6, 0 MiB, 81920 MiB, 0 %
2026/07/04 04:39:35.160, 7, 0 MiB, 81920 MiB, 0 %
2026/07/04 04:39:45.161, 0, 14957 MiB, 81920 MiB, 0 %
2026/07/04 04:39:45.162, 1, 0 MiB, 81920 MiB, 0 %
2026/07/04 04:39:45.162, 2, 0 MiB, 81920 MiB, 0 %
2026/07/04 04:39:45.162, 3, 0 MiB, 81920 MiB, 0 %
2026/07/04 04:39:45.162, 4, 0 MiB, 81920 MiB, 0 %
2026/07/04 04:39:45.163, 5, 0 MiB, 81920 MiB, 0 %
2026/07/04 04:39:45.163, 6, 0 MiB, 81920 MiB, 0 %
2026/07/04 04:39:45.163, 7, 0 MiB, 81920 MiB, 0 %
2026/07/04 04:39:55.164, 0, 14957 MiB, 81920 MiB, 0 %
2026/07/04 04:39:55.164, 1, 0 MiB, 81920 MiB, 0 %
2026/07/04 04:39:55.165, 2, 0 MiB, 81920 MiB, 0 %
2026/07/04 04:39:55.165, 3, 0 MiB, 81920 MiB, 0 %
2026/07/04 04:39:55.165, 4, 0 MiB, 81920 MiB, 0 %
2026/07/04 04:39:55.165, 5, 0 MiB, 81920 MiB, 0 %
2026/07/04 04:39:55.166, 6, 0 MiB, 81920 MiB, 0 %
2026/07/04 04:39:55.166, 7, 0 MiB, 81920 MiB, 0 %
2026/07/04 04:40:05.167, 0, 14957 MiB, 81920 MiB, 0 %
2026/07/04 04:40:05.167, 1, 0 MiB, 81920 MiB, 0 %
2026/07/04 04:40:05.168, 2, 0 MiB, 81920 MiB, 0 %
2026/07/04 04:40:05.168, 3, 0 MiB, 81920 MiB, 0 %
2026/07/04 04:40:05.168, 4, 0 MiB, 81920 MiB, 0 %
2026/07/04 04:40:05.168, 5, 0 MiB, 81920 MiB, 0 %
2026/07/04 04:40:05.169, 6, 0 MiB, 81920 MiB, 0 %
2026/07/04 04:40:05.169, 7, 0 MiB, 81920 MiB, 0 %
2026/07/04 04:40:15.170, 0, 14957 MiB, 81920 MiB, 0 %
2026/07/04 04:40:15.170, 1, 0 MiB, 81920 MiB, 0 %
2026/07/04 04:40:15.170, 2, 0 MiB, 81920 MiB, 0 %
2026/07/04 04:40:15.171, 3, 0 MiB, 81920 MiB, 0 %
2026/07/04 04:40:15.171, 4, 0 MiB, 81920 MiB, 0 %
2026/07/04 04:40:15.171, 5, 0 MiB, 81920 MiB, 0 %
2026/07/04 04:40:15.172, 6, 0 MiB, 81920 MiB, 0 %
2026/07/04 04:40:15.172, 7, 0 MiB, 81920 MiB, 0 %
2026/07/04 04:40:25.173, 0, 14957 MiB, 81920 MiB, 0 %
2026/07/04 04:40:25.173, 1, 0 MiB, 81920 MiB, 0 %
2026/07/04 04:40:25.173, 2, 0 MiB, 81920 MiB, 0 %
2026/07/04 04:40:25.174, 3, 0 MiB, 81920 MiB, 0 %
2026/07/04 04:40:25.174, 4, 0 MiB, 81920 MiB, 0 %
2026/07/04 04:40:25.174, 5, 0 MiB, 81920 MiB, 0 %
2026/07/04 04:40:25.174, 6, 0 MiB, 81920 MiB, 0 %
2026/07/04 04:40:25.175, 7, 0 MiB, 81920 MiB, 0 %
2026/07/04 04:40:35.175, 0, 14957 MiB, 81920 MiB, 0 %
2026/07/04 04:40:35.176, 1, 0 MiB, 81920 MiB, 0 %
2026/07/04 04:40:35.176, 2, 0 MiB, 81920 MiB, 0 %
2026/07/04 04:40:35.176, 3, 0 MiB, 81920 MiB, 0 %
2026/07/04 04:40:35.177, 4, 0 MiB, 81920 MiB, 0 %
2026/07/04 04:40:35.177, 5, 0 MiB, 81920 MiB, 0 %
2026/07/04 04:40:35.177, 6, 0 MiB, 81920 MiB, 0 %
2026/07/04 04:40:35.178, 7, 0 MiB, 81920 MiB, 0 %
2026/07/04 04:40:45.178, 0, 14957 MiB, 81920 MiB, 75 %
2026/07/04 04:40:45.179, 1, 0 MiB, 81920 MiB, 0 %
2026/07/04 04:40:45.179, 2, 0 MiB, 81920 MiB, 0 %
2026/07/04 04:40:45.179, 3, 0 MiB, 81920 MiB, 0 %
2026/07/04 04:40:45.179, 4, 0 MiB, 81920 MiB, 0 %
2026/07/04 04:40:45.180, 5, 0 MiB, 81920 MiB, 0 %
2026/07/04 04:40:45.180, 6, 0 MiB, 81920 MiB, 0 %
2026/07/04 04:40:45.180, 7, 0 MiB, 81920 MiB, 0 %
2026/07/04 04:40:55.181, 0, 14957 MiB, 81920 MiB, 0 %
2026/07/04 04:40:55.182, 1, 0 MiB, 81920 MiB, 0 %
2026/07/04 04:40:55.182, 2, 0 MiB, 81920 MiB, 0 %
2026/07/04 04:40:55.182, 3, 0 MiB, 81920 MiB, 0 %
2026/07/04 04:40:55.182, 4, 0 MiB, 81920 MiB, 0 %
2026/07/04 04:40:55.183, 5, 0 MiB, 81920 MiB, 0 %
2026/07/04 04:40:55.183, 6, 0 MiB, 81920 MiB, 0 %
2026/07/04 04:40:55.183, 7, 0 MiB, 81920 MiB, 0 %
2026/07/04 04:41:05.184, 0, 14957 MiB, 81920 MiB, 0 %
2026/07/04 04:41:05.184, 1, 0 MiB, 81920 MiB, 0 %
2026/07/04 04:41:05.185, 2, 0 MiB, 81920 MiB, 0 %
2026/07/04 04:41:05.185, 3, 0 MiB, 81920 MiB, 0 %
2026/07/04 04:41:05.185, 4, 0 MiB, 81920 MiB, 0 %
2026/07/04 04:41:05.185, 5, 0 MiB, 81920 MiB, 0 %
2026/07/04 04:41:05.186, 6, 0 MiB, 81920 MiB, 0 %
2026/07/04 04:41:05.186, 7, 0 MiB, 81920 MiB, 0 %
2026/07/04 04:41:15.187, 0, 14957 MiB, 81920 MiB, 0 %
2026/07/04 04:41:15.187, 1, 0 MiB, 81920 MiB, 0 %
2026/07/04 04:41:15.188, 2, 0 MiB, 81920 MiB, 0 %
2026/07/04 04:41:15.188, 3, 0 MiB, 81920 MiB, 0 %
2026/07/04 04:41:15.188, 4, 0 MiB, 81920 MiB, 0 %
2026/07/04 04:41:15.188, 5, 0 MiB, 81920 MiB, 0 %
2026/07/04 04:41:15.189, 6, 0 MiB, 81920 MiB, 0 %
2026/07/04 04:41:15.189, 7, 0 MiB, 81920 MiB, 0 %
2026/07/04 04:41:25.190, 0, 14957 MiB, 81920 MiB, 63 %
2026/07/04 04:41:25.190, 1, 0 MiB, 81920 MiB, 0 %
2026/07/04 04:41:25.191, 2, 0 MiB, 81920 MiB, 0 %
2026/07/04 04:41:25.191, 3, 0 MiB, 81920 MiB, 0 %
2026/07/04 04:41:25.191, 4, 0 MiB, 81920 MiB, 0 %
2026/07/04 04:41:25.191, 5, 0 MiB, 81920 MiB, 0 %
2026/07/04 04:41:25.192, 6, 0 MiB, 81920 MiB, 0 %
2026/07/04 04:41:25.192, 7, 0 MiB, 81920 MiB, 0 %
2026/07/04 04:41:35.193, 0, 14957 MiB, 81920 MiB, 0 %
2026/07/04 04:41:35.193, 1, 0 MiB, 81920 MiB, 0 %
2026/07/04 04:41:35.193, 2, 0 MiB, 81920 MiB, 0 %
2026/07/04 04:41:35.194, 3, 0 MiB, 81920 MiB, 0 %
2026/07/04 04:41:35.194, 4, 0 MiB, 81920 MiB, 0 %
2026/07/04 04:41:35.194, 5, 0 MiB, 81920 MiB, 0 %
2026/07/04 04:41:35.194, 6, 0 MiB, 81920 MiB, 0 %
2026/07/04 04:41:35.195, 7, 0 MiB, 81920 MiB, 0 %
2026/07/04 04:41:45.196, 0, 14957 MiB, 81920 MiB, 0 %
2026/07/04 04:41:45.196, 1, 0 MiB, 81920 MiB, 0 %
2026/07/04 04:41:45.196, 2, 0 MiB, 81920 MiB, 0 %
2026/07/04 04:41:45.196, 3, 0 MiB, 81920 MiB, 0 %
2026/07/04 04:41:45.197, 4, 0 MiB, 81920 MiB, 0 %
2026/07/04 04:41:45.197, 5, 0 MiB, 81920 MiB, 0 %
2026/07/04 04:41:45.197, 6, 0 MiB, 81920 MiB, 0 %
2026/07/04 04:41:45.198, 7, 0 MiB, 81920 MiB, 0 %
2026/07/04 04:41:55.198, 0, 14957 MiB, 81920 MiB, 70 %
2026/07/04 04:41:55.199, 1, 0 MiB, 81920 MiB, 0 %
2026/07/04 04:41:55.199, 2, 0 MiB, 81920 MiB, 0 %
2026/07/04 04:41:55.200, 3, 0 MiB, 81920 MiB, 0 %
2026/07/04 04:41:55.200, 4, 0 MiB, 81920 MiB, 0 %
2026/07/04 04:41:55.200, 5, 0 MiB, 81920 MiB, 0 %
2026/07/04 04:41:55.200, 6, 0 MiB, 81920 MiB, 0 %
2026/07/04 04:41:55.201, 7, 0 MiB, 81920 MiB, 0 %
2026/07/04 04:42:05.202, 0, 14957 MiB, 81920 MiB, 0 %
2026/07/04 04:42:05.202, 1, 0 MiB, 81920 MiB, 0 %
2026/07/04 04:42:05.202, 2, 0 MiB, 81920 MiB, 0 %
2026/07/04 04:42:05.203, 3, 0 MiB, 81920 MiB, 0 %
2026/07/04 04:42:05.203, 4, 0 MiB, 81920 MiB, 0 %
2026/07/04 04:42:05.203, 5, 0 MiB, 81920 MiB, 0 %
2026/07/04 04:42:05.203, 6, 0 MiB, 81920 MiB, 0 %
2026/07/04 04:42:05.204, 7, 0 MiB, 81920 MiB, 0 %
2026/07/04 04:42:15.205, 0, 14957 MiB, 81920 MiB, 0 %
2026/07/04 04:42:15.205, 1, 0 MiB, 81920 MiB, 0 %
2026/07/04 04:42:15.205, 2, 0 MiB, 81920 MiB, 0 %
2026/07/04 04:42:15.206, 3, 0 MiB, 81920 MiB, 0 %
2026/07/04 04:42:15.206, 4, 0 MiB, 81920 MiB, 0 %
2026/07/04 04:42:15.206, 5, 0 MiB, 81920 MiB, 0 %
2026/07/04 04:42:15.206, 6, 0 MiB, 81920 MiB, 0 %
2026/07/04 04:42:15.207, 7, 0 MiB, 81920 MiB, 0 %
2026/07/04 04:42:25.207, 0, 14957 MiB, 81920 MiB, 0 %
2026/07/04 04:42:25.208, 1, 0 MiB, 81920 MiB, 0 %
2026/07/04 04:42:25.208, 2, 0 MiB, 81920 MiB, 0 %
2026/07/04 04:42:25.208, 3, 0 MiB, 81920 MiB, 0 %
2026/07/04 04:42:25.209, 4, 0 MiB, 81920 MiB, 0 %
2026/07/04 04:42:25.209, 5, 0 MiB, 81920 MiB, 0 %
2026/07/04 04:42:25.209, 6, 0 MiB, 81920 MiB, 0 %
2026/07/04 04:42:25.209, 7, 0 MiB, 81920 MiB, 0 %
2026/07/04 04:42:35.210, 0, 14957 MiB, 81920 MiB, 0 %
2026/07/04 04:42:35.211, 1, 0 MiB, 81920 MiB, 0 %
2026/07/04 04:42:35.211, 2, 0 MiB, 81920 MiB, 0 %
2026/07/04 04:42:35.211, 3, 0 MiB, 81920 MiB, 0 %
2026/07/04 04:42:35.212, 4, 0 MiB, 81920 MiB, 0 %
2026/07/04 04:42:35.212, 5, 0 MiB, 81920 MiB, 0 %
2026/07/04 04:42:35.212, 6, 0 MiB, 81920 MiB, 0 %
2026/07/04 04:42:35.212, 7, 0 MiB, 81920 MiB, 0 %
2026/07/04 04:42:45.213, 0, 14957 MiB, 81920 MiB, 0 %
2026/07/04 04:42:45.214, 1, 0 MiB, 81920 MiB, 0 %
2026/07/04 04:42:45.214, 2, 0 MiB, 81920 MiB, 0 %
2026/07/04 04:42:45.214, 3, 0 MiB, 81920 MiB, 0 %
2026/07/04 04:42:45.215, 4, 0 MiB, 81920 MiB, 0 %
2026/07/04 04:42:45.215, 5, 0 MiB, 81920 MiB, 0 %
2026/07/04 04:42:45.215, 6, 0 MiB, 81920 MiB, 0 %
2026/07/04 04:42:45.215, 7, 0 MiB, 81920 MiB, 0 %
2026/07/04 04:42:55.216, 0, 14957 MiB, 81920 MiB, 0 %
2026/07/04 04:42:55.217, 1, 0 MiB, 81920 MiB, 0 %
2026/07/04 04:42:55.217, 2, 0 MiB, 81920 MiB, 0 %
2026/07/04 04:42:55.217, 3, 0 MiB, 81920 MiB, 0 %
2026/07/04 04:42:55.217, 4, 0 MiB, 81920 MiB, 0 %
2026/07/04 04:42:55.218, 5, 0 MiB, 81920 MiB, 0 %
2026/07/04 04:42:55.218, 6, 0 MiB, 81920 MiB, 0 %
2026/07/04 04:42:55.218, 7, 0 MiB, 81920 MiB, 0 %
2026/07/04 04:43:05.219, 0, 14957 MiB, 81920 MiB, 0 %
2026/07/04 04:43:05.219, 1, 0 MiB, 81920 MiB, 0 %
2026/07/04 04:43:05.220, 2, 0 MiB, 81920 MiB, 0 %
2026/07/04 04:43:05.220, 3, 0 MiB, 81920 MiB, 0 %
2026/07/04 04:43:05.220, 4, 0 MiB, 81920 MiB, 0 %
2026/07/04 04:43:05.221, 5, 0 MiB, 81920 MiB, 0 %
2026/07/04 04:43:05.221, 6, 0 MiB, 81920 MiB, 0 %
2026/07/04 04:43:05.221, 7, 0 MiB, 81920 MiB, 0 %
2026/07/04 04:43:15.222, 0, 14957 MiB, 81920 MiB, 0 %
2026/07/04 04:43:15.222, 1, 0 MiB, 81920 MiB, 0 %
2026/07/04 04:43:15.223, 2, 0 MiB, 81920 MiB, 0 %
2026/07/04 04:43:15.223, 3, 0 MiB, 81920 MiB, 0 %
2026/07/04 04:43:15.223, 4, 0 MiB, 81920 MiB, 0 %
2026/07/04 04:43:15.223, 5, 0 MiB, 81920 MiB, 0 %
2026/07/04 04:43:15.224, 6, 0 MiB, 81920 MiB, 0 %
2026/07/04 04:43:15.224, 7, 0 MiB, 81920 MiB, 0 %
2026/07/04 04:43:25.225, 0, 14957 MiB, 81920 MiB, 0 %
2026/07/04 04:43:25.225, 1, 0 MiB, 81920 MiB, 0 %
2026/07/04 04:43:25.226, 2, 0 MiB, 81920 MiB, 0 %
2026/07/04 04:43:25.226, 3, 0 MiB, 81920 MiB, 0 %
2026/07/04 04:43:25.226, 4, 0 MiB, 81920 MiB, 0 %
2026/07/04 04:43:25.226, 5, 0 MiB, 81920 MiB, 0 %
2026/07/04 04:43:25.227, 6, 0 MiB, 81920 MiB, 0 %
2026/07/04 04:43:25.227, 7, 0 MiB, 81920 MiB, 0 %
2026/07/04 04:43:35.228, 0, 14957 MiB, 81920 MiB, 0 %
2026/07/04 04:43:35.228, 1, 0 MiB, 81920 MiB, 0 %
2026/07/04 04:43:35.228, 2, 0 MiB, 81920 MiB, 0 %
2026/07/04 04:43:35.229, 3, 0 MiB, 81920 MiB, 0 %
2026/07/04 04:43:35.229, 4, 0 MiB, 81920 MiB, 0 %
2026/07/04 04:43:35.229, 5, 0 MiB, 81920 MiB, 0 %
2026/07/04 04:43:35.230, 6, 0 MiB, 81920 MiB, 0 %
2026/07/04 04:43:35.230, 7, 0 MiB, 81920 MiB, 0 %
2026/07/04 04:43:45.231, 0, 14957 MiB, 81920 MiB, 0 %
2026/07/04 04:43:45.231, 1, 0 MiB, 81920 MiB, 0 %
2026/07/04 04:43:45.231, 2, 0 MiB, 81920 MiB, 0 %
2026/07/04 04:43:45.232, 3, 0 MiB, 81920 MiB, 0 %
2026/07/04 04:43:45.232, 4, 0 MiB, 81920 MiB, 0 %
2026/07/04 04:43:45.232, 5, 0 MiB, 81920 MiB, 0 %
2026/07/04 04:43:45.233, 6, 0 MiB, 81920 MiB, 0 %
2026/07/04 04:43:45.233, 7, 0 MiB, 81920 MiB, 0 %
2026/07/04 04:43:55.234, 0, 14957 MiB, 81920 MiB, 77 %
2026/07/04 04:43:55.234, 1, 0 MiB, 81920 MiB, 0 %
2026/07/04 04:43:55.235, 2, 0 MiB, 81920 MiB, 0 %
2026/07/04 04:43:55.235, 3, 0 MiB, 81920 MiB, 0 %
2026/07/04 04:43:55.235, 4, 0 MiB, 81920 MiB, 0 %
2026/07/04 04:43:55.235, 5, 0 MiB, 81920 MiB, 0 %
2026/07/04 04:43:55.236, 6, 0 MiB, 81920 MiB, 0 %
2026/07/04 04:43:55.236, 7, 0 MiB, 81920 MiB, 0 %
2026/07/04 04:44:05.237, 0, 14957 MiB, 81920 MiB, 0 %
2026/07/04 04:44:05.237, 1, 0 MiB, 81920 MiB, 0 %
2026/07/04 04:44:05.238, 2, 0 MiB, 81920 MiB, 0 %
2026/07/04 04:44:05.238, 3, 0 MiB, 81920 MiB, 0 %
2026/07/04 04:44:05.238, 4, 0 MiB, 81920 MiB, 0 %
2026/07/04 04:44:05.238, 5, 0 MiB, 81920 MiB, 0 %
2026/07/04 04:44:05.239, 6, 0 MiB, 81920 MiB, 0 %
2026/07/04 04:44:05.239, 7, 0 MiB, 81920 MiB, 0 %
2026/07/04 04:44:15.240, 0, 14957 MiB, 81920 MiB, 62 %
2026/07/04 04:44:15.240, 1, 0 MiB, 81920 MiB, 0 %
2026/07/04 04:44:15.240, 2, 0 MiB, 81920 MiB, 0 %
2026/07/04 04:44:15.241, 3, 0 MiB, 81920 MiB, 0 %
2026/07/04 04:44:15.241, 4, 0 MiB, 81920 MiB, 0 %
2026/07/04 04:44:15.241, 5, 0 MiB, 81920 MiB, 0 %
2026/07/04 04:44:15.242, 6, 0 MiB, 81920 MiB, 0 %
2026/07/04 04:44:15.242, 7, 0 MiB, 81920 MiB, 0 %
2026/07/04 04:44:25.243, 0, 14957 MiB, 81920 MiB, 0 %
2026/07/04 04:44:25.243, 1, 0 MiB, 81920 MiB, 0 %
2026/07/04 04:44:25.243, 2, 0 MiB, 81920 MiB, 0 %
2026/07/04 04:44:25.244, 3, 0 MiB, 81920 MiB, 0 %
2026/07/04 04:44:25.244, 4, 0 MiB, 81920 MiB, 0 %
2026/07/04 04:44:25.244, 5, 0 MiB, 81920 MiB, 0 %
2026/07/04 04:44:25.244, 6, 0 MiB, 81920 MiB, 0 %
2026/07/04 04:44:25.245, 7, 0 MiB, 81920 MiB, 0 %
2026/07/04 04:44:35.245, 0, 14957 MiB, 81920 MiB, 0 %
2026/07/04 04:44:35.246, 1, 0 MiB, 81920 MiB, 0 %
2026/07/04 04:44:35.246, 2, 0 MiB, 81920 MiB, 0 %
2026/07/04 04:44:35.246, 3, 0 MiB, 81920 MiB, 0 %
2026/07/04 04:44:35.247, 4, 0 MiB, 81920 MiB, 0 %
2026/07/04 04:44:35.247, 5, 0 MiB, 81920 MiB, 0 %
2026/07/04 04:44:35.247, 6, 0 MiB, 81920 MiB, 0 %
2026/07/04 04:44:35.247, 7, 0 MiB, 81920 MiB, 0 %
2026/07/04 04:44:45.248, 0, 14957 MiB, 81920 MiB, 0 %
2026/07/04 04:44:45.249, 1, 0 MiB, 81920 MiB, 0 %
2026/07/04 04:44:45.249, 2, 0 MiB, 81920 MiB, 0 %
2026/07/04 04:44:45.249, 3, 0 MiB, 81920 MiB, 0 %
2026/07/04 04:44:45.249, 4, 0 MiB, 81920 MiB, 0 %
2026/07/04 04:44:45.250, 5, 0 MiB, 81920 MiB, 0 %
2026/07/04 04:44:45.250, 6, 0 MiB, 81920 MiB, 0 %
2026/07/04 04:44:45.250, 7, 0 MiB, 81920 MiB, 0 %
2026/07/04 04:44:55.251, 0, 14957 MiB, 81920 MiB, 0 %
2026/07/04 04:44:55.252, 1, 0 MiB, 81920 MiB, 0 %
2026/07/04 04:44:55.252, 2, 0 MiB, 81920 MiB, 0 %
2026/07/04 04:44:55.252, 3, 0 MiB, 81920 MiB, 0 %
2026/07/04 04:44:55.252, 4, 0 MiB, 81920 MiB, 0 %
2026/07/04 04:44:55.253, 5, 0 MiB, 81920 MiB, 0 %
2026/07/04 04:44:55.253, 6, 0 MiB, 81920 MiB, 0 %
2026/07/04 04:44:55.253, 7, 0 MiB, 81920 MiB, 0 %
2026/07/04 04:45:05.254, 0, 14957 MiB, 81920 MiB, 0 %
2026/07/04 04:45:05.254, 1, 0 MiB, 81920 MiB, 0 %
2026/07/04 04:45:05.255, 2, 0 MiB, 81920 MiB, 0 %
2026/07/04 04:45:05.255, 3, 0 MiB, 81920 MiB, 0 %
2026/07/04 04:45:05.255, 4, 0 MiB, 81920 MiB, 0 %
2026/07/04 04:45:05.256, 5, 0 MiB, 81920 MiB, 0 %
2026/07/04 04:45:05.256, 6, 0 MiB, 81920 MiB, 0 %
2026/07/04 04:45:05.256, 7, 0 MiB, 81920 MiB, 0 %
2026/07/04 04:45:15.257, 0, 14957 MiB, 81920 MiB, 0 %
2026/07/04 04:45:15.257, 1, 0 MiB, 81920 MiB, 0 %
2026/07/04 04:45:15.258, 2, 0 MiB, 81920 MiB, 0 %
2026/07/04 04:45:15.258, 3, 0 MiB, 81920 MiB, 0 %
2026/07/04 04:45:15.258, 4, 0 MiB, 81920 MiB, 0 %
2026/07/04 04:45:15.258, 5, 0 MiB, 81920 MiB, 0 %
2026/07/04 04:45:15.259, 6, 0 MiB, 81920 MiB, 0 %
2026/07/04 04:45:15.259, 7, 0 MiB, 81920 MiB, 0 %
2026/07/04 04:45:25.260, 0, 14957 MiB, 81920 MiB, 0 %
2026/07/04 04:45:25.260, 1, 0 MiB, 81920 MiB, 0 %
2026/07/04 04:45:25.260, 2, 0 MiB, 81920 MiB, 0 %
2026/07/04 04:45:25.261, 3, 0 MiB, 81920 MiB, 0 %
2026/07/04 04:45:25.261, 4, 0 MiB, 81920 MiB, 0 %
2026/07/04 04:45:25.261, 5, 0 MiB, 81920 MiB, 0 %
2026/07/04 04:45:25.262, 6, 0 MiB, 81920 MiB, 0 %
2026/07/04 04:45:25.262, 7, 0 MiB, 81920 MiB, 0 %
2026/07/04 04:45:35.263, 0, 14957 MiB, 81920 MiB, 0 %
2026/07/04 04:45:35.263, 1, 0 MiB, 81920 MiB, 0 %
2026/07/04 04:45:35.263, 2, 0 MiB, 81920 MiB, 0 %
2026/07/04 04:45:35.264, 3, 0 MiB, 81920 MiB, 0 %
2026/07/04 04:45:35.264, 4, 0 MiB, 81920 MiB, 0 %
2026/07/04 04:45:35.264, 5, 0 MiB, 81920 MiB, 0 %
2026/07/04 04:45:35.264, 6, 0 MiB, 81920 MiB, 0 %
2026/07/04 04:45:35.265, 7, 0 MiB, 81920 MiB, 0 %
2026/07/04 04:45:45.266, 0, 14957 MiB, 81920 MiB, 0 %
2026/07/04 04:45:45.266, 1, 0 MiB, 81920 MiB, 0 %
2026/07/04 04:45:45.266, 2, 0 MiB, 81920 MiB, 0 %
2026/07/04 04:45:45.266, 3, 0 MiB, 81920 MiB, 0 %
2026/07/04 04:45:45.267, 4, 0 MiB, 81920 MiB, 0 %
2026/07/04 04:45:45.267, 5, 0 MiB, 81920 MiB, 0 %
2026/07/04 04:45:45.267, 6, 0 MiB, 81920 MiB, 0 %
2026/07/04 04:45:45.268, 7, 0 MiB, 81920 MiB, 0 %
2026/07/04 04:45:55.268, 0, 14957 MiB, 81920 MiB, 73 %
2026/07/04 04:45:55.269, 1, 0 MiB, 81920 MiB, 0 %
2026/07/04 04:45:55.269, 2, 0 MiB, 81920 MiB, 0 %
2026/07/04 04:45:55.269, 3, 0 MiB, 81920 MiB, 0 %
2026/07/04 04:45:55.270, 4, 0 MiB, 81920 MiB, 0 %
2026/07/04 04:45:55.270, 5, 0 MiB, 81920 MiB, 0 %
2026/07/04 04:45:55.270, 6, 0 MiB, 81920 MiB, 0 %
2026/07/04 04:45:55.270, 7, 0 MiB, 81920 MiB, 0 %
2026/07/04 04:46:05.271, 0, 14957 MiB, 81920 MiB, 4 %
2026/07/04 04:46:05.272, 1, 0 MiB, 81920 MiB, 0 %
2026/07/04 04:46:05.272, 2, 0 MiB, 81920 MiB, 0 %
2026/07/04 04:46:05.272, 3, 0 MiB, 81920 MiB, 0 %
2026/07/04 04:46:05.272, 4, 0 MiB, 81920 MiB, 0 %
2026/07/04 04:46:05.273, 5, 0 MiB, 81920 MiB, 0 %
2026/07/04 04:46:05.273, 6, 0 MiB, 81920 MiB, 0 %
2026/07/04 04:46:05.273, 7, 0 MiB, 81920 MiB, 0 %
2026/07/04 04:46:15.274, 0, 14957 MiB, 81920 MiB, 0 %
2026/07/04 04:46:15.275, 1, 0 MiB, 81920 MiB, 0 %
2026/07/04 04:46:15.275, 2, 0 MiB, 81920 MiB, 0 %
2026/07/04 04:46:15.275, 3, 0 MiB, 81920 MiB, 0 %
2026/07/04 04:46:15.275, 4, 0 MiB, 81920 MiB, 0 %
2026/07/04 04:46:15.276, 5, 0 MiB, 81920 MiB, 0 %
2026/07/04 04:46:15.276, 6, 0 MiB, 81920 MiB, 0 %
2026/07/04 04:46:15.276, 7, 0 MiB, 81920 MiB, 0 %
2026/07/04 04:46:25.277, 0, 14957 MiB, 81920 MiB, 0 %
2026/07/04 04:46:25.277, 1, 0 MiB, 81920 MiB, 0 %
2026/07/04 04:46:25.278, 2, 0 MiB, 81920 MiB, 0 %
2026/07/04 04:46:25.278, 3, 0 MiB, 81920 MiB, 0 %
2026/07/04 04:46:25.278, 4, 0 MiB, 81920 MiB, 0 %
2026/07/04 04:46:25.279, 5, 0 MiB, 81920 MiB, 0 %
2026/07/04 04:46:25.279, 6, 0 MiB, 81920 MiB, 0 %
2026/07/04 04:46:25.279, 7, 0 MiB, 81920 MiB, 0 %
2026/07/04 04:46:35.280, 0, 14957 MiB, 81920 MiB, 0 %
2026/07/04 04:46:35.280, 1, 0 MiB, 81920 MiB, 0 %
2026/07/04 04:46:35.280, 2, 0 MiB, 81920 MiB, 0 %
2026/07/04 04:46:35.281, 3, 0 MiB, 81920 MiB, 0 %
2026/07/04 04:46:35.281, 4, 0 MiB, 81920 MiB, 0 %
2026/07/04 04:46:35.281, 5, 0 MiB, 81920 MiB, 0 %
2026/07/04 04:46:35.282, 6, 0 MiB, 81920 MiB, 0 %
2026/07/04 04:46:35.282, 7, 0 MiB, 81920 MiB, 0 %
2026/07/04 04:46:45.282, 0, 14957 MiB, 81920 MiB, 0 %
2026/07/04 04:46:45.283, 1, 0 MiB, 81920 MiB, 0 %
2026/07/04 04:46:45.283, 2, 0 MiB, 81920 MiB, 0 %
2026/07/04 04:46:45.283, 3, 0 MiB, 81920 MiB, 0 %
2026/07/04 04:46:45.284, 4, 0 MiB, 81920 MiB, 0 %
2026/07/04 04:46:45.284, 5, 0 MiB, 81920 MiB, 0 %
2026/07/04 04:46:45.284, 6, 0 MiB, 81920 MiB, 0 %
2026/07/04 04:46:45.285, 7, 0 MiB, 81920 MiB, 0 %
2026/07/04 04:46:55.285, 0, 14957 MiB, 81920 MiB, 0 %
2026/07/04 04:46:55.286, 1, 0 MiB, 81920 MiB, 0 %
2026/07/04 04:46:55.286, 2, 0 MiB, 81920 MiB, 0 %
2026/07/04 04:46:55.286, 3, 0 MiB, 81920 MiB, 0 %
2026/07/04 04:46:55.287, 4, 0 MiB, 81920 MiB, 0 %
2026/07/04 04:46:55.287, 5, 0 MiB, 81920 MiB, 0 %
2026/07/04 04:46:55.287, 6, 0 MiB, 81920 MiB, 0 %
2026/07/04 04:46:55.288, 7, 0 MiB, 81920 MiB, 0 %
2026/07/04 04:47:05.288, 0, 14957 MiB, 81920 MiB, 0 %
2026/07/04 04:47:05.289, 1, 0 MiB, 81920 MiB, 0 %
2026/07/04 04:47:05.289, 2, 0 MiB, 81920 MiB, 0 %
2026/07/04 04:47:05.289, 3, 0 MiB, 81920 MiB, 0 %
2026/07/04 04:47:05.290, 4, 0 MiB, 81920 MiB, 0 %
2026/07/04 04:47:05.290, 5, 0 MiB, 81920 MiB, 0 %
2026/07/04 04:47:05.290, 6, 0 MiB, 81920 MiB, 0 %
2026/07/04 04:47:05.290, 7, 0 MiB, 81920 MiB, 0 %
2026/07/04 04:47:15.291, 0, 14957 MiB, 81920 MiB, 0 %
2026/07/04 04:47:15.292, 1, 0 MiB, 81920 MiB, 0 %
2026/07/04 04:47:15.292, 2, 0 MiB, 81920 MiB, 0 %
2026/07/04 04:47:15.292, 3, 0 MiB, 81920 MiB, 0 %
2026/07/04 04:47:15.293, 4, 0 MiB, 81920 MiB, 0 %
2026/07/04 04:47:15.293, 5, 0 MiB, 81920 MiB, 0 %
2026/07/04 04:47:15.293, 6, 0 MiB, 81920 MiB, 0 %
2026/07/04 04:47:15.293, 7, 0 MiB, 81920 MiB, 0 %
2026/07/04 04:47:25.294, 0, 14957 MiB, 81920 MiB, 0 %
2026/07/04 04:47:25.295, 1, 0 MiB, 81920 MiB, 0 %
2026/07/04 04:47:25.295, 2, 0 MiB, 81920 MiB, 0 %
2026/07/04 04:47:25.295, 3, 0 MiB, 81920 MiB, 0 %
2026/07/04 04:47:25.295, 4, 0 MiB, 81920 MiB, 0 %
2026/07/04 04:47:25.296, 5, 0 MiB, 81920 MiB, 0 %
2026/07/04 04:47:25.296, 6, 0 MiB, 81920 MiB, 0 %
2026/07/04 04:47:25.296, 7, 0 MiB, 81920 MiB, 0 %
2026/07/04 04:47:35.297, 0, 14957 MiB, 81920 MiB, 0 %
2026/07/04 04:47:35.298, 1, 0 MiB, 81920 MiB, 0 %
2026/07/04 04:47:35.298, 2, 0 MiB, 81920 MiB, 0 %
2026/07/04 04:47:35.298, 3, 0 MiB, 81920 MiB, 0 %
2026/07/04 04:47:35.299, 4, 0 MiB, 81920 MiB, 0 %
2026/07/04 04:47:35.299, 5, 0 MiB, 81920 MiB, 0 %
2026/07/04 04:47:35.299, 6, 0 MiB, 81920 MiB, 0 %
2026/07/04 04:47:35.299, 7, 0 MiB, 81920 MiB, 0 %
2026/07/04 04:47:45.300, 0, 14957 MiB, 81920 MiB, 0 %
2026/07/04 04:47:45.301, 1, 0 MiB, 81920 MiB, 0 %
2026/07/04 04:47:45.301, 2, 0 MiB, 81920 MiB, 0 %
2026/07/04 04:47:45.301, 3, 0 MiB, 81920 MiB, 0 %
2026/07/04 04:47:45.301, 4, 0 MiB, 81920 MiB, 0 %
2026/07/04 04:47:45.302, 5, 0 MiB, 81920 MiB, 0 %
2026/07/04 04:47:45.302, 6, 0 MiB, 81920 MiB, 0 %
2026/07/04 04:47:45.302, 7, 0 MiB, 81920 MiB, 0 %
2026/07/04 04:47:55.303, 0, 14957 MiB, 81920 MiB, 0 %
2026/07/04 04:47:55.303, 1, 0 MiB, 81920 MiB, 0 %
2026/07/04 04:47:55.304, 2, 0 MiB, 81920 MiB, 0 %
2026/07/04 04:47:55.304, 3, 0 MiB, 81920 MiB, 0 %
2026/07/04 04:47:55.304, 4, 0 MiB, 81920 MiB, 0 %
2026/07/04 04:47:55.305, 5, 0 MiB, 81920 MiB, 0 %
2026/07/04 04:47:55.305, 6, 0 MiB, 81920 MiB, 0 %
2026/07/04 04:47:55.305, 7, 0 MiB, 81920 MiB, 0 %
2026/07/04 04:48:05.306, 0, 14957 MiB, 81920 MiB, 75 %
2026/07/04 04:48:05.306, 1, 0 MiB, 81920 MiB, 0 %
2026/07/04 04:48:05.307, 2, 0 MiB, 81920 MiB, 0 %
2026/07/04 04:48:05.307, 3, 0 MiB, 81920 MiB, 0 %
2026/07/04 04:48:05.307, 4, 0 MiB, 81920 MiB, 0 %
2026/07/04 04:48:05.307, 5, 0 MiB, 81920 MiB, 0 %
2026/07/04 04:48:05.308, 6, 0 MiB, 81920 MiB, 0 %
2026/07/04 04:48:05.308, 7, 0 MiB, 81920 MiB, 0 %
2026/07/04 04:48:15.309, 0, 14957 MiB, 81920 MiB, 72 %
2026/07/04 04:48:15.309, 1, 0 MiB, 81920 MiB, 0 %
2026/07/04 04:48:15.310, 2, 0 MiB, 81920 MiB, 0 %
2026/07/04 04:48:15.310, 3, 0 MiB, 81920 MiB, 0 %
2026/07/04 04:48:15.310, 4, 0 MiB, 81920 MiB, 0 %
2026/07/04 04:48:15.310, 5, 0 MiB, 81920 MiB, 0 %
2026/07/04 04:48:15.311, 6, 0 MiB, 81920 MiB, 0 %
2026/07/04 04:48:15.311, 7, 0 MiB, 81920 MiB, 0 %
2026/07/04 04:48:25.312, 0, 14957 MiB, 81920 MiB, 0 %
2026/07/04 04:48:25.312, 1, 0 MiB, 81920 MiB, 0 %
2026/07/04 04:48:25.312, 2, 0 MiB, 81920 MiB, 0 %
2026/07/04 04:48:25.313, 3, 0 MiB, 81920 MiB, 0 %
2026/07/04 04:48:25.313, 4, 0 MiB, 81920 MiB, 0 %
2026/07/04 04:48:25.313, 5, 0 MiB, 81920 MiB, 0 %
2026/07/04 04:48:25.313, 6, 0 MiB, 81920 MiB, 0 %
2026/07/04 04:48:25.314, 7, 0 MiB, 81920 MiB, 0 %
2026/07/04 04:48:35.315, 0, 14957 MiB, 81920 MiB, 0 %
2026/07/04 04:48:35.315, 1, 0 MiB, 81920 MiB, 0 %
2026/07/04 04:48:35.315, 2, 0 MiB, 81920 MiB, 0 %
2026/07/04 04:48:35.316, 3, 0 MiB, 81920 MiB, 0 %
2026/07/04 04:48:35.316, 4, 0 MiB, 81920 MiB, 0 %
2026/07/04 04:48:35.316, 5, 0 MiB, 81920 MiB, 0 %
2026/07/04 04:48:35.316, 6, 0 MiB, 81920 MiB, 0 %
2026/07/04 04:48:35.317, 7, 0 MiB, 81920 MiB, 0 %
2026/07/04 04:48:45.317, 0, 14957 MiB, 81920 MiB, 60 %
2026/07/04 04:48:45.318, 1, 0 MiB, 81920 MiB, 0 %
2026/07/04 04:48:45.318, 2, 0 MiB, 81920 MiB, 0 %
2026/07/04 04:48:45.318, 3, 0 MiB, 81920 MiB, 0 %
2026/07/04 04:48:45.318, 4, 0 MiB, 81920 MiB, 0 %
2026/07/04 04:48:45.319, 5, 0 MiB, 81920 MiB, 0 %
2026/07/04 04:48:45.319, 6, 0 MiB, 81920 MiB, 0 %
2026/07/04 04:48:45.319, 7, 0 MiB, 81920 MiB, 0 %
2026/07/04 04:48:55.320, 0, 14957 MiB, 81920 MiB, 64 %
2026/07/04 04:48:55.320, 1, 0 MiB, 81920 MiB, 0 %
2026/07/04 04:48:55.320, 2, 0 MiB, 81920 MiB, 0 %
2026/07/04 04:48:55.321, 3, 0 MiB, 81920 MiB, 0 %
2026/07/04 04:48:55.321, 4, 0 MiB, 81920 MiB, 0 %
2026/07/04 04:48:55.321, 5, 0 MiB, 81920 MiB, 0 %
2026/07/04 04:48:55.322, 6, 0 MiB, 81920 MiB, 0 %
2026/07/04 04:48:55.322, 7, 0 MiB, 81920 MiB, 0 %
2026/07/04 04:49:05.323, 0, 14957 MiB, 81920 MiB, 0 %
2026/07/04 04:49:05.323, 1, 0 MiB, 81920 MiB, 0 %
2026/07/04 04:49:05.323, 2, 0 MiB, 81920 MiB, 0 %
2026/07/04 04:49:05.324, 3, 0 MiB, 81920 MiB, 0 %
2026/07/04 04:49:05.324, 4, 0 MiB, 81920 MiB, 0 %
2026/07/04 04:49:05.324, 5, 0 MiB, 81920 MiB, 0 %
2026/07/04 04:49:05.324, 6, 0 MiB, 81920 MiB, 0 %
2026/07/04 04:49:05.325, 7, 0 MiB, 81920 MiB, 0 %
2026/07/04 04:49:15.326, 0, 14957 MiB, 81920 MiB, 0 %
2026/07/04 04:49:15.326, 1, 0 MiB, 81920 MiB, 0 %
2026/07/04 04:49:15.326, 2, 0 MiB, 81920 MiB, 0 %
2026/07/04 04:49:15.327, 3, 0 MiB, 81920 MiB, 0 %
2026/07/04 04:49:15.327, 4, 0 MiB, 81920 MiB, 0 %
2026/07/04 04:49:15.327, 5, 0 MiB, 81920 MiB, 0 %
2026/07/04 04:49:15.327, 6, 0 MiB, 81920 MiB, 0 %
2026/07/04 04:49:15.328, 7, 0 MiB, 81920 MiB, 0 %
2026/07/04 04:49:25.329, 0, 14957 MiB, 81920 MiB, 0 %
2026/07/04 04:49:25.329, 1, 0 MiB, 81920 MiB, 0 %
2026/07/04 04:49:25.329, 2, 0 MiB, 81920 MiB, 0 %
2026/07/04 04:49:25.330, 3, 0 MiB, 81920 MiB, 0 %
2026/07/04 04:49:25.330, 4, 0 MiB, 81920 MiB, 0 %
2026/07/04 04:49:25.330, 5, 0 MiB, 81920 MiB, 0 %
2026/07/04 04:49:25.330, 6, 0 MiB, 81920 MiB, 0 %
2026/07/04 04:49:25.331, 7, 0 MiB, 81920 MiB, 0 %
2026/07/04 04:49:35.331, 0, 14957 MiB, 81920 MiB, 0 %
2026/07/04 04:49:35.332, 1, 0 MiB, 81920 MiB, 0 %
2026/07/04 04:49:35.332, 2, 0 MiB, 81920 MiB, 0 %
2026/07/04 04:49:35.332, 3, 0 MiB, 81920 MiB, 0 %
2026/07/04 04:49:35.333, 4, 0 MiB, 81920 MiB, 0 %
2026/07/04 04:49:35.333, 5, 0 MiB, 81920 MiB, 0 %
2026/07/04 04:49:35.333, 6, 0 MiB, 81920 MiB, 0 %
2026/07/04 04:49:35.334, 7, 0 MiB, 81920 MiB, 0 %
2026/07/04 04:49:45.334, 0, 14957 MiB, 81920 MiB, 0 %
2026/07/04 04:49:45.335, 1, 0 MiB, 81920 MiB, 0 %
2026/07/04 04:49:45.335, 2, 0 MiB, 81920 MiB, 0 %
2026/07/04 04:49:45.335, 3, 0 MiB, 81920 MiB, 0 %
2026/07/04 04:49:45.335, 4, 0 MiB, 81920 MiB, 0 %
2026/07/04 04:49:45.336, 5, 0 MiB, 81920 MiB, 0 %
2026/07/04 04:49:45.336, 6, 0 MiB, 81920 MiB, 0 %
2026/07/04 04:49:45.336, 7, 0 MiB, 81920 MiB, 0 %
2026/07/04 04:49:55.337, 0, 14957 MiB, 81920 MiB, 0 %
2026/07/04 04:49:55.338, 1, 0 MiB, 81920 MiB, 0 %
2026/07/04 04:49:55.338, 2, 0 MiB, 81920 MiB, 0 %
2026/07/04 04:49:55.338, 3, 0 MiB, 81920 MiB, 0 %
2026/07/04 04:49:55.338, 4, 0 MiB, 81920 MiB, 0 %
2026/07/04 04:49:55.339, 5, 0 MiB, 81920 MiB, 0 %
2026/07/04 04:49:55.339, 6, 0 MiB, 81920 MiB, 0 %
2026/07/04 04:49:55.339, 7, 0 MiB, 81920 MiB, 0 %
2026/07/04 04:50:05.340, 0, 14957 MiB, 81920 MiB, 0 %
2026/07/04 04:50:05.340, 1, 0 MiB, 81920 MiB, 0 %
2026/07/04 04:50:05.341, 2, 0 MiB, 81920 MiB, 0 %
2026/07/04 04:50:05.341, 3, 0 MiB, 81920 MiB, 0 %
2026/07/04 04:50:05.341, 4, 0 MiB, 81920 MiB, 0 %
2026/07/04 04:50:05.342, 5, 0 MiB, 81920 MiB, 0 %
2026/07/04 04:50:05.342, 6, 0 MiB, 81920 MiB, 0 %
2026/07/04 04:50:05.342, 7, 0 MiB, 81920 MiB, 0 %
2026/07/04 04:50:15.343, 0, 14957 MiB, 81920 MiB, 0 %
2026/07/04 04:50:15.343, 1, 0 MiB, 81920 MiB, 0 %
2026/07/04 04:50:15.344, 2, 0 MiB, 81920 MiB, 0 %
2026/07/04 04:50:15.344, 3, 0 MiB, 81920 MiB, 0 %
2026/07/04 04:50:15.344, 4, 0 MiB, 81920 MiB, 0 %
2026/07/04 04:50:15.344, 5, 0 MiB, 81920 MiB, 0 %
2026/07/04 04:50:15.345, 6, 0 MiB, 81920 MiB, 0 %
2026/07/04 04:50:15.345, 7, 0 MiB, 81920 MiB, 0 %
2026/07/04 04:50:25.346, 0, 14957 MiB, 81920 MiB, 0 %
2026/07/04 04:50:25.346, 1, 0 MiB, 81920 MiB, 0 %
2026/07/04 04:50:25.347, 2, 0 MiB, 81920 MiB, 0 %
2026/07/04 04:50:25.347, 3, 0 MiB, 81920 MiB, 0 %
2026/07/04 04:50:25.347, 4, 0 MiB, 81920 MiB, 0 %
2026/07/04 04:50:25.347, 5, 0 MiB, 81920 MiB, 0 %
2026/07/04 04:50:25.348, 6, 0 MiB, 81920 MiB, 0 %
2026/07/04 04:50:25.348, 7, 0 MiB, 81920 MiB, 0 %
2026/07/04 04:50:35.349, 0, 14957 MiB, 81920 MiB, 0 %
2026/07/04 04:50:35.349, 1, 0 MiB, 81920 MiB, 0 %
2026/07/04 04:50:35.349, 2, 0 MiB, 81920 MiB, 0 %
2026/07/04 04:50:35.350, 3, 0 MiB, 81920 MiB, 0 %
2026/07/04 04:50:35.350, 4, 0 MiB, 81920 MiB, 0 %
2026/07/04 04:50:35.350, 5, 0 MiB, 81920 MiB, 0 %
2026/07/04 04:50:35.351, 6, 0 MiB, 81920 MiB, 0 %
2026/07/04 04:50:35.351, 7, 0 MiB, 81920 MiB, 0 %
2026/07/04 04:50:45.352, 0, 14957 MiB, 81920 MiB, 0 %
2026/07/04 04:50:45.352, 1, 0 MiB, 81920 MiB, 0 %
2026/07/04 04:50:45.352, 2, 0 MiB, 81920 MiB, 0 %
2026/07/04 04:50:45.353, 3, 0 MiB, 81920 MiB, 0 %
2026/07/04 04:50:45.353, 4, 0 MiB, 81920 MiB, 0 %
2026/07/04 04:50:45.353, 5, 0 MiB, 81920 MiB, 0 %
2026/07/04 04:50:45.353, 6, 0 MiB, 81920 MiB, 0 %
2026/07/04 04:50:45.354, 7, 0 MiB, 81920 MiB, 0 %
2026/07/04 04:50:55.354, 0, 14957 MiB, 81920 MiB, 0 %
2026/07/04 04:50:55.355, 1, 0 MiB, 81920 MiB, 0 %
2026/07/04 04:50:55.355, 2, 0 MiB, 81920 MiB, 0 %
2026/07/04 04:50:55.355, 3, 0 MiB, 81920 MiB, 0 %
2026/07/04 04:50:55.356, 4, 0 MiB, 81920 MiB, 0 %
2026/07/04 04:50:55.356, 5, 0 MiB, 81920 MiB, 0 %
2026/07/04 04:50:55.356, 6, 0 MiB, 81920 MiB, 0 %
2026/07/04 04:50:55.356, 7, 0 MiB, 81920 MiB, 0 %
2026/07/04 04:51:05.357, 0, 14957 MiB, 81920 MiB, 77 %
2026/07/04 04:51:05.358, 1, 0 MiB, 81920 MiB, 0 %
2026/07/04 04:51:05.358, 2, 0 MiB, 81920 MiB, 0 %
2026/07/04 04:51:05.358, 3, 0 MiB, 81920 MiB, 0 %
2026/07/04 04:51:05.359, 4, 0 MiB, 81920 MiB, 0 %
2026/07/04 04:51:05.359, 5, 0 MiB, 81920 MiB, 0 %
2026/07/04 04:51:05.359, 6, 0 MiB, 81920 MiB, 0 %
2026/07/04 04:51:05.359, 7, 0 MiB, 81920 MiB, 0 %
2026/07/04 04:51:15.360, 0, 14957 MiB, 81920 MiB, 62 %
2026/07/04 04:51:15.361, 1, 0 MiB, 81920 MiB, 0 %
2026/07/04 04:51:15.361, 2, 0 MiB, 81920 MiB, 0 %
2026/07/04 04:51:15.361, 3, 0 MiB, 81920 MiB, 0 %
2026/07/04 04:51:15.361, 4, 0 MiB, 81920 MiB, 0 %
2026/07/04 04:51:15.362, 5, 0 MiB, 81920 MiB, 0 %
2026/07/04 04:51:15.362, 6, 0 MiB, 81920 MiB, 0 %
2026/07/04 04:51:15.362, 7, 0 MiB, 81920 MiB, 0 %
2026/07/04 04:51:25.363, 0, 14957 MiB, 81920 MiB, 0 %
2026/07/04 04:51:25.363, 1, 0 MiB, 81920 MiB, 0 %
2026/07/04 04:51:25.364, 2, 0 MiB, 81920 MiB, 0 %
2026/07/04 04:51:25.364, 3, 0 MiB, 81920 MiB, 0 %
2026/07/04 04:51:25.364, 4, 0 MiB, 81920 MiB, 0 %
2026/07/04 04:51:25.365, 5, 0 MiB, 81920 MiB, 0 %
2026/07/04 04:51:25.365, 6, 0 MiB, 81920 MiB, 0 %
2026/07/04 04:51:25.365, 7, 0 MiB, 81920 MiB, 0 %
2026/07/04 04:51:35.366, 0, 14957 MiB, 81920 MiB, 0 %
2026/07/04 04:51:35.366, 1, 0 MiB, 81920 MiB, 0 %
2026/07/04 04:51:35.366, 2, 0 MiB, 81920 MiB, 0 %
2026/07/04 04:51:35.367, 3, 0 MiB, 81920 MiB, 0 %
2026/07/04 04:51:35.367, 4, 0 MiB, 81920 MiB, 0 %
2026/07/04 04:51:35.367, 5, 0 MiB, 81920 MiB, 0 %
2026/07/04 04:51:35.368, 6, 0 MiB, 81920 MiB, 0 %
2026/07/04 04:51:35.368, 7, 0 MiB, 81920 MiB, 0 %
2026/07/04 04:51:45.369, 0, 14957 MiB, 81920 MiB, 0 %
2026/07/04 04:51:45.369, 1, 0 MiB, 81920 MiB, 0 %
2026/07/04 04:51:45.369, 2, 0 MiB, 81920 MiB, 0 %
2026/07/04 04:51:45.370, 3, 0 MiB, 81920 MiB, 0 %
2026/07/04 04:51:45.370, 4, 0 MiB, 81920 MiB, 0 %
2026/07/04 04:51:45.370, 5, 0 MiB, 81920 MiB, 0 %
2026/07/04 04:51:45.371, 6, 0 MiB, 81920 MiB, 0 %
2026/07/04 04:51:45.371, 7, 0 MiB, 81920 MiB, 0 %
2026/07/04 04:51:55.372, 0, 14957 MiB, 81920 MiB, 0 %
2026/07/04 04:51:55.372, 1, 0 MiB, 81920 MiB, 0 %
2026/07/04 04:51:55.372, 2, 0 MiB, 81920 MiB, 0 %
2026/07/04 04:51:55.373, 3, 0 MiB, 81920 MiB, 0 %
2026/07/04 04:51:55.373, 4, 0 MiB, 81920 MiB, 0 %
2026/07/04 04:51:55.373, 5, 0 MiB, 81920 MiB, 0 %
2026/07/04 04:51:55.373, 6, 0 MiB, 81920 MiB, 0 %
2026/07/04 04:51:55.374, 7, 0 MiB, 81920 MiB, 0 %
2026/07/04 04:52:05.375, 0, 14957 MiB, 81920 MiB, 0 %
2026/07/04 04:52:05.375, 1, 0 MiB, 81920 MiB, 0 %
2026/07/04 04:52:05.375, 2, 0 MiB, 81920 MiB, 0 %
2026/07/04 04:52:05.375, 3, 0 MiB, 81920 MiB, 0 %
2026/07/04 04:52:05.376, 4, 0 MiB, 81920 MiB, 0 %
2026/07/04 04:52:05.376, 5, 0 MiB, 81920 MiB, 0 %
2026/07/04 04:52:05.376, 6, 0 MiB, 81920 MiB, 0 %
2026/07/04 04:52:05.377, 7, 0 MiB, 81920 MiB, 0 %
2026/07/04 04:52:15.377, 0, 14957 MiB, 81920 MiB, 0 %
2026/07/04 04:52:15.378, 1, 0 MiB, 81920 MiB, 0 %
2026/07/04 04:52:15.378, 2, 0 MiB, 81920 MiB, 0 %
2026/07/04 04:52:15.378, 3, 0 MiB, 81920 MiB, 0 %
2026/07/04 04:52:15.379, 4, 0 MiB, 81920 MiB, 0 %
2026/07/04 04:52:15.379, 5, 0 MiB, 81920 MiB, 0 %
2026/07/04 04:52:15.379, 6, 0 MiB, 81920 MiB, 0 %
2026/07/04 04:52:15.379, 7, 0 MiB, 81920 MiB, 0 %
2026/07/04 04:52:25.380, 0, 14957 MiB, 81920 MiB, 0 %
2026/07/04 04:52:25.381, 1, 0 MiB, 81920 MiB, 0 %
2026/07/04 04:52:25.381, 2, 0 MiB, 81920 MiB, 0 %
2026/07/04 04:52:25.381, 3, 0 MiB, 81920 MiB, 0 %
2026/07/04 04:52:25.381, 4, 0 MiB, 81920 MiB, 0 %
2026/07/04 04:52:25.382, 5, 0 MiB, 81920 MiB, 0 %
2026/07/04 04:52:25.382, 6, 0 MiB, 81920 MiB, 0 %
2026/07/04 04:52:25.382, 7, 0 MiB, 81920 MiB, 0 %
2026/07/04 04:52:35.383, 0, 14957 MiB, 81920 MiB, 0 %
2026/07/04 04:52:35.383, 1, 0 MiB, 81920 MiB, 0 %
2026/07/04 04:52:35.384, 2, 0 MiB, 81920 MiB, 0 %
2026/07/04 04:52:35.384, 3, 0 MiB, 81920 MiB, 0 %
2026/07/04 04:52:35.384, 4, 0 MiB, 81920 MiB, 0 %
2026/07/04 04:52:35.384, 5, 0 MiB, 81920 MiB, 0 %
2026/07/04 04:52:35.385, 6, 0 MiB, 81920 MiB, 0 %
2026/07/04 04:52:35.385, 7, 0 MiB, 81920 MiB, 0 %
2026/07/04 04:52:45.386, 0, 14957 MiB, 81920 MiB, 0 %
2026/07/04 04:52:45.386, 1, 0 MiB, 81920 MiB, 0 %
2026/07/04 04:52:45.387, 2, 0 MiB, 81920 MiB, 0 %
2026/07/04 04:52:45.387, 3, 0 MiB, 81920 MiB, 0 %
2026/07/04 04:52:45.387, 4, 0 MiB, 81920 MiB, 0 %
2026/07/04 04:52:45.387, 5, 0 MiB, 81920 MiB, 0 %
2026/07/04 04:52:45.388, 6, 0 MiB, 81920 MiB, 0 %
2026/07/04 04:52:45.388, 7, 0 MiB, 81920 MiB, 0 %
2026/07/04 04:52:55.389, 0, 14957 MiB, 81920 MiB, 72 %
2026/07/04 04:52:55.389, 1, 0 MiB, 81920 MiB, 0 %
2026/07/04 04:52:55.390, 2, 0 MiB, 81920 MiB, 0 %
2026/07/04 04:52:55.390, 3, 0 MiB, 81920 MiB, 0 %
2026/07/04 04:52:55.390, 4, 0 MiB, 81920 MiB, 0 %
2026/07/04 04:52:55.390, 5, 0 MiB, 81920 MiB, 0 %
2026/07/04 04:52:55.391, 6, 0 MiB, 81920 MiB, 0 %
2026/07/04 04:52:55.391, 7, 0 MiB, 81920 MiB, 0 %
2026/07/04 04:53:05.392, 0, 14957 MiB, 81920 MiB, 0 %
2026/07/04 04:53:05.392, 1, 0 MiB, 81920 MiB, 0 %
2026/07/04 04:53:05.392, 2, 0 MiB, 81920 MiB, 0 %
2026/07/04 04:53:05.393, 3, 0 MiB, 81920 MiB, 0 %
2026/07/04 04:53:05.393, 4, 0 MiB, 81920 MiB, 0 %
2026/07/04 04:53:05.393, 5, 0 MiB, 81920 MiB, 0 %
2026/07/04 04:53:05.394, 6, 0 MiB, 81920 MiB, 0 %
2026/07/04 04:53:05.394, 7, 0 MiB, 81920 MiB, 0 %
2026/07/04 04:53:15.395, 0, 14957 MiB, 81920 MiB, 73 %
2026/07/04 04:53:15.395, 1, 0 MiB, 81920 MiB, 0 %
2026/07/04 04:53:15.395, 2, 0 MiB, 81920 MiB, 0 %
2026/07/04 04:53:15.395, 3, 0 MiB, 81920 MiB, 0 %
2026/07/04 04:53:15.395, 4, 0 MiB, 81920 MiB, 0 %
2026/07/04 04:53:15.396, 5, 0 MiB, 81920 MiB, 0 %
2026/07/04 04:53:15.396, 6, 0 MiB, 81920 MiB, 0 %
2026/07/04 04:53:15.396, 7, 0 MiB, 81920 MiB, 0 %
2026/07/04 04:53:25.396, 0, 14957 MiB, 81920 MiB, 0 %
2026/07/04 04:53:25.397, 1, 0 MiB, 81920 MiB, 0 %
2026/07/04 04:53:25.397, 2, 0 MiB, 81920 MiB, 0 %
2026/07/04 04:53:25.397, 3, 0 MiB, 81920 MiB, 0 %
2026/07/04 04:53:25.398, 4, 0 MiB, 81920 MiB, 0 %
2026/07/04 04:53:25.398, 5, 0 MiB, 81920 MiB, 0 %
2026/07/04 04:53:25.398, 6, 0 MiB, 81920 MiB, 0 %
2026/07/04 04:53:25.398, 7, 0 MiB, 81920 MiB, 0 %
2026/07/04 04:53:35.399, 0, 14957 MiB, 81920 MiB, 74 %
2026/07/04 04:53:35.400, 1, 0 MiB, 81920 MiB, 0 %
2026/07/04 04:53:35.400, 2, 0 MiB, 81920 MiB, 0 %
2026/07/04 04:53:35.400, 3, 0 MiB, 81920 MiB, 0 %
2026/07/04 04:53:35.401, 4, 0 MiB, 81920 MiB, 0 %
2026/07/04 04:53:35.401, 5, 0 MiB, 81920 MiB, 0 %
2026/07/04 04:53:35.401, 6, 0 MiB, 81920 MiB, 0 %
2026/07/04 04:53:35.401, 7, 0 MiB, 81920 MiB, 0 %
2026/07/04 04:53:45.402, 0, 14957 MiB, 81920 MiB, 0 %
2026/07/04 04:53:45.403, 1, 0 MiB, 81920 MiB, 0 %
2026/07/04 04:53:45.403, 2, 0 MiB, 81920 MiB, 0 %
2026/07/04 04:53:45.403, 3, 0 MiB, 81920 MiB, 0 %
2026/07/04 04:53:45.403, 4, 0 MiB, 81920 MiB, 0 %
2026/07/04 04:53:45.404, 5, 0 MiB, 81920 MiB, 0 %
2026/07/04 04:53:45.404, 6, 0 MiB, 81920 MiB, 0 %
2026/07/04 04:53:45.404, 7, 0 MiB, 81920 MiB, 0 %
2026/07/04 04:53:55.405, 0, 14957 MiB, 81920 MiB, 0 %
2026/07/04 04:53:55.406, 1, 0 MiB, 81920 MiB, 0 %
2026/07/04 04:53:55.406, 2, 0 MiB, 81920 MiB, 0 %
2026/07/04 04:53:55.406, 3, 0 MiB, 81920 MiB, 0 %
2026/07/04 04:53:55.406, 4, 0 MiB, 81920 MiB, 0 %
2026/07/04 04:53:55.407, 5, 0 MiB, 81920 MiB, 0 %
2026/07/04 04:53:55.407, 6, 0 MiB, 81920 MiB, 0 %
2026/07/04 04:53:55.407, 7, 0 MiB, 81920 MiB, 0 %
2026/07/04 04:54:05.408, 0, 14957 MiB, 81920 MiB, 0 %
2026/07/04 04:54:05.408, 1, 0 MiB, 81920 MiB, 0 %
2026/07/04 04:54:05.409, 2, 0 MiB, 81920 MiB, 0 %
2026/07/04 04:54:05.409, 3, 0 MiB, 81920 MiB, 0 %
2026/07/04 04:54:05.409, 4, 0 MiB, 81920 MiB, 0 %
2026/07/04 04:54:05.410, 5, 0 MiB, 81920 MiB, 0 %
2026/07/04 04:54:05.410, 6, 0 MiB, 81920 MiB, 0 %
2026/07/04 04:54:05.410, 7, 0 MiB, 81920 MiB, 0 %
2026/07/04 04:54:15.411, 0, 14957 MiB, 81920 MiB, 0 %
2026/07/04 04:54:15.411, 1, 0 MiB, 81920 MiB, 0 %
2026/07/04 04:54:15.412, 2, 0 MiB, 81920 MiB, 0 %
2026/07/04 04:54:15.412, 3, 0 MiB, 81920 MiB, 0 %
2026/07/04 04:54:15.412, 4, 0 MiB, 81920 MiB, 0 %
2026/07/04 04:54:15.413, 5, 0 MiB, 81920 MiB, 0 %
2026/07/04 04:54:15.413, 6, 0 MiB, 81920 MiB, 0 %
2026/07/04 04:54:15.413, 7, 0 MiB, 81920 MiB, 0 %
2026/07/04 04:54:25.414, 0, 14957 MiB, 81920 MiB, 0 %
2026/07/04 04:54:25.415, 1, 0 MiB, 81920 MiB, 0 %
2026/07/04 04:54:25.415, 2, 0 MiB, 81920 MiB, 0 %
2026/07/04 04:54:25.415, 3, 0 MiB, 81920 MiB, 0 %
2026/07/04 04:54:25.416, 4, 0 MiB, 81920 MiB, 0 %
2026/07/04 04:54:25.416, 5, 0 MiB, 81920 MiB, 0 %
2026/07/04 04:54:25.416, 6, 0 MiB, 81920 MiB, 0 %
2026/07/04 04:54:25.416, 7, 0 MiB, 81920 MiB, 0 %
2026/07/04 04:54:35.417, 0, 14957 MiB, 81920 MiB, 0 %
2026/07/04 04:54:35.418, 1, 0 MiB, 81920 MiB, 0 %
2026/07/04 04:54:35.418, 2, 0 MiB, 81920 MiB, 0 %
2026/07/04 04:54:35.418, 3, 0 MiB, 81920 MiB, 0 %
2026/07/04 04:54:35.419, 4, 0 MiB, 81920 MiB, 0 %
2026/07/04 04:54:35.419, 5, 0 MiB, 81920 MiB, 0 %
2026/07/04 04:54:35.419, 6, 0 MiB, 81920 MiB, 0 %
2026/07/04 04:54:35.419, 7, 0 MiB, 81920 MiB, 0 %
2026/07/04 04:54:45.420, 0, 14957 MiB, 81920 MiB, 0 %
2026/07/04 04:54:45.421, 1, 0 MiB, 81920 MiB, 0 %
2026/07/04 04:54:45.421, 2, 0 MiB, 81920 MiB, 0 %
2026/07/04 04:54:45.421, 3, 0 MiB, 81920 MiB, 0 %
2026/07/04 04:54:45.421, 4, 0 MiB, 81920 MiB, 0 %
2026/07/04 04:54:45.422, 5, 0 MiB, 81920 MiB, 0 %
2026/07/04 04:54:45.422, 6, 0 MiB, 81920 MiB, 0 %
2026/07/04 04:54:45.422, 7, 0 MiB, 81920 MiB, 0 %
2026/07/04 04:54:55.423, 0, 14957 MiB, 81920 MiB, 0 %
2026/07/04 04:54:55.423, 1, 0 MiB, 81920 MiB, 0 %
2026/07/04 04:54:55.424, 2, 0 MiB, 81920 MiB, 0 %
2026/07/04 04:54:55.424, 3, 0 MiB, 81920 MiB, 0 %
2026/07/04 04:54:55.424, 4, 0 MiB, 81920 MiB, 0 %
2026/07/04 04:54:55.424, 5, 0 MiB, 81920 MiB, 0 %
2026/07/04 04:54:55.425, 6, 0 MiB, 81920 MiB, 0 %
2026/07/04 04:54:55.425, 7, 0 MiB, 81920 MiB, 0 %
2026/07/04 04:55:05.426, 0, 14959 MiB, 81920 MiB, 0 %
2026/07/04 04:55:05.426, 1, 0 MiB, 81920 MiB, 0 %
2026/07/04 04:55:05.426, 2, 0 MiB, 81920 MiB, 0 %
2026/07/04 04:55:05.427, 3, 0 MiB, 81920 MiB, 0 %
2026/07/04 04:55:05.427, 4, 0 MiB, 81920 MiB, 0 %
2026/07/04 04:55:05.427, 5, 0 MiB, 81920 MiB, 0 %
2026/07/04 04:55:05.427, 6, 0 MiB, 81920 MiB, 0 %
2026/07/04 04:55:05.428, 7, 0 MiB, 81920 MiB, 0 %
2026/07/04 04:55:15.428, 0, 14959 MiB, 81920 MiB, 60 %
2026/07/04 04:55:15.429, 1, 0 MiB, 81920 MiB, 0 %
2026/07/04 04:55:15.429, 2, 0 MiB, 81920 MiB, 0 %
2026/07/04 04:55:15.429, 3, 0 MiB, 81920 MiB, 0 %
2026/07/04 04:55:15.430, 4, 0 MiB, 81920 MiB, 0 %
2026/07/04 04:55:15.430, 5, 0 MiB, 81920 MiB, 0 %
2026/07/04 04:55:15.430, 6, 0 MiB, 81920 MiB, 0 %
2026/07/04 04:55:15.430, 7, 0 MiB, 81920 MiB, 0 %
2026/07/04 04:55:25.431, 0, 14959 MiB, 81920 MiB, 73 %
2026/07/04 04:55:25.432, 1, 0 MiB, 81920 MiB, 0 %
2026/07/04 04:55:25.432, 2, 0 MiB, 81920 MiB, 0 %
2026/07/04 04:55:25.432, 3, 0 MiB, 81920 MiB, 0 %
2026/07/04 04:55:25.432, 4, 0 MiB, 81920 MiB, 0 %
2026/07/04 04:55:25.433, 5, 0 MiB, 81920 MiB, 0 %
2026/07/04 04:55:25.433, 6, 0 MiB, 81920 MiB, 0 %
2026/07/04 04:55:25.433, 7, 0 MiB, 81920 MiB, 0 %
2026/07/04 04:55:35.434, 0, 14959 MiB, 81920 MiB, 61 %
2026/07/04 04:55:35.434, 1, 0 MiB, 81920 MiB, 0 %
2026/07/04 04:55:35.435, 2, 0 MiB, 81920 MiB, 0 %
2026/07/04 04:55:35.435, 3, 0 MiB, 81920 MiB, 0 %
2026/07/04 04:55:35.435, 4, 0 MiB, 81920 MiB, 0 %
2026/07/04 04:55:35.436, 5, 0 MiB, 81920 MiB, 0 %
2026/07/04 04:55:35.436, 6, 0 MiB, 81920 MiB, 0 %
2026/07/04 04:55:35.436, 7, 0 MiB, 81920 MiB, 0 %
2026/07/04 04:55:45.437, 0, 14959 MiB, 81920 MiB, 100 %
2026/07/04 04:55:45.437, 1, 0 MiB, 81920 MiB, 0 %
2026/07/04 04:55:45.438, 2, 0 MiB, 81920 MiB, 0 %
2026/07/04 04:55:45.438, 3, 0 MiB, 81920 MiB, 0 %
2026/07/04 04:55:45.438, 4, 0 MiB, 81920 MiB, 0 %
2026/07/04 04:55:45.438, 5, 0 MiB, 81920 MiB, 0 %
2026/07/04 04:55:45.439, 6, 0 MiB, 81920 MiB, 0 %
2026/07/04 04:55:45.439, 7, 0 MiB, 81920 MiB, 0 %
2026/07/04 04:55:55.440, 0, 14959 MiB, 81920 MiB, 0 %
2026/07/04 04:55:55.440, 1, 0 MiB, 81920 MiB, 0 %
2026/07/04 04:55:55.440, 2, 0 MiB, 81920 MiB, 0 %
2026/07/04 04:55:55.441, 3, 0 MiB, 81920 MiB, 0 %
2026/07/04 04:55:55.441, 4, 0 MiB, 81920 MiB, 0 %
2026/07/04 04:55:55.441, 5, 0 MiB, 81920 MiB, 0 %
2026/07/04 04:55:55.442, 6, 0 MiB, 81920 MiB, 0 %
2026/07/04 04:55:55.442, 7, 0 MiB, 81920 MiB, 0 %
2026/07/04 04:56:05.443, 0, 14959 MiB, 81920 MiB, 0 %
2026/07/04 04:56:05.443, 1, 0 MiB, 81920 MiB, 0 %
2026/07/04 04:56:05.444, 2, 0 MiB, 81920 MiB, 0 %
2026/07/04 04:56:05.444, 3, 0 MiB, 81920 MiB, 0 %
2026/07/04 04:56:05.444, 4, 0 MiB, 81920 MiB, 0 %
2026/07/04 04:56:05.444, 5, 0 MiB, 81920 MiB, 0 %
2026/07/04 04:56:05.445, 6, 0 MiB, 81920 MiB, 0 %
2026/07/04 04:56:05.445, 7, 0 MiB, 81920 MiB, 0 %
2026/07/04 04:56:15.446, 0, 14959 MiB, 81920 MiB, 0 %
2026/07/04 04:56:15.446, 1, 0 MiB, 81920 MiB, 0 %
2026/07/04 04:56:15.446, 2, 0 MiB, 81920 MiB, 0 %
2026/07/04 04:56:15.447, 3, 0 MiB, 81920 MiB, 0 %
2026/07/04 04:56:15.447, 4, 0 MiB, 81920 MiB, 0 %
2026/07/04 04:56:15.447, 5, 0 MiB, 81920 MiB, 0 %
2026/07/04 04:56:15.447, 6, 0 MiB, 81920 MiB, 0 %
2026/07/04 04:56:15.448, 7, 0 MiB, 81920 MiB, 0 %
2026/07/04 04:56:25.448, 0, 14959 MiB, 81920 MiB, 0 %
2026/07/04 04:56:25.449, 1, 0 MiB, 81920 MiB, 0 %
2026/07/04 04:56:25.449, 2, 0 MiB, 81920 MiB, 0 %
2026/07/04 04:56:25.449, 3, 0 MiB, 81920 MiB, 0 %
2026/07/04 04:56:25.450, 4, 0 MiB, 81920 MiB, 0 %
2026/07/04 04:56:25.450, 5, 0 MiB, 81920 MiB, 0 %
2026/07/04 04:56:25.450, 6, 0 MiB, 81920 MiB, 0 %
2026/07/04 04:56:25.451, 7, 0 MiB, 81920 MiB, 0 %
2026/07/04 04:56:35.451, 0, 14959 MiB, 81920 MiB, 0 %
2026/07/04 04:56:35.452, 1, 0 MiB, 81920 MiB, 0 %
2026/07/04 04:56:35.452, 2, 0 MiB, 81920 MiB, 0 %
2026/07/04 04:56:35.452, 3, 0 MiB, 81920 MiB, 0 %
2026/07/04 04:56:35.453, 4, 0 MiB, 81920 MiB, 0 %
2026/07/04 04:56:35.453, 5, 0 MiB, 81920 MiB, 0 %
2026/07/04 04:56:35.453, 6, 0 MiB, 81920 MiB, 0 %
2026/07/04 04:56:35.453, 7, 0 MiB, 81920 MiB, 0 %
2026/07/04 04:56:45.455, 0, 14959 MiB, 81920 MiB, 61 %
2026/07/04 04:56:45.455, 1, 0 MiB, 81920 MiB, 0 %
2026/07/04 04:56:45.455, 2, 0 MiB, 81920 MiB, 0 %
2026/07/04 04:56:45.456, 3, 0 MiB, 81920 MiB, 0 %
2026/07/04 04:56:45.456, 4, 0 MiB, 81920 MiB, 0 %
2026/07/04 04:56:45.456, 5, 0 MiB, 81920 MiB, 0 %
2026/07/04 04:56:45.456, 6, 0 MiB, 81920 MiB, 0 %
2026/07/04 04:56:45.457, 7, 0 MiB, 81920 MiB, 0 %
2026/07/04 04:56:55.458, 0, 14959 MiB, 81920 MiB, 0 %
2026/07/04 04:56:55.458, 1, 0 MiB, 81920 MiB, 0 %
2026/07/04 04:56:55.458, 2, 0 MiB, 81920 MiB, 0 %
2026/07/04 04:56:55.458, 3, 0 MiB, 81920 MiB, 0 %
2026/07/04 04:56:55.459, 4, 0 MiB, 81920 MiB, 0 %
2026/07/04 04:56:55.459, 5, 0 MiB, 81920 MiB, 0 %
2026/07/04 04:56:55.459, 6, 0 MiB, 81920 MiB, 0 %
2026/07/04 04:56:55.459, 7, 0 MiB, 81920 MiB, 0 %
2026/07/04 04:57:05.460, 0, 14959 MiB, 81920 MiB, 0 %
2026/07/04 04:57:05.460, 1, 0 MiB, 81920 MiB, 0 %
2026/07/04 04:57:05.460, 2, 0 MiB, 81920 MiB, 0 %
2026/07/04 04:57:05.461, 3, 0 MiB, 81920 MiB, 0 %
2026/07/04 04:57:05.461, 4, 0 MiB, 81920 MiB, 0 %
2026/07/04 04:57:05.461, 5, 0 MiB, 81920 MiB, 0 %
2026/07/04 04:57:05.462, 6, 0 MiB, 81920 MiB, 0 %
2026/07/04 04:57:05.462, 7, 0 MiB, 81920 MiB, 0 %
2026/07/04 04:57:15.463, 0, 14959 MiB, 81920 MiB, 0 %
2026/07/04 04:57:15.463, 1, 0 MiB, 81920 MiB, 0 %
2026/07/04 04:57:15.464, 2, 0 MiB, 81920 MiB, 0 %
2026/07/04 04:57:15.464, 3, 0 MiB, 81920 MiB, 0 %
2026/07/04 04:57:15.464, 4, 0 MiB, 81920 MiB, 0 %
2026/07/04 04:57:15.464, 5, 0 MiB, 81920 MiB, 0 %
2026/07/04 04:57:15.465, 6, 0 MiB, 81920 MiB, 0 %
2026/07/04 04:57:15.465, 7, 0 MiB, 81920 MiB, 0 %
2026/07/04 04:57:25.466, 0, 14959 MiB, 81920 MiB, 63 %
2026/07/04 04:57:25.467, 1, 0 MiB, 81920 MiB, 0 %
2026/07/04 04:57:25.467, 2, 0 MiB, 81920 MiB, 0 %
2026/07/04 04:57:25.467, 3, 0 MiB, 81920 MiB, 0 %
2026/07/04 04:57:25.468, 4, 0 MiB, 81920 MiB, 0 %
2026/07/04 04:57:25.468, 5, 0 MiB, 81920 MiB, 0 %
2026/07/04 04:57:25.468, 6, 0 MiB, 81920 MiB, 0 %
2026/07/04 04:57:25.468, 7, 0 MiB, 81920 MiB, 0 %
2026/07/04 04:57:35.470, 0, 14959 MiB, 81920 MiB, 77 %
2026/07/04 04:57:35.470, 1, 0 MiB, 81920 MiB, 0 %
2026/07/04 04:57:35.470, 2, 0 MiB, 81920 MiB, 0 %
2026/07/04 04:57:35.471, 3, 0 MiB, 81920 MiB, 0 %
2026/07/04 04:57:35.471, 4, 0 MiB, 81920 MiB, 0 %
2026/07/04 04:57:35.471, 5, 0 MiB, 81920 MiB, 0 %
2026/07/04 04:57:35.471, 6, 0 MiB, 81920 MiB, 0 %
2026/07/04 04:57:35.472, 7, 0 MiB, 81920 MiB, 0 %
2026/07/04 04:57:45.472, 0, 14959 MiB, 81920 MiB, 74 %
2026/07/04 04:57:45.472, 1, 0 MiB, 81920 MiB, 0 %
2026/07/04 04:57:45.473, 2, 0 MiB, 81920 MiB, 0 %
2026/07/04 04:57:45.473, 3, 0 MiB, 81920 MiB, 0 %
2026/07/04 04:57:45.473, 4, 0 MiB, 81920 MiB, 0 %
2026/07/04 04:57:45.473, 5, 0 MiB, 81920 MiB, 0 %
2026/07/04 04:57:45.473, 6, 0 MiB, 81920 MiB, 0 %
2026/07/04 04:57:45.474, 7, 0 MiB, 81920 MiB, 0 %
2026/07/04 04:57:55.474, 0, 14959 MiB, 81920 MiB, 0 %
2026/07/04 04:57:55.475, 1, 0 MiB, 81920 MiB, 0 %
2026/07/04 04:57:55.475, 2, 0 MiB, 81920 MiB, 0 %
2026/07/04 04:57:55.475, 3, 0 MiB, 81920 MiB, 0 %
2026/07/04 04:57:55.475, 4, 0 MiB, 81920 MiB, 0 %
2026/07/04 04:57:55.476, 5, 0 MiB, 81920 MiB, 0 %
2026/07/04 04:57:55.476, 6, 0 MiB, 81920 MiB, 0 %
2026/07/04 04:57:55.476, 7, 0 MiB, 81920 MiB, 0 %
2026/07/04 04:58:05.477, 0, 14959 MiB, 81920 MiB, 0 %
2026/07/04 04:58:05.477, 1, 0 MiB, 81920 MiB, 0 %
2026/07/04 04:58:05.478, 2, 0 MiB, 81920 MiB, 0 %
2026/07/04 04:58:05.478, 3, 0 MiB, 81920 MiB, 0 %
2026/07/04 04:58:05.478, 4, 0 MiB, 81920 MiB, 0 %
2026/07/04 04:58:05.478, 5, 0 MiB, 81920 MiB, 0 %
2026/07/04 04:58:05.479, 6, 0 MiB, 81920 MiB, 0 %
2026/07/04 04:58:05.479, 7, 0 MiB, 81920 MiB, 0 %
2026/07/04 04:58:15.480, 0, 14959 MiB, 81920 MiB, 0 %
2026/07/04 04:58:15.480, 1, 0 MiB, 81920 MiB, 0 %
2026/07/04 04:58:15.480, 2, 0 MiB, 81920 MiB, 0 %
2026/07/04 04:58:15.481, 3, 0 MiB, 81920 MiB, 0 %
2026/07/04 04:58:15.481, 4, 0 MiB, 81920 MiB, 0 %
2026/07/04 04:58:15.481, 5, 0 MiB, 81920 MiB, 0 %
2026/07/04 04:58:15.481, 6, 0 MiB, 81920 MiB, 0 %
2026/07/04 04:58:15.482, 7, 0 MiB, 81920 MiB, 0 %
2026/07/04 04:58:25.483, 0, 14959 MiB, 81920 MiB, 0 %
2026/07/04 04:58:25.483, 1, 0 MiB, 81920 MiB, 0 %
2026/07/04 04:58:25.483, 2, 0 MiB, 81920 MiB, 0 %
2026/07/04 04:58:25.483, 3, 0 MiB, 81920 MiB, 0 %
2026/07/04 04:58:25.484, 4, 0 MiB, 81920 MiB, 0 %
2026/07/04 04:58:25.484, 5, 0 MiB, 81920 MiB, 0 %
2026/07/04 04:58:25.484, 6, 0 MiB, 81920 MiB, 0 %
2026/07/04 04:58:25.484, 7, 0 MiB, 81920 MiB, 0 %
2026/07/04 04:58:35.485, 0, 14959 MiB, 81920 MiB, 0 %
2026/07/04 04:58:35.485, 1, 0 MiB, 81920 MiB, 0 %
2026/07/04 04:58:35.486, 2, 0 MiB, 81920 MiB, 0 %
2026/07/04 04:58:35.486, 3, 0 MiB, 81920 MiB, 0 %
2026/07/04 04:58:35.486, 4, 0 MiB, 81920 MiB, 0 %
2026/07/04 04:58:35.486, 5, 0 MiB, 81920 MiB, 0 %
2026/07/04 04:58:35.487, 6, 0 MiB, 81920 MiB, 0 %
2026/07/04 04:58:35.487, 7, 0 MiB, 81920 MiB, 0 %
2026/07/04 04:58:45.488, 0, 14959 MiB, 81920 MiB, 0 %
2026/07/04 04:58:45.489, 1, 0 MiB, 81920 MiB, 0 %
2026/07/04 04:58:45.489, 2, 0 MiB, 81920 MiB, 0 %
2026/07/04 04:58:45.489, 3, 0 MiB, 81920 MiB, 0 %
2026/07/04 04:58:45.490, 4, 0 MiB, 81920 MiB, 0 %
2026/07/04 04:58:45.490, 5, 0 MiB, 81920 MiB, 0 %
2026/07/04 04:58:45.490, 6, 0 MiB, 81920 MiB, 0 %
2026/07/04 04:58:45.490, 7, 0 MiB, 81920 MiB, 0 %
2026/07/04 04:58:55.491, 0, 14959 MiB, 81920 MiB, 0 %
2026/07/04 04:58:55.491, 1, 0 MiB, 81920 MiB, 0 %
2026/07/04 04:58:55.492, 2, 0 MiB, 81920 MiB, 0 %
2026/07/04 04:58:55.492, 3, 0 MiB, 81920 MiB, 0 %
2026/07/04 04:58:55.492, 4, 0 MiB, 81920 MiB, 0 %
2026/07/04 04:58:55.492, 5, 0 MiB, 81920 MiB, 0 %
2026/07/04 04:58:55.493, 6, 0 MiB, 81920 MiB, 0 %
2026/07/04 04:58:55.493, 7, 0 MiB, 81920 MiB, 0 %
2026/07/04 04:59:05.494, 0, 14959 MiB, 81920 MiB, 76 %
2026/07/04 04:59:05.495, 1, 0 MiB, 81920 MiB, 0 %
2026/07/04 04:59:05.495, 2, 0 MiB, 81920 MiB, 0 %
2026/07/04 04:59:05.495, 3, 0 MiB, 81920 MiB, 0 %
2026/07/04 04:59:05.495, 4, 0 MiB, 81920 MiB, 0 %
2026/07/04 04:59:05.496, 5, 0 MiB, 81920 MiB, 0 %
2026/07/04 04:59:05.496, 6, 0 MiB, 81920 MiB, 0 %
2026/07/04 04:59:05.496, 7, 0 MiB, 81920 MiB, 0 %
2026/07/04 04:59:15.497, 0, 14959 MiB, 81920 MiB, 0 %
2026/07/04 04:59:15.497, 1, 0 MiB, 81920 MiB, 0 %
2026/07/04 04:59:15.497, 2, 0 MiB, 81920 MiB, 0 %
2026/07/04 04:59:15.498, 3, 0 MiB, 81920 MiB, 0 %
2026/07/04 04:59:15.498, 4, 0 MiB, 81920 MiB, 0 %
2026/07/04 04:59:15.498, 5, 0 MiB, 81920 MiB, 0 %
2026/07/04 04:59:15.498, 6, 0 MiB, 81920 MiB, 0 %
2026/07/04 04:59:15.499, 7, 0 MiB, 81920 MiB, 0 %
2026/07/04 04:59:25.500, 0, 14959 MiB, 81920 MiB, 0 %
2026/07/04 04:59:25.500, 1, 0 MiB, 81920 MiB, 0 %
2026/07/04 04:59:25.501, 2, 0 MiB, 81920 MiB, 0 %
2026/07/04 04:59:25.501, 3, 0 MiB, 81920 MiB, 0 %
2026/07/04 04:59:25.501, 4, 0 MiB, 81920 MiB, 0 %
2026/07/04 04:59:25.501, 5, 0 MiB, 81920 MiB, 0 %
2026/07/04 04:59:25.502, 6, 0 MiB, 81920 MiB, 0 %
2026/07/04 04:59:25.502, 7, 0 MiB, 81920 MiB, 0 %
2026/07/04 04:59:35.503, 0, 14959 MiB, 81920 MiB, 0 %
2026/07/04 04:59:35.503, 1, 0 MiB, 81920 MiB, 0 %
2026/07/04 04:59:35.503, 2, 0 MiB, 81920 MiB, 0 %
2026/07/04 04:59:35.504, 3, 0 MiB, 81920 MiB, 0 %
2026/07/04 04:59:35.504, 4, 0 MiB, 81920 MiB, 0 %
2026/07/04 04:59:35.504, 5, 0 MiB, 81920 MiB, 0 %
2026/07/04 04:59:35.504, 6, 0 MiB, 81920 MiB, 0 %
2026/07/04 04:59:35.505, 7, 0 MiB, 81920 MiB, 0 %
2026/07/04 04:59:45.506, 0, 14959 MiB, 81920 MiB, 0 %
2026/07/04 04:59:45.506, 1, 0 MiB, 81920 MiB, 0 %
2026/07/04 04:59:45.507, 2, 0 MiB, 81920 MiB, 0 %
2026/07/04 04:59:45.507, 3, 0 MiB, 81920 MiB, 0 %
2026/07/04 04:59:45.507, 4, 0 MiB, 81920 MiB, 0 %
2026/07/04 04:59:45.507, 5, 0 MiB, 81920 MiB, 0 %
2026/07/04 04:59:45.508, 6, 0 MiB, 81920 MiB, 0 %
2026/07/04 04:59:45.508, 7, 0 MiB, 81920 MiB, 0 %
2026/07/04 04:59:55.508, 0, 14959 MiB, 81920 MiB, 0 %
2026/07/04 04:59:55.509, 1, 0 MiB, 81920 MiB, 0 %
2026/07/04 04:59:55.509, 2, 0 MiB, 81920 MiB, 0 %
2026/07/04 04:59:55.509, 3, 0 MiB, 81920 MiB, 0 %
2026/07/04 04:59:55.510, 4, 0 MiB, 81920 MiB, 0 %
2026/07/04 04:59:55.510, 5, 0 MiB, 81920 MiB, 0 %
2026/07/04 04:59:55.510, 6, 0 MiB, 81920 MiB, 0 %
2026/07/04 04:59:55.510, 7, 0 MiB, 81920 MiB, 0 %
2026/07/04 05:00:05.511, 0, 14959 MiB, 81920 MiB, 0 %
2026/07/04 05:00:05.511, 1, 0 MiB, 81920 MiB, 0 %
2026/07/04 05:00:05.512, 2, 0 MiB, 81920 MiB, 0 %
2026/07/04 05:00:05.512, 3, 0 MiB, 81920 MiB, 0 %
2026/07/04 05:00:05.512, 4, 0 MiB, 81920 MiB, 0 %
2026/07/04 05:00:05.513, 5, 0 MiB, 81920 MiB, 0 %
2026/07/04 05:00:05.513, 6, 0 MiB, 81920 MiB, 0 %
2026/07/04 05:00:05.513, 7, 0 MiB, 81920 MiB, 0 %
2026/07/04 05:00:15.514, 0, 14959 MiB, 81920 MiB, 0 %
2026/07/04 05:00:15.514, 1, 0 MiB, 81920 MiB, 0 %
2026/07/04 05:00:15.514, 2, 0 MiB, 81920 MiB, 0 %
2026/07/04 05:00:15.515, 3, 0 MiB, 81920 MiB, 0 %
2026/07/04 05:00:15.515, 4, 0 MiB, 81920 MiB, 0 %
2026/07/04 05:00:15.515, 5, 0 MiB, 81920 MiB, 0 %
2026/07/04 05:00:15.516, 6, 0 MiB, 81920 MiB, 0 %
2026/07/04 05:00:15.516, 7, 0 MiB, 81920 MiB, 0 %
2026/07/04 05:00:25.517, 0, 14959 MiB, 81920 MiB, 0 %
2026/07/04 05:00:25.518, 1, 0 MiB, 81920 MiB, 0 %
2026/07/04 05:00:25.518, 2, 0 MiB, 81920 MiB, 0 %
2026/07/04 05:00:25.518, 3, 0 MiB, 81920 MiB, 0 %
2026/07/04 05:00:25.519, 4, 0 MiB, 81920 MiB, 0 %
2026/07/04 05:00:25.519, 5, 0 MiB, 81920 MiB, 0 %
2026/07/04 05:00:25.519, 6, 0 MiB, 81920 MiB, 0 %
2026/07/04 05:00:25.519, 7, 0 MiB, 81920 MiB, 0 %
2026/07/04 05:00:35.520, 0, 14959 MiB, 81920 MiB, 0 %
2026/07/04 05:00:35.521, 1, 0 MiB, 81920 MiB, 0 %
2026/07/04 05:00:35.521, 2, 0 MiB, 81920 MiB, 0 %
2026/07/04 05:00:35.521, 3, 0 MiB, 81920 MiB, 0 %
2026/07/04 05:00:35.522, 4, 0 MiB, 81920 MiB, 0 %
2026/07/04 05:00:35.522, 5, 0 MiB, 81920 MiB, 0 %
2026/07/04 05:00:35.522, 6, 0 MiB, 81920 MiB, 0 %
2026/07/04 05:00:35.522, 7, 0 MiB, 81920 MiB, 0 %
2026/07/04 05:00:45.523, 0, 14959 MiB, 81920 MiB, 0 %
2026/07/04 05:00:45.523, 1, 0 MiB, 81920 MiB, 0 %
2026/07/04 05:00:45.524, 2, 0 MiB, 81920 MiB, 0 %
2026/07/04 05:00:45.524, 3, 0 MiB, 81920 MiB, 0 %
2026/07/04 05:00:45.524, 4, 0 MiB, 81920 MiB, 0 %
2026/07/04 05:00:45.525, 5, 0 MiB, 81920 MiB, 0 %
2026/07/04 05:00:45.525, 6, 0 MiB, 81920 MiB, 0 %
2026/07/04 05:00:45.525, 7, 0 MiB, 81920 MiB, 0 %
2026/07/04 05:00:55.526, 0, 14959 MiB, 81920 MiB, 0 %
2026/07/04 05:00:55.526, 1, 0 MiB, 81920 MiB, 0 %
2026/07/04 05:00:55.526, 2, 0 MiB, 81920 MiB, 0 %
2026/07/04 05:00:55.527, 3, 0 MiB, 81920 MiB, 0 %
2026/07/04 05:00:55.527, 4, 0 MiB, 81920 MiB, 0 %
2026/07/04 05:00:55.527, 5, 0 MiB, 81920 MiB, 0 %
2026/07/04 05:00:55.528, 6, 0 MiB, 81920 MiB, 0 %
2026/07/04 05:00:55.528, 7, 0 MiB, 81920 MiB, 0 %
2026/07/04 05:01:05.528, 0, 14959 MiB, 81920 MiB, 0 %
2026/07/04 05:01:05.529, 1, 0 MiB, 81920 MiB, 0 %
2026/07/04 05:01:05.529, 2, 0 MiB, 81920 MiB, 0 %
2026/07/04 05:01:05.529, 3, 0 MiB, 81920 MiB, 0 %
2026/07/04 05:01:05.530, 4, 0 MiB, 81920 MiB, 0 %
2026/07/04 05:01:05.530, 5, 0 MiB, 81920 MiB, 0 %
2026/07/04 05:01:05.530, 6, 0 MiB, 81920 MiB, 0 %
2026/07/04 05:01:05.531, 7, 0 MiB, 81920 MiB, 0 %
2026/07/04 05:01:15.532, 0, 14959 MiB, 81920 MiB, 0 %
2026/07/04 05:01:15.532, 1, 0 MiB, 81920 MiB, 0 %
2026/07/04 05:01:15.533, 2, 0 MiB, 81920 MiB, 0 %
2026/07/04 05:01:15.533, 3, 0 MiB, 81920 MiB, 0 %
2026/07/04 05:01:15.533, 4, 0 MiB, 81920 MiB, 0 %
2026/07/04 05:01:15.533, 5, 0 MiB, 81920 MiB, 0 %
2026/07/04 05:01:15.534, 6, 0 MiB, 81920 MiB, 0 %
2026/07/04 05:01:15.534, 7, 0 MiB, 81920 MiB, 0 %
2026/07/04 05:01:25.535, 0, 14959 MiB, 81920 MiB, 70 %
2026/07/04 05:01:25.536, 1, 0 MiB, 81920 MiB, 0 %
2026/07/04 05:01:25.536, 2, 0 MiB, 81920 MiB, 0 %
2026/07/04 05:01:25.536, 3, 0 MiB, 81920 MiB, 0 %
2026/07/04 05:01:25.537, 4, 0 MiB, 81920 MiB, 0 %
2026/07/04 05:01:25.537, 5, 0 MiB, 81920 MiB, 0 %
2026/07/04 05:01:25.537, 6, 0 MiB, 81920 MiB, 0 %
2026/07/04 05:01:25.538, 7, 0 MiB, 81920 MiB, 0 %
2026/07/04 05:01:35.539, 0, 14959 MiB, 81920 MiB, 72 %
2026/07/04 05:01:35.539, 1, 0 MiB, 81920 MiB, 0 %
2026/07/04 05:01:35.540, 2, 0 MiB, 81920 MiB, 0 %
2026/07/04 05:01:35.540, 3, 0 MiB, 81920 MiB, 0 %
2026/07/04 05:01:35.540, 4, 0 MiB, 81920 MiB, 0 %
2026/07/04 05:01:35.540, 5, 0 MiB, 81920 MiB, 0 %
2026/07/04 05:01:35.541, 6, 0 MiB, 81920 MiB, 0 %
2026/07/04 05:01:35.541, 7, 0 MiB, 81920 MiB, 0 %
2026/07/04 05:01:45.542, 0, 14959 MiB, 81920 MiB, 0 %
2026/07/04 05:01:45.543, 1, 0 MiB, 81920 MiB, 0 %
2026/07/04 05:01:45.543, 2, 0 MiB, 81920 MiB, 0 %
2026/07/04 05:01:45.543, 3, 0 MiB, 81920 MiB, 0 %
2026/07/04 05:01:45.544, 4, 0 MiB, 81920 MiB, 0 %
2026/07/04 05:01:45.544, 5, 0 MiB, 81920 MiB, 0 %
2026/07/04 05:01:45.544, 6, 0 MiB, 81920 MiB, 0 %
2026/07/04 05:01:45.544, 7, 0 MiB, 81920 MiB, 0 %
2026/07/04 05:01:55.545, 0, 14959 MiB, 81920 MiB, 0 %
2026/07/04 05:01:55.546, 1, 0 MiB, 81920 MiB, 0 %
2026/07/04 05:01:55.546, 2, 0 MiB, 81920 MiB, 0 %
2026/07/04 05:01:55.546, 3, 0 MiB, 81920 MiB, 0 %
2026/07/04 05:01:55.547, 4, 0 MiB, 81920 MiB, 0 %
2026/07/04 05:01:55.547, 5, 0 MiB, 81920 MiB, 0 %
2026/07/04 05:01:55.547, 6, 0 MiB, 81920 MiB, 0 %
2026/07/04 05:01:55.547, 7, 0 MiB, 81920 MiB, 0 %
2026/07/04 05:02:05.548, 0, 14959 MiB, 81920 MiB, 0 %
2026/07/04 05:02:05.549, 1, 0 MiB, 81920 MiB, 0 %
2026/07/04 05:02:05.549, 2, 0 MiB, 81920 MiB, 0 %
2026/07/04 05:02:05.549, 3, 0 MiB, 81920 MiB, 0 %
2026/07/04 05:02:05.550, 4, 0 MiB, 81920 MiB, 0 %
2026/07/04 05:02:05.550, 5, 0 MiB, 81920 MiB, 0 %
2026/07/04 05:02:05.550, 6, 0 MiB, 81920 MiB, 0 %
2026/07/04 05:02:05.551, 7, 0 MiB, 81920 MiB, 0 %
2026/07/04 05:02:15.551, 0, 14959 MiB, 81920 MiB, 0 %
2026/07/04 05:02:15.552, 1, 0 MiB, 81920 MiB, 0 %
2026/07/04 05:02:15.552, 2, 0 MiB, 81920 MiB, 0 %
2026/07/04 05:02:15.552, 3, 0 MiB, 81920 MiB, 0 %
2026/07/04 05:02:15.553, 4, 0 MiB, 81920 MiB, 0 %
2026/07/04 05:02:15.553, 5, 0 MiB, 81920 MiB, 0 %
2026/07/04 05:02:15.553, 6, 0 MiB, 81920 MiB, 0 %
2026/07/04 05:02:15.554, 7, 0 MiB, 81920 MiB, 0 %
2026/07/04 05:02:25.554, 0, 14959 MiB, 81920 MiB, 0 %
2026/07/04 05:02:25.554, 1, 0 MiB, 81920 MiB, 0 %
2026/07/04 05:02:25.555, 2, 0 MiB, 81920 MiB, 0 %
2026/07/04 05:02:25.555, 3, 0 MiB, 81920 MiB, 0 %
2026/07/04 05:02:25.555, 4, 0 MiB, 81920 MiB, 0 %
2026/07/04 05:02:25.556, 5, 0 MiB, 81920 MiB, 0 %
2026/07/04 05:02:25.556, 6, 0 MiB, 81920 MiB, 0 %
2026/07/04 05:02:25.556, 7, 0 MiB, 81920 MiB, 0 %
2026/07/04 05:02:35.557, 0, 14959 MiB, 81920 MiB, 0 %
2026/07/04 05:02:35.557, 1, 0 MiB, 81920 MiB, 0 %
2026/07/04 05:02:35.558, 2, 0 MiB, 81920 MiB, 0 %
2026/07/04 05:02:35.558, 3, 0 MiB, 81920 MiB, 0 %
2026/07/04 05:02:35.558, 4, 0 MiB, 81920 MiB, 0 %
2026/07/04 05:02:35.558, 5, 0 MiB, 81920 MiB, 0 %
2026/07/04 05:02:35.559, 6, 0 MiB, 81920 MiB, 0 %
2026/07/04 05:02:35.559, 7, 0 MiB, 81920 MiB, 0 %
2026/07/04 05:02:45.560, 0, 14959 MiB, 81920 MiB, 0 %
2026/07/04 05:02:45.561, 1, 0 MiB, 81920 MiB, 0 %
2026/07/04 05:02:45.561, 2, 0 MiB, 81920 MiB, 0 %
2026/07/04 05:02:45.561, 3, 0 MiB, 81920 MiB, 0 %
2026/07/04 05:02:45.562, 4, 0 MiB, 81920 MiB, 0 %
2026/07/04 05:02:45.562, 5, 0 MiB, 81920 MiB, 0 %
2026/07/04 05:02:45.562, 6, 0 MiB, 81920 MiB, 0 %
2026/07/04 05:02:45.563, 7, 0 MiB, 81920 MiB, 0 %
2026/07/04 05:02:55.563, 0, 14959 MiB, 81920 MiB, 0 %
2026/07/04 05:02:55.564, 1, 0 MiB, 81920 MiB, 0 %
2026/07/04 05:02:55.564, 2, 0 MiB, 81920 MiB, 0 %
2026/07/04 05:02:55.564, 3, 0 MiB, 81920 MiB, 0 %
2026/07/04 05:02:55.564, 4, 0 MiB, 81920 MiB, 0 %
2026/07/04 05:02:55.565, 5, 0 MiB, 81920 MiB, 0 %
2026/07/04 05:02:55.565, 6, 0 MiB, 81920 MiB, 0 %
2026/07/04 05:02:55.565, 7, 0 MiB, 81920 MiB, 0 %
2026/07/04 05:03:05.567, 0, 14959 MiB, 81920 MiB, 0 %
2026/07/04 05:03:05.567, 1, 0 MiB, 81920 MiB, 0 %
2026/07/04 05:03:05.567, 2, 0 MiB, 81920 MiB, 0 %
2026/07/04 05:03:05.568, 3, 0 MiB, 81920 MiB, 0 %
2026/07/04 05:03:05.568, 4, 0 MiB, 81920 MiB, 0 %
2026/07/04 05:03:05.568, 5, 0 MiB, 81920 MiB, 0 %
2026/07/04 05:03:05.569, 6, 0 MiB, 81920 MiB, 0 %
2026/07/04 05:03:05.569, 7, 0 MiB, 81920 MiB, 0 %
2026/07/04 05:03:15.570, 0, 14959 MiB, 81920 MiB, 0 %
2026/07/04 05:03:15.571, 1, 0 MiB, 81920 MiB, 0 %
2026/07/04 05:03:15.571, 2, 0 MiB, 81920 MiB, 0 %
2026/07/04 05:03:15.571, 3, 0 MiB, 81920 MiB, 0 %
2026/07/04 05:03:15.572, 4, 0 MiB, 81920 MiB, 0 %
2026/07/04 05:03:15.572, 5, 0 MiB, 81920 MiB, 0 %
2026/07/04 05:03:15.572, 6, 0 MiB, 81920 MiB, 0 %
2026/07/04 05:03:15.572, 7, 0 MiB, 81920 MiB, 0 %
2026/07/04 05:03:25.574, 0, 14959 MiB, 81920 MiB, 0 %
2026/07/04 05:03:25.574, 1, 0 MiB, 81920 MiB, 0 %
2026/07/04 05:03:25.575, 2, 0 MiB, 81920 MiB, 0 %
2026/07/04 05:03:25.575, 3, 0 MiB, 81920 MiB, 0 %
2026/07/04 05:03:25.575, 4, 0 MiB, 81920 MiB, 0 %
2026/07/04 05:03:25.576, 5, 0 MiB, 81920 MiB, 0 %
2026/07/04 05:03:25.576, 6, 0 MiB, 81920 MiB, 0 %
2026/07/04 05:03:25.576, 7, 0 MiB, 81920 MiB, 0 %
2026/07/04 05:03:35.578, 0, 14959 MiB, 81920 MiB, 0 %
2026/07/04 05:03:35.578, 1, 0 MiB, 81920 MiB, 0 %
2026/07/04 05:03:35.578, 2, 0 MiB, 81920 MiB, 0 %
2026/07/04 05:03:35.579, 3, 0 MiB, 81920 MiB, 0 %
2026/07/04 05:03:35.579, 4, 0 MiB, 81920 MiB, 0 %
2026/07/04 05:03:35.579, 5, 0 MiB, 81920 MiB, 0 %
2026/07/04 05:03:35.579, 6, 0 MiB, 81920 MiB, 0 %
2026/07/04 05:03:35.580, 7, 0 MiB, 81920 MiB, 0 %
2026/07/04 05:03:45.580, 0, 14959 MiB, 81920 MiB, 0 %
2026/07/04 05:03:45.581, 1, 0 MiB, 81920 MiB, 0 %
2026/07/04 05:03:45.581, 2, 0 MiB, 81920 MiB, 0 %
2026/07/04 05:03:45.582, 3, 0 MiB, 81920 MiB, 0 %
2026/07/04 05:03:45.582, 4, 0 MiB, 81920 MiB, 0 %
2026/07/04 05:03:45.582, 5, 0 MiB, 81920 MiB, 0 %
2026/07/04 05:03:45.582, 6, 0 MiB, 81920 MiB, 0 %
2026/07/04 05:03:45.583, 7, 0 MiB, 81920 MiB, 0 %
2026/07/04 05:03:55.584, 0, 14959 MiB, 81920 MiB, 0 %
2026/07/04 05:03:55.584, 1, 0 MiB, 81920 MiB, 0 %
2026/07/04 05:03:55.584, 2, 0 MiB, 81920 MiB, 0 %
2026/07/04 05:03:55.585, 3, 0 MiB, 81920 MiB, 0 %
2026/07/04 05:03:55.585, 4, 0 MiB, 81920 MiB, 0 %
2026/07/04 05:03:55.585, 5, 0 MiB, 81920 MiB, 0 %
2026/07/04 05:03:55.586, 6, 0 MiB, 81920 MiB, 0 %
2026/07/04 05:03:55.586, 7, 0 MiB, 81920 MiB, 0 %
2026/07/04 05:04:05.587, 0, 14959 MiB, 81920 MiB, 0 %
2026/07/04 05:04:05.587, 1, 0 MiB, 81920 MiB, 0 %
2026/07/04 05:04:05.587, 2, 0 MiB, 81920 MiB, 0 %
2026/07/04 05:04:05.588, 3, 0 MiB, 81920 MiB, 0 %
2026/07/04 05:04:05.588, 4, 0 MiB, 81920 MiB, 0 %
2026/07/04 05:04:05.588, 5, 0 MiB, 81920 MiB, 0 %
2026/07/04 05:04:05.589, 6, 0 MiB, 81920 MiB, 0 %
2026/07/04 05:04:05.589, 7, 0 MiB, 81920 MiB, 0 %
2026/07/04 05:04:15.590, 0, 14959 MiB, 81920 MiB, 0 %
2026/07/04 05:04:15.590, 1, 0 MiB, 81920 MiB, 0 %
2026/07/04 05:04:15.591, 2, 0 MiB, 81920 MiB, 0 %
2026/07/04 05:04:15.591, 3, 0 MiB, 81920 MiB, 0 %
2026/07/04 05:04:15.591, 4, 0 MiB, 81920 MiB, 0 %
2026/07/04 05:04:15.591, 5, 0 MiB, 81920 MiB, 0 %
2026/07/04 05:04:15.592, 6, 0 MiB, 81920 MiB, 0 %
2026/07/04 05:04:15.592, 7, 0 MiB, 81920 MiB, 0 %
2026/07/04 05:04:25.593, 0, 14959 MiB, 81920 MiB, 0 %
2026/07/04 05:04:25.593, 1, 0 MiB, 81920 MiB, 0 %
2026/07/04 05:04:25.594, 2, 0 MiB, 81920 MiB, 0 %
2026/07/04 05:04:25.594, 3, 0 MiB, 81920 MiB, 0 %
2026/07/04 05:04:25.594, 4, 0 MiB, 81920 MiB, 0 %
2026/07/04 05:04:25.595, 5, 0 MiB, 81920 MiB, 0 %
2026/07/04 05:04:25.595, 6, 0 MiB, 81920 MiB, 0 %
2026/07/04 05:04:25.595, 7, 0 MiB, 81920 MiB, 0 %
2026/07/04 05:04:35.596, 0, 14959 MiB, 81920 MiB, 0 %
2026/07/04 05:04:35.596, 1, 0 MiB, 81920 MiB, 0 %
2026/07/04 05:04:35.597, 2, 0 MiB, 81920 MiB, 0 %
2026/07/04 05:04:35.597, 3, 0 MiB, 81920 MiB, 0 %
2026/07/04 05:04:35.597, 4, 0 MiB, 81920 MiB, 0 %
2026/07/04 05:04:35.598, 5, 0 MiB, 81920 MiB, 0 %
2026/07/04 05:04:35.598, 6, 0 MiB, 81920 MiB, 0 %
2026/07/04 05:04:35.598, 7, 0 MiB, 81920 MiB, 0 %
2026/07/04 05:04:45.599, 0, 14959 MiB, 81920 MiB, 0 %
2026/07/04 05:04:45.600, 1, 0 MiB, 81920 MiB, 0 %
2026/07/04 05:04:45.600, 2, 0 MiB, 81920 MiB, 0 %
2026/07/04 05:04:45.600, 3, 0 MiB, 81920 MiB, 0 %
2026/07/04 05:04:45.600, 4, 0 MiB, 81920 MiB, 0 %
2026/07/04 05:04:45.601, 5, 0 MiB, 81920 MiB, 0 %
2026/07/04 05:04:45.601, 6, 0 MiB, 81920 MiB, 0 %
2026/07/04 05:04:45.601, 7, 0 MiB, 81920 MiB, 0 %
2026/07/04 05:04:55.602, 0, 14959 MiB, 81920 MiB, 0 %
2026/07/04 05:04:55.603, 1, 0 MiB, 81920 MiB, 0 %
2026/07/04 05:04:55.603, 2, 0 MiB, 81920 MiB, 0 %
2026/07/04 05:04:55.603, 3, 0 MiB, 81920 MiB, 0 %
2026/07/04 05:04:55.604, 4, 0 MiB, 81920 MiB, 0 %
2026/07/04 05:04:55.604, 5, 0 MiB, 81920 MiB, 0 %
2026/07/04 05:04:55.604, 6, 0 MiB, 81920 MiB, 0 %
2026/07/04 05:04:55.604, 7, 0 MiB, 81920 MiB, 0 %
2026/07/04 05:05:05.605, 0, 14959 MiB, 81920 MiB, 0 %
2026/07/04 05:05:05.606, 1, 0 MiB, 81920 MiB, 0 %
2026/07/04 05:05:05.606, 2, 0 MiB, 81920 MiB, 0 %
2026/07/04 05:05:05.606, 3, 0 MiB, 81920 MiB, 0 %
2026/07/04 05:05:05.607, 4, 0 MiB, 81920 MiB, 0 %
2026/07/04 05:05:05.607, 5, 0 MiB, 81920 MiB, 0 %
2026/07/04 05:05:05.607, 6, 0 MiB, 81920 MiB, 0 %
2026/07/04 05:05:05.608, 7, 0 MiB, 81920 MiB, 0 %
2026/07/04 05:05:15.609, 0, 14959 MiB, 81920 MiB, 100 %
2026/07/04 05:05:15.609, 1, 0 MiB, 81920 MiB, 0 %
2026/07/04 05:05:15.609, 2, 0 MiB, 81920 MiB, 0 %
2026/07/04 05:05:15.610, 3, 0 MiB, 81920 MiB, 0 %
2026/07/04 05:05:15.610, 4, 0 MiB, 81920 MiB, 0 %
2026/07/04 05:05:15.610, 5, 0 MiB, 81920 MiB, 0 %
2026/07/04 05:05:15.610, 6, 0 MiB, 81920 MiB, 0 %
2026/07/04 05:05:15.611, 7, 0 MiB, 81920 MiB, 0 %
2026/07/04 05:05:25.611, 0, 14959 MiB, 81920 MiB, 0 %
2026/07/04 05:05:25.612, 1, 0 MiB, 81920 MiB, 0 %
2026/07/04 05:05:25.612, 2, 0 MiB, 81920 MiB, 0 %
2026/07/04 05:05:25.613, 3, 0 MiB, 81920 MiB, 0 %
2026/07/04 05:05:25.613, 4, 0 MiB, 81920 MiB, 0 %
2026/07/04 05:05:25.613, 5, 0 MiB, 81920 MiB, 0 %
2026/07/04 05:05:25.613, 6, 0 MiB, 81920 MiB, 0 %
2026/07/04 05:05:25.614, 7, 0 MiB, 81920 MiB, 0 %
2026/07/04 05:05:35.615, 0, 14959 MiB, 81920 MiB, 0 %
2026/07/04 05:05:35.615, 1, 0 MiB, 81920 MiB, 0 %
2026/07/04 05:05:35.615, 2, 0 MiB, 81920 MiB, 0 %
2026/07/04 05:05:35.616, 3, 0 MiB, 81920 MiB, 0 %
2026/07/04 05:05:35.616, 4, 0 MiB, 81920 MiB, 0 %
2026/07/04 05:05:35.616, 5, 0 MiB, 81920 MiB, 0 %
2026/07/04 05:05:35.617, 6, 0 MiB, 81920 MiB, 0 %
2026/07/04 05:05:35.617, 7, 0 MiB, 81920 MiB, 0 %
2026/07/04 05:05:45.618, 0, 14959 MiB, 81920 MiB, 0 %
2026/07/04 05:05:45.618, 1, 0 MiB, 81920 MiB, 0 %
2026/07/04 05:05:45.619, 2, 0 MiB, 81920 MiB, 0 %
2026/07/04 05:05:45.619, 3, 0 MiB, 81920 MiB, 0 %
2026/07/04 05:05:45.619, 4, 0 MiB, 81920 MiB, 0 %
2026/07/04 05:05:45.619, 5, 0 MiB, 81920 MiB, 0 %
2026/07/04 05:05:45.620, 6, 0 MiB, 81920 MiB, 0 %
2026/07/04 05:05:45.620, 7, 0 MiB, 81920 MiB, 0 %
2026/07/04 05:05:55.621, 0, 14959 MiB, 81920 MiB, 0 %
2026/07/04 05:05:55.621, 1, 0 MiB, 81920 MiB, 0 %
2026/07/04 05:05:55.622, 2, 0 MiB, 81920 MiB, 0 %
2026/07/04 05:05:55.622, 3, 0 MiB, 81920 MiB, 0 %
2026/07/04 05:05:55.622, 4, 0 MiB, 81920 MiB, 0 %
2026/07/04 05:05:55.623, 5, 0 MiB, 81920 MiB, 0 %
2026/07/04 05:05:55.623, 6, 0 MiB, 81920 MiB, 0 %
2026/07/04 05:05:55.623, 7, 0 MiB, 81920 MiB, 0 %
2026/07/04 05:06:05.624, 0, 14959 MiB, 81920 MiB, 0 %
2026/07/04 05:06:05.624, 1, 0 MiB, 81920 MiB, 0 %
2026/07/04 05:06:05.625, 2, 0 MiB, 81920 MiB, 0 %
2026/07/04 05:06:05.625, 3, 0 MiB, 81920 MiB, 0 %
2026/07/04 05:06:05.625, 4, 0 MiB, 81920 MiB, 0 %
2026/07/04 05:06:05.626, 5, 0 MiB, 81920 MiB, 0 %
2026/07/04 05:06:05.626, 6, 0 MiB, 81920 MiB, 0 %
2026/07/04 05:06:05.626, 7, 0 MiB, 81920 MiB, 0 %
2026/07/04 05:06:15.627, 0, 14959 MiB, 81920 MiB, 0 %
2026/07/04 05:06:15.628, 1, 0 MiB, 81920 MiB, 0 %
2026/07/04 05:06:15.628, 2, 0 MiB, 81920 MiB, 0 %
2026/07/04 05:06:15.628, 3, 0 MiB, 81920 MiB, 0 %
2026/07/04 05:06:15.629, 4, 0 MiB, 81920 MiB, 0 %
2026/07/04 05:06:15.629, 5, 0 MiB, 81920 MiB, 0 %
2026/07/04 05:06:15.629, 6, 0 MiB, 81920 MiB, 0 %
2026/07/04 05:06:15.629, 7, 0 MiB, 81920 MiB, 0 %
2026/07/04 05:06:25.630, 0, 14959 MiB, 81920 MiB, 0 %
2026/07/04 05:06:25.631, 1, 0 MiB, 81920 MiB, 0 %
2026/07/04 05:06:25.631, 2, 0 MiB, 81920 MiB, 0 %
2026/07/04 05:06:25.631, 3, 0 MiB, 81920 MiB, 0 %
2026/07/04 05:06:25.632, 4, 0 MiB, 81920 MiB, 0 %
2026/07/04 05:06:25.632, 5, 0 MiB, 81920 MiB, 0 %
2026/07/04 05:06:25.632, 6, 0 MiB, 81920 MiB, 0 %
2026/07/04 05:06:25.633, 7, 0 MiB, 81920 MiB, 0 %
2026/07/04 05:06:35.633, 0, 14959 MiB, 81920 MiB, 0 %
2026/07/04 05:06:35.634, 1, 0 MiB, 81920 MiB, 0 %
2026/07/04 05:06:35.634, 2, 0 MiB, 81920 MiB, 0 %
2026/07/04 05:06:35.634, 3, 0 MiB, 81920 MiB, 0 %
2026/07/04 05:06:35.635, 4, 0 MiB, 81920 MiB, 0 %
2026/07/04 05:06:35.635, 5, 0 MiB, 81920 MiB, 0 %
2026/07/04 05:06:35.635, 6, 0 MiB, 81920 MiB, 0 %
2026/07/04 05:06:35.636, 7, 0 MiB, 81920 MiB, 0 %
2026/07/04 05:06:45.637, 0, 14959 MiB, 81920 MiB, 0 %
2026/07/04 05:06:45.637, 1, 0 MiB, 81920 MiB, 0 %
2026/07/04 05:06:45.637, 2, 0 MiB, 81920 MiB, 0 %
2026/07/04 05:06:45.638, 3, 0 MiB, 81920 MiB, 0 %
2026/07/04 05:06:45.638, 4, 0 MiB, 81920 MiB, 0 %
2026/07/04 05:06:45.638, 5, 0 MiB, 81920 MiB, 0 %
2026/07/04 05:06:45.639, 6, 0 MiB, 81920 MiB, 0 %
2026/07/04 05:06:45.639, 7, 0 MiB, 81920 MiB, 0 %
2026/07/04 05:06:55.640, 0, 14959 MiB, 81920 MiB, 0 %
2026/07/04 05:06:55.640, 1, 0 MiB, 81920 MiB, 0 %
2026/07/04 05:06:55.641, 2, 0 MiB, 81920 MiB, 0 %
2026/07/04 05:06:55.641, 3, 0 MiB, 81920 MiB, 0 %
2026/07/04 05:06:55.641, 4, 0 MiB, 81920 MiB, 0 %
2026/07/04 05:06:55.642, 5, 0 MiB, 81920 MiB, 0 %
2026/07/04 05:06:55.642, 6, 0 MiB, 81920 MiB, 0 %
2026/07/04 05:06:55.642, 7, 0 MiB, 81920 MiB, 0 %
2026/07/04 05:07:05.643, 0, 14959 MiB, 81920 MiB, 0 %
2026/07/04 05:07:05.644, 1, 0 MiB, 81920 MiB, 0 %
2026/07/04 05:07:05.644, 2, 0 MiB, 81920 MiB, 0 %
2026/07/04 05:07:05.644, 3, 0 MiB, 81920 MiB, 0 %
2026/07/04 05:07:05.644, 4, 0 MiB, 81920 MiB, 0 %
2026/07/04 05:07:05.645, 5, 0 MiB, 81920 MiB, 0 %
2026/07/04 05:07:05.645, 6, 0 MiB, 81920 MiB, 0 %
2026/07/04 05:07:05.645, 7, 0 MiB, 81920 MiB, 0 %
2026/07/04 05:07:15.646, 0, 14959 MiB, 81920 MiB, 0 %
2026/07/04 05:07:15.647, 1, 0 MiB, 81920 MiB, 0 %
2026/07/04 05:07:15.647, 2, 0 MiB, 81920 MiB, 0 %
2026/07/04 05:07:15.647, 3, 0 MiB, 81920 MiB, 0 %
2026/07/04 05:07:15.648, 4, 0 MiB, 81920 MiB, 0 %
2026/07/04 05:07:15.648, 5, 0 MiB, 81920 MiB, 0 %
2026/07/04 05:07:15.648, 6, 0 MiB, 81920 MiB, 0 %
2026/07/04 05:07:15.648, 7, 0 MiB, 81920 MiB, 0 %
2026/07/04 05:07:25.649, 0, 14959 MiB, 81920 MiB, 0 %
2026/07/04 05:07:25.650, 1, 0 MiB, 81920 MiB, 0 %
2026/07/04 05:07:25.650, 2, 0 MiB, 81920 MiB, 0 %
2026/07/04 05:07:25.650, 3, 0 MiB, 81920 MiB, 0 %
2026/07/04 05:07:25.651, 4, 0 MiB, 81920 MiB, 0 %
2026/07/04 05:07:25.651, 5, 0 MiB, 81920 MiB, 0 %
2026/07/04 05:07:25.651, 6, 0 MiB, 81920 MiB, 0 %
2026/07/04 05:07:25.652, 7, 0 MiB, 81920 MiB, 0 %
2026/07/04 05:07:35.652, 0, 14959 MiB, 81920 MiB, 0 %
2026/07/04 05:07:35.653, 1, 0 MiB, 81920 MiB, 0 %
2026/07/04 05:07:35.653, 2, 0 MiB, 81920 MiB, 0 %
2026/07/04 05:07:35.654, 3, 0 MiB, 81920 MiB, 0 %
2026/07/04 05:07:35.654, 4, 0 MiB, 81920 MiB, 0 %
2026/07/04 05:07:35.654, 5, 0 MiB, 81920 MiB, 0 %
2026/07/04 05:07:35.654, 6, 0 MiB, 81920 MiB, 0 %
2026/07/04 05:07:35.655, 7, 0 MiB, 81920 MiB, 0 %
2026/07/04 05:07:45.655, 0, 14959 MiB, 81920 MiB, 0 %
2026/07/04 05:07:45.656, 1, 0 MiB, 81920 MiB, 0 %
2026/07/04 05:07:45.656, 2, 0 MiB, 81920 MiB, 0 %
2026/07/04 05:07:45.656, 3, 0 MiB, 81920 MiB, 0 %
2026/07/04 05:07:45.657, 4, 0 MiB, 81920 MiB, 0 %
2026/07/04 05:07:45.657, 5, 0 MiB, 81920 MiB, 0 %
2026/07/04 05:07:45.657, 6, 0 MiB, 81920 MiB, 0 %
2026/07/04 05:07:45.658, 7, 0 MiB, 81920 MiB, 0 %
2026/07/04 05:07:55.659, 0, 14959 MiB, 81920 MiB, 0 %
2026/07/04 05:07:55.659, 1, 0 MiB, 81920 MiB, 0 %
2026/07/04 05:07:55.659, 2, 0 MiB, 81920 MiB, 0 %
2026/07/04 05:07:55.660, 3, 0 MiB, 81920 MiB, 0 %
2026/07/04 05:07:55.660, 4, 0 MiB, 81920 MiB, 0 %
2026/07/04 05:07:55.660, 5, 0 MiB, 81920 MiB, 0 %
2026/07/04 05:07:55.661, 6, 0 MiB, 81920 MiB, 0 %
2026/07/04 05:07:55.661, 7, 0 MiB, 81920 MiB, 0 %
2026/07/04 05:08:05.662, 0, 14959 MiB, 81920 MiB, 0 %
2026/07/04 05:08:05.662, 1, 0 MiB, 81920 MiB, 0 %
2026/07/04 05:08:05.663, 2, 0 MiB, 81920 MiB, 0 %
2026/07/04 05:08:05.663, 3, 0 MiB, 81920 MiB, 0 %
2026/07/04 05:08:05.663, 4, 0 MiB, 81920 MiB, 0 %
2026/07/04 05:08:05.663, 5, 0 MiB, 81920 MiB, 0 %
2026/07/04 05:08:05.664, 6, 0 MiB, 81920 MiB, 0 %
2026/07/04 05:08:05.664, 7, 0 MiB, 81920 MiB, 0 %
2026/07/04 05:08:15.665, 0, 14959 MiB, 81920 MiB, 0 %
2026/07/04 05:08:15.665, 1, 0 MiB, 81920 MiB, 0 %
2026/07/04 05:08:15.666, 2, 0 MiB, 81920 MiB, 0 %
2026/07/04 05:08:15.666, 3, 0 MiB, 81920 MiB, 0 %
2026/07/04 05:08:15.666, 4, 0 MiB, 81920 MiB, 0 %
2026/07/04 05:08:15.666, 5, 0 MiB, 81920 MiB, 0 %
2026/07/04 05:08:15.667, 6, 0 MiB, 81920 MiB, 0 %
2026/07/04 05:08:15.667, 7, 0 MiB, 81920 MiB, 0 %
2026/07/04 05:08:25.668, 0, 14959 MiB, 81920 MiB, 0 %
2026/07/04 05:08:25.668, 1, 0 MiB, 81920 MiB, 0 %
2026/07/04 05:08:25.669, 2, 0 MiB, 81920 MiB, 0 %
2026/07/04 05:08:25.669, 3, 0 MiB, 81920 MiB, 0 %
2026/07/04 05:08:25.669, 4, 0 MiB, 81920 MiB, 0 %
2026/07/04 05:08:25.670, 5, 0 MiB, 81920 MiB, 0 %
2026/07/04 05:08:25.670, 6, 0 MiB, 81920 MiB, 0 %
2026/07/04 05:08:25.670, 7, 0 MiB, 81920 MiB, 0 %
2026/07/04 05:08:35.671, 0, 14959 MiB, 81920 MiB, 0 %
2026/07/04 05:08:35.672, 1, 0 MiB, 81920 MiB, 0 %
2026/07/04 05:08:35.672, 2, 0 MiB, 81920 MiB, 0 %
2026/07/04 05:08:35.672, 3, 0 MiB, 81920 MiB, 0 %
2026/07/04 05:08:35.673, 4, 0 MiB, 81920 MiB, 0 %
2026/07/04 05:08:35.673, 5, 0 MiB, 81920 MiB, 0 %
2026/07/04 05:08:35.673, 6, 0 MiB, 81920 MiB, 0 %
2026/07/04 05:08:35.674, 7, 0 MiB, 81920 MiB, 0 %
2026/07/04 05:08:45.674, 0, 14959 MiB, 81920 MiB, 35 %
2026/07/04 05:08:45.675, 1, 0 MiB, 81920 MiB, 0 %
2026/07/04 05:08:45.675, 2, 0 MiB, 81920 MiB, 0 %
2026/07/04 05:08:45.675, 3, 0 MiB, 81920 MiB, 0 %
2026/07/04 05:08:45.676, 4, 0 MiB, 81920 MiB, 0 %
2026/07/04 05:08:45.676, 5, 0 MiB, 81920 MiB, 0 %
2026/07/04 05:08:45.676, 6, 0 MiB, 81920 MiB, 0 %
2026/07/04 05:08:45.677, 7, 0 MiB, 81920 MiB, 0 %
2026/07/04 05:08:55.677, 0, 14959 MiB, 81920 MiB, 70 %
2026/07/04 05:08:55.678, 1, 0 MiB, 81920 MiB, 0 %
2026/07/04 05:08:55.678, 2, 0 MiB, 81920 MiB, 0 %
2026/07/04 05:08:55.679, 3, 0 MiB, 81920 MiB, 0 %
2026/07/04 05:08:55.679, 4, 0 MiB, 81920 MiB, 0 %
2026/07/04 05:08:55.679, 5, 0 MiB, 81920 MiB, 0 %
2026/07/04 05:08:55.680, 6, 0 MiB, 81920 MiB, 0 %
2026/07/04 05:08:55.680, 7, 0 MiB, 81920 MiB, 0 %
2026/07/04 05:09:05.681, 0, 14959 MiB, 81920 MiB, 0 %
2026/07/04 05:09:05.681, 1, 0 MiB, 81920 MiB, 0 %
2026/07/04 05:09:05.681, 2, 0 MiB, 81920 MiB, 0 %
2026/07/04 05:09:05.682, 3, 0 MiB, 81920 MiB, 0 %
2026/07/04 05:09:05.682, 4, 0 MiB, 81920 MiB, 0 %
2026/07/04 05:09:05.682, 5, 0 MiB, 81920 MiB, 0 %
2026/07/04 05:09:05.683, 6, 0 MiB, 81920 MiB, 0 %
2026/07/04 05:09:05.683, 7, 0 MiB, 81920 MiB, 0 %
2026/07/04 05:09:15.684, 0, 14959 MiB, 81920 MiB, 61 %
2026/07/04 05:09:15.684, 1, 0 MiB, 81920 MiB, 0 %
2026/07/04 05:09:15.685, 2, 0 MiB, 81920 MiB, 0 %
2026/07/04 05:09:15.685, 3, 0 MiB, 81920 MiB, 0 %
2026/07/04 05:09:15.685, 4, 0 MiB, 81920 MiB, 0 %
2026/07/04 05:09:15.686, 5, 0 MiB, 81920 MiB, 0 %
2026/07/04 05:09:15.686, 6, 0 MiB, 81920 MiB, 0 %
2026/07/04 05:09:15.686, 7, 0 MiB, 81920 MiB, 0 %
2026/07/04 05:09:25.687, 0, 14959 MiB, 81920 MiB, 0 %
2026/07/04 05:09:25.688, 1, 0 MiB, 81920 MiB, 0 %
2026/07/04 05:09:25.688, 2, 0 MiB, 81920 MiB, 0 %
2026/07/04 05:09:25.688, 3, 0 MiB, 81920 MiB, 0 %
2026/07/04 05:09:25.688, 4, 0 MiB, 81920 MiB, 0 %
2026/07/04 05:09:25.689, 5, 0 MiB, 81920 MiB, 0 %
2026/07/04 05:09:25.689, 6, 0 MiB, 81920 MiB, 0 %
2026/07/04 05:09:25.689, 7, 0 MiB, 81920 MiB, 0 %
2026/07/04 05:09:35.690, 0, 14959 MiB, 81920 MiB, 0 %
2026/07/04 05:09:35.691, 1, 0 MiB, 81920 MiB, 0 %
2026/07/04 05:09:35.691, 2, 0 MiB, 81920 MiB, 0 %
2026/07/04 05:09:35.691, 3, 0 MiB, 81920 MiB, 0 %
2026/07/04 05:09:35.692, 4, 0 MiB, 81920 MiB, 0 %
2026/07/04 05:09:35.692, 5, 0 MiB, 81920 MiB, 0 %
2026/07/04 05:09:35.692, 6, 0 MiB, 81920 MiB, 0 %
2026/07/04 05:09:35.693, 7, 0 MiB, 81920 MiB, 0 %
2026/07/04 05:09:45.693, 0, 14959 MiB, 81920 MiB, 0 %
2026/07/04 05:09:45.694, 1, 0 MiB, 81920 MiB, 0 %
2026/07/04 05:09:45.694, 2, 0 MiB, 81920 MiB, 0 %
2026/07/04 05:09:45.694, 3, 0 MiB, 81920 MiB, 0 %
2026/07/04 05:09:45.695, 4, 0 MiB, 81920 MiB, 0 %
2026/07/04 05:09:45.695, 5, 0 MiB, 81920 MiB, 0 %
2026/07/04 05:09:45.695, 6, 0 MiB, 81920 MiB, 0 %
2026/07/04 05:09:45.696, 7, 0 MiB, 81920 MiB, 0 %
2026/07/04 05:09:55.696, 0, 14959 MiB, 81920 MiB, 0 %
2026/07/04 05:09:55.697, 1, 0 MiB, 81920 MiB, 0 %
2026/07/04 05:09:55.697, 2, 0 MiB, 81920 MiB, 0 %
2026/07/04 05:09:55.698, 3, 0 MiB, 81920 MiB, 0 %
2026/07/04 05:09:55.698, 4, 0 MiB, 81920 MiB, 0 %
2026/07/04 05:09:55.698, 5, 0 MiB, 81920 MiB, 0 %
2026/07/04 05:09:55.698, 6, 0 MiB, 81920 MiB, 0 %
2026/07/04 05:09:55.699, 7, 0 MiB, 81920 MiB, 0 %
2026/07/04 05:10:05.700, 0, 14959 MiB, 81920 MiB, 0 %
2026/07/04 05:10:05.700, 1, 0 MiB, 81920 MiB, 0 %
2026/07/04 05:10:05.700, 2, 0 MiB, 81920 MiB, 0 %
2026/07/04 05:10:05.701, 3, 0 MiB, 81920 MiB, 0 %
2026/07/04 05:10:05.701, 4, 0 MiB, 81920 MiB, 0 %
2026/07/04 05:10:05.701, 5, 0 MiB, 81920 MiB, 0 %
2026/07/04 05:10:05.702, 6, 0 MiB, 81920 MiB, 0 %
2026/07/04 05:10:05.702, 7, 0 MiB, 81920 MiB, 0 %
2026/07/04 05:10:15.703, 0, 14959 MiB, 81920 MiB, 0 %
2026/07/04 05:10:15.703, 1, 0 MiB, 81920 MiB, 0 %
2026/07/04 05:10:15.704, 2, 0 MiB, 81920 MiB, 0 %
2026/07/04 05:10:15.704, 3, 0 MiB, 81920 MiB, 0 %
2026/07/04 05:10:15.704, 4, 0 MiB, 81920 MiB, 0 %
2026/07/04 05:10:15.705, 5, 0 MiB, 81920 MiB, 0 %
2026/07/04 05:10:15.705, 6, 0 MiB, 81920 MiB, 0 %
2026/07/04 05:10:15.705, 7, 0 MiB, 81920 MiB, 0 %
2026/07/04 05:10:25.706, 0, 14959 MiB, 81920 MiB, 0 %
2026/07/04 05:10:25.706, 1, 0 MiB, 81920 MiB, 0 %
2026/07/04 05:10:25.707, 2, 0 MiB, 81920 MiB, 0 %
2026/07/04 05:10:25.707, 3, 0 MiB, 81920 MiB, 0 %
2026/07/04 05:10:25.707, 4, 0 MiB, 81920 MiB, 0 %
2026/07/04 05:10:25.708, 5, 0 MiB, 81920 MiB, 0 %
2026/07/04 05:10:25.708, 6, 0 MiB, 81920 MiB, 0 %
2026/07/04 05:10:25.708, 7, 0 MiB, 81920 MiB, 0 %
2026/07/04 05:10:35.709, 0, 14959 MiB, 81920 MiB, 0 %
2026/07/04 05:10:35.709, 1, 0 MiB, 81920 MiB, 0 %
2026/07/04 05:10:35.710, 2, 0 MiB, 81920 MiB, 0 %
2026/07/04 05:10:35.710, 3, 0 MiB, 81920 MiB, 0 %
2026/07/04 05:10:35.710, 4, 0 MiB, 81920 MiB, 0 %
2026/07/04 05:10:35.711, 5, 0 MiB, 81920 MiB, 0 %
2026/07/04 05:10:35.711, 6, 0 MiB, 81920 MiB, 0 %
2026/07/04 05:10:35.711, 7, 0 MiB, 81920 MiB, 0 %
2026/07/04 05:10:45.712, 0, 14959 MiB, 81920 MiB, 26 %
2026/07/04 05:10:45.713, 1, 0 MiB, 81920 MiB, 0 %
2026/07/04 05:10:45.713, 2, 0 MiB, 81920 MiB, 0 %
2026/07/04 05:10:45.713, 3, 0 MiB, 81920 MiB, 0 %
2026/07/04 05:10:45.714, 4, 0 MiB, 81920 MiB, 0 %
2026/07/04 05:10:45.714, 5, 0 MiB, 81920 MiB, 0 %
2026/07/04 05:10:45.714, 6, 0 MiB, 81920 MiB, 0 %
2026/07/04 05:10:45.715, 7, 0 MiB, 81920 MiB, 0 %
2026/07/04 05:10:55.716, 0, 14959 MiB, 81920 MiB, 0 %
2026/07/04 05:10:55.716, 1, 0 MiB, 81920 MiB, 0 %
2026/07/04 05:10:55.717, 2, 0 MiB, 81920 MiB, 0 %
2026/07/04 05:10:55.717, 3, 0 MiB, 81920 MiB, 0 %
2026/07/04 05:10:55.717, 4, 0 MiB, 81920 MiB, 0 %
2026/07/04 05:10:55.718, 5, 0 MiB, 81920 MiB, 0 %
2026/07/04 05:10:55.718, 6, 0 MiB, 81920 MiB, 0 %
2026/07/04 05:10:55.718, 7, 0 MiB, 81920 MiB, 0 %
2026/07/04 05:11:05.719, 0, 14959 MiB, 81920 MiB, 71 %
2026/07/04 05:11:05.719, 1, 0 MiB, 81920 MiB, 0 %
2026/07/04 05:11:05.719, 2, 0 MiB, 81920 MiB, 0 %
2026/07/04 05:11:05.720, 3, 0 MiB, 81920 MiB, 0 %
2026/07/04 05:11:05.720, 4, 0 MiB, 81920 MiB, 0 %
2026/07/04 05:11:05.720, 5, 0 MiB, 81920 MiB, 0 %
2026/07/04 05:11:05.721, 6, 0 MiB, 81920 MiB, 0 %
2026/07/04 05:11:05.721, 7, 0 MiB, 81920 MiB, 0 %
2026/07/04 05:11:15.722, 0, 14959 MiB, 81920 MiB, 0 %
2026/07/04 05:11:15.722, 1, 0 MiB, 81920 MiB, 0 %
2026/07/04 05:11:15.722, 2, 0 MiB, 81920 MiB, 0 %
2026/07/04 05:11:15.723, 3, 0 MiB, 81920 MiB, 0 %
2026/07/04 05:11:15.723, 4, 0 MiB, 81920 MiB, 0 %
2026/07/04 05:11:15.723, 5, 0 MiB, 81920 MiB, 0 %
2026/07/04 05:11:15.723, 6, 0 MiB, 81920 MiB, 0 %
2026/07/04 05:11:15.724, 7, 0 MiB, 81920 MiB, 0 %
2026/07/04 05:11:25.724, 0, 14959 MiB, 81920 MiB, 72 %
2026/07/04 05:11:25.725, 1, 0 MiB, 81920 MiB, 0 %
2026/07/04 05:11:25.725, 2, 0 MiB, 81920 MiB, 0 %
2026/07/04 05:11:25.726, 3, 0 MiB, 81920 MiB, 0 %
2026/07/04 05:11:25.726, 4, 0 MiB, 81920 MiB, 0 %
2026/07/04 05:11:25.726, 5, 0 MiB, 81920 MiB, 0 %
2026/07/04 05:11:25.726, 6, 0 MiB, 81920 MiB, 0 %
2026/07/04 05:11:25.727, 7, 0 MiB, 81920 MiB, 0 %
2026/07/04 05:11:35.727, 0, 14959 MiB, 81920 MiB, 0 %
2026/07/04 05:11:35.728, 1, 0 MiB, 81920 MiB, 0 %
2026/07/04 05:11:35.728, 2, 0 MiB, 81920 MiB, 0 %
2026/07/04 05:11:35.728, 3, 0 MiB, 81920 MiB, 0 %
2026/07/04 05:11:35.728, 4, 0 MiB, 81920 MiB, 0 %
2026/07/04 05:11:35.729, 5, 0 MiB, 81920 MiB, 0 %
2026/07/04 05:11:35.729, 6, 0 MiB, 81920 MiB, 0 %
2026/07/04 05:11:35.729, 7, 0 MiB, 81920 MiB, 0 %
2026/07/04 05:11:45.731, 0, 14959 MiB, 81920 MiB, 0 %
2026/07/04 05:11:45.731, 1, 0 MiB, 81920 MiB, 0 %
2026/07/04 05:11:45.731, 2, 0 MiB, 81920 MiB, 0 %
2026/07/04 05:11:45.732, 3, 0 MiB, 81920 MiB, 0 %
2026/07/04 05:11:45.732, 4, 0 MiB, 81920 MiB, 0 %
2026/07/04 05:11:45.732, 5, 0 MiB, 81920 MiB, 0 %
2026/07/04 05:11:45.733, 6, 0 MiB, 81920 MiB, 0 %
2026/07/04 05:11:45.733, 7, 0 MiB, 81920 MiB, 0 %
2026/07/04 05:11:55.734, 0, 14959 MiB, 81920 MiB, 0 %
2026/07/04 05:11:55.735, 1, 0 MiB, 81920 MiB, 0 %
2026/07/04 05:11:55.735, 2, 0 MiB, 81920 MiB, 0 %
2026/07/04 05:11:55.735, 3, 0 MiB, 81920 MiB, 0 %
2026/07/04 05:11:55.735, 4, 0 MiB, 81920 MiB, 0 %
2026/07/04 05:11:55.736, 5, 0 MiB, 81920 MiB, 0 %
2026/07/04 05:11:55.736, 6, 0 MiB, 81920 MiB, 0 %
2026/07/04 05:11:55.736, 7, 0 MiB, 81920 MiB, 0 %
2026/07/04 05:12:05.737, 0, 14959 MiB, 81920 MiB, 40 %
2026/07/04 05:12:05.738, 1, 0 MiB, 81920 MiB, 0 %
2026/07/04 05:12:05.738, 2, 0 MiB, 81920 MiB, 0 %
2026/07/04 05:12:05.738, 3, 0 MiB, 81920 MiB, 0 %
2026/07/04 05:12:05.739, 4, 0 MiB, 81920 MiB, 0 %
2026/07/04 05:12:05.739, 5, 0 MiB, 81920 MiB, 0 %
2026/07/04 05:12:05.739, 6, 0 MiB, 81920 MiB, 0 %
2026/07/04 05:12:05.740, 7, 0 MiB, 81920 MiB, 0 %
2026/07/04 05:12:15.740, 0, 14959 MiB, 81920 MiB, 0 %
2026/07/04 05:12:15.741, 1, 0 MiB, 81920 MiB, 0 %
2026/07/04 05:12:15.741, 2, 0 MiB, 81920 MiB, 0 %
2026/07/04 05:12:15.741, 3, 0 MiB, 81920 MiB, 0 %
2026/07/04 05:12:15.742, 4, 0 MiB, 81920 MiB, 0 %
2026/07/04 05:12:15.742, 5, 0 MiB, 81920 MiB, 0 %
2026/07/04 05:12:15.742, 6, 0 MiB, 81920 MiB, 0 %
2026/07/04 05:12:15.743, 7, 0 MiB, 81920 MiB, 0 %
2026/07/04 05:12:25.743, 0, 14959 MiB, 81920 MiB, 0 %
2026/07/04 05:12:25.744, 1, 0 MiB, 81920 MiB, 0 %
2026/07/04 05:12:25.744, 2, 0 MiB, 81920 MiB, 0 %
2026/07/04 05:12:25.744, 3, 0 MiB, 81920 MiB, 0 %
2026/07/04 05:12:25.744, 4, 0 MiB, 81920 MiB, 0 %
2026/07/04 05:12:25.745, 5, 0 MiB, 81920 MiB, 0 %
2026/07/04 05:12:25.745, 6, 0 MiB, 81920 MiB, 0 %
2026/07/04 05:12:25.745, 7, 0 MiB, 81920 MiB, 0 %
2026/07/04 05:12:35.746, 0, 14959 MiB, 81920 MiB, 0 %
2026/07/04 05:12:35.746, 1, 0 MiB, 81920 MiB, 0 %
2026/07/04 05:12:35.747, 2, 0 MiB, 81920 MiB, 0 %
2026/07/04 05:12:35.747, 3, 0 MiB, 81920 MiB, 0 %
2026/07/04 05:12:35.747, 4, 0 MiB, 81920 MiB, 0 %
2026/07/04 05:12:35.748, 5, 0 MiB, 81920 MiB, 0 %
2026/07/04 05:12:35.748, 6, 0 MiB, 81920 MiB, 0 %
2026/07/04 05:12:35.748, 7, 0 MiB, 81920 MiB, 0 %
2026/07/04 05:12:45.749, 0, 14959 MiB, 81920 MiB, 0 %
2026/07/04 05:12:45.749, 1, 0 MiB, 81920 MiB, 0 %
2026/07/04 05:12:45.750, 2, 0 MiB, 81920 MiB, 0 %
2026/07/04 05:12:45.750, 3, 0 MiB, 81920 MiB, 0 %
2026/07/04 05:12:45.750, 4, 0 MiB, 81920 MiB, 0 %
2026/07/04 05:12:45.751, 5, 0 MiB, 81920 MiB, 0 %
2026/07/04 05:12:45.751, 6, 0 MiB, 81920 MiB, 0 %
2026/07/04 05:12:45.751, 7, 0 MiB, 81920 MiB, 0 %
2026/07/04 05:12:55.752, 0, 14959 MiB, 81920 MiB, 0 %
2026/07/04 05:12:55.753, 1, 0 MiB, 81920 MiB, 0 %
2026/07/04 05:12:55.753, 2, 0 MiB, 81920 MiB, 0 %
2026/07/04 05:12:55.753, 3, 0 MiB, 81920 MiB, 0 %
2026/07/04 05:12:55.753, 4, 0 MiB, 81920 MiB, 0 %
2026/07/04 05:12:55.754, 5, 0 MiB, 81920 MiB, 0 %
2026/07/04 05:12:55.754, 6, 0 MiB, 81920 MiB, 0 %
2026/07/04 05:12:55.754, 7, 0 MiB, 81920 MiB, 0 %
2026/07/04 05:13:05.755, 0, 14959 MiB, 81920 MiB, 0 %
2026/07/04 05:13:05.756, 1, 0 MiB, 81920 MiB, 0 %
2026/07/04 05:13:05.756, 2, 0 MiB, 81920 MiB, 0 %
2026/07/04 05:13:05.756, 3, 0 MiB, 81920 MiB, 0 %
2026/07/04 05:13:05.756, 4, 0 MiB, 81920 MiB, 0 %
2026/07/04 05:13:05.757, 5, 0 MiB, 81920 MiB, 0 %
2026/07/04 05:13:05.757, 6, 0 MiB, 81920 MiB, 0 %
2026/07/04 05:13:05.757, 7, 0 MiB, 81920 MiB, 0 %
2026/07/04 05:13:15.758, 0, 14959 MiB, 81920 MiB, 0 %
2026/07/04 05:13:15.759, 1, 0 MiB, 81920 MiB, 0 %
2026/07/04 05:13:15.759, 2, 0 MiB, 81920 MiB, 0 %
2026/07/04 05:13:15.759, 3, 0 MiB, 81920 MiB, 0 %
2026/07/04 05:13:15.760, 4, 0 MiB, 81920 MiB, 0 %
2026/07/04 05:13:15.760, 5, 0 MiB, 81920 MiB, 0 %
2026/07/04 05:13:15.760, 6, 0 MiB, 81920 MiB, 0 %
2026/07/04 05:13:15.760, 7, 0 MiB, 81920 MiB, 0 %
2026/07/04 05:13:25.761, 0, 14959 MiB, 81920 MiB, 0 %
2026/07/04 05:13:25.762, 1, 0 MiB, 81920 MiB, 0 %
2026/07/04 05:13:25.762, 2, 0 MiB, 81920 MiB, 0 %
2026/07/04 05:13:25.762, 3, 0 MiB, 81920 MiB, 0 %
2026/07/04 05:13:25.762, 4, 0 MiB, 81920 MiB, 0 %
2026/07/04 05:13:25.763, 5, 0 MiB, 81920 MiB, 0 %
2026/07/04 05:13:25.763, 6, 0 MiB, 81920 MiB, 0 %
2026/07/04 05:13:25.763, 7, 0 MiB, 81920 MiB, 0 %
2026/07/04 05:13:35.764, 0, 14959 MiB, 81920 MiB, 0 %
2026/07/04 05:13:35.764, 1, 0 MiB, 81920 MiB, 0 %
2026/07/04 05:13:35.765, 2, 0 MiB, 81920 MiB, 0 %
2026/07/04 05:13:35.765, 3, 0 MiB, 81920 MiB, 0 %
2026/07/04 05:13:35.765, 4, 0 MiB, 81920 MiB, 0 %
2026/07/04 05:13:35.766, 5, 0 MiB, 81920 MiB, 0 %
2026/07/04 05:13:35.766, 6, 0 MiB, 81920 MiB, 0 %
2026/07/04 05:13:35.766, 7, 0 MiB, 81920 MiB, 0 %
2026/07/04 05:13:45.767, 0, 14959 MiB, 81920 MiB, 68 %
2026/07/04 05:13:45.767, 1, 0 MiB, 81920 MiB, 0 %
2026/07/04 05:13:45.768, 2, 0 MiB, 81920 MiB, 0 %
2026/07/04 05:13:45.768, 3, 0 MiB, 81920 MiB, 0 %
2026/07/04 05:13:45.768, 4, 0 MiB, 81920 MiB, 0 %
2026/07/04 05:13:45.769, 5, 0 MiB, 81920 MiB, 0 %
2026/07/04 05:13:45.769, 6, 0 MiB, 81920 MiB, 0 %
2026/07/04 05:13:45.769, 7, 0 MiB, 81920 MiB, 0 %
2026/07/04 05:13:55.770, 0, 14959 MiB, 81920 MiB, 0 %
2026/07/04 05:13:55.770, 1, 0 MiB, 81920 MiB, 0 %
2026/07/04 05:13:55.771, 2, 0 MiB, 81920 MiB, 0 %
2026/07/04 05:13:55.771, 3, 0 MiB, 81920 MiB, 0 %
2026/07/04 05:13:55.771, 4, 0 MiB, 81920 MiB, 0 %
2026/07/04 05:13:55.772, 5, 0 MiB, 81920 MiB, 0 %
2026/07/04 05:13:55.772, 6, 0 MiB, 81920 MiB, 0 %
2026/07/04 05:13:55.772, 7, 0 MiB, 81920 MiB, 0 %
2026/07/04 05:14:05.773, 0, 14959 MiB, 81920 MiB, 0 %
2026/07/04 05:14:05.773, 1, 0 MiB, 81920 MiB, 0 %
2026/07/04 05:14:05.774, 2, 0 MiB, 81920 MiB, 0 %
2026/07/04 05:14:05.774, 3, 0 MiB, 81920 MiB, 0 %
2026/07/04 05:14:05.774, 4, 0 MiB, 81920 MiB, 0 %
2026/07/04 05:14:05.775, 5, 0 MiB, 81920 MiB, 0 %
2026/07/04 05:14:05.775, 6, 0 MiB, 81920 MiB, 0 %
2026/07/04 05:14:05.775, 7, 0 MiB, 81920 MiB, 0 %
2026/07/04 05:14:15.776, 0, 14959 MiB, 81920 MiB, 0 %
2026/07/04 05:14:15.776, 1, 0 MiB, 81920 MiB, 0 %
2026/07/04 05:14:15.777, 2, 0 MiB, 81920 MiB, 0 %
2026/07/04 05:14:15.777, 3, 0 MiB, 81920 MiB, 0 %
2026/07/04 05:14:15.777, 4, 0 MiB, 81920 MiB, 0 %
2026/07/04 05:14:15.777, 5, 0 MiB, 81920 MiB, 0 %
2026/07/04 05:14:15.778, 6, 0 MiB, 81920 MiB, 0 %
2026/07/04 05:14:15.778, 7, 0 MiB, 81920 MiB, 0 %
2026/07/04 05:14:25.779, 0, 14959 MiB, 81920 MiB, 0 %
2026/07/04 05:14:25.779, 1, 0 MiB, 81920 MiB, 0 %
2026/07/04 05:14:25.779, 2, 0 MiB, 81920 MiB, 0 %
2026/07/04 05:14:25.780, 3, 0 MiB, 81920 MiB, 0 %
2026/07/04 05:14:25.780, 4, 0 MiB, 81920 MiB, 0 %
2026/07/04 05:14:25.780, 5, 0 MiB, 81920 MiB, 0 %
2026/07/04 05:14:25.781, 6, 0 MiB, 81920 MiB, 0 %
2026/07/04 05:14:25.781, 7, 0 MiB, 81920 MiB, 0 %
2026/07/04 05:14:35.782, 0, 14959 MiB, 81920 MiB, 0 %
2026/07/04 05:14:35.782, 1, 0 MiB, 81920 MiB, 0 %
2026/07/04 05:14:35.782, 2, 0 MiB, 81920 MiB, 0 %
2026/07/04 05:14:35.783, 3, 0 MiB, 81920 MiB, 0 %
2026/07/04 05:14:35.783, 4, 0 MiB, 81920 MiB, 0 %
2026/07/04 05:14:35.783, 5, 0 MiB, 81920 MiB, 0 %
2026/07/04 05:14:35.784, 6, 0 MiB, 81920 MiB, 0 %
2026/07/04 05:14:35.784, 7, 0 MiB, 81920 MiB, 0 %
2026/07/04 05:14:45.784, 0, 14959 MiB, 81920 MiB, 100 %
2026/07/04 05:14:45.785, 1, 0 MiB, 81920 MiB, 0 %
2026/07/04 05:14:45.785, 2, 0 MiB, 81920 MiB, 0 %
2026/07/04 05:14:45.786, 3, 0 MiB, 81920 MiB, 0 %
2026/07/04 05:14:45.786, 4, 0 MiB, 81920 MiB, 0 %
2026/07/04 05:14:45.786, 5, 0 MiB, 81920 MiB, 0 %
2026/07/04 05:14:45.786, 6, 0 MiB, 81920 MiB, 0 %
2026/07/04 05:14:45.787, 7, 0 MiB, 81920 MiB, 0 %
2026/07/04 05:14:55.787, 0, 14959 MiB, 81920 MiB, 0 %
2026/07/04 05:14:55.788, 1, 0 MiB, 81920 MiB, 0 %
2026/07/04 05:14:55.788, 2, 0 MiB, 81920 MiB, 0 %
2026/07/04 05:14:55.788, 3, 0 MiB, 81920 MiB, 0 %
2026/07/04 05:14:55.789, 4, 0 MiB, 81920 MiB, 0 %
2026/07/04 05:14:55.789, 5, 0 MiB, 81920 MiB, 0 %
2026/07/04 05:14:55.789, 6, 0 MiB, 81920 MiB, 0 %
2026/07/04 05:14:55.790, 7, 0 MiB, 81920 MiB, 0 %
2026/07/04 05:15:05.790, 0, 14959 MiB, 81920 MiB, 73 %
2026/07/04 05:15:05.791, 1, 0 MiB, 81920 MiB, 0 %
2026/07/04 05:15:05.791, 2, 0 MiB, 81920 MiB, 0 %
2026/07/04 05:15:05.791, 3, 0 MiB, 81920 MiB, 0 %
2026/07/04 05:15:05.792, 4, 0 MiB, 81920 MiB, 0 %
2026/07/04 05:15:05.792, 5, 0 MiB, 81920 MiB, 0 %
2026/07/04 05:15:05.792, 6, 0 MiB, 81920 MiB, 0 %
2026/07/04 05:15:05.793, 7, 0 MiB, 81920 MiB, 0 %
2026/07/04 05:15:15.793, 0, 14959 MiB, 81920 MiB, 71 %
2026/07/04 05:15:15.794, 1, 0 MiB, 81920 MiB, 0 %
2026/07/04 05:15:15.794, 2, 0 MiB, 81920 MiB, 0 %
2026/07/04 05:15:15.794, 3, 0 MiB, 81920 MiB, 0 %
2026/07/04 05:15:15.795, 4, 0 MiB, 81920 MiB, 0 %
2026/07/04 05:15:15.795, 5, 0 MiB, 81920 MiB, 0 %
2026/07/04 05:15:15.795, 6, 0 MiB, 81920 MiB, 0 %
2026/07/04 05:15:15.796, 7, 0 MiB, 81920 MiB, 0 %
2026/07/04 05:15:25.796, 0, 14959 MiB, 81920 MiB, 72 %
2026/07/04 05:15:25.797, 1, 0 MiB, 81920 MiB, 0 %
2026/07/04 05:15:25.797, 2, 0 MiB, 81920 MiB, 0 %
2026/07/04 05:15:25.797, 3, 0 MiB, 81920 MiB, 0 %
2026/07/04 05:15:25.798, 4, 0 MiB, 81920 MiB, 0 %
2026/07/04 05:15:25.798, 5, 0 MiB, 81920 MiB, 0 %
2026/07/04 05:15:25.798, 6, 0 MiB, 81920 MiB, 0 %
2026/07/04 05:15:25.799, 7, 0 MiB, 81920 MiB, 0 %
2026/07/04 05:15:35.799, 0, 14959 MiB, 81920 MiB, 0 %
2026/07/04 05:15:35.800, 1, 0 MiB, 81920 MiB, 0 %
2026/07/04 05:15:35.800, 2, 0 MiB, 81920 MiB, 0 %
2026/07/04 05:15:35.800, 3, 0 MiB, 81920 MiB, 0 %
2026/07/04 05:15:35.801, 4, 0 MiB, 81920 MiB, 0 %
2026/07/04 05:15:35.801, 5, 0 MiB, 81920 MiB, 0 %
2026/07/04 05:15:35.801, 6, 0 MiB, 81920 MiB, 0 %
2026/07/04 05:15:35.801, 7, 0 MiB, 81920 MiB, 0 %
2026/07/04 05:15:45.802, 0, 14959 MiB, 81920 MiB, 0 %
2026/07/04 05:15:45.803, 1, 0 MiB, 81920 MiB, 0 %
2026/07/04 05:15:45.803, 2, 0 MiB, 81920 MiB, 0 %
2026/07/04 05:15:45.803, 3, 0 MiB, 81920 MiB, 0 %
2026/07/04 05:15:45.803, 4, 0 MiB, 81920 MiB, 0 %
2026/07/04 05:15:45.804, 5, 0 MiB, 81920 MiB, 0 %
2026/07/04 05:15:45.804, 6, 0 MiB, 81920 MiB, 0 %
2026/07/04 05:15:45.804, 7, 0 MiB, 81920 MiB, 0 %
2026/07/04 05:15:55.805, 0, 14959 MiB, 81920 MiB, 0 %
2026/07/04 05:15:55.806, 1, 0 MiB, 81920 MiB, 0 %
2026/07/04 05:15:55.806, 2, 0 MiB, 81920 MiB, 0 %
2026/07/04 05:15:55.806, 3, 0 MiB, 81920 MiB, 0 %
2026/07/04 05:15:55.806, 4, 0 MiB, 81920 MiB, 0 %
2026/07/04 05:15:55.807, 5, 0 MiB, 81920 MiB, 0 %
2026/07/04 05:15:55.807, 6, 0 MiB, 81920 MiB, 0 %
2026/07/04 05:15:55.807, 7, 0 MiB, 81920 MiB, 0 %
2026/07/04 05:16:05.808, 0, 14959 MiB, 81920 MiB, 0 %
2026/07/04 05:16:05.809, 1, 0 MiB, 81920 MiB, 0 %
2026/07/04 05:16:05.809, 2, 0 MiB, 81920 MiB, 0 %
2026/07/04 05:16:05.809, 3, 0 MiB, 81920 MiB, 0 %
2026/07/04 05:16:05.810, 4, 0 MiB, 81920 MiB, 0 %
2026/07/04 05:16:05.810, 5, 0 MiB, 81920 MiB, 0 %
2026/07/04 05:16:05.810, 6, 0 MiB, 81920 MiB, 0 %
2026/07/04 05:16:05.810, 7, 0 MiB, 81920 MiB, 0 %
2026/07/04 05:16:15.811, 0, 14959 MiB, 81920 MiB, 0 %
2026/07/04 05:16:15.812, 1, 0 MiB, 81920 MiB, 0 %
2026/07/04 05:16:15.812, 2, 0 MiB, 81920 MiB, 0 %
2026/07/04 05:16:15.812, 3, 0 MiB, 81920 MiB, 0 %
2026/07/04 05:16:15.812, 4, 0 MiB, 81920 MiB, 0 %
2026/07/04 05:16:15.813, 5, 0 MiB, 81920 MiB, 0 %
2026/07/04 05:16:15.813, 6, 0 MiB, 81920 MiB, 0 %
2026/07/04 05:16:15.813, 7, 0 MiB, 81920 MiB, 0 %
2026/07/04 05:16:25.814, 0, 14959 MiB, 81920 MiB, 0 %
2026/07/04 05:16:25.814, 1, 0 MiB, 81920 MiB, 0 %
2026/07/04 05:16:25.815, 2, 0 MiB, 81920 MiB, 0 %
2026/07/04 05:16:25.815, 3, 0 MiB, 81920 MiB, 0 %
2026/07/04 05:16:25.815, 4, 0 MiB, 81920 MiB, 0 %
2026/07/04 05:16:25.816, 5, 0 MiB, 81920 MiB, 0 %
2026/07/04 05:16:25.816, 6, 0 MiB, 81920 MiB, 0 %
2026/07/04 05:16:25.816, 7, 0 MiB, 81920 MiB, 0 %
2026/07/04 05:16:35.817, 0, 14959 MiB, 81920 MiB, 0 %
2026/07/04 05:16:35.817, 1, 0 MiB, 81920 MiB, 0 %
2026/07/04 05:16:35.818, 2, 0 MiB, 81920 MiB, 0 %
2026/07/04 05:16:35.818, 3, 0 MiB, 81920 MiB, 0 %
2026/07/04 05:16:35.818, 4, 0 MiB, 81920 MiB, 0 %
2026/07/04 05:16:35.819, 5, 0 MiB, 81920 MiB, 0 %
2026/07/04 05:16:35.819, 6, 0 MiB, 81920 MiB, 0 %
2026/07/04 05:16:35.819, 7, 0 MiB, 81920 MiB, 0 %
2026/07/04 05:16:45.820, 0, 14959 MiB, 81920 MiB, 0 %
2026/07/04 05:16:45.820, 1, 0 MiB, 81920 MiB, 0 %
2026/07/04 05:16:45.821, 2, 0 MiB, 81920 MiB, 0 %
2026/07/04 05:16:45.821, 3, 0 MiB, 81920 MiB, 0 %
2026/07/04 05:16:45.821, 4, 0 MiB, 81920 MiB, 0 %
2026/07/04 05:16:45.822, 5, 0 MiB, 81920 MiB, 0 %
2026/07/04 05:16:45.822, 6, 0 MiB, 81920 MiB, 0 %
2026/07/04 05:16:45.822, 7, 0 MiB, 81920 MiB, 0 %
2026/07/04 05:16:55.823, 0, 14959 MiB, 81920 MiB, 0 %
2026/07/04 05:16:55.823, 1, 0 MiB, 81920 MiB, 0 %
2026/07/04 05:16:55.824, 2, 0 MiB, 81920 MiB, 0 %
2026/07/04 05:16:55.824, 3, 0 MiB, 81920 MiB, 0 %
2026/07/04 05:16:55.824, 4, 0 MiB, 81920 MiB, 0 %
2026/07/04 05:16:55.824, 5, 0 MiB, 81920 MiB, 0 %
2026/07/04 05:16:55.825, 6, 0 MiB, 81920 MiB, 0 %
2026/07/04 05:16:55.825, 7, 0 MiB, 81920 MiB, 0 %
2026/07/04 05:17:05.826, 0, 14959 MiB, 81920 MiB, 0 %
2026/07/04 05:17:05.826, 1, 0 MiB, 81920 MiB, 0 %
2026/07/04 05:17:05.826, 2, 0 MiB, 81920 MiB, 0 %
2026/07/04 05:17:05.827, 3, 0 MiB, 81920 MiB, 0 %
2026/07/04 05:17:05.827, 4, 0 MiB, 81920 MiB, 0 %
2026/07/04 05:17:05.827, 5, 0 MiB, 81920 MiB, 0 %
2026/07/04 05:17:05.828, 6, 0 MiB, 81920 MiB, 0 %
2026/07/04 05:17:05.828, 7, 0 MiB, 81920 MiB, 0 %
2026/07/04 05:17:15.829, 0, 14959 MiB, 81920 MiB, 0 %
2026/07/04 05:17:15.829, 1, 0 MiB, 81920 MiB, 0 %
2026/07/04 05:17:15.830, 2, 0 MiB, 81920 MiB, 0 %
2026/07/04 05:17:15.830, 3, 0 MiB, 81920 MiB, 0 %
2026/07/04 05:17:15.830, 4, 0 MiB, 81920 MiB, 0 %
2026/07/04 05:17:15.830, 5, 0 MiB, 81920 MiB, 0 %
2026/07/04 05:17:15.831, 6, 0 MiB, 81920 MiB, 0 %
2026/07/04 05:17:15.831, 7, 0 MiB, 81920 MiB, 0 %
2026/07/04 05:17:25.832, 0, 14959 MiB, 81920 MiB, 0 %
2026/07/04 05:17:25.832, 1, 0 MiB, 81920 MiB, 0 %
2026/07/04 05:17:25.833, 2, 0 MiB, 81920 MiB, 0 %
2026/07/04 05:17:25.833, 3, 0 MiB, 81920 MiB, 0 %
2026/07/04 05:17:25.833, 4, 0 MiB, 81920 MiB, 0 %
2026/07/04 05:17:25.833, 5, 0 MiB, 81920 MiB, 0 %
2026/07/04 05:17:25.834, 6, 0 MiB, 81920 MiB, 0 %
2026/07/04 05:17:25.834, 7, 0 MiB, 81920 MiB, 0 %
2026/07/04 05:17:35.835, 0, 14959 MiB, 81920 MiB, 0 %
2026/07/04 05:17:35.835, 1, 0 MiB, 81920 MiB, 0 %
2026/07/04 05:17:35.836, 2, 0 MiB, 81920 MiB, 0 %
2026/07/04 05:17:35.836, 3, 0 MiB, 81920 MiB, 0 %
2026/07/04 05:17:35.836, 4, 0 MiB, 81920 MiB, 0 %
2026/07/04 05:17:35.836, 5, 0 MiB, 81920 MiB, 0 %
2026/07/04 05:17:35.837, 6, 0 MiB, 81920 MiB, 0 %
2026/07/04 05:17:35.837, 7, 0 MiB, 81920 MiB, 0 %
2026/07/04 05:17:45.837, 0, 14959 MiB, 81920 MiB, 0 %
2026/07/04 05:17:45.838, 1, 0 MiB, 81920 MiB, 0 %
2026/07/04 05:17:45.838, 2, 0 MiB, 81920 MiB, 0 %
2026/07/04 05:17:45.839, 3, 0 MiB, 81920 MiB, 0 %
2026/07/04 05:17:45.839, 4, 0 MiB, 81920 MiB, 0 %
2026/07/04 05:17:45.839, 5, 0 MiB, 81920 MiB, 0 %
2026/07/04 05:17:45.839, 6, 0 MiB, 81920 MiB, 0 %
2026/07/04 05:17:45.840, 7, 0 MiB, 81920 MiB, 0 %
2026/07/04 05:17:55.840, 0, 14959 MiB, 81920 MiB, 0 %
2026/07/04 05:17:55.841, 1, 0 MiB, 81920 MiB, 0 %
2026/07/04 05:17:55.841, 2, 0 MiB, 81920 MiB, 0 %
2026/07/04 05:17:55.841, 3, 0 MiB, 81920 MiB, 0 %
2026/07/04 05:17:55.842, 4, 0 MiB, 81920 MiB, 0 %
2026/07/04 05:17:55.842, 5, 0 MiB, 81920 MiB, 0 %
2026/07/04 05:17:55.842, 6, 0 MiB, 81920 MiB, 0 %
2026/07/04 05:17:55.843, 7, 0 MiB, 81920 MiB, 0 %
2026/07/04 05:18:05.843, 0, 14959 MiB, 81920 MiB, 72 %
2026/07/04 05:18:05.844, 1, 0 MiB, 81920 MiB, 0 %
2026/07/04 05:18:05.844, 2, 0 MiB, 81920 MiB, 0 %
2026/07/04 05:18:05.844, 3, 0 MiB, 81920 MiB, 0 %
2026/07/04 05:18:05.845, 4, 0 MiB, 81920 MiB, 0 %
2026/07/04 05:18:05.845, 5, 0 MiB, 81920 MiB, 0 %
2026/07/04 05:18:05.845, 6, 0 MiB, 81920 MiB, 0 %
2026/07/04 05:18:05.845, 7, 0 MiB, 81920 MiB, 0 %
2026/07/04 05:18:15.846, 0, 14959 MiB, 81920 MiB, 0 %
2026/07/04 05:18:15.846, 1, 0 MiB, 81920 MiB, 0 %
2026/07/04 05:18:15.847, 2, 0 MiB, 81920 MiB, 0 %
2026/07/04 05:18:15.847, 3, 0 MiB, 81920 MiB, 0 %
2026/07/04 05:18:15.847, 4, 0 MiB, 81920 MiB, 0 %
2026/07/04 05:18:15.848, 5, 0 MiB, 81920 MiB, 0 %
2026/07/04 05:18:15.848, 6, 0 MiB, 81920 MiB, 0 %
2026/07/04 05:18:15.848, 7, 0 MiB, 81920 MiB, 0 %
2026/07/04 05:18:25.849, 0, 14959 MiB, 81920 MiB, 0 %
2026/07/04 05:18:25.849, 1, 0 MiB, 81920 MiB, 0 %
2026/07/04 05:18:25.849, 2, 0 MiB, 81920 MiB, 0 %
2026/07/04 05:18:25.850, 3, 0 MiB, 81920 MiB, 0 %
2026/07/04 05:18:25.850, 4, 0 MiB, 81920 MiB, 0 %
2026/07/04 05:18:25.850, 5, 0 MiB, 81920 MiB, 0 %
2026/07/04 05:18:25.851, 6, 0 MiB, 81920 MiB, 0 %
2026/07/04 05:18:25.851, 7, 0 MiB, 81920 MiB, 0 %
2026/07/04 05:18:35.852, 0, 14959 MiB, 81920 MiB, 0 %
2026/07/04 05:18:35.852, 1, 0 MiB, 81920 MiB, 0 %
2026/07/04 05:18:35.852, 2, 0 MiB, 81920 MiB, 0 %
2026/07/04 05:18:35.853, 3, 0 MiB, 81920 MiB, 0 %
2026/07/04 05:18:35.853, 4, 0 MiB, 81920 MiB, 0 %
2026/07/04 05:18:35.853, 5, 0 MiB, 81920 MiB, 0 %
2026/07/04 05:18:35.853, 6, 0 MiB, 81920 MiB, 0 %
2026/07/04 05:18:35.854, 7, 0 MiB, 81920 MiB, 0 %
2026/07/04 05:18:45.854, 0, 14959 MiB, 81920 MiB, 0 %
2026/07/04 05:18:45.855, 1, 0 MiB, 81920 MiB, 0 %
2026/07/04 05:18:45.855, 2, 0 MiB, 81920 MiB, 0 %
2026/07/04 05:18:45.855, 3, 0 MiB, 81920 MiB, 0 %
2026/07/04 05:18:45.856, 4, 0 MiB, 81920 MiB, 0 %
2026/07/04 05:18:45.856, 5, 0 MiB, 81920 MiB, 0 %
2026/07/04 05:18:45.856, 6, 0 MiB, 81920 MiB, 0 %
2026/07/04 05:18:45.857, 7, 0 MiB, 81920 MiB, 0 %
2026/07/04 05:18:55.858, 0, 14959 MiB, 81920 MiB, 0 %
2026/07/04 05:18:55.858, 1, 0 MiB, 81920 MiB, 0 %
2026/07/04 05:18:55.859, 2, 0 MiB, 81920 MiB, 0 %
2026/07/04 05:18:55.859, 3, 0 MiB, 81920 MiB, 0 %
2026/07/04 05:18:55.859, 4, 0 MiB, 81920 MiB, 0 %
2026/07/04 05:18:55.860, 5, 0 MiB, 81920 MiB, 0 %
2026/07/04 05:18:55.860, 6, 0 MiB, 81920 MiB, 0 %
2026/07/04 05:18:55.860, 7, 0 MiB, 81920 MiB, 0 %
2026/07/04 05:19:05.862, 0, 14959 MiB, 81920 MiB, 0 %
2026/07/04 05:19:05.862, 1, 0 MiB, 81920 MiB, 0 %
2026/07/04 05:19:05.862, 2, 0 MiB, 81920 MiB, 0 %
2026/07/04 05:19:05.863, 3, 0 MiB, 81920 MiB, 0 %
2026/07/04 05:19:05.863, 4, 0 MiB, 81920 MiB, 0 %
2026/07/04 05:19:05.863, 5, 0 MiB, 81920 MiB, 0 %
2026/07/04 05:19:05.863, 6, 0 MiB, 81920 MiB, 0 %
2026/07/04 05:19:05.864, 7, 0 MiB, 81920 MiB, 0 %
2026/07/04 05:19:15.864, 0, 14959 MiB, 81920 MiB, 72 %
2026/07/04 05:19:15.865, 1, 0 MiB, 81920 MiB, 0 %
2026/07/04 05:19:15.865, 2, 0 MiB, 81920 MiB, 0 %
2026/07/04 05:19:15.865, 3, 0 MiB, 81920 MiB, 0 %
2026/07/04 05:19:15.865, 4, 0 MiB, 81920 MiB, 0 %
2026/07/04 05:19:15.866, 5, 0 MiB, 81920 MiB, 0 %
2026/07/04 05:19:15.866, 6, 0 MiB, 81920 MiB, 0 %
2026/07/04 05:19:15.866, 7, 0 MiB, 81920 MiB, 0 %
2026/07/04 05:19:25.868, 0, 14959 MiB, 81920 MiB, 0 %
2026/07/04 05:19:25.868, 1, 0 MiB, 81920 MiB, 0 %
2026/07/04 05:19:25.868, 2, 0 MiB, 81920 MiB, 0 %
2026/07/04 05:19:25.869, 3, 0 MiB, 81920 MiB, 0 %
2026/07/04 05:19:25.869, 4, 0 MiB, 81920 MiB, 0 %
2026/07/04 05:19:25.869, 5, 0 MiB, 81920 MiB, 0 %
2026/07/04 05:19:25.870, 6, 0 MiB, 81920 MiB, 0 %
2026/07/04 05:19:25.870, 7, 0 MiB, 81920 MiB, 0 %
2026/07/04 05:19:35.871, 0, 14959 MiB, 81920 MiB, 0 %
2026/07/04 05:19:35.872, 1, 0 MiB, 81920 MiB, 0 %
2026/07/04 05:19:35.872, 2, 0 MiB, 81920 MiB, 0 %
2026/07/04 05:19:35.872, 3, 0 MiB, 81920 MiB, 0 %
2026/07/04 05:19:35.873, 4, 0 MiB, 81920 MiB, 0 %
2026/07/04 05:19:35.873, 5, 0 MiB, 81920 MiB, 0 %
2026/07/04 05:19:35.873, 6, 0 MiB, 81920 MiB, 0 %
2026/07/04 05:19:35.874, 7, 0 MiB, 81920 MiB, 0 %
2026/07/04 05:19:45.875, 0, 14959 MiB, 81920 MiB, 0 %
2026/07/04 05:19:45.875, 1, 0 MiB, 81920 MiB, 0 %
2026/07/04 05:19:45.876, 2, 0 MiB, 81920 MiB, 0 %
2026/07/04 05:19:45.876, 3, 0 MiB, 81920 MiB, 0 %
2026/07/04 05:19:45.876, 4, 0 MiB, 81920 MiB, 0 %
2026/07/04 05:19:45.877, 5, 0 MiB, 81920 MiB, 0 %
2026/07/04 05:19:45.877, 6, 0 MiB, 81920 MiB, 0 %
2026/07/04 05:19:45.877, 7, 0 MiB, 81920 MiB, 0 %
2026/07/04 05:19:55.879, 0, 14959 MiB, 81920 MiB, 0 %
2026/07/04 05:19:55.879, 1, 0 MiB, 81920 MiB, 0 %
2026/07/04 05:19:55.879, 2, 0 MiB, 81920 MiB, 0 %
2026/07/04 05:19:55.880, 3, 0 MiB, 81920 MiB, 0 %
2026/07/04 05:19:55.880, 4, 0 MiB, 81920 MiB, 0 %
2026/07/04 05:19:55.880, 5, 0 MiB, 81920 MiB, 0 %
2026/07/04 05:19:55.881, 6, 0 MiB, 81920 MiB, 0 %
2026/07/04 05:19:55.881, 7, 0 MiB, 81920 MiB, 0 %
2026/07/04 05:20:05.882, 0, 14959 MiB, 81920 MiB, 0 %
2026/07/04 05:20:05.883, 1, 0 MiB, 81920 MiB, 0 %
2026/07/04 05:20:05.883, 2, 0 MiB, 81920 MiB, 0 %
2026/07/04 05:20:05.883, 3, 0 MiB, 81920 MiB, 0 %
2026/07/04 05:20:05.884, 4, 0 MiB, 81920 MiB, 0 %
2026/07/04 05:20:05.884, 5, 0 MiB, 81920 MiB, 0 %
2026/07/04 05:20:05.884, 6, 0 MiB, 81920 MiB, 0 %
2026/07/04 05:20:05.885, 7, 0 MiB, 81920 MiB, 0 %
2026/07/04 05:20:15.885, 0, 14959 MiB, 81920 MiB, 0 %
2026/07/04 05:20:15.886, 1, 0 MiB, 81920 MiB, 0 %
2026/07/04 05:20:15.886, 2, 0 MiB, 81920 MiB, 0 %
2026/07/04 05:20:15.886, 3, 0 MiB, 81920 MiB, 0 %
2026/07/04 05:20:15.887, 4, 0 MiB, 81920 MiB, 0 %
2026/07/04 05:20:15.887, 5, 0 MiB, 81920 MiB, 0 %
2026/07/04 05:20:15.887, 6, 0 MiB, 81920 MiB, 0 %
2026/07/04 05:20:15.888, 7, 0 MiB, 81920 MiB, 0 %
2026/07/04 05:20:25.888, 0, 14959 MiB, 81920 MiB, 0 %
2026/07/04 05:20:25.889, 1, 0 MiB, 81920 MiB, 0 %
2026/07/04 05:20:25.889, 2, 0 MiB, 81920 MiB, 0 %
2026/07/04 05:20:25.889, 3, 0 MiB, 81920 MiB, 0 %
2026/07/04 05:20:25.890, 4, 0 MiB, 81920 MiB, 0 %
2026/07/04 05:20:25.890, 5, 0 MiB, 81920 MiB, 0 %
2026/07/04 05:20:25.890, 6, 0 MiB, 81920 MiB, 0 %
2026/07/04 05:20:25.891, 7, 0 MiB, 81920 MiB, 0 %
2026/07/04 05:20:35.891, 0, 14959 MiB, 81920 MiB, 0 %
2026/07/04 05:20:35.892, 1, 0 MiB, 81920 MiB, 0 %
2026/07/04 05:20:35.892, 2, 0 MiB, 81920 MiB, 0 %
2026/07/04 05:20:35.892, 3, 0 MiB, 81920 MiB, 0 %
2026/07/04 05:20:35.893, 4, 0 MiB, 81920 MiB, 0 %
2026/07/04 05:20:35.893, 5, 0 MiB, 81920 MiB, 0 %
2026/07/04 05:20:35.893, 6, 0 MiB, 81920 MiB, 0 %
2026/07/04 05:20:35.893, 7, 0 MiB, 81920 MiB, 0 %
2026/07/04 05:20:45.894, 0, 14959 MiB, 81920 MiB, 0 %
2026/07/04 05:20:45.894, 1, 0 MiB, 81920 MiB, 0 %
2026/07/04 05:20:45.895, 2, 0 MiB, 81920 MiB, 0 %
2026/07/04 05:20:45.895, 3, 0 MiB, 81920 MiB, 0 %
2026/07/04 05:20:45.895, 4, 0 MiB, 81920 MiB, 0 %
2026/07/04 05:20:45.896, 5, 0 MiB, 81920 MiB, 0 %
2026/07/04 05:20:45.896, 6, 0 MiB, 81920 MiB, 0 %
2026/07/04 05:20:45.896, 7, 0 MiB, 81920 MiB, 0 %
2026/07/04 05:20:55.897, 0, 14959 MiB, 81920 MiB, 0 %
2026/07/04 05:20:55.897, 1, 0 MiB, 81920 MiB, 0 %
2026/07/04 05:20:55.898, 2, 0 MiB, 81920 MiB, 0 %
2026/07/04 05:20:55.898, 3, 0 MiB, 81920 MiB, 0 %
2026/07/04 05:20:55.898, 4, 0 MiB, 81920 MiB, 0 %
2026/07/04 05:20:55.899, 5, 0 MiB, 81920 MiB, 0 %
2026/07/04 05:20:55.899, 6, 0 MiB, 81920 MiB, 0 %
2026/07/04 05:20:55.899, 7, 0 MiB, 81920 MiB, 0 %
2026/07/04 05:21:05.900, 0, 14959 MiB, 81920 MiB, 0 %
2026/07/04 05:21:05.900, 1, 0 MiB, 81920 MiB, 0 %
2026/07/04 05:21:05.901, 2, 0 MiB, 81920 MiB, 0 %
2026/07/04 05:21:05.901, 3, 0 MiB, 81920 MiB, 0 %
2026/07/04 05:21:05.901, 4, 0 MiB, 81920 MiB, 0 %
2026/07/04 05:21:05.902, 5, 0 MiB, 81920 MiB, 0 %
2026/07/04 05:21:05.902, 6, 0 MiB, 81920 MiB, 0 %
2026/07/04 05:21:05.902, 7, 0 MiB, 81920 MiB, 0 %
2026/07/04 05:21:15.903, 0, 14959 MiB, 81920 MiB, 0 %
2026/07/04 05:21:15.903, 1, 0 MiB, 81920 MiB, 0 %
2026/07/04 05:21:15.904, 2, 0 MiB, 81920 MiB, 0 %
2026/07/04 05:21:15.904, 3, 0 MiB, 81920 MiB, 0 %
2026/07/04 05:21:15.904, 4, 0 MiB, 81920 MiB, 0 %
2026/07/04 05:21:15.905, 5, 0 MiB, 81920 MiB, 0 %
2026/07/04 05:21:15.905, 6, 0 MiB, 81920 MiB, 0 %
2026/07/04 05:21:15.905, 7, 0 MiB, 81920 MiB, 0 %
2026/07/04 05:21:25.906, 0, 14959 MiB, 81920 MiB, 0 %
2026/07/04 05:21:25.906, 1, 0 MiB, 81920 MiB, 0 %
2026/07/04 05:21:25.907, 2, 0 MiB, 81920 MiB, 0 %
2026/07/04 05:21:25.907, 3, 0 MiB, 81920 MiB, 0 %
2026/07/04 05:21:25.907, 4, 0 MiB, 81920 MiB, 0 %
2026/07/04 05:21:25.907, 5, 0 MiB, 81920 MiB, 0 %
2026/07/04 05:21:25.908, 6, 0 MiB, 81920 MiB, 0 %
2026/07/04 05:21:25.908, 7, 0 MiB, 81920 MiB, 0 %
2026/07/04 05:21:35.909, 0, 14959 MiB, 81920 MiB, 0 %
2026/07/04 05:21:35.909, 1, 0 MiB, 81920 MiB, 0 %
2026/07/04 05:21:35.910, 2, 0 MiB, 81920 MiB, 0 %
2026/07/04 05:21:35.910, 3, 0 MiB, 81920 MiB, 0 %
2026/07/04 05:21:35.910, 4, 0 MiB, 81920 MiB, 0 %
2026/07/04 05:21:35.911, 5, 0 MiB, 81920 MiB, 0 %
2026/07/04 05:21:35.911, 6, 0 MiB, 81920 MiB, 0 %
2026/07/04 05:21:35.911, 7, 0 MiB, 81920 MiB, 0 %
2026/07/04 05:21:45.912, 0, 14959 MiB, 81920 MiB, 0 %
2026/07/04 05:21:45.912, 1, 0 MiB, 81920 MiB, 0 %
2026/07/04 05:21:45.913, 2, 0 MiB, 81920 MiB, 0 %
2026/07/04 05:21:45.913, 3, 0 MiB, 81920 MiB, 0 %
2026/07/04 05:21:45.913, 4, 0 MiB, 81920 MiB, 0 %
2026/07/04 05:21:45.914, 5, 0 MiB, 81920 MiB, 0 %
2026/07/04 05:21:45.914, 6, 0 MiB, 81920 MiB, 0 %
2026/07/04 05:21:45.914, 7, 0 MiB, 81920 MiB, 0 %
2026/07/04 05:21:55.915, 0, 14959 MiB, 81920 MiB, 0 %
2026/07/04 05:21:55.916, 1, 0 MiB, 81920 MiB, 0 %
2026/07/04 05:21:55.916, 2, 0 MiB, 81920 MiB, 0 %
2026/07/04 05:21:55.916, 3, 0 MiB, 81920 MiB, 0 %
2026/07/04 05:21:55.916, 4, 0 MiB, 81920 MiB, 0 %
2026/07/04 05:21:55.917, 5, 0 MiB, 81920 MiB, 0 %
2026/07/04 05:21:55.917, 6, 0 MiB, 81920 MiB, 0 %
2026/07/04 05:21:55.917, 7, 0 MiB, 81920 MiB, 0 %
2026/07/04 05:22:05.918, 0, 14959 MiB, 81920 MiB, 0 %
2026/07/04 05:22:05.918, 1, 0 MiB, 81920 MiB, 0 %
2026/07/04 05:22:05.919, 2, 0 MiB, 81920 MiB, 0 %
2026/07/04 05:22:05.919, 3, 0 MiB, 81920 MiB, 0 %
2026/07/04 05:22:05.919, 4, 0 MiB, 81920 MiB, 0 %
2026/07/04 05:22:05.920, 5, 0 MiB, 81920 MiB, 0 %
2026/07/04 05:22:05.920, 6, 0 MiB, 81920 MiB, 0 %
2026/07/04 05:22:05.920, 7, 0 MiB, 81920 MiB, 0 %
2026/07/04 05:22:15.921, 0, 14959 MiB, 81920 MiB, 0 %
2026/07/04 05:22:15.922, 1, 0 MiB, 81920 MiB, 0 %
2026/07/04 05:22:15.922, 2, 0 MiB, 81920 MiB, 0 %
2026/07/04 05:22:15.922, 3, 0 MiB, 81920 MiB, 0 %
2026/07/04 05:22:15.922, 4, 0 MiB, 81920 MiB, 0 %
2026/07/04 05:22:15.923, 5, 0 MiB, 81920 MiB, 0 %
2026/07/04 05:22:15.923, 6, 0 MiB, 81920 MiB, 0 %
2026/07/04 05:22:15.923, 7, 0 MiB, 81920 MiB, 0 %
2026/07/04 05:22:25.924, 0, 14959 MiB, 81920 MiB, 75 %
2026/07/04 05:22:25.924, 1, 0 MiB, 81920 MiB, 0 %
2026/07/04 05:22:25.925, 2, 0 MiB, 81920 MiB, 0 %
2026/07/04 05:22:25.925, 3, 0 MiB, 81920 MiB, 0 %
2026/07/04 05:22:25.925, 4, 0 MiB, 81920 MiB, 0 %
2026/07/04 05:22:25.926, 5, 0 MiB, 81920 MiB, 0 %
2026/07/04 05:22:25.926, 6, 0 MiB, 81920 MiB, 0 %
2026/07/04 05:22:25.926, 7, 0 MiB, 81920 MiB, 0 %
2026/07/04 05:22:35.927, 0, 14959 MiB, 81920 MiB, 0 %
2026/07/04 05:22:35.927, 1, 0 MiB, 81920 MiB, 0 %
2026/07/04 05:22:35.928, 2, 0 MiB, 81920 MiB, 0 %
2026/07/04 05:22:35.928, 3, 0 MiB, 81920 MiB, 0 %
2026/07/04 05:22:35.928, 4, 0 MiB, 81920 MiB, 0 %
2026/07/04 05:22:35.928, 5, 0 MiB, 81920 MiB, 0 %
2026/07/04 05:22:35.929, 6, 0 MiB, 81920 MiB, 0 %
2026/07/04 05:22:35.929, 7, 0 MiB, 81920 MiB, 0 %
2026/07/04 05:22:45.930, 0, 14959 MiB, 81920 MiB, 0 %
2026/07/04 05:22:45.930, 1, 0 MiB, 81920 MiB, 0 %
2026/07/04 05:22:45.931, 2, 0 MiB, 81920 MiB, 0 %
2026/07/04 05:22:45.931, 3, 0 MiB, 81920 MiB, 0 %
2026/07/04 05:22:45.931, 4, 0 MiB, 81920 MiB, 0 %
2026/07/04 05:22:45.932, 5, 0 MiB, 81920 MiB, 0 %
2026/07/04 05:22:45.932, 6, 0 MiB, 81920 MiB, 0 %
2026/07/04 05:22:45.932, 7, 0 MiB, 81920 MiB, 0 %
2026/07/04 05:22:55.933, 0, 14959 MiB, 81920 MiB, 0 %
2026/07/04 05:22:55.933, 1, 0 MiB, 81920 MiB, 0 %
2026/07/04 05:22:55.933, 2, 0 MiB, 81920 MiB, 0 %
2026/07/04 05:22:55.934, 3, 0 MiB, 81920 MiB, 0 %
2026/07/04 05:22:55.934, 4, 0 MiB, 81920 MiB, 0 %
2026/07/04 05:22:55.934, 5, 0 MiB, 81920 MiB, 0 %
2026/07/04 05:22:55.935, 6, 0 MiB, 81920 MiB, 0 %
2026/07/04 05:22:55.935, 7, 0 MiB, 81920 MiB, 0 %
2026/07/04 05:23:05.936, 0, 14959 MiB, 81920 MiB, 0 %
2026/07/04 05:23:05.936, 1, 0 MiB, 81920 MiB, 0 %
2026/07/04 05:23:05.936, 2, 0 MiB, 81920 MiB, 0 %
2026/07/04 05:23:05.937, 3, 0 MiB, 81920 MiB, 0 %
2026/07/04 05:23:05.937, 4, 0 MiB, 81920 MiB, 0 %
2026/07/04 05:23:05.937, 5, 0 MiB, 81920 MiB, 0 %
2026/07/04 05:23:05.938, 6, 0 MiB, 81920 MiB, 0 %
2026/07/04 05:23:05.938, 7, 0 MiB, 81920 MiB, 0 %
2026/07/04 05:23:15.939, 0, 14959 MiB, 81920 MiB, 0 %
2026/07/04 05:23:15.939, 1, 0 MiB, 81920 MiB, 0 %
2026/07/04 05:23:15.939, 2, 0 MiB, 81920 MiB, 0 %
2026/07/04 05:23:15.940, 3, 0 MiB, 81920 MiB, 0 %
2026/07/04 05:23:15.940, 4, 0 MiB, 81920 MiB, 0 %
2026/07/04 05:23:15.940, 5, 0 MiB, 81920 MiB, 0 %
2026/07/04 05:23:15.941, 6, 0 MiB, 81920 MiB, 0 %
2026/07/04 05:23:15.941, 7, 0 MiB, 81920 MiB, 0 %
2026/07/04 05:23:25.942, 0, 14959 MiB, 81920 MiB, 0 %
2026/07/04 05:23:25.942, 1, 0 MiB, 81920 MiB, 0 %
2026/07/04 05:23:25.942, 2, 0 MiB, 81920 MiB, 0 %
2026/07/04 05:23:25.943, 3, 0 MiB, 81920 MiB, 0 %
2026/07/04 05:23:25.943, 4, 0 MiB, 81920 MiB, 0 %
2026/07/04 05:23:25.943, 5, 0 MiB, 81920 MiB, 0 %
2026/07/04 05:23:25.944, 6, 0 MiB, 81920 MiB, 0 %
2026/07/04 05:23:25.944, 7, 0 MiB, 81920 MiB, 0 %
2026/07/04 05:23:35.945, 0, 14959 MiB, 81920 MiB, 71 %
2026/07/04 05:23:35.945, 1, 0 MiB, 81920 MiB, 0 %
2026/07/04 05:23:35.946, 2, 0 MiB, 81920 MiB, 0 %
2026/07/04 05:23:35.946, 3, 0 MiB, 81920 MiB, 0 %
2026/07/04 05:23:35.946, 4, 0 MiB, 81920 MiB, 0 %
2026/07/04 05:23:35.946, 5, 0 MiB, 81920 MiB, 0 %
2026/07/04 05:23:35.947, 6, 0 MiB, 81920 MiB, 0 %
2026/07/04 05:23:35.947, 7, 0 MiB, 81920 MiB, 0 %
2026/07/04 05:23:45.948, 0, 14959 MiB, 81920 MiB, 0 %
2026/07/04 05:23:45.948, 1, 0 MiB, 81920 MiB, 0 %
2026/07/04 05:23:45.949, 2, 0 MiB, 81920 MiB, 0 %
2026/07/04 05:23:45.949, 3, 0 MiB, 81920 MiB, 0 %
2026/07/04 05:23:45.949, 4, 0 MiB, 81920 MiB, 0 %
2026/07/04 05:23:45.949, 5, 0 MiB, 81920 MiB, 0 %
2026/07/04 05:23:45.950, 6, 0 MiB, 81920 MiB, 0 %
2026/07/04 05:23:45.950, 7, 0 MiB, 81920 MiB, 0 %
2026/07/04 05:23:55.951, 0, 14959 MiB, 81920 MiB, 73 %
2026/07/04 05:23:55.951, 1, 0 MiB, 81920 MiB, 0 %
2026/07/04 05:23:55.952, 2, 0 MiB, 81920 MiB, 0 %
2026/07/04 05:23:55.952, 3, 0 MiB, 81920 MiB, 0 %
2026/07/04 05:23:55.952, 4, 0 MiB, 81920 MiB, 0 %
2026/07/04 05:23:55.953, 5, 0 MiB, 81920 MiB, 0 %
2026/07/04 05:23:55.953, 6, 0 MiB, 81920 MiB, 0 %
2026/07/04 05:23:55.953, 7, 0 MiB, 81920 MiB, 0 %
2026/07/04 05:24:05.954, 0, 14959 MiB, 81920 MiB, 0 %
2026/07/04 05:24:05.955, 1, 0 MiB, 81920 MiB, 0 %
2026/07/04 05:24:05.955, 2, 0 MiB, 81920 MiB, 0 %
2026/07/04 05:24:05.955, 3, 0 MiB, 81920 MiB, 0 %
2026/07/04 05:24:05.955, 4, 0 MiB, 81920 MiB, 0 %
2026/07/04 05:24:05.956, 5, 0 MiB, 81920 MiB, 0 %
2026/07/04 05:24:05.956, 6, 0 MiB, 81920 MiB, 0 %
2026/07/04 05:24:05.956, 7, 0 MiB, 81920 MiB, 0 %
2026/07/04 05:24:15.957, 0, 14959 MiB, 81920 MiB, 80 %
2026/07/04 05:24:15.958, 1, 0 MiB, 81920 MiB, 0 %
2026/07/04 05:24:15.958, 2, 0 MiB, 81920 MiB, 0 %
2026/07/04 05:24:15.958, 3, 0 MiB, 81920 MiB, 0 %
2026/07/04 05:24:15.958, 4, 0 MiB, 81920 MiB, 0 %
2026/07/04 05:24:15.959, 5, 0 MiB, 81920 MiB, 0 %
2026/07/04 05:24:15.959, 6, 0 MiB, 81920 MiB, 0 %
2026/07/04 05:24:15.959, 7, 0 MiB, 81920 MiB, 0 %
2026/07/04 05:24:25.960, 0, 14959 MiB, 81920 MiB, 72 %
2026/07/04 05:24:25.961, 1, 0 MiB, 81920 MiB, 0 %
2026/07/04 05:24:25.961, 2, 0 MiB, 81920 MiB, 0 %
2026/07/04 05:24:25.961, 3, 0 MiB, 81920 MiB, 0 %
2026/07/04 05:24:25.962, 4, 0 MiB, 81920 MiB, 0 %
2026/07/04 05:24:25.962, 5, 0 MiB, 81920 MiB, 0 %
2026/07/04 05:24:25.962, 6, 0 MiB, 81920 MiB, 0 %
2026/07/04 05:24:25.962, 7, 0 MiB, 81920 MiB, 0 %
2026/07/04 05:24:35.963, 0, 14959 MiB, 81920 MiB, 0 %
2026/07/04 05:24:35.964, 1, 0 MiB, 81920 MiB, 0 %
2026/07/04 05:24:35.964, 2, 0 MiB, 81920 MiB, 0 %
2026/07/04 05:24:35.964, 3, 0 MiB, 81920 MiB, 0 %
2026/07/04 05:24:35.965, 4, 0 MiB, 81920 MiB, 0 %
2026/07/04 05:24:35.965, 5, 0 MiB, 81920 MiB, 0 %
2026/07/04 05:24:35.965, 6, 0 MiB, 81920 MiB, 0 %
2026/07/04 05:24:35.966, 7, 0 MiB, 81920 MiB, 0 %
2026/07/04 05:24:45.966, 0, 14959 MiB, 81920 MiB, 52 %
2026/07/04 05:24:45.967, 1, 0 MiB, 81920 MiB, 0 %
2026/07/04 05:24:45.967, 2, 0 MiB, 81920 MiB, 0 %
2026/07/04 05:24:45.967, 3, 0 MiB, 81920 MiB, 0 %
2026/07/04 05:24:45.968, 4, 0 MiB, 81920 MiB, 0 %
2026/07/04 05:24:45.968, 5, 0 MiB, 81920 MiB, 0 %
2026/07/04 05:24:45.968, 6, 0 MiB, 81920 MiB, 0 %
2026/07/04 05:24:45.969, 7, 0 MiB, 81920 MiB, 0 %
2026/07/04 05:24:55.969, 0, 14959 MiB, 81920 MiB, 74 %
2026/07/04 05:24:55.970, 1, 0 MiB, 81920 MiB, 0 %
2026/07/04 05:24:55.970, 2, 0 MiB, 81920 MiB, 0 %
2026/07/04 05:24:55.971, 3, 0 MiB, 81920 MiB, 0 %
2026/07/04 05:24:55.971, 4, 0 MiB, 81920 MiB, 0 %
2026/07/04 05:24:55.971, 5, 0 MiB, 81920 MiB, 0 %
2026/07/04 05:24:55.971, 6, 0 MiB, 81920 MiB, 0 %
2026/07/04 05:24:55.972, 7, 0 MiB, 81920 MiB, 0 %
2026/07/04 05:25:05.973, 0, 14959 MiB, 81920 MiB, 0 %
2026/07/04 05:25:05.973, 1, 0 MiB, 81920 MiB, 0 %
2026/07/04 05:25:05.973, 2, 0 MiB, 81920 MiB, 0 %
2026/07/04 05:25:05.974, 3, 0 MiB, 81920 MiB, 0 %
2026/07/04 05:25:05.974, 4, 0 MiB, 81920 MiB, 0 %
2026/07/04 05:25:05.974, 5, 0 MiB, 81920 MiB, 0 %
2026/07/04 05:25:05.974, 6, 0 MiB, 81920 MiB, 0 %
2026/07/04 05:25:05.975, 7, 0 MiB, 81920 MiB, 0 %
2026/07/04 05:25:15.976, 0, 14959 MiB, 81920 MiB, 0 %
2026/07/04 05:25:15.976, 1, 0 MiB, 81920 MiB, 0 %
2026/07/04 05:25:15.976, 2, 0 MiB, 81920 MiB, 0 %
2026/07/04 05:25:15.977, 3, 0 MiB, 81920 MiB, 0 %
2026/07/04 05:25:15.977, 4, 0 MiB, 81920 MiB, 0 %
2026/07/04 05:25:15.977, 5, 0 MiB, 81920 MiB, 0 %
2026/07/04 05:25:15.978, 6, 0 MiB, 81920 MiB, 0 %
2026/07/04 05:25:15.978, 7, 0 MiB, 81920 MiB, 0 %
2026/07/04 05:25:25.979, 0, 14959 MiB, 81920 MiB, 72 %
2026/07/04 05:25:25.979, 1, 0 MiB, 81920 MiB, 0 %
2026/07/04 05:25:25.980, 2, 0 MiB, 81920 MiB, 0 %
2026/07/04 05:25:25.980, 3, 0 MiB, 81920 MiB, 0 %
2026/07/04 05:25:25.980, 4, 0 MiB, 81920 MiB, 0 %
2026/07/04 05:25:25.980, 5, 0 MiB, 81920 MiB, 0 %
2026/07/04 05:25:25.981, 6, 0 MiB, 81920 MiB, 0 %
2026/07/04 05:25:25.981, 7, 0 MiB, 81920 MiB, 0 %
2026/07/04 05:25:35.982, 0, 14959 MiB, 81920 MiB, 0 %
2026/07/04 05:25:35.982, 1, 0 MiB, 81920 MiB, 0 %
2026/07/04 05:25:35.983, 2, 0 MiB, 81920 MiB, 0 %
2026/07/04 05:25:35.983, 3, 0 MiB, 81920 MiB, 0 %
2026/07/04 05:25:35.983, 4, 0 MiB, 81920 MiB, 0 %
2026/07/04 05:25:35.984, 5, 0 MiB, 81920 MiB, 0 %
2026/07/04 05:25:35.984, 6, 0 MiB, 81920 MiB, 0 %
2026/07/04 05:25:35.984, 7, 0 MiB, 81920 MiB, 0 %
2026/07/04 05:25:45.985, 0, 14959 MiB, 81920 MiB, 0 %
2026/07/04 05:25:45.985, 1, 0 MiB, 81920 MiB, 0 %
2026/07/04 05:25:45.986, 2, 0 MiB, 81920 MiB, 0 %
2026/07/04 05:25:45.986, 3, 0 MiB, 81920 MiB, 0 %
2026/07/04 05:25:45.986, 4, 0 MiB, 81920 MiB, 0 %
2026/07/04 05:25:45.987, 5, 0 MiB, 81920 MiB, 0 %
2026/07/04 05:25:45.987, 6, 0 MiB, 81920 MiB, 0 %
2026/07/04 05:25:45.987, 7, 0 MiB, 81920 MiB, 0 %
2026/07/04 05:25:55.988, 0, 14959 MiB, 81920 MiB, 0 %
2026/07/04 05:25:55.989, 1, 0 MiB, 81920 MiB, 0 %
2026/07/04 05:25:55.989, 2, 0 MiB, 81920 MiB, 0 %
2026/07/04 05:25:55.989, 3, 0 MiB, 81920 MiB, 0 %
2026/07/04 05:25:55.990, 4, 0 MiB, 81920 MiB, 0 %
2026/07/04 05:25:55.990, 5, 0 MiB, 81920 MiB, 0 %
2026/07/04 05:25:55.990, 6, 0 MiB, 81920 MiB, 0 %
2026/07/04 05:25:55.991, 7, 0 MiB, 81920 MiB, 0 %
2026/07/04 05:26:05.991, 0, 14959 MiB, 81920 MiB, 0 %
2026/07/04 05:26:05.992, 1, 0 MiB, 81920 MiB, 0 %
2026/07/04 05:26:05.992, 2, 0 MiB, 81920 MiB, 0 %
2026/07/04 05:26:05.992, 3, 0 MiB, 81920 MiB, 0 %
2026/07/04 05:26:05.993, 4, 0 MiB, 81920 MiB, 0 %
2026/07/04 05:26:05.993, 5, 0 MiB, 81920 MiB, 0 %
2026/07/04 05:26:05.993, 6, 0 MiB, 81920 MiB, 0 %
2026/07/04 05:26:05.994, 7, 0 MiB, 81920 MiB, 0 %
2026/07/04 05:26:15.994, 0, 14959 MiB, 81920 MiB, 0 %
2026/07/04 05:26:15.995, 1, 0 MiB, 81920 MiB, 0 %
2026/07/04 05:26:15.995, 2, 0 MiB, 81920 MiB, 0 %
2026/07/04 05:26:15.995, 3, 0 MiB, 81920 MiB, 0 %
2026/07/04 05:26:15.996, 4, 0 MiB, 81920 MiB, 0 %
2026/07/04 05:26:15.996, 5, 0 MiB, 81920 MiB, 0 %
2026/07/04 05:26:15.996, 6, 0 MiB, 81920 MiB, 0 %
2026/07/04 05:26:15.997, 7, 0 MiB, 81920 MiB, 0 %
2026/07/04 05:26:25.997, 0, 14959 MiB, 81920 MiB, 49 %
2026/07/04 05:26:25.998, 1, 0 MiB, 81920 MiB, 0 %
2026/07/04 05:26:25.998, 2, 0 MiB, 81920 MiB, 0 %
2026/07/04 05:26:25.999, 3, 0 MiB, 81920 MiB, 0 %
2026/07/04 05:26:25.999, 4, 0 MiB, 81920 MiB, 0 %
2026/07/04 05:26:25.999, 5, 0 MiB, 81920 MiB, 0 %
2026/07/04 05:26:25.999, 6, 0 MiB, 81920 MiB, 0 %
2026/07/04 05:26:26.000, 7, 0 MiB, 81920 MiB, 0 %
2026/07/04 05:26:36.000, 0, 14959 MiB, 81920 MiB, 62 %
2026/07/04 05:26:36.001, 1, 0 MiB, 81920 MiB, 0 %
2026/07/04 05:26:36.001, 2, 0 MiB, 81920 MiB, 0 %
2026/07/04 05:26:36.002, 3, 0 MiB, 81920 MiB, 0 %
2026/07/04 05:26:36.002, 4, 0 MiB, 81920 MiB, 0 %
2026/07/04 05:26:36.002, 5, 0 MiB, 81920 MiB, 0 %
2026/07/04 05:26:36.003, 6, 0 MiB, 81920 MiB, 0 %
2026/07/04 05:26:36.003, 7, 0 MiB, 81920 MiB, 0 %
2026/07/04 05:26:46.003, 0, 14959 MiB, 81920 MiB, 72 %
2026/07/04 05:26:46.004, 1, 0 MiB, 81920 MiB, 0 %
2026/07/04 05:26:46.004, 2, 0 MiB, 81920 MiB, 0 %
2026/07/04 05:26:46.004, 3, 0 MiB, 81920 MiB, 0 %
2026/07/04 05:26:46.005, 4, 0 MiB, 81920 MiB, 0 %
2026/07/04 05:26:46.005, 5, 0 MiB, 81920 MiB, 0 %
2026/07/04 05:26:46.005, 6, 0 MiB, 81920 MiB, 0 %
2026/07/04 05:26:46.006, 7, 0 MiB, 81920 MiB, 0 %
2026/07/04 05:26:56.006, 0, 14959 MiB, 81920 MiB, 0 %
2026/07/04 05:26:56.007, 1, 0 MiB, 81920 MiB, 0 %
2026/07/04 05:26:56.007, 2, 0 MiB, 81920 MiB, 0 %
2026/07/04 05:26:56.008, 3, 0 MiB, 81920 MiB, 0 %
2026/07/04 05:26:56.008, 4, 0 MiB, 81920 MiB, 0 %
2026/07/04 05:26:56.008, 5, 0 MiB, 81920 MiB, 0 %
2026/07/04 05:26:56.008, 6, 0 MiB, 81920 MiB, 0 %
2026/07/04 05:26:56.009, 7, 0 MiB, 81920 MiB, 0 %
2026/07/04 05:27:06.010, 0, 14959 MiB, 81920 MiB, 0 %
2026/07/04 05:27:06.010, 1, 0 MiB, 81920 MiB, 0 %
2026/07/04 05:27:06.010, 2, 0 MiB, 81920 MiB, 0 %
2026/07/04 05:27:06.011, 3, 0 MiB, 81920 MiB, 0 %
2026/07/04 05:27:06.011, 4, 0 MiB, 81920 MiB, 0 %
2026/07/04 05:27:06.011, 5, 0 MiB, 81920 MiB, 0 %
2026/07/04 05:27:06.012, 6, 0 MiB, 81920 MiB, 0 %
2026/07/04 05:27:06.012, 7, 0 MiB, 81920 MiB, 0 %
2026/07/04 05:27:16.013, 0, 14959 MiB, 81920 MiB, 0 %
2026/07/04 05:27:16.013, 1, 0 MiB, 81920 MiB, 0 %
2026/07/04 05:27:16.013, 2, 0 MiB, 81920 MiB, 0 %
2026/07/04 05:27:16.014, 3, 0 MiB, 81920 MiB, 0 %
2026/07/04 05:27:16.014, 4, 0 MiB, 81920 MiB, 0 %
2026/07/04 05:27:16.014, 5, 0 MiB, 81920 MiB, 0 %
2026/07/04 05:27:16.015, 6, 0 MiB, 81920 MiB, 0 %
2026/07/04 05:27:16.015, 7, 0 MiB, 81920 MiB, 0 %
2026/07/04 05:27:26.016, 0, 14959 MiB, 81920 MiB, 0 %
2026/07/04 05:27:26.016, 1, 0 MiB, 81920 MiB, 0 %
2026/07/04 05:27:26.016, 2, 0 MiB, 81920 MiB, 0 %
2026/07/04 05:27:26.017, 3, 0 MiB, 81920 MiB, 0 %
2026/07/04 05:27:26.017, 4, 0 MiB, 81920 MiB, 0 %
2026/07/04 05:27:26.017, 5, 0 MiB, 81920 MiB, 0 %
2026/07/04 05:27:26.018, 6, 0 MiB, 81920 MiB, 0 %
2026/07/04 05:27:26.018, 7, 0 MiB, 81920 MiB, 0 %
2026/07/04 05:27:36.019, 0, 14959 MiB, 81920 MiB, 0 %
2026/07/04 05:27:36.019, 1, 0 MiB, 81920 MiB, 0 %
2026/07/04 05:27:36.019, 2, 0 MiB, 81920 MiB, 0 %
2026/07/04 05:27:36.020, 3, 0 MiB, 81920 MiB, 0 %
2026/07/04 05:27:36.020, 4, 0 MiB, 81920 MiB, 0 %
2026/07/04 05:27:36.020, 5, 0 MiB, 81920 MiB, 0 %
2026/07/04 05:27:36.021, 6, 0 MiB, 81920 MiB, 0 %
2026/07/04 05:27:36.021, 7, 0 MiB, 81920 MiB, 0 %
2026/07/04 05:27:46.022, 0, 14959 MiB, 81920 MiB, 61 %
2026/07/04 05:27:46.022, 1, 0 MiB, 81920 MiB, 0 %
2026/07/04 05:27:46.022, 2, 0 MiB, 81920 MiB, 0 %
2026/07/04 05:27:46.023, 3, 0 MiB, 81920 MiB, 0 %
2026/07/04 05:27:46.023, 4, 0 MiB, 81920 MiB, 0 %
2026/07/04 05:27:46.023, 5, 0 MiB, 81920 MiB, 0 %
2026/07/04 05:27:46.024, 6, 0 MiB, 81920 MiB, 0 %
2026/07/04 05:27:46.024, 7, 0 MiB, 81920 MiB, 0 %
2026/07/04 05:27:56.025, 0, 14959 MiB, 81920 MiB, 71 %
2026/07/04 05:27:56.025, 1, 0 MiB, 81920 MiB, 0 %
2026/07/04 05:27:56.025, 2, 0 MiB, 81920 MiB, 0 %
2026/07/04 05:27:56.026, 3, 0 MiB, 81920 MiB, 0 %
2026/07/04 05:27:56.026, 4, 0 MiB, 81920 MiB, 0 %
2026/07/04 05:27:56.026, 5, 0 MiB, 81920 MiB, 0 %
2026/07/04 05:27:56.027, 6, 0 MiB, 81920 MiB, 0 %
2026/07/04 05:27:56.027, 7, 0 MiB, 81920 MiB, 0 %
2026/07/04 05:28:06.028, 0, 14959 MiB, 81920 MiB, 0 %
2026/07/04 05:28:06.028, 1, 0 MiB, 81920 MiB, 0 %
2026/07/04 05:28:06.028, 2, 0 MiB, 81920 MiB, 0 %
2026/07/04 05:28:06.029, 3, 0 MiB, 81920 MiB, 0 %
2026/07/04 05:28:06.029, 4, 0 MiB, 81920 MiB, 0 %
2026/07/04 05:28:06.029, 5, 0 MiB, 81920 MiB, 0 %
2026/07/04 05:28:06.030, 6, 0 MiB, 81920 MiB, 0 %
2026/07/04 05:28:06.030, 7, 0 MiB, 81920 MiB, 0 %
2026/07/04 05:28:16.031, 0, 14959 MiB, 81920 MiB, 73 %
2026/07/04 05:28:16.031, 1, 0 MiB, 81920 MiB, 0 %
2026/07/04 05:28:16.032, 2, 0 MiB, 81920 MiB, 0 %
2026/07/04 05:28:16.032, 3, 0 MiB, 81920 MiB, 0 %
2026/07/04 05:28:16.032, 4, 0 MiB, 81920 MiB, 0 %
2026/07/04 05:28:16.033, 5, 0 MiB, 81920 MiB, 0 %
2026/07/04 05:28:16.033, 6, 0 MiB, 81920 MiB, 0 %
2026/07/04 05:28:16.033, 7, 0 MiB, 81920 MiB, 0 %
2026/07/04 05:28:26.034, 0, 14959 MiB, 81920 MiB, 0 %
2026/07/04 05:28:26.034, 1, 0 MiB, 81920 MiB, 0 %
2026/07/04 05:28:26.035, 2, 0 MiB, 81920 MiB, 0 %
2026/07/04 05:28:26.035, 3, 0 MiB, 81920 MiB, 0 %
2026/07/04 05:28:26.035, 4, 0 MiB, 81920 MiB, 0 %
2026/07/04 05:28:26.036, 5, 0 MiB, 81920 MiB, 0 %
2026/07/04 05:28:26.036, 6, 0 MiB, 81920 MiB, 0 %
2026/07/04 05:28:26.036, 7, 0 MiB, 81920 MiB, 0 %
2026/07/04 05:28:36.037, 0, 14959 MiB, 81920 MiB, 0 %
2026/07/04 05:28:36.038, 1, 0 MiB, 81920 MiB, 0 %
2026/07/04 05:28:36.038, 2, 0 MiB, 81920 MiB, 0 %
2026/07/04 05:28:36.038, 3, 0 MiB, 81920 MiB, 0 %
2026/07/04 05:28:36.039, 4, 0 MiB, 81920 MiB, 0 %
2026/07/04 05:28:36.039, 5, 0 MiB, 81920 MiB, 0 %
2026/07/04 05:28:36.039, 6, 0 MiB, 81920 MiB, 0 %
2026/07/04 05:28:36.040, 7, 0 MiB, 81920 MiB, 0 %
2026/07/04 05:28:46.040, 0, 14959 MiB, 81920 MiB, 0 %
2026/07/04 05:28:46.041, 1, 0 MiB, 81920 MiB, 0 %
2026/07/04 05:28:46.041, 2, 0 MiB, 81920 MiB, 0 %
2026/07/04 05:28:46.041, 3, 0 MiB, 81920 MiB, 0 %
2026/07/04 05:28:46.042, 4, 0 MiB, 81920 MiB, 0 %
2026/07/04 05:28:46.042, 5, 0 MiB, 81920 MiB, 0 %
2026/07/04 05:28:46.042, 6, 0 MiB, 81920 MiB, 0 %
2026/07/04 05:28:46.043, 7, 0 MiB, 81920 MiB, 0 %
2026/07/04 05:28:56.043, 0, 14959 MiB, 81920 MiB, 0 %
2026/07/04 05:28:56.044, 1, 0 MiB, 81920 MiB, 0 %
2026/07/04 05:28:56.044, 2, 0 MiB, 81920 MiB, 0 %
2026/07/04 05:28:56.044, 3, 0 MiB, 81920 MiB, 0 %
2026/07/04 05:28:56.044, 4, 0 MiB, 81920 MiB, 0 %
2026/07/04 05:28:56.045, 5, 0 MiB, 81920 MiB, 0 %
2026/07/04 05:28:56.045, 6, 0 MiB, 81920 MiB, 0 %
2026/07/04 05:28:56.045, 7, 0 MiB, 81920 MiB, 0 %
2026/07/04 05:29:06.046, 0, 14959 MiB, 81920 MiB, 0 %
2026/07/04 05:29:06.046, 1, 0 MiB, 81920 MiB, 0 %
2026/07/04 05:29:06.047, 2, 0 MiB, 81920 MiB, 0 %
2026/07/04 05:29:06.047, 3, 0 MiB, 81920 MiB, 0 %
2026/07/04 05:29:06.047, 4, 0 MiB, 81920 MiB, 0 %
2026/07/04 05:29:06.048, 5, 0 MiB, 81920 MiB, 0 %
2026/07/04 05:29:06.048, 6, 0 MiB, 81920 MiB, 0 %
2026/07/04 05:29:06.048, 7, 0 MiB, 81920 MiB, 0 %
2026/07/04 05:29:16.049, 0, 14959 MiB, 81920 MiB, 0 %
2026/07/04 05:29:16.049, 1, 0 MiB, 81920 MiB, 0 %
2026/07/04 05:29:16.050, 2, 0 MiB, 81920 MiB, 0 %
2026/07/04 05:29:16.050, 3, 0 MiB, 81920 MiB, 0 %
2026/07/04 05:29:16.050, 4, 0 MiB, 81920 MiB, 0 %
2026/07/04 05:29:16.050, 5, 0 MiB, 81920 MiB, 0 %
2026/07/04 05:29:16.051, 6, 0 MiB, 81920 MiB, 0 %
2026/07/04 05:29:16.051, 7, 0 MiB, 81920 MiB, 0 %
2026/07/04 05:29:26.052, 0, 14959 MiB, 81920 MiB, 0 %
2026/07/04 05:29:26.052, 1, 0 MiB, 81920 MiB, 0 %
2026/07/04 05:29:26.052, 2, 0 MiB, 81920 MiB, 0 %
2026/07/04 05:29:26.053, 3, 0 MiB, 81920 MiB, 0 %
2026/07/04 05:29:26.053, 4, 0 MiB, 81920 MiB, 0 %
2026/07/04 05:29:26.053, 5, 0 MiB, 81920 MiB, 0 %
2026/07/04 05:29:26.054, 6, 0 MiB, 81920 MiB, 0 %
2026/07/04 05:29:26.054, 7, 0 MiB, 81920 MiB, 0 %
2026/07/04 05:29:36.054, 0, 14959 MiB, 81920 MiB, 72 %
2026/07/04 05:29:36.055, 1, 0 MiB, 81920 MiB, 0 %
2026/07/04 05:29:36.055, 2, 0 MiB, 81920 MiB, 0 %
2026/07/04 05:29:36.056, 3, 0 MiB, 81920 MiB, 0 %
2026/07/04 05:29:36.056, 4, 0 MiB, 81920 MiB, 0 %
2026/07/04 05:29:36.056, 5, 0 MiB, 81920 MiB, 0 %
2026/07/04 05:29:36.056, 6, 0 MiB, 81920 MiB, 0 %
2026/07/04 05:29:36.057, 7, 0 MiB, 81920 MiB, 0 %
2026/07/04 05:29:46.057, 0, 14959 MiB, 81920 MiB, 0 %
2026/07/04 05:29:46.058, 1, 0 MiB, 81920 MiB, 0 %
2026/07/04 05:29:46.058, 2, 0 MiB, 81920 MiB, 0 %
2026/07/04 05:29:46.058, 3, 0 MiB, 81920 MiB, 0 %
2026/07/04 05:29:46.059, 4, 0 MiB, 81920 MiB, 0 %
2026/07/04 05:29:46.059, 5, 0 MiB, 81920 MiB, 0 %
2026/07/04 05:29:46.059, 6, 0 MiB, 81920 MiB, 0 %
2026/07/04 05:29:46.060, 7, 0 MiB, 81920 MiB, 0 %
2026/07/04 05:29:56.060, 0, 14959 MiB, 81920 MiB, 0 %
2026/07/04 05:29:56.061, 1, 0 MiB, 81920 MiB, 0 %
2026/07/04 05:29:56.061, 2, 0 MiB, 81920 MiB, 0 %
2026/07/04 05:29:56.061, 3, 0 MiB, 81920 MiB, 0 %
2026/07/04 05:29:56.062, 4, 0 MiB, 81920 MiB, 0 %
2026/07/04 05:29:56.062, 5, 0 MiB, 81920 MiB, 0 %
2026/07/04 05:29:56.062, 6, 0 MiB, 81920 MiB, 0 %
2026/07/04 05:29:56.062, 7, 0 MiB, 81920 MiB, 0 %
2026/07/04 05:30:06.063, 0, 14959 MiB, 81920 MiB, 0 %
2026/07/04 05:30:06.063, 1, 0 MiB, 81920 MiB, 0 %
2026/07/04 05:30:06.064, 2, 0 MiB, 81920 MiB, 0 %
2026/07/04 05:30:06.064, 3, 0 MiB, 81920 MiB, 0 %
2026/07/04 05:30:06.064, 4, 0 MiB, 81920 MiB, 0 %
2026/07/04 05:30:06.065, 5, 0 MiB, 81920 MiB, 0 %
2026/07/04 05:30:06.065, 6, 0 MiB, 81920 MiB, 0 %
2026/07/04 05:30:06.065, 7, 0 MiB, 81920 MiB, 0 %
2026/07/04 05:30:16.066, 0, 14959 MiB, 81920 MiB, 0 %
2026/07/04 05:30:16.066, 1, 0 MiB, 81920 MiB, 0 %
2026/07/04 05:30:16.067, 2, 0 MiB, 81920 MiB, 0 %
2026/07/04 05:30:16.067, 3, 0 MiB, 81920 MiB, 0 %
2026/07/04 05:30:16.067, 4, 0 MiB, 81920 MiB, 0 %
2026/07/04 05:30:16.067, 5, 0 MiB, 81920 MiB, 0 %
2026/07/04 05:30:16.068, 6, 0 MiB, 81920 MiB, 0 %
2026/07/04 05:30:16.068, 7, 0 MiB, 81920 MiB, 0 %
2026/07/04 05:30:26.069, 0, 14959 MiB, 81920 MiB, 61 %
2026/07/04 05:30:26.069, 1, 0 MiB, 81920 MiB, 0 %
2026/07/04 05:30:26.070, 2, 0 MiB, 81920 MiB, 0 %
2026/07/04 05:30:26.070, 3, 0 MiB, 81920 MiB, 0 %
2026/07/04 05:30:26.070, 4, 0 MiB, 81920 MiB, 0 %
2026/07/04 05:30:26.070, 5, 0 MiB, 81920 MiB, 0 %
2026/07/04 05:30:26.071, 6, 0 MiB, 81920 MiB, 0 %
2026/07/04 05:30:26.071, 7, 0 MiB, 81920 MiB, 0 %
2026/07/04 05:30:36.072, 0, 14959 MiB, 81920 MiB, 73 %
2026/07/04 05:30:36.072, 1, 0 MiB, 81920 MiB, 0 %
2026/07/04 05:30:36.072, 2, 0 MiB, 81920 MiB, 0 %
2026/07/04 05:30:36.073, 3, 0 MiB, 81920 MiB, 0 %
2026/07/04 05:30:36.073, 4, 0 MiB, 81920 MiB, 0 %
2026/07/04 05:30:36.073, 5, 0 MiB, 81920 MiB, 0 %
2026/07/04 05:30:36.074, 6, 0 MiB, 81920 MiB, 0 %
2026/07/04 05:30:36.074, 7, 0 MiB, 81920 MiB, 0 %
2026/07/04 05:30:46.074, 0, 14959 MiB, 81920 MiB, 0 %
2026/07/04 05:30:46.075, 1, 0 MiB, 81920 MiB, 0 %
2026/07/04 05:30:46.075, 2, 0 MiB, 81920 MiB, 0 %
2026/07/04 05:30:46.076, 3, 0 MiB, 81920 MiB, 0 %
2026/07/04 05:30:46.076, 4, 0 MiB, 81920 MiB, 0 %
2026/07/04 05:30:46.076, 5, 0 MiB, 81920 MiB, 0 %
2026/07/04 05:30:46.076, 6, 0 MiB, 81920 MiB, 0 %
2026/07/04 05:30:46.077, 7, 0 MiB, 81920 MiB, 0 %
2026/07/04 05:30:56.077, 0, 14959 MiB, 81920 MiB, 0 %
2026/07/04 05:30:56.078, 1, 0 MiB, 81920 MiB, 0 %
2026/07/04 05:30:56.078, 2, 0 MiB, 81920 MiB, 0 %
2026/07/04 05:30:56.078, 3, 0 MiB, 81920 MiB, 0 %
2026/07/04 05:30:56.079, 4, 0 MiB, 81920 MiB, 0 %
2026/07/04 05:30:56.079, 5, 0 MiB, 81920 MiB, 0 %
2026/07/04 05:30:56.079, 6, 0 MiB, 81920 MiB, 0 %
2026/07/04 05:30:56.080, 7, 0 MiB, 81920 MiB, 0 %
2026/07/04 05:31:06.080, 0, 14959 MiB, 81920 MiB, 0 %
2026/07/04 05:31:06.081, 1, 0 MiB, 81920 MiB, 0 %
2026/07/04 05:31:06.081, 2, 0 MiB, 81920 MiB, 0 %
2026/07/04 05:31:06.081, 3, 0 MiB, 81920 MiB, 0 %
2026/07/04 05:31:06.082, 4, 0 MiB, 81920 MiB, 0 %
2026/07/04 05:31:06.082, 5, 0 MiB, 81920 MiB, 0 %
2026/07/04 05:31:06.082, 6, 0 MiB, 81920 MiB, 0 %
2026/07/04 05:31:06.083, 7, 0 MiB, 81920 MiB, 0 %
2026/07/04 05:31:16.083, 0, 14959 MiB, 81920 MiB, 0 %
2026/07/04 05:31:16.084, 1, 0 MiB, 81920 MiB, 0 %
2026/07/04 05:31:16.084, 2, 0 MiB, 81920 MiB, 0 %
2026/07/04 05:31:16.084, 3, 0 MiB, 81920 MiB, 0 %
2026/07/04 05:31:16.085, 4, 0 MiB, 81920 MiB, 0 %
2026/07/04 05:31:16.085, 5, 0 MiB, 81920 MiB, 0 %
2026/07/04 05:31:16.085, 6, 0 MiB, 81920 MiB, 0 %
2026/07/04 05:31:16.086, 7, 0 MiB, 81920 MiB, 0 %
2026/07/04 05:31:26.086, 0, 14959 MiB, 81920 MiB, 0 %
2026/07/04 05:31:26.087, 1, 0 MiB, 81920 MiB, 0 %
2026/07/04 05:31:26.087, 2, 0 MiB, 81920 MiB, 0 %
2026/07/04 05:31:26.087, 3, 0 MiB, 81920 MiB, 0 %
2026/07/04 05:31:26.088, 4, 0 MiB, 81920 MiB, 0 %
2026/07/04 05:31:26.088, 5, 0 MiB, 81920 MiB, 0 %
2026/07/04 05:31:26.088, 6, 0 MiB, 81920 MiB, 0 %
2026/07/04 05:31:26.088, 7, 0 MiB, 81920 MiB, 0 %
2026/07/04 05:31:36.089, 0, 14959 MiB, 81920 MiB, 0 %
2026/07/04 05:31:36.090, 1, 0 MiB, 81920 MiB, 0 %
2026/07/04 05:31:36.090, 2, 0 MiB, 81920 MiB, 0 %
2026/07/04 05:31:36.090, 3, 0 MiB, 81920 MiB, 0 %
2026/07/04 05:31:36.090, 4, 0 MiB, 81920 MiB, 0 %
2026/07/04 05:31:36.091, 5, 0 MiB, 81920 MiB, 0 %
2026/07/04 05:31:36.091, 6, 0 MiB, 81920 MiB, 0 %
2026/07/04 05:31:36.091, 7, 0 MiB, 81920 MiB, 0 %
2026/07/04 05:31:46.092, 0, 14959 MiB, 81920 MiB, 0 %
2026/07/04 05:31:46.093, 1, 0 MiB, 81920 MiB, 0 %
2026/07/04 05:31:46.093, 2, 0 MiB, 81920 MiB, 0 %
2026/07/04 05:31:46.093, 3, 0 MiB, 81920 MiB, 0 %
2026/07/04 05:31:46.093, 4, 0 MiB, 81920 MiB, 0 %
2026/07/04 05:31:46.094, 5, 0 MiB, 81920 MiB, 0 %
2026/07/04 05:31:46.094, 6, 0 MiB, 81920 MiB, 0 %
2026/07/04 05:31:46.094, 7, 0 MiB, 81920 MiB, 0 %
2026/07/04 05:31:56.095, 0, 14959 MiB, 81920 MiB, 0 %
2026/07/04 05:31:56.096, 1, 0 MiB, 81920 MiB, 0 %
2026/07/04 05:31:56.096, 2, 0 MiB, 81920 MiB, 0 %
2026/07/04 05:31:56.096, 3, 0 MiB, 81920 MiB, 0 %
2026/07/04 05:31:56.096, 4, 0 MiB, 81920 MiB, 0 %
2026/07/04 05:31:56.097, 5, 0 MiB, 81920 MiB, 0 %
2026/07/04 05:31:56.097, 6, 0 MiB, 81920 MiB, 0 %
2026/07/04 05:31:56.097, 7, 0 MiB, 81920 MiB, 0 %
2026/07/04 05:32:06.098, 0, 14959 MiB, 81920 MiB, 0 %
2026/07/04 05:32:06.099, 1, 0 MiB, 81920 MiB, 0 %
2026/07/04 05:32:06.099, 2, 0 MiB, 81920 MiB, 0 %
2026/07/04 05:32:06.099, 3, 0 MiB, 81920 MiB, 0 %
2026/07/04 05:32:06.099, 4, 0 MiB, 81920 MiB, 0 %
2026/07/04 05:32:06.100, 5, 0 MiB, 81920 MiB, 0 %
2026/07/04 05:32:06.100, 6, 0 MiB, 81920 MiB, 0 %
2026/07/04 05:32:06.100, 7, 0 MiB, 81920 MiB, 0 %
2026/07/04 05:32:16.101, 0, 14959 MiB, 81920 MiB, 73 %
2026/07/04 05:32:16.102, 1, 0 MiB, 81920 MiB, 0 %
2026/07/04 05:32:16.102, 2, 0 MiB, 81920 MiB, 0 %
2026/07/04 05:32:16.102, 3, 0 MiB, 81920 MiB, 0 %
2026/07/04 05:32:16.102, 4, 0 MiB, 81920 MiB, 0 %
2026/07/04 05:32:16.103, 5, 0 MiB, 81920 MiB, 0 %
2026/07/04 05:32:16.103, 6, 0 MiB, 81920 MiB, 0 %
2026/07/04 05:32:16.103, 7, 0 MiB, 81920 MiB, 0 %
2026/07/04 05:32:26.104, 0, 14959 MiB, 81920 MiB, 0 %
2026/07/04 05:32:26.105, 1, 0 MiB, 81920 MiB, 0 %
2026/07/04 05:32:26.105, 2, 0 MiB, 81920 MiB, 0 %
2026/07/04 05:32:26.105, 3, 0 MiB, 81920 MiB, 0 %
2026/07/04 05:32:26.106, 4, 0 MiB, 81920 MiB, 0 %
2026/07/04 05:32:26.106, 5, 0 MiB, 81920 MiB, 0 %
2026/07/04 05:32:26.106, 6, 0 MiB, 81920 MiB, 0 %
2026/07/04 05:32:26.106, 7, 0 MiB, 81920 MiB, 0 %
2026/07/04 05:32:36.107, 0, 14959 MiB, 81920 MiB, 0 %
2026/07/04 05:32:36.108, 1, 0 MiB, 81920 MiB, 0 %
2026/07/04 05:32:36.108, 2, 0 MiB, 81920 MiB, 0 %
2026/07/04 05:32:36.108, 3, 0 MiB, 81920 MiB, 0 %
2026/07/04 05:32:36.108, 4, 0 MiB, 81920 MiB, 0 %
2026/07/04 05:32:36.109, 5, 0 MiB, 81920 MiB, 0 %
2026/07/04 05:32:36.109, 6, 0 MiB, 81920 MiB, 0 %
2026/07/04 05:32:36.109, 7, 0 MiB, 81920 MiB, 0 %
2026/07/04 05:32:46.110, 0, 14959 MiB, 81920 MiB, 72 %
2026/07/04 05:32:46.110, 1, 0 MiB, 81920 MiB, 0 %
2026/07/04 05:32:46.111, 2, 0 MiB, 81920 MiB, 0 %
2026/07/04 05:32:46.111, 3, 0 MiB, 81920 MiB, 0 %
2026/07/04 05:32:46.111, 4, 0 MiB, 81920 MiB, 0 %
2026/07/04 05:32:46.112, 5, 0 MiB, 81920 MiB, 0 %
2026/07/04 05:32:46.112, 6, 0 MiB, 81920 MiB, 0 %
2026/07/04 05:32:46.112, 7, 0 MiB, 81920 MiB, 0 %
2026/07/04 05:32:56.113, 0, 14959 MiB, 81920 MiB, 0 %
2026/07/04 05:32:56.114, 1, 0 MiB, 81920 MiB, 0 %
2026/07/04 05:32:56.114, 2, 0 MiB, 81920 MiB, 0 %
2026/07/04 05:32:56.114, 3, 0 MiB, 81920 MiB, 0 %
2026/07/04 05:32:56.114, 4, 0 MiB, 81920 MiB, 0 %
2026/07/04 05:32:56.115, 5, 0 MiB, 81920 MiB, 0 %
2026/07/04 05:32:56.115, 6, 0 MiB, 81920 MiB, 0 %
2026/07/04 05:32:56.115, 7, 0 MiB, 81920 MiB, 0 %
2026/07/04 05:33:06.116, 0, 14959 MiB, 81920 MiB, 0 %
2026/07/04 05:33:06.117, 1, 0 MiB, 81920 MiB, 0 %
2026/07/04 05:33:06.117, 2, 0 MiB, 81920 MiB, 0 %
2026/07/04 05:33:06.117, 3, 0 MiB, 81920 MiB, 0 %
2026/07/04 05:33:06.118, 4, 0 MiB, 81920 MiB, 0 %
2026/07/04 05:33:06.118, 5, 0 MiB, 81920 MiB, 0 %
2026/07/04 05:33:06.118, 6, 0 MiB, 81920 MiB, 0 %
2026/07/04 05:33:06.119, 7, 0 MiB, 81920 MiB, 0 %
2026/07/04 05:33:16.119, 0, 14959 MiB, 81920 MiB, 0 %
2026/07/04 05:33:16.120, 1, 0 MiB, 81920 MiB, 0 %
2026/07/04 05:33:16.120, 2, 0 MiB, 81920 MiB, 0 %
2026/07/04 05:33:16.120, 3, 0 MiB, 81920 MiB, 0 %
2026/07/04 05:33:16.121, 4, 0 MiB, 81920 MiB, 0 %
2026/07/04 05:33:16.121, 5, 0 MiB, 81920 MiB, 0 %
2026/07/04 05:33:16.121, 6, 0 MiB, 81920 MiB, 0 %
2026/07/04 05:33:16.122, 7, 0 MiB, 81920 MiB, 0 %
2026/07/04 05:33:26.122, 0, 14959 MiB, 81920 MiB, 0 %
2026/07/04 05:33:26.123, 1, 0 MiB, 81920 MiB, 0 %
2026/07/04 05:33:26.123, 2, 0 MiB, 81920 MiB, 0 %
2026/07/04 05:33:26.124, 3, 0 MiB, 81920 MiB, 0 %
2026/07/04 05:33:26.124, 4, 0 MiB, 81920 MiB, 0 %
2026/07/04 05:33:26.124, 5, 0 MiB, 81920 MiB, 0 %
2026/07/04 05:33:26.124, 6, 0 MiB, 81920 MiB, 0 %
2026/07/04 05:33:26.125, 7, 0 MiB, 81920 MiB, 0 %
2026/07/04 05:33:36.125, 0, 14959 MiB, 81920 MiB, 0 %
2026/07/04 05:33:36.126, 1, 0 MiB, 81920 MiB, 0 %
2026/07/04 05:33:36.126, 2, 0 MiB, 81920 MiB, 0 %
2026/07/04 05:33:36.126, 3, 0 MiB, 81920 MiB, 0 %
2026/07/04 05:33:36.127, 4, 0 MiB, 81920 MiB, 0 %
2026/07/04 05:33:36.127, 5, 0 MiB, 81920 MiB, 0 %
2026/07/04 05:33:36.127, 6, 0 MiB, 81920 MiB, 0 %
2026/07/04 05:33:36.128, 7, 0 MiB, 81920 MiB, 0 %
2026/07/04 05:33:46.128, 0, 14959 MiB, 81920 MiB, 26 %
2026/07/04 05:33:46.129, 1, 0 MiB, 81920 MiB, 0 %
2026/07/04 05:33:46.129, 2, 0 MiB, 81920 MiB, 0 %
2026/07/04 05:33:46.129, 3, 0 MiB, 81920 MiB, 0 %
2026/07/04 05:33:46.130, 4, 0 MiB, 81920 MiB, 0 %
2026/07/04 05:33:46.130, 5, 0 MiB, 81920 MiB, 0 %
2026/07/04 05:33:46.130, 6, 0 MiB, 81920 MiB, 0 %
2026/07/04 05:33:46.131, 7, 0 MiB, 81920 MiB, 0 %
2026/07/04 05:33:56.131, 0, 14959 MiB, 81920 MiB, 0 %
2026/07/04 05:33:56.132, 1, 0 MiB, 81920 MiB, 0 %
2026/07/04 05:33:56.132, 2, 0 MiB, 81920 MiB, 0 %
2026/07/04 05:33:56.132, 3, 0 MiB, 81920 MiB, 0 %
2026/07/04 05:33:56.133, 4, 0 MiB, 81920 MiB, 0 %
2026/07/04 05:33:56.133, 5, 0 MiB, 81920 MiB, 0 %
2026/07/04 05:33:56.133, 6, 0 MiB, 81920 MiB, 0 %
2026/07/04 05:33:56.134, 7, 0 MiB, 81920 MiB, 0 %
2026/07/04 05:34:06.134, 0, 14959 MiB, 81920 MiB, 0 %
2026/07/04 05:34:06.135, 1, 0 MiB, 81920 MiB, 0 %
2026/07/04 05:34:06.135, 2, 0 MiB, 81920 MiB, 0 %
2026/07/04 05:34:06.136, 3, 0 MiB, 81920 MiB, 0 %
2026/07/04 05:34:06.136, 4, 0 MiB, 81920 MiB, 0 %
2026/07/04 05:34:06.136, 5, 0 MiB, 81920 MiB, 0 %
2026/07/04 05:34:06.136, 6, 0 MiB, 81920 MiB, 0 %
2026/07/04 05:34:06.137, 7, 0 MiB, 81920 MiB, 0 %
2026/07/04 05:34:16.137, 0, 14959 MiB, 81920 MiB, 0 %
2026/07/04 05:34:16.138, 1, 0 MiB, 81920 MiB, 0 %
2026/07/04 05:34:16.138, 2, 0 MiB, 81920 MiB, 0 %
2026/07/04 05:34:16.139, 3, 0 MiB, 81920 MiB, 0 %
2026/07/04 05:34:16.139, 4, 0 MiB, 81920 MiB, 0 %
2026/07/04 05:34:16.139, 5, 0 MiB, 81920 MiB, 0 %
2026/07/04 05:34:16.139, 6, 0 MiB, 81920 MiB, 0 %
2026/07/04 05:34:16.140, 7, 0 MiB, 81920 MiB, 0 %
2026/07/04 05:34:26.141, 0, 14959 MiB, 81920 MiB, 0 %
2026/07/04 05:34:26.141, 1, 0 MiB, 81920 MiB, 0 %
2026/07/04 05:34:26.141, 2, 0 MiB, 81920 MiB, 0 %
2026/07/04 05:34:26.142, 3, 0 MiB, 81920 MiB, 0 %
2026/07/04 05:34:26.142, 4, 0 MiB, 81920 MiB, 0 %
2026/07/04 05:34:26.142, 5, 0 MiB, 81920 MiB, 0 %
2026/07/04 05:34:26.143, 6, 0 MiB, 81920 MiB, 0 %
2026/07/04 05:34:26.143, 7, 0 MiB, 81920 MiB, 0 %
2026/07/04 05:34:36.143, 0, 14959 MiB, 81920 MiB, 0 %
2026/07/04 05:34:36.144, 1, 0 MiB, 81920 MiB, 0 %
2026/07/04 05:34:36.144, 2, 0 MiB, 81920 MiB, 0 %
2026/07/04 05:34:36.145, 3, 0 MiB, 81920 MiB, 0 %
2026/07/04 05:34:36.145, 4, 0 MiB, 81920 MiB, 0 %
2026/07/04 05:34:36.145, 5, 0 MiB, 81920 MiB, 0 %
2026/07/04 05:34:36.146, 6, 0 MiB, 81920 MiB, 0 %
2026/07/04 05:34:36.146, 7, 0 MiB, 81920 MiB, 0 %
2026/07/04 05:34:46.147, 0, 14959 MiB, 81920 MiB, 0 %
2026/07/04 05:34:46.147, 1, 0 MiB, 81920 MiB, 0 %
2026/07/04 05:34:46.147, 2, 0 MiB, 81920 MiB, 0 %
2026/07/04 05:34:46.148, 3, 0 MiB, 81920 MiB, 0 %
2026/07/04 05:34:46.148, 4, 0 MiB, 81920 MiB, 0 %
2026/07/04 05:34:46.148, 5, 0 MiB, 81920 MiB, 0 %
2026/07/04 05:34:46.149, 6, 0 MiB, 81920 MiB, 0 %
2026/07/04 05:34:46.149, 7, 0 MiB, 81920 MiB, 0 %
2026/07/04 05:34:56.150, 0, 14959 MiB, 81920 MiB, 0 %
2026/07/04 05:34:56.150, 1, 0 MiB, 81920 MiB, 0 %
2026/07/04 05:34:56.150, 2, 0 MiB, 81920 MiB, 0 %
2026/07/04 05:34:56.151, 3, 0 MiB, 81920 MiB, 0 %
2026/07/04 05:34:56.151, 4, 0 MiB, 81920 MiB, 0 %
2026/07/04 05:34:56.151, 5, 0 MiB, 81920 MiB, 0 %
2026/07/04 05:34:56.152, 6, 0 MiB, 81920 MiB, 0 %
2026/07/04 05:34:56.152, 7, 0 MiB, 81920 MiB, 0 %
2026/07/04 05:35:06.153, 0, 14959 MiB, 81920 MiB, 0 %
2026/07/04 05:35:06.153, 1, 0 MiB, 81920 MiB, 0 %
2026/07/04 05:35:06.154, 2, 0 MiB, 81920 MiB, 0 %
2026/07/04 05:35:06.154, 3, 0 MiB, 81920 MiB, 0 %
2026/07/04 05:35:06.154, 4, 0 MiB, 81920 MiB, 0 %
2026/07/04 05:35:06.155, 5, 0 MiB, 81920 MiB, 0 %
2026/07/04 05:35:06.155, 6, 0 MiB, 81920 MiB, 0 %
2026/07/04 05:35:06.155, 7, 0 MiB, 81920 MiB, 0 %
2026/07/04 05:35:16.156, 0, 14959 MiB, 81920 MiB, 0 %
2026/07/04 05:35:16.156, 1, 0 MiB, 81920 MiB, 0 %
2026/07/04 05:35:16.157, 2, 0 MiB, 81920 MiB, 0 %
2026/07/04 05:35:16.157, 3, 0 MiB, 81920 MiB, 0 %
2026/07/04 05:35:16.157, 4, 0 MiB, 81920 MiB, 0 %
2026/07/04 05:35:16.158, 5, 0 MiB, 81920 MiB, 0 %
2026/07/04 05:35:16.158, 6, 0 MiB, 81920 MiB, 0 %
2026/07/04 05:35:16.158, 7, 0 MiB, 81920 MiB, 0 %
2026/07/04 05:35:26.159, 0, 14959 MiB, 81920 MiB, 0 %
2026/07/04 05:35:26.159, 1, 0 MiB, 81920 MiB, 0 %
2026/07/04 05:35:26.159, 2, 0 MiB, 81920 MiB, 0 %
2026/07/04 05:35:26.160, 3, 0 MiB, 81920 MiB, 0 %
2026/07/04 05:35:26.160, 4, 0 MiB, 81920 MiB, 0 %
2026/07/04 05:35:26.160, 5, 0 MiB, 81920 MiB, 0 %
2026/07/04 05:35:26.161, 6, 0 MiB, 81920 MiB, 0 %
2026/07/04 05:35:26.161, 7, 0 MiB, 81920 MiB, 0 %
2026/07/04 05:35:36.161, 0, 14959 MiB, 81920 MiB, 0 %
2026/07/04 05:35:36.162, 1, 0 MiB, 81920 MiB, 0 %
2026/07/04 05:35:36.162, 2, 0 MiB, 81920 MiB, 0 %
2026/07/04 05:35:36.162, 3, 0 MiB, 81920 MiB, 0 %
2026/07/04 05:35:36.163, 4, 0 MiB, 81920 MiB, 0 %
2026/07/04 05:35:36.163, 5, 0 MiB, 81920 MiB, 0 %
2026/07/04 05:35:36.163, 6, 0 MiB, 81920 MiB, 0 %
2026/07/04 05:35:36.163, 7, 0 MiB, 81920 MiB, 0 %
2026/07/04 05:35:46.165, 0, 14959 MiB, 81920 MiB, 0 %
2026/07/04 05:35:46.165, 1, 0 MiB, 81920 MiB, 0 %
2026/07/04 05:35:46.166, 2, 0 MiB, 81920 MiB, 0 %
2026/07/04 05:35:46.166, 3, 0 MiB, 81920 MiB, 0 %
2026/07/04 05:35:46.166, 4, 0 MiB, 81920 MiB, 0 %
2026/07/04 05:35:46.166, 5, 0 MiB, 81920 MiB, 0 %
2026/07/04 05:35:46.167, 6, 0 MiB, 81920 MiB, 0 %
2026/07/04 05:35:46.167, 7, 0 MiB, 81920 MiB, 0 %
2026/07/04 05:35:56.168, 0, 14959 MiB, 81920 MiB, 0 %
2026/07/04 05:35:56.168, 1, 0 MiB, 81920 MiB, 0 %
2026/07/04 05:35:56.169, 2, 0 MiB, 81920 MiB, 0 %
2026/07/04 05:35:56.169, 3, 0 MiB, 81920 MiB, 0 %
2026/07/04 05:35:56.169, 4, 0 MiB, 81920 MiB, 0 %
2026/07/04 05:35:56.169, 5, 0 MiB, 81920 MiB, 0 %
2026/07/04 05:35:56.170, 6, 0 MiB, 81920 MiB, 0 %
2026/07/04 05:35:56.170, 7, 0 MiB, 81920 MiB, 0 %
2026/07/04 05:36:06.171, 0, 14959 MiB, 81920 MiB, 0 %
2026/07/04 05:36:06.171, 1, 0 MiB, 81920 MiB, 0 %
2026/07/04 05:36:06.172, 2, 0 MiB, 81920 MiB, 0 %
2026/07/04 05:36:06.172, 3, 0 MiB, 81920 MiB, 0 %
2026/07/04 05:36:06.172, 4, 0 MiB, 81920 MiB, 0 %
2026/07/04 05:36:06.173, 5, 0 MiB, 81920 MiB, 0 %
2026/07/04 05:36:06.173, 6, 0 MiB, 81920 MiB, 0 %
2026/07/04 05:36:06.173, 7, 0 MiB, 81920 MiB, 0 %
2026/07/04 05:36:16.174, 0, 14959 MiB, 81920 MiB, 0 %
2026/07/04 05:36:16.175, 1, 0 MiB, 81920 MiB, 0 %
2026/07/04 05:36:16.175, 2, 0 MiB, 81920 MiB, 0 %
2026/07/04 05:36:16.175, 3, 0 MiB, 81920 MiB, 0 %
2026/07/04 05:36:16.175, 4, 0 MiB, 81920 MiB, 0 %
2026/07/04 05:36:16.176, 5, 0 MiB, 81920 MiB, 0 %
2026/07/04 05:36:16.176, 6, 0 MiB, 81920 MiB, 0 %
2026/07/04 05:36:16.176, 7, 0 MiB, 81920 MiB, 0 %
2026/07/04 05:36:26.177, 0, 14959 MiB, 81920 MiB, 0 %
2026/07/04 05:36:26.178, 1, 0 MiB, 81920 MiB, 0 %
2026/07/04 05:36:26.178, 2, 0 MiB, 81920 MiB, 0 %
2026/07/04 05:36:26.178, 3, 0 MiB, 81920 MiB, 0 %
2026/07/04 05:36:26.178, 4, 0 MiB, 81920 MiB, 0 %
2026/07/04 05:36:26.179, 5, 0 MiB, 81920 MiB, 0 %
2026/07/04 05:36:26.179, 6, 0 MiB, 81920 MiB, 0 %
2026/07/04 05:36:26.179, 7, 0 MiB, 81920 MiB, 0 %
2026/07/04 05:36:36.180, 0, 14959 MiB, 81920 MiB, 77 %
2026/07/04 05:36:36.180, 1, 0 MiB, 81920 MiB, 0 %
2026/07/04 05:36:36.181, 2, 0 MiB, 81920 MiB, 0 %
2026/07/04 05:36:36.181, 3, 0 MiB, 81920 MiB, 0 %
2026/07/04 05:36:36.181, 4, 0 MiB, 81920 MiB, 0 %
2026/07/04 05:36:36.182, 5, 0 MiB, 81920 MiB, 0 %
2026/07/04 05:36:36.182, 6, 0 MiB, 81920 MiB, 0 %
2026/07/04 05:36:36.182, 7, 0 MiB, 81920 MiB, 0 %
2026/07/04 05:36:46.183, 0, 14959 MiB, 81920 MiB, 77 %
2026/07/04 05:36:46.184, 1, 0 MiB, 81920 MiB, 0 %
2026/07/04 05:36:46.184, 2, 0 MiB, 81920 MiB, 0 %
2026/07/04 05:36:46.184, 3, 0 MiB, 81920 MiB, 0 %
2026/07/04 05:36:46.185, 4, 0 MiB, 81920 MiB, 0 %
2026/07/04 05:36:46.185, 5, 0 MiB, 81920 MiB, 0 %
2026/07/04 05:36:46.185, 6, 0 MiB, 81920 MiB, 0 %
2026/07/04 05:36:46.185, 7, 0 MiB, 81920 MiB, 0 %
2026/07/04 05:36:56.186, 0, 14959 MiB, 81920 MiB, 0 %
2026/07/04 05:36:56.187, 1, 0 MiB, 81920 MiB, 0 %
2026/07/04 05:36:56.187, 2, 0 MiB, 81920 MiB, 0 %
2026/07/04 05:36:56.187, 3, 0 MiB, 81920 MiB, 0 %
2026/07/04 05:36:56.188, 4, 0 MiB, 81920 MiB, 0 %
2026/07/04 05:36:56.188, 5, 0 MiB, 81920 MiB, 0 %
2026/07/04 05:36:56.188, 6, 0 MiB, 81920 MiB, 0 %
2026/07/04 05:36:56.188, 7, 0 MiB, 81920 MiB, 0 %
2026/07/04 05:37:06.189, 0, 14959 MiB, 81920 MiB, 0 %
2026/07/04 05:37:06.190, 1, 0 MiB, 81920 MiB, 0 %
2026/07/04 05:37:06.190, 2, 0 MiB, 81920 MiB, 0 %
2026/07/04 05:37:06.190, 3, 0 MiB, 81920 MiB, 0 %
2026/07/04 05:37:06.191, 4, 0 MiB, 81920 MiB, 0 %
2026/07/04 05:37:06.191, 5, 0 MiB, 81920 MiB, 0 %
2026/07/04 05:37:06.191, 6, 0 MiB, 81920 MiB, 0 %
2026/07/04 05:37:06.192, 7, 0 MiB, 81920 MiB, 0 %
2026/07/04 05:37:16.192, 0, 14959 MiB, 81920 MiB, 0 %
2026/07/04 05:37:16.193, 1, 0 MiB, 81920 MiB, 0 %
2026/07/04 05:37:16.193, 2, 0 MiB, 81920 MiB, 0 %
2026/07/04 05:37:16.193, 3, 0 MiB, 81920 MiB, 0 %
2026/07/04 05:37:16.194, 4, 0 MiB, 81920 MiB, 0 %
2026/07/04 05:37:16.194, 5, 0 MiB, 81920 MiB, 0 %
2026/07/04 05:37:16.194, 6, 0 MiB, 81920 MiB, 0 %
2026/07/04 05:37:16.195, 7, 0 MiB, 81920 MiB, 0 %
2026/07/04 05:37:26.196, 0, 14959 MiB, 81920 MiB, 0 %
2026/07/04 05:37:26.196, 1, 0 MiB, 81920 MiB, 0 %
2026/07/04 05:37:26.196, 2, 0 MiB, 81920 MiB, 0 %
2026/07/04 05:37:26.197, 3, 0 MiB, 81920 MiB, 0 %
2026/07/04 05:37:26.197, 4, 0 MiB, 81920 MiB, 0 %
2026/07/04 05:37:26.197, 5, 0 MiB, 81920 MiB, 0 %
2026/07/04 05:37:26.198, 6, 0 MiB, 81920 MiB, 0 %
2026/07/04 05:37:26.198, 7, 0 MiB, 81920 MiB, 0 %
2026/07/04 05:37:36.198, 0, 14959 MiB, 81920 MiB, 45 %
2026/07/04 05:37:36.199, 1, 0 MiB, 81920 MiB, 0 %
2026/07/04 05:37:36.199, 2, 0 MiB, 81920 MiB, 0 %
2026/07/04 05:37:36.200, 3, 0 MiB, 81920 MiB, 0 %
2026/07/04 05:37:36.200, 4, 0 MiB, 81920 MiB, 0 %
2026/07/04 05:37:36.200, 5, 0 MiB, 81920 MiB, 0 %
2026/07/04 05:37:36.200, 6, 0 MiB, 81920 MiB, 0 %
2026/07/04 05:37:36.201, 7, 0 MiB, 81920 MiB, 0 %
2026/07/04 05:37:46.201, 0, 14959 MiB, 81920 MiB, 0 %
2026/07/04 05:37:46.202, 1, 0 MiB, 81920 MiB, 0 %
2026/07/04 05:37:46.202, 2, 0 MiB, 81920 MiB, 0 %
2026/07/04 05:37:46.203, 3, 0 MiB, 81920 MiB, 0 %
2026/07/04 05:37:46.203, 4, 0 MiB, 81920 MiB, 0 %
2026/07/04 05:37:46.203, 5, 0 MiB, 81920 MiB, 0 %
2026/07/04 05:37:46.203, 6, 0 MiB, 81920 MiB, 0 %
2026/07/04 05:37:46.204, 7, 0 MiB, 81920 MiB, 0 %
2026/07/04 05:37:56.204, 0, 14959 MiB, 81920 MiB, 0 %
2026/07/04 05:37:56.205, 1, 0 MiB, 81920 MiB, 0 %
2026/07/04 05:37:56.205, 2, 0 MiB, 81920 MiB, 0 %
2026/07/04 05:37:56.205, 3, 0 MiB, 81920 MiB, 0 %
2026/07/04 05:37:56.205, 4, 0 MiB, 81920 MiB, 0 %
2026/07/04 05:37:56.206, 5, 0 MiB, 81920 MiB, 0 %
2026/07/04 05:37:56.206, 6, 0 MiB, 81920 MiB, 0 %
2026/07/04 05:37:56.206, 7, 0 MiB, 81920 MiB, 0 %
2026/07/04 05:38:06.207, 0, 14959 MiB, 81920 MiB, 0 %
2026/07/04 05:38:06.207, 1, 0 MiB, 81920 MiB, 0 %
2026/07/04 05:38:06.208, 2, 0 MiB, 81920 MiB, 0 %
2026/07/04 05:38:06.208, 3, 0 MiB, 81920 MiB, 0 %
2026/07/04 05:38:06.208, 4, 0 MiB, 81920 MiB, 0 %
2026/07/04 05:38:06.209, 5, 0 MiB, 81920 MiB, 0 %
2026/07/04 05:38:06.209, 6, 0 MiB, 81920 MiB, 0 %
2026/07/04 05:38:06.209, 7, 0 MiB, 81920 MiB, 0 %
2026/07/04 05:38:16.210, 0, 14959 MiB, 81920 MiB, 0 %
2026/07/04 05:38:16.210, 1, 0 MiB, 81920 MiB, 0 %
2026/07/04 05:38:16.211, 2, 0 MiB, 81920 MiB, 0 %
2026/07/04 05:38:16.211, 3, 0 MiB, 81920 MiB, 0 %
2026/07/04 05:38:16.211, 4, 0 MiB, 81920 MiB, 0 %
2026/07/04 05:38:16.211, 5, 0 MiB, 81920 MiB, 0 %
2026/07/04 05:38:16.212, 6, 0 MiB, 81920 MiB, 0 %
2026/07/04 05:38:16.212, 7, 0 MiB, 81920 MiB, 0 %
2026/07/04 05:38:26.212, 0, 14959 MiB, 81920 MiB, 0 %
2026/07/04 05:38:26.213, 1, 0 MiB, 81920 MiB, 0 %
2026/07/04 05:38:26.213, 2, 0 MiB, 81920 MiB, 0 %
2026/07/04 05:38:26.214, 3, 0 MiB, 81920 MiB, 0 %
2026/07/04 05:38:26.214, 4, 0 MiB, 81920 MiB, 0 %
2026/07/04 05:38:26.214, 5, 0 MiB, 81920 MiB, 0 %
2026/07/04 05:38:26.215, 6, 0 MiB, 81920 MiB, 0 %
2026/07/04 05:38:26.215, 7, 0 MiB, 81920 MiB, 0 %
2026/07/04 05:38:36.216, 0, 14959 MiB, 81920 MiB, 0 %
2026/07/04 05:38:36.217, 1, 0 MiB, 81920 MiB, 0 %
2026/07/04 05:38:36.217, 2, 0 MiB, 81920 MiB, 0 %
2026/07/04 05:38:36.217, 3, 0 MiB, 81920 MiB, 0 %
2026/07/04 05:38:36.218, 4, 0 MiB, 81920 MiB, 0 %
2026/07/04 05:38:36.218, 5, 0 MiB, 81920 MiB, 0 %
2026/07/04 05:38:36.218, 6, 0 MiB, 81920 MiB, 0 %
2026/07/04 05:38:36.219, 7, 0 MiB, 81920 MiB, 0 %
2026/07/04 05:38:46.220, 0, 14959 MiB, 81920 MiB, 0 %
2026/07/04 05:38:46.220, 1, 0 MiB, 81920 MiB, 0 %
2026/07/04 05:38:46.221, 2, 0 MiB, 81920 MiB, 0 %
2026/07/04 05:38:46.221, 3, 0 MiB, 81920 MiB, 0 %
2026/07/04 05:38:46.221, 4, 0 MiB, 81920 MiB, 0 %
2026/07/04 05:38:46.222, 5, 0 MiB, 81920 MiB, 0 %
2026/07/04 05:38:46.222, 6, 0 MiB, 81920 MiB, 0 %
2026/07/04 05:38:46.222, 7, 0 MiB, 81920 MiB, 0 %
2026/07/04 05:38:56.223, 0, 14959 MiB, 81920 MiB, 0 %
2026/07/04 05:38:56.223, 1, 0 MiB, 81920 MiB, 0 %
2026/07/04 05:38:56.223, 2, 0 MiB, 81920 MiB, 0 %
2026/07/04 05:38:56.224, 3, 0 MiB, 81920 MiB, 0 %
2026/07/04 05:38:56.224, 4, 0 MiB, 81920 MiB, 0 %
2026/07/04 05:38:56.224, 5, 0 MiB, 81920 MiB, 0 %
2026/07/04 05:38:56.225, 6, 0 MiB, 81920 MiB, 0 %
2026/07/04 05:38:56.225, 7, 0 MiB, 81920 MiB, 0 %
2026/07/04 05:39:06.226, 0, 14959 MiB, 81920 MiB, 0 %
2026/07/04 05:39:06.226, 1, 0 MiB, 81920 MiB, 0 %
2026/07/04 05:39:06.226, 2, 0 MiB, 81920 MiB, 0 %
2026/07/04 05:39:06.227, 3, 0 MiB, 81920 MiB, 0 %
2026/07/04 05:39:06.227, 4, 0 MiB, 81920 MiB, 0 %
2026/07/04 05:39:06.227, 5, 0 MiB, 81920 MiB, 0 %
2026/07/04 05:39:06.228, 6, 0 MiB, 81920 MiB, 0 %
2026/07/04 05:39:06.228, 7, 0 MiB, 81920 MiB, 0 %
2026/07/04 05:39:16.229, 0, 14959 MiB, 81920 MiB, 0 %
2026/07/04 05:39:16.229, 1, 0 MiB, 81920 MiB, 0 %
2026/07/04 05:39:16.229, 2, 0 MiB, 81920 MiB, 0 %
2026/07/04 05:39:16.230, 3, 0 MiB, 81920 MiB, 0 %
2026/07/04 05:39:16.230, 4, 0 MiB, 81920 MiB, 0 %
2026/07/04 05:39:16.230, 5, 0 MiB, 81920 MiB, 0 %
2026/07/04 05:39:16.231, 6, 0 MiB, 81920 MiB, 0 %
2026/07/04 05:39:16.231, 7, 0 MiB, 81920 MiB, 0 %
2026/07/04 05:39:26.232, 0, 14959 MiB, 81920 MiB, 100 %
2026/07/04 05:39:26.232, 1, 0 MiB, 81920 MiB, 0 %
2026/07/04 05:39:26.233, 2, 0 MiB, 81920 MiB, 0 %
2026/07/04 05:39:26.233, 3, 0 MiB, 81920 MiB, 0 %
2026/07/04 05:39:26.233, 4, 0 MiB, 81920 MiB, 0 %
2026/07/04 05:39:26.234, 5, 0 MiB, 81920 MiB, 0 %
2026/07/04 05:39:26.234, 6, 0 MiB, 81920 MiB, 0 %
2026/07/04 05:39:26.234, 7, 0 MiB, 81920 MiB, 0 %
2026/07/04 05:39:36.235, 0, 14959 MiB, 81920 MiB, 0 %
2026/07/04 05:39:36.236, 1, 0 MiB, 81920 MiB, 0 %
2026/07/04 05:39:36.236, 2, 0 MiB, 81920 MiB, 0 %
2026/07/04 05:39:36.236, 3, 0 MiB, 81920 MiB, 0 %
2026/07/04 05:39:36.236, 4, 0 MiB, 81920 MiB, 0 %
2026/07/04 05:39:36.237, 5, 0 MiB, 81920 MiB, 0 %
2026/07/04 05:39:36.237, 6, 0 MiB, 81920 MiB, 0 %
2026/07/04 05:39:36.237, 7, 0 MiB, 81920 MiB, 0 %
2026/07/04 05:39:46.238, 0, 14959 MiB, 81920 MiB, 0 %
2026/07/04 05:39:46.239, 1, 0 MiB, 81920 MiB, 0 %
2026/07/04 05:39:46.239, 2, 0 MiB, 81920 MiB, 0 %
2026/07/04 05:39:46.239, 3, 0 MiB, 81920 MiB, 0 %
2026/07/04 05:39:46.240, 4, 0 MiB, 81920 MiB, 0 %
2026/07/04 05:39:46.240, 5, 0 MiB, 81920 MiB, 0 %
2026/07/04 05:39:46.240, 6, 0 MiB, 81920 MiB, 0 %
2026/07/04 05:39:46.240, 7, 0 MiB, 81920 MiB, 0 %
2026/07/04 05:39:56.241, 0, 14959 MiB, 81920 MiB, 0 %
2026/07/04 05:39:56.242, 1, 0 MiB, 81920 MiB, 0 %
2026/07/04 05:39:56.242, 2, 0 MiB, 81920 MiB, 0 %
2026/07/04 05:39:56.242, 3, 0 MiB, 81920 MiB, 0 %
2026/07/04 05:39:56.243, 4, 0 MiB, 81920 MiB, 0 %
2026/07/04 05:39:56.243, 5, 0 MiB, 81920 MiB, 0 %
2026/07/04 05:39:56.243, 6, 0 MiB, 81920 MiB, 0 %
2026/07/04 05:39:56.244, 7, 0 MiB, 81920 MiB, 0 %
2026/07/04 05:40:06.244, 0, 14959 MiB, 81920 MiB, 0 %
2026/07/04 05:40:06.245, 1, 0 MiB, 81920 MiB, 0 %
2026/07/04 05:40:06.245, 2, 0 MiB, 81920 MiB, 0 %
2026/07/04 05:40:06.245, 3, 0 MiB, 81920 MiB, 0 %
2026/07/04 05:40:06.246, 4, 0 MiB, 81920 MiB, 0 %
2026/07/04 05:40:06.246, 5, 0 MiB, 81920 MiB, 0 %
2026/07/04 05:40:06.246, 6, 0 MiB, 81920 MiB, 0 %
2026/07/04 05:40:06.246, 7, 0 MiB, 81920 MiB, 0 %
2026/07/04 05:40:16.247, 0, 14959 MiB, 81920 MiB, 0 %
2026/07/04 05:40:16.248, 1, 0 MiB, 81920 MiB, 0 %
2026/07/04 05:40:16.248, 2, 0 MiB, 81920 MiB, 0 %
2026/07/04 05:40:16.248, 3, 0 MiB, 81920 MiB, 0 %
2026/07/04 05:40:16.249, 4, 0 MiB, 81920 MiB, 0 %
2026/07/04 05:40:16.249, 5, 0 MiB, 81920 MiB, 0 %
2026/07/04 05:40:16.249, 6, 0 MiB, 81920 MiB, 0 %
2026/07/04 05:40:16.249, 7, 0 MiB, 81920 MiB, 0 %
2026/07/04 05:40:26.250, 0, 14959 MiB, 81920 MiB, 2 %
2026/07/04 05:40:26.251, 1, 0 MiB, 81920 MiB, 0 %
2026/07/04 05:40:26.251, 2, 0 MiB, 81920 MiB, 0 %
2026/07/04 05:40:26.251, 3, 0 MiB, 81920 MiB, 0 %
2026/07/04 05:40:26.252, 4, 0 MiB, 81920 MiB, 0 %
2026/07/04 05:40:26.252, 5, 0 MiB, 81920 MiB, 0 %
2026/07/04 05:40:26.252, 6, 0 MiB, 81920 MiB, 0 %
2026/07/04 05:40:26.253, 7, 0 MiB, 81920 MiB, 0 %
2026/07/04 05:40:36.253, 0, 14959 MiB, 81920 MiB, 71 %
2026/07/04 05:40:36.254, 1, 0 MiB, 81920 MiB, 0 %
2026/07/04 05:40:36.254, 2, 0 MiB, 81920 MiB, 0 %
2026/07/04 05:40:36.255, 3, 0 MiB, 81920 MiB, 0 %
2026/07/04 05:40:36.255, 4, 0 MiB, 81920 MiB, 0 %
2026/07/04 05:40:36.255, 5, 0 MiB, 81920 MiB, 0 %
2026/07/04 05:40:36.255, 6, 0 MiB, 81920 MiB, 0 %
2026/07/04 05:40:36.256, 7, 0 MiB, 81920 MiB, 0 %
2026/07/04 05:40:46.256, 0, 14959 MiB, 81920 MiB, 80 %
2026/07/04 05:40:46.257, 1, 0 MiB, 81920 MiB, 0 %
2026/07/04 05:40:46.257, 2, 0 MiB, 81920 MiB, 0 %
2026/07/04 05:40:46.258, 3, 0 MiB, 81920 MiB, 0 %
2026/07/04 05:40:46.258, 4, 0 MiB, 81920 MiB, 0 %
2026/07/04 05:40:46.258, 5, 0 MiB, 81920 MiB, 0 %
2026/07/04 05:40:46.258, 6, 0 MiB, 81920 MiB, 0 %
2026/07/04 05:40:46.259, 7, 0 MiB, 81920 MiB, 0 %
2026/07/04 05:40:56.259, 0, 14959 MiB, 81920 MiB, 0 %
2026/07/04 05:40:56.260, 1, 0 MiB, 81920 MiB, 0 %
2026/07/04 05:40:56.260, 2, 0 MiB, 81920 MiB, 0 %
2026/07/04 05:40:56.260, 3, 0 MiB, 81920 MiB, 0 %
2026/07/04 05:40:56.261, 4, 0 MiB, 81920 MiB, 0 %
2026/07/04 05:40:56.261, 5, 0 MiB, 81920 MiB, 0 %
2026/07/04 05:40:56.261, 6, 0 MiB, 81920 MiB, 0 %
2026/07/04 05:40:56.262, 7, 0 MiB, 81920 MiB, 0 %
2026/07/04 05:41:06.262, 0, 14959 MiB, 81920 MiB, 72 %
2026/07/04 05:41:06.263, 1, 0 MiB, 81920 MiB, 0 %
2026/07/04 05:41:06.263, 2, 0 MiB, 81920 MiB, 0 %
2026/07/04 05:41:06.263, 3, 0 MiB, 81920 MiB, 0 %
2026/07/04 05:41:06.264, 4, 0 MiB, 81920 MiB, 0 %
2026/07/04 05:41:06.264, 5, 0 MiB, 81920 MiB, 0 %
2026/07/04 05:41:06.264, 6, 0 MiB, 81920 MiB, 0 %
2026/07/04 05:41:06.265, 7, 0 MiB, 81920 MiB, 0 %
2026/07/04 05:41:16.265, 0, 14959 MiB, 81920 MiB, 0 %
2026/07/04 05:41:16.266, 1, 0 MiB, 81920 MiB, 0 %
2026/07/04 05:41:16.266, 2, 0 MiB, 81920 MiB, 0 %
2026/07/04 05:41:16.266, 3, 0 MiB, 81920 MiB, 0 %
2026/07/04 05:41:16.267, 4, 0 MiB, 81920 MiB, 0 %
2026/07/04 05:41:16.267, 5, 0 MiB, 81920 MiB, 0 %
2026/07/04 05:41:16.267, 6, 0 MiB, 81920 MiB, 0 %
2026/07/04 05:41:16.267, 7, 0 MiB, 81920 MiB, 0 %
2026/07/04 05:41:26.268, 0, 14959 MiB, 81920 MiB, 0 %
2026/07/04 05:41:26.269, 1, 0 MiB, 81920 MiB, 0 %
2026/07/04 05:41:26.269, 2, 0 MiB, 81920 MiB, 0 %
2026/07/04 05:41:26.269, 3, 0 MiB, 81920 MiB, 0 %
2026/07/04 05:41:26.269, 4, 0 MiB, 81920 MiB, 0 %
2026/07/04 05:41:26.270, 5, 0 MiB, 81920 MiB, 0 %
2026/07/04 05:41:26.270, 6, 0 MiB, 81920 MiB, 0 %
2026/07/04 05:41:26.270, 7, 0 MiB, 81920 MiB, 0 %
2026/07/04 05:41:36.271, 0, 14959 MiB, 81920 MiB, 77 %
2026/07/04 05:41:36.271, 1, 0 MiB, 81920 MiB, 0 %
2026/07/04 05:41:36.272, 2, 0 MiB, 81920 MiB, 0 %
2026/07/04 05:41:36.272, 3, 0 MiB, 81920 MiB, 0 %
2026/07/04 05:41:36.272, 4, 0 MiB, 81920 MiB, 0 %
2026/07/04 05:41:36.272, 5, 0 MiB, 81920 MiB, 0 %
2026/07/04 05:41:36.273, 6, 0 MiB, 81920 MiB, 0 %
2026/07/04 05:41:36.273, 7, 0 MiB, 81920 MiB, 0 %
2026/07/04 05:41:46.274, 0, 14959 MiB, 81920 MiB, 0 %
2026/07/04 05:41:46.275, 1, 0 MiB, 81920 MiB, 0 %
2026/07/04 05:41:46.275, 2, 0 MiB, 81920 MiB, 0 %
2026/07/04 05:41:46.276, 3, 0 MiB, 81920 MiB, 0 %
2026/07/04 05:41:46.276, 4, 0 MiB, 81920 MiB, 0 %
2026/07/04 05:41:46.276, 5, 0 MiB, 81920 MiB, 0 %
2026/07/04 05:41:46.276, 6, 0 MiB, 81920 MiB, 0 %
2026/07/04 05:41:46.277, 7, 0 MiB, 81920 MiB, 0 %
2026/07/04 05:41:56.277, 0, 14959 MiB, 81920 MiB, 0 %
2026/07/04 05:41:56.278, 1, 0 MiB, 81920 MiB, 0 %
2026/07/04 05:41:56.278, 2, 0 MiB, 81920 MiB, 0 %
2026/07/04 05:41:56.278, 3, 0 MiB, 81920 MiB, 0 %
2026/07/04 05:41:56.279, 4, 0 MiB, 81920 MiB, 0 %
2026/07/04 05:41:56.279, 5, 0 MiB, 81920 MiB, 0 %
2026/07/04 05:41:56.279, 6, 0 MiB, 81920 MiB, 0 %
2026/07/04 05:41:56.279, 7, 0 MiB, 81920 MiB, 0 %
2026/07/04 05:42:06.280, 0, 14959 MiB, 81920 MiB, 0 %
2026/07/04 05:42:06.280, 1, 0 MiB, 81920 MiB, 0 %
2026/07/04 05:42:06.281, 2, 0 MiB, 81920 MiB, 0 %
2026/07/04 05:42:06.281, 3, 0 MiB, 81920 MiB, 0 %
2026/07/04 05:42:06.281, 4, 0 MiB, 81920 MiB, 0 %
2026/07/04 05:42:06.281, 5, 0 MiB, 81920 MiB, 0 %
2026/07/04 05:42:06.282, 6, 0 MiB, 81920 MiB, 0 %
2026/07/04 05:42:06.282, 7, 0 MiB, 81920 MiB, 0 %
2026/07/04 05:42:16.283, 0, 14959 MiB, 81920 MiB, 0 %
2026/07/04 05:42:16.283, 1, 0 MiB, 81920 MiB, 0 %
2026/07/04 05:42:16.284, 2, 0 MiB, 81920 MiB, 0 %
2026/07/04 05:42:16.284, 3, 0 MiB, 81920 MiB, 0 %
2026/07/04 05:42:16.284, 4, 0 MiB, 81920 MiB, 0 %
2026/07/04 05:42:16.284, 5, 0 MiB, 81920 MiB, 0 %
2026/07/04 05:42:16.285, 6, 0 MiB, 81920 MiB, 0 %
2026/07/04 05:42:16.285, 7, 0 MiB, 81920 MiB, 0 %
2026/07/04 05:42:26.286, 0, 14959 MiB, 81920 MiB, 0 %
2026/07/04 05:42:26.286, 1, 0 MiB, 81920 MiB, 0 %
2026/07/04 05:42:26.287, 2, 0 MiB, 81920 MiB, 0 %
2026/07/04 05:42:26.287, 3, 0 MiB, 81920 MiB, 0 %
2026/07/04 05:42:26.287, 4, 0 MiB, 81920 MiB, 0 %
2026/07/04 05:42:26.287, 5, 0 MiB, 81920 MiB, 0 %
2026/07/04 05:42:26.288, 6, 0 MiB, 81920 MiB, 0 %
2026/07/04 05:42:26.288, 7, 0 MiB, 81920 MiB, 0 %
2026/07/04 05:42:36.289, 0, 14959 MiB, 81920 MiB, 0 %
2026/07/04 05:42:36.289, 1, 0 MiB, 81920 MiB, 0 %
2026/07/04 05:42:36.290, 2, 0 MiB, 81920 MiB, 0 %
2026/07/04 05:42:36.290, 3, 0 MiB, 81920 MiB, 0 %
2026/07/04 05:42:36.290, 4, 0 MiB, 81920 MiB, 0 %
2026/07/04 05:42:36.291, 5, 0 MiB, 81920 MiB, 0 %
2026/07/04 05:42:36.291, 6, 0 MiB, 81920 MiB, 0 %
2026/07/04 05:42:36.291, 7, 0 MiB, 81920 MiB, 0 %
2026/07/04 05:42:46.292, 0, 14959 MiB, 81920 MiB, 0 %
2026/07/04 05:42:46.292, 1, 0 MiB, 81920 MiB, 0 %
2026/07/04 05:42:46.293, 2, 0 MiB, 81920 MiB, 0 %
2026/07/04 05:42:46.293, 3, 0 MiB, 81920 MiB, 0 %
2026/07/04 05:42:46.293, 4, 0 MiB, 81920 MiB, 0 %
2026/07/04 05:42:46.294, 5, 0 MiB, 81920 MiB, 0 %
2026/07/04 05:42:46.294, 6, 0 MiB, 81920 MiB, 0 %
2026/07/04 05:42:46.294, 7, 0 MiB, 81920 MiB, 0 %
2026/07/04 05:42:56.295, 0, 14959 MiB, 81920 MiB, 0 %
2026/07/04 05:42:56.295, 1, 0 MiB, 81920 MiB, 0 %
2026/07/04 05:42:56.296, 2, 0 MiB, 81920 MiB, 0 %
2026/07/04 05:42:56.296, 3, 0 MiB, 81920 MiB, 0 %
2026/07/04 05:42:56.296, 4, 0 MiB, 81920 MiB, 0 %
2026/07/04 05:42:56.297, 5, 0 MiB, 81920 MiB, 0 %
2026/07/04 05:42:56.297, 6, 0 MiB, 81920 MiB, 0 %
2026/07/04 05:42:56.297, 7, 0 MiB, 81920 MiB, 0 %
2026/07/04 05:43:06.298, 0, 14959 MiB, 81920 MiB, 0 %
2026/07/04 05:43:06.299, 1, 0 MiB, 81920 MiB, 0 %
2026/07/04 05:43:06.299, 2, 0 MiB, 81920 MiB, 0 %
2026/07/04 05:43:06.299, 3, 0 MiB, 81920 MiB, 0 %
2026/07/04 05:43:06.299, 4, 0 MiB, 81920 MiB, 0 %
2026/07/04 05:43:06.300, 5, 0 MiB, 81920 MiB, 0 %
2026/07/04 05:43:06.300, 6, 0 MiB, 81920 MiB, 0 %
2026/07/04 05:43:06.300, 7, 0 MiB, 81920 MiB, 0 %
2026/07/04 05:43:16.301, 0, 14959 MiB, 81920 MiB, 0 %
2026/07/04 05:43:16.302, 1, 0 MiB, 81920 MiB, 0 %
2026/07/04 05:43:16.302, 2, 0 MiB, 81920 MiB, 0 %
2026/07/04 05:43:16.302, 3, 0 MiB, 81920 MiB, 0 %
2026/07/04 05:43:16.303, 4, 0 MiB, 81920 MiB, 0 %
2026/07/04 05:43:16.303, 5, 0 MiB, 81920 MiB, 0 %
2026/07/04 05:43:16.303, 6, 0 MiB, 81920 MiB, 0 %
2026/07/04 05:43:16.303, 7, 0 MiB, 81920 MiB, 0 %
2026/07/04 05:43:26.304, 0, 14959 MiB, 81920 MiB, 0 %
2026/07/04 05:43:26.305, 1, 0 MiB, 81920 MiB, 0 %
2026/07/04 05:43:26.305, 2, 0 MiB, 81920 MiB, 0 %
2026/07/04 05:43:26.305, 3, 0 MiB, 81920 MiB, 0 %
2026/07/04 05:43:26.306, 4, 0 MiB, 81920 MiB, 0 %
2026/07/04 05:43:26.306, 5, 0 MiB, 81920 MiB, 0 %
2026/07/04 05:43:26.306, 6, 0 MiB, 81920 MiB, 0 %
2026/07/04 05:43:26.307, 7, 0 MiB, 81920 MiB, 0 %
2026/07/04 05:43:36.307, 0, 14959 MiB, 81920 MiB, 63 %
2026/07/04 05:43:36.308, 1, 0 MiB, 81920 MiB, 0 %
2026/07/04 05:43:36.308, 2, 0 MiB, 81920 MiB, 0 %
2026/07/04 05:43:36.308, 3, 0 MiB, 81920 MiB, 0 %
2026/07/04 05:43:36.309, 4, 0 MiB, 81920 MiB, 0 %
2026/07/04 05:43:36.309, 5, 0 MiB, 81920 MiB, 0 %
2026/07/04 05:43:36.309, 6, 0 MiB, 81920 MiB, 0 %
2026/07/04 05:43:36.310, 7, 0 MiB, 81920 MiB, 0 %
2026/07/04 05:43:46.310, 0, 14959 MiB, 81920 MiB, 77 %
2026/07/04 05:43:46.311, 1, 0 MiB, 81920 MiB, 0 %
2026/07/04 05:43:46.311, 2, 0 MiB, 81920 MiB, 0 %
2026/07/04 05:43:46.311, 3, 0 MiB, 81920 MiB, 0 %
2026/07/04 05:43:46.312, 4, 0 MiB, 81920 MiB, 0 %
2026/07/04 05:43:46.312, 5, 0 MiB, 81920 MiB, 0 %
2026/07/04 05:43:46.312, 6, 0 MiB, 81920 MiB, 0 %
2026/07/04 05:43:46.313, 7, 0 MiB, 81920 MiB, 0 %
2026/07/04 05:43:56.313, 0, 14959 MiB, 81920 MiB, 100 %
2026/07/04 05:43:56.314, 1, 0 MiB, 81920 MiB, 0 %
2026/07/04 05:43:56.314, 2, 0 MiB, 81920 MiB, 0 %
2026/07/04 05:43:56.314, 3, 0 MiB, 81920 MiB, 0 %
2026/07/04 05:43:56.315, 4, 0 MiB, 81920 MiB, 0 %
2026/07/04 05:43:56.315, 5, 0 MiB, 81920 MiB, 0 %
2026/07/04 05:43:56.315, 6, 0 MiB, 81920 MiB, 0 %
2026/07/04 05:43:56.316, 7, 0 MiB, 81920 MiB, 0 %
2026/07/04 05:44:06.316, 0, 14959 MiB, 81920 MiB, 0 %
2026/07/04 05:44:06.317, 1, 0 MiB, 81920 MiB, 0 %
2026/07/04 05:44:06.317, 2, 0 MiB, 81920 MiB, 0 %
2026/07/04 05:44:06.317, 3, 0 MiB, 81920 MiB, 0 %
2026/07/04 05:44:06.318, 4, 0 MiB, 81920 MiB, 0 %
2026/07/04 05:44:06.318, 5, 0 MiB, 81920 MiB, 0 %
2026/07/04 05:44:06.318, 6, 0 MiB, 81920 MiB, 0 %
2026/07/04 05:44:06.319, 7, 0 MiB, 81920 MiB, 0 %
2026/07/04 05:44:16.319, 0, 14959 MiB, 81920 MiB, 43 %
2026/07/04 05:44:16.320, 1, 0 MiB, 81920 MiB, 0 %
2026/07/04 05:44:16.320, 2, 0 MiB, 81920 MiB, 0 %
2026/07/04 05:44:16.320, 3, 0 MiB, 81920 MiB, 0 %
2026/07/04 05:44:16.321, 4, 0 MiB, 81920 MiB, 0 %
2026/07/04 05:44:16.321, 5, 0 MiB, 81920 MiB, 0 %
2026/07/04 05:44:16.321, 6, 0 MiB, 81920 MiB, 0 %
2026/07/04 05:44:16.322, 7, 0 MiB, 81920 MiB, 0 %
2026/07/04 05:44:26.322, 0, 14959 MiB, 81920 MiB, 0 %
2026/07/04 05:44:26.323, 1, 0 MiB, 81920 MiB, 0 %
2026/07/04 05:44:26.323, 2, 0 MiB, 81920 MiB, 0 %
2026/07/04 05:44:26.323, 3, 0 MiB, 81920 MiB, 0 %
2026/07/04 05:44:26.324, 4, 0 MiB, 81920 MiB, 0 %
2026/07/04 05:44:26.324, 5, 0 MiB, 81920 MiB, 0 %
2026/07/04 05:44:26.324, 6, 0 MiB, 81920 MiB, 0 %
2026/07/04 05:44:26.325, 7, 0 MiB, 81920 MiB, 0 %
2026/07/04 05:44:36.326, 0, 14959 MiB, 81920 MiB, 0 %
2026/07/04 05:44:36.326, 1, 0 MiB, 81920 MiB, 0 %
2026/07/04 05:44:36.326, 2, 0 MiB, 81920 MiB, 0 %
2026/07/04 05:44:36.327, 3, 0 MiB, 81920 MiB, 0 %
2026/07/04 05:44:36.327, 4, 0 MiB, 81920 MiB, 0 %
2026/07/04 05:44:36.327, 5, 0 MiB, 81920 MiB, 0 %
2026/07/04 05:44:36.327, 6, 0 MiB, 81920 MiB, 0 %
2026/07/04 05:44:36.328, 7, 0 MiB, 81920 MiB, 0 %
2026/07/04 05:44:46.328, 0, 14959 MiB, 81920 MiB, 0 %
2026/07/04 05:44:46.329, 1, 0 MiB, 81920 MiB, 0 %
2026/07/04 05:44:46.329, 2, 0 MiB, 81920 MiB, 0 %
2026/07/04 05:44:46.330, 3, 0 MiB, 81920 MiB, 0 %
2026/07/04 05:44:46.330, 4, 0 MiB, 81920 MiB, 0 %
2026/07/04 05:44:46.330, 5, 0 MiB, 81920 MiB, 0 %
2026/07/04 05:44:46.331, 6, 0 MiB, 81920 MiB, 0 %
2026/07/04 05:44:46.331, 7, 0 MiB, 81920 MiB, 0 %
2026/07/04 05:44:56.332, 0, 14959 MiB, 81920 MiB, 0 %
2026/07/04 05:44:56.332, 1, 0 MiB, 81920 MiB, 0 %
2026/07/04 05:44:56.333, 2, 0 MiB, 81920 MiB, 0 %
2026/07/04 05:44:56.333, 3, 0 MiB, 81920 MiB, 0 %
2026/07/04 05:44:56.333, 4, 0 MiB, 81920 MiB, 0 %
2026/07/04 05:44:56.333, 5, 0 MiB, 81920 MiB, 0 %
2026/07/04 05:44:56.334, 6, 0 MiB, 81920 MiB, 0 %
2026/07/04 05:44:56.334, 7, 0 MiB, 81920 MiB, 0 %
2026/07/04 05:45:06.335, 0, 14959 MiB, 81920 MiB, 0 %
2026/07/04 05:45:06.335, 1, 0 MiB, 81920 MiB, 0 %
2026/07/04 05:45:06.335, 2, 0 MiB, 81920 MiB, 0 %
2026/07/04 05:45:06.335, 3, 0 MiB, 81920 MiB, 0 %
2026/07/04 05:45:06.335, 4, 0 MiB, 81920 MiB, 0 %
2026/07/04 05:45:06.335, 5, 0 MiB, 81920 MiB, 0 %
2026/07/04 05:45:06.336, 6, 0 MiB, 81920 MiB, 0 %
2026/07/04 05:45:06.336, 7, 0 MiB, 81920 MiB, 0 %
2026/07/04 05:45:16.336, 0, 14959 MiB, 81920 MiB, 0 %
2026/07/04 05:45:16.337, 1, 0 MiB, 81920 MiB, 0 %
2026/07/04 05:45:16.337, 2, 0 MiB, 81920 MiB, 0 %
2026/07/04 05:45:16.338, 3, 0 MiB, 81920 MiB, 0 %
2026/07/04 05:45:16.338, 4, 0 MiB, 81920 MiB, 0 %
2026/07/04 05:45:16.338, 5, 0 MiB, 81920 MiB, 0 %
2026/07/04 05:45:16.339, 6, 0 MiB, 81920 MiB, 0 %
2026/07/04 05:45:16.339, 7, 0 MiB, 81920 MiB, 0 %
2026/07/04 05:45:26.340, 0, 14959 MiB, 81920 MiB, 0 %
2026/07/04 05:45:26.340, 1, 0 MiB, 81920 MiB, 0 %
2026/07/04 05:45:26.341, 2, 0 MiB, 81920 MiB, 0 %
2026/07/04 05:45:26.341, 3, 0 MiB, 81920 MiB, 0 %
2026/07/04 05:45:26.341, 4, 0 MiB, 81920 MiB, 0 %
2026/07/04 05:45:26.342, 5, 0 MiB, 81920 MiB, 0 %
2026/07/04 05:45:26.342, 6, 0 MiB, 81920 MiB, 0 %
2026/07/04 05:45:26.342, 7, 0 MiB, 81920 MiB, 0 %
2026/07/04 05:45:36.343, 0, 14959 MiB, 81920 MiB, 100 %
2026/07/04 05:45:36.343, 1, 0 MiB, 81920 MiB, 0 %
2026/07/04 05:45:36.344, 2, 0 MiB, 81920 MiB, 0 %
2026/07/04 05:45:36.344, 3, 0 MiB, 81920 MiB, 0 %
2026/07/04 05:45:36.344, 4, 0 MiB, 81920 MiB, 0 %
2026/07/04 05:45:36.345, 5, 0 MiB, 81920 MiB, 0 %
2026/07/04 05:45:36.345, 6, 0 MiB, 81920 MiB, 0 %
2026/07/04 05:45:36.345, 7, 0 MiB, 81920 MiB, 0 %
2026/07/04 05:45:46.346, 0, 14959 MiB, 81920 MiB, 0 %
2026/07/04 05:45:46.347, 1, 0 MiB, 81920 MiB, 0 %
2026/07/04 05:45:46.347, 2, 0 MiB, 81920 MiB, 0 %
2026/07/04 05:45:46.347, 3, 0 MiB, 81920 MiB, 0 %
2026/07/04 05:45:46.347, 4, 0 MiB, 81920 MiB, 0 %
2026/07/04 05:45:46.348, 5, 0 MiB, 81920 MiB, 0 %
2026/07/04 05:45:46.348, 6, 0 MiB, 81920 MiB, 0 %
2026/07/04 05:45:46.348, 7, 0 MiB, 81920 MiB, 0 %
2026/07/04 05:45:56.349, 0, 14959 MiB, 81920 MiB, 0 %
2026/07/04 05:45:56.349, 1, 0 MiB, 81920 MiB, 0 %
2026/07/04 05:45:56.350, 2, 0 MiB, 81920 MiB, 0 %
2026/07/04 05:45:56.350, 3, 0 MiB, 81920 MiB, 0 %
2026/07/04 05:45:56.350, 4, 0 MiB, 81920 MiB, 0 %
2026/07/04 05:45:56.351, 5, 0 MiB, 81920 MiB, 0 %
2026/07/04 05:45:56.351, 6, 0 MiB, 81920 MiB, 0 %
2026/07/04 05:45:56.351, 7, 0 MiB, 81920 MiB, 0 %
2026/07/04 05:46:06.352, 0, 14959 MiB, 81920 MiB, 62 %
2026/07/04 05:46:06.353, 1, 0 MiB, 81920 MiB, 0 %
2026/07/04 05:46:06.353, 2, 0 MiB, 81920 MiB, 0 %
2026/07/04 05:46:06.353, 3, 0 MiB, 81920 MiB, 0 %
2026/07/04 05:46:06.353, 4, 0 MiB, 81920 MiB, 0 %
2026/07/04 05:46:06.354, 5, 0 MiB, 81920 MiB, 0 %
2026/07/04 05:46:06.354, 6, 0 MiB, 81920 MiB, 0 %
2026/07/04 05:46:06.354, 7, 0 MiB, 81920 MiB, 0 %
2026/07/04 05:46:16.355, 0, 14959 MiB, 81920 MiB, 0 %
2026/07/04 05:46:16.356, 1, 0 MiB, 81920 MiB, 0 %
2026/07/04 05:46:16.356, 2, 0 MiB, 81920 MiB, 0 %
2026/07/04 05:46:16.356, 3, 0 MiB, 81920 MiB, 0 %
2026/07/04 05:46:16.356, 4, 0 MiB, 81920 MiB, 0 %
2026/07/04 05:46:16.357, 5, 0 MiB, 81920 MiB, 0 %
2026/07/04 05:46:16.357, 6, 0 MiB, 81920 MiB, 0 %
2026/07/04 05:46:16.357, 7, 0 MiB, 81920 MiB, 0 %
2026/07/04 05:46:26.358, 0, 14959 MiB, 81920 MiB, 0 %
2026/07/04 05:46:26.359, 1, 0 MiB, 81920 MiB, 0 %
2026/07/04 05:46:26.359, 2, 0 MiB, 81920 MiB, 0 %
2026/07/04 05:46:26.359, 3, 0 MiB, 81920 MiB, 0 %
2026/07/04 05:46:26.359, 4, 0 MiB, 81920 MiB, 0 %
2026/07/04 05:46:26.360, 5, 0 MiB, 81920 MiB, 0 %
2026/07/04 05:46:26.360, 6, 0 MiB, 81920 MiB, 0 %
2026/07/04 05:46:26.360, 7, 0 MiB, 81920 MiB, 0 %
2026/07/04 05:46:36.361, 0, 14959 MiB, 81920 MiB, 73 %
2026/07/04 05:46:36.362, 1, 0 MiB, 81920 MiB, 0 %
2026/07/04 05:46:36.362, 2, 0 MiB, 81920 MiB, 0 %
2026/07/04 05:46:36.362, 3, 0 MiB, 81920 MiB, 0 %
2026/07/04 05:46:36.363, 4, 0 MiB, 81920 MiB, 0 %
2026/07/04 05:46:36.363, 5, 0 MiB, 81920 MiB, 0 %
2026/07/04 05:46:36.363, 6, 0 MiB, 81920 MiB, 0 %
2026/07/04 05:46:36.364, 7, 0 MiB, 81920 MiB, 0 %
2026/07/04 05:46:46.364, 0, 14959 MiB, 81920 MiB, 0 %
2026/07/04 05:46:46.365, 1, 0 MiB, 81920 MiB, 0 %
2026/07/04 05:46:46.365, 2, 0 MiB, 81920 MiB, 0 %
2026/07/04 05:46:46.365, 3, 0 MiB, 81920 MiB, 0 %
2026/07/04 05:46:46.366, 4, 0 MiB, 81920 MiB, 0 %
2026/07/04 05:46:46.366, 5, 0 MiB, 81920 MiB, 0 %
2026/07/04 05:46:46.366, 6, 0 MiB, 81920 MiB, 0 %
2026/07/04 05:46:46.367, 7, 0 MiB, 81920 MiB, 0 %
2026/07/04 05:46:56.367, 0, 14959 MiB, 81920 MiB, 0 %
2026/07/04 05:46:56.368, 1, 0 MiB, 81920 MiB, 0 %
2026/07/04 05:46:56.368, 2, 0 MiB, 81920 MiB, 0 %
2026/07/04 05:46:56.368, 3, 0 MiB, 81920 MiB, 0 %
2026/07/04 05:46:56.369, 4, 0 MiB, 81920 MiB, 0 %
2026/07/04 05:46:56.369, 5, 0 MiB, 81920 MiB, 0 %
2026/07/04 05:46:56.369, 6, 0 MiB, 81920 MiB, 0 %
2026/07/04 05:46:56.370, 7, 0 MiB, 81920 MiB, 0 %
2026/07/04 05:47:06.370, 0, 14959 MiB, 81920 MiB, 0 %
2026/07/04 05:47:06.371, 1, 0 MiB, 81920 MiB, 0 %
2026/07/04 05:47:06.371, 2, 0 MiB, 81920 MiB, 0 %
2026/07/04 05:47:06.372, 3, 0 MiB, 81920 MiB, 0 %
2026/07/04 05:47:06.372, 4, 0 MiB, 81920 MiB, 0 %
2026/07/04 05:47:06.372, 5, 0 MiB, 81920 MiB, 0 %
2026/07/04 05:47:06.372, 6, 0 MiB, 81920 MiB, 0 %
2026/07/04 05:47:06.373, 7, 0 MiB, 81920 MiB, 0 %
2026/07/04 05:47:16.373, 0, 14959 MiB, 81920 MiB, 0 %
2026/07/04 05:47:16.374, 1, 0 MiB, 81920 MiB, 0 %
2026/07/04 05:47:16.374, 2, 0 MiB, 81920 MiB, 0 %
2026/07/04 05:47:16.374, 3, 0 MiB, 81920 MiB, 0 %
2026/07/04 05:47:16.375, 4, 0 MiB, 81920 MiB, 0 %
2026/07/04 05:47:16.375, 5, 0 MiB, 81920 MiB, 0 %
2026/07/04 05:47:16.375, 6, 0 MiB, 81920 MiB, 0 %
2026/07/04 05:47:16.376, 7, 0 MiB, 81920 MiB, 0 %
2026/07/04 05:47:26.376, 0, 14959 MiB, 81920 MiB, 0 %
2026/07/04 05:47:26.377, 1, 0 MiB, 81920 MiB, 0 %
2026/07/04 05:47:26.377, 2, 0 MiB, 81920 MiB, 0 %
2026/07/04 05:47:26.377, 3, 0 MiB, 81920 MiB, 0 %
2026/07/04 05:47:26.378, 4, 0 MiB, 81920 MiB, 0 %
2026/07/04 05:47:26.378, 5, 0 MiB, 81920 MiB, 0 %
2026/07/04 05:47:26.378, 6, 0 MiB, 81920 MiB, 0 %
2026/07/04 05:47:26.379, 7, 0 MiB, 81920 MiB, 0 %
2026/07/04 05:47:36.379, 0, 14959 MiB, 81920 MiB, 70 %
2026/07/04 05:47:36.380, 1, 0 MiB, 81920 MiB, 0 %
2026/07/04 05:47:36.380, 2, 0 MiB, 81920 MiB, 0 %
2026/07/04 05:47:36.380, 3, 0 MiB, 81920 MiB, 0 %
2026/07/04 05:47:36.381, 4, 0 MiB, 81920 MiB, 0 %
2026/07/04 05:47:36.381, 5, 0 MiB, 81920 MiB, 0 %
2026/07/04 05:47:36.381, 6, 0 MiB, 81920 MiB, 0 %
2026/07/04 05:47:36.382, 7, 0 MiB, 81920 MiB, 0 %
2026/07/04 05:47:46.382, 0, 14959 MiB, 81920 MiB, 0 %
2026/07/04 05:47:46.383, 1, 0 MiB, 81920 MiB, 0 %
2026/07/04 05:47:46.383, 2, 0 MiB, 81920 MiB, 0 %
2026/07/04 05:47:46.383, 3, 0 MiB, 81920 MiB, 0 %
2026/07/04 05:47:46.384, 4, 0 MiB, 81920 MiB, 0 %
2026/07/04 05:47:46.384, 5, 0 MiB, 81920 MiB, 0 %
2026/07/04 05:47:46.384, 6, 0 MiB, 81920 MiB, 0 %
2026/07/04 05:47:46.385, 7, 0 MiB, 81920 MiB, 0 %
2026/07/04 05:47:56.385, 0, 14959 MiB, 81920 MiB, 0 %
2026/07/04 05:47:56.386, 1, 0 MiB, 81920 MiB, 0 %
2026/07/04 05:47:56.386, 2, 0 MiB, 81920 MiB, 0 %
2026/07/04 05:47:56.386, 3, 0 MiB, 81920 MiB, 0 %
2026/07/04 05:47:56.387, 4, 0 MiB, 81920 MiB, 0 %
2026/07/04 05:47:56.387, 5, 0 MiB, 81920 MiB, 0 %
2026/07/04 05:47:56.387, 6, 0 MiB, 81920 MiB, 0 %
2026/07/04 05:47:56.388, 7, 0 MiB, 81920 MiB, 0 %
2026/07/04 05:48:06.388, 0, 14959 MiB, 81920 MiB, 0 %
2026/07/04 05:48:06.389, 1, 0 MiB, 81920 MiB, 0 %
2026/07/04 05:48:06.389, 2, 0 MiB, 81920 MiB, 0 %
2026/07/04 05:48:06.389, 3, 0 MiB, 81920 MiB, 0 %
2026/07/04 05:48:06.390, 4, 0 MiB, 81920 MiB, 0 %
2026/07/04 05:48:06.390, 5, 0 MiB, 81920 MiB, 0 %
2026/07/04 05:48:06.390, 6, 0 MiB, 81920 MiB, 0 %
2026/07/04 05:48:06.391, 7, 0 MiB, 81920 MiB, 0 %
2026/07/04 05:48:16.391, 0, 14959 MiB, 81920 MiB, 44 %
2026/07/04 05:48:16.392, 1, 0 MiB, 81920 MiB, 0 %
2026/07/04 05:48:16.392, 2, 0 MiB, 81920 MiB, 0 %
2026/07/04 05:48:16.392, 3, 0 MiB, 81920 MiB, 0 %
2026/07/04 05:48:16.393, 4, 0 MiB, 81920 MiB, 0 %
2026/07/04 05:48:16.393, 5, 0 MiB, 81920 MiB, 0 %
2026/07/04 05:48:16.393, 6, 0 MiB, 81920 MiB, 0 %
2026/07/04 05:48:16.394, 7, 0 MiB, 81920 MiB, 0 %
2026/07/04 05:48:26.394, 0, 14959 MiB, 81920 MiB, 0 %
2026/07/04 05:48:26.395, 1, 0 MiB, 81920 MiB, 0 %
2026/07/04 05:48:26.395, 2, 0 MiB, 81920 MiB, 0 %
2026/07/04 05:48:26.395, 3, 0 MiB, 81920 MiB, 0 %
2026/07/04 05:48:26.395, 4, 0 MiB, 81920 MiB, 0 %
2026/07/04 05:48:26.396, 5, 0 MiB, 81920 MiB, 0 %
2026/07/04 05:48:26.396, 6, 0 MiB, 81920 MiB, 0 %
2026/07/04 05:48:26.396, 7, 0 MiB, 81920 MiB, 0 %
2026/07/04 05:48:36.397, 0, 14959 MiB, 81920 MiB, 0 %
2026/07/04 05:48:36.397, 1, 0 MiB, 81920 MiB, 0 %
2026/07/04 05:48:36.398, 2, 0 MiB, 81920 MiB, 0 %
2026/07/04 05:48:36.398, 3, 0 MiB, 81920 MiB, 0 %
2026/07/04 05:48:36.398, 4, 0 MiB, 81920 MiB, 0 %
2026/07/04 05:48:36.399, 5, 0 MiB, 81920 MiB, 0 %
2026/07/04 05:48:36.399, 6, 0 MiB, 81920 MiB, 0 %
2026/07/04 05:48:36.399, 7, 0 MiB, 81920 MiB, 0 %
2026/07/04 05:48:46.400, 0, 14959 MiB, 81920 MiB, 0 %
2026/07/04 05:48:46.401, 1, 0 MiB, 81920 MiB, 0 %
2026/07/04 05:48:46.401, 2, 0 MiB, 81920 MiB, 0 %
2026/07/04 05:48:46.401, 3, 0 MiB, 81920 MiB, 0 %
2026/07/04 05:48:46.402, 4, 0 MiB, 81920 MiB, 0 %
2026/07/04 05:48:46.402, 5, 0 MiB, 81920 MiB, 0 %
2026/07/04 05:48:46.402, 6, 0 MiB, 81920 MiB, 0 %
2026/07/04 05:48:46.402, 7, 0 MiB, 81920 MiB, 0 %
2026/07/04 05:48:56.403, 0, 14959 MiB, 81920 MiB, 0 %
2026/07/04 05:48:56.404, 1, 0 MiB, 81920 MiB, 0 %
2026/07/04 05:48:56.404, 2, 0 MiB, 81920 MiB, 0 %
2026/07/04 05:48:56.404, 3, 0 MiB, 81920 MiB, 0 %
2026/07/04 05:48:56.405, 4, 0 MiB, 81920 MiB, 0 %
2026/07/04 05:48:56.405, 5, 0 MiB, 81920 MiB, 0 %
2026/07/04 05:48:56.405, 6, 0 MiB, 81920 MiB, 0 %
2026/07/04 05:48:56.405, 7, 0 MiB, 81920 MiB, 0 %
2026/07/04 05:49:06.406, 0, 14959 MiB, 81920 MiB, 72 %
2026/07/04 05:49:06.407, 1, 0 MiB, 81920 MiB, 0 %
2026/07/04 05:49:06.407, 2, 0 MiB, 81920 MiB, 0 %
2026/07/04 05:49:06.407, 3, 0 MiB, 81920 MiB, 0 %
2026/07/04 05:49:06.408, 4, 0 MiB, 81920 MiB, 0 %
2026/07/04 05:49:06.408, 5, 0 MiB, 81920 MiB, 0 %
2026/07/04 05:49:06.408, 6, 0 MiB, 81920 MiB, 0 %
2026/07/04 05:49:06.409, 7, 0 MiB, 81920 MiB, 0 %
2026/07/04 05:49:16.409, 0, 14959 MiB, 81920 MiB, 0 %
2026/07/04 05:49:16.410, 1, 0 MiB, 81920 MiB, 0 %
2026/07/04 05:49:16.410, 2, 0 MiB, 81920 MiB, 0 %
2026/07/04 05:49:16.411, 3, 0 MiB, 81920 MiB, 0 %
2026/07/04 05:49:16.411, 4, 0 MiB, 81920 MiB, 0 %
2026/07/04 05:49:16.411, 5, 0 MiB, 81920 MiB, 0 %
2026/07/04 05:49:16.412, 6, 0 MiB, 81920 MiB, 0 %
2026/07/04 05:49:16.412, 7, 0 MiB, 81920 MiB, 0 %
2026/07/04 05:49:26.413, 0, 14959 MiB, 81920 MiB, 0 %
2026/07/04 05:49:26.413, 1, 0 MiB, 81920 MiB, 0 %
2026/07/04 05:49:26.413, 2, 0 MiB, 81920 MiB, 0 %
2026/07/04 05:49:26.414, 3, 0 MiB, 81920 MiB, 0 %
2026/07/04 05:49:26.414, 4, 0 MiB, 81920 MiB, 0 %
2026/07/04 05:49:26.414, 5, 0 MiB, 81920 MiB, 0 %
2026/07/04 05:49:26.415, 6, 0 MiB, 81920 MiB, 0 %
2026/07/04 05:49:26.415, 7, 0 MiB, 81920 MiB, 0 %
2026/07/04 05:49:36.416, 0, 14959 MiB, 81920 MiB, 0 %
2026/07/04 05:49:36.417, 1, 0 MiB, 81920 MiB, 0 %
2026/07/04 05:49:36.417, 2, 0 MiB, 81920 MiB, 0 %
2026/07/04 05:49:36.417, 3, 0 MiB, 81920 MiB, 0 %
2026/07/04 05:49:36.417, 4, 0 MiB, 81920 MiB, 0 %
2026/07/04 05:49:36.418, 5, 0 MiB, 81920 MiB, 0 %
2026/07/04 05:49:36.418, 6, 0 MiB, 81920 MiB, 0 %
2026/07/04 05:49:36.418, 7, 0 MiB, 81920 MiB, 0 %
2026/07/04 05:49:46.419, 0, 14959 MiB, 81920 MiB, 0 %
2026/07/04 05:49:46.419, 1, 0 MiB, 81920 MiB, 0 %
2026/07/04 05:49:46.420, 2, 0 MiB, 81920 MiB, 0 %
2026/07/04 05:49:46.420, 3, 0 MiB, 81920 MiB, 0 %
2026/07/04 05:49:46.420, 4, 0 MiB, 81920 MiB, 0 %
2026/07/04 05:49:46.421, 5, 0 MiB, 81920 MiB, 0 %
2026/07/04 05:49:46.421, 6, 0 MiB, 81920 MiB, 0 %
2026/07/04 05:49:46.421, 7, 0 MiB, 81920 MiB, 0 %
2026/07/04 05:49:56.422, 0, 14959 MiB, 81920 MiB, 74 %
2026/07/04 05:49:56.422, 1, 0 MiB, 81920 MiB, 0 %
2026/07/04 05:49:56.423, 2, 0 MiB, 81920 MiB, 0 %
2026/07/04 05:49:56.423, 3, 0 MiB, 81920 MiB, 0 %
2026/07/04 05:49:56.423, 4, 0 MiB, 81920 MiB, 0 %
2026/07/04 05:49:56.424, 5, 0 MiB, 81920 MiB, 0 %
2026/07/04 05:49:56.424, 6, 0 MiB, 81920 MiB, 0 %
2026/07/04 05:49:56.424, 7, 0 MiB, 81920 MiB, 0 %
2026/07/04 05:50:06.425, 0, 14959 MiB, 81920 MiB, 0 %
2026/07/04 05:50:06.426, 1, 0 MiB, 81920 MiB, 0 %
2026/07/04 05:50:06.426, 2, 0 MiB, 81920 MiB, 0 %
2026/07/04 05:50:06.426, 3, 0 MiB, 81920 MiB, 0 %
2026/07/04 05:50:06.426, 4, 0 MiB, 81920 MiB, 0 %
2026/07/04 05:50:06.426, 5, 0 MiB, 81920 MiB, 0 %
2026/07/04 05:50:06.426, 6, 0 MiB, 81920 MiB, 0 %
2026/07/04 05:50:06.427, 7, 0 MiB, 81920 MiB, 0 %
2026/07/04 05:50:16.427, 0, 14959 MiB, 81920 MiB, 0 %
2026/07/04 05:50:16.428, 1, 0 MiB, 81920 MiB, 0 %
2026/07/04 05:50:16.428, 2, 0 MiB, 81920 MiB, 0 %
2026/07/04 05:50:16.428, 3, 0 MiB, 81920 MiB, 0 %
2026/07/04 05:50:16.429, 4, 0 MiB, 81920 MiB, 0 %
2026/07/04 05:50:16.429, 5, 0 MiB, 81920 MiB, 0 %
2026/07/04 05:50:16.429, 6, 0 MiB, 81920 MiB, 0 %
2026/07/04 05:50:16.430, 7, 0 MiB, 81920 MiB, 0 %
2026/07/04 05:50:26.430, 0, 14959 MiB, 81920 MiB, 0 %
2026/07/04 05:50:26.431, 1, 0 MiB, 81920 MiB, 0 %
2026/07/04 05:50:26.431, 2, 0 MiB, 81920 MiB, 0 %
2026/07/04 05:50:26.431, 3, 0 MiB, 81920 MiB, 0 %
2026/07/04 05:50:26.432, 4, 0 MiB, 81920 MiB, 0 %
2026/07/04 05:50:26.432, 5, 0 MiB, 81920 MiB, 0 %
2026/07/04 05:50:26.432, 6, 0 MiB, 81920 MiB, 0 %
2026/07/04 05:50:26.433, 7, 0 MiB, 81920 MiB, 0 %
2026/07/04 05:50:36.433, 0, 14959 MiB, 81920 MiB, 0 %
2026/07/04 05:50:36.434, 1, 0 MiB, 81920 MiB, 0 %
2026/07/04 05:50:36.434, 2, 0 MiB, 81920 MiB, 0 %
2026/07/04 05:50:36.435, 3, 0 MiB, 81920 MiB, 0 %
2026/07/04 05:50:36.435, 4, 0 MiB, 81920 MiB, 0 %
2026/07/04 05:50:36.435, 5, 0 MiB, 81920 MiB, 0 %
2026/07/04 05:50:36.435, 6, 0 MiB, 81920 MiB, 0 %
2026/07/04 05:50:36.436, 7, 0 MiB, 81920 MiB, 0 %
2026/07/04 05:50:46.437, 0, 14959 MiB, 81920 MiB, 0 %
2026/07/04 05:50:46.437, 1, 0 MiB, 81920 MiB, 0 %
2026/07/04 05:50:46.437, 2, 0 MiB, 81920 MiB, 0 %
2026/07/04 05:50:46.438, 3, 0 MiB, 81920 MiB, 0 %
2026/07/04 05:50:46.438, 4, 0 MiB, 81920 MiB, 0 %
2026/07/04 05:50:46.438, 5, 0 MiB, 81920 MiB, 0 %
2026/07/04 05:50:46.439, 6, 0 MiB, 81920 MiB, 0 %
2026/07/04 05:50:46.439, 7, 0 MiB, 81920 MiB, 0 %
2026/07/04 05:50:56.440, 0, 14959 MiB, 81920 MiB, 0 %
2026/07/04 05:50:56.440, 1, 0 MiB, 81920 MiB, 0 %
2026/07/04 05:50:56.440, 2, 0 MiB, 81920 MiB, 0 %
2026/07/04 05:50:56.441, 3, 0 MiB, 81920 MiB, 0 %
2026/07/04 05:50:56.441, 4, 0 MiB, 81920 MiB, 0 %
2026/07/04 05:50:56.441, 5, 0 MiB, 81920 MiB, 0 %
2026/07/04 05:50:56.442, 6, 0 MiB, 81920 MiB, 0 %
2026/07/04 05:50:56.442, 7, 0 MiB, 81920 MiB, 0 %
2026/07/04 05:51:06.443, 0, 14959 MiB, 81920 MiB, 0 %
2026/07/04 05:51:06.443, 1, 0 MiB, 81920 MiB, 0 %
2026/07/04 05:51:06.444, 2, 0 MiB, 81920 MiB, 0 %
2026/07/04 05:51:06.444, 3, 0 MiB, 81920 MiB, 0 %
2026/07/04 05:51:06.444, 4, 0 MiB, 81920 MiB, 0 %
2026/07/04 05:51:06.444, 5, 0 MiB, 81920 MiB, 0 %
2026/07/04 05:51:06.445, 6, 0 MiB, 81920 MiB, 0 %
2026/07/04 05:51:06.445, 7, 0 MiB, 81920 MiB, 0 %
2026/07/04 05:51:16.446, 0, 14959 MiB, 81920 MiB, 0 %
2026/07/04 05:51:16.446, 1, 0 MiB, 81920 MiB, 0 %
2026/07/04 05:51:16.447, 2, 0 MiB, 81920 MiB, 0 %
2026/07/04 05:51:16.447, 3, 0 MiB, 81920 MiB, 0 %
2026/07/04 05:51:16.447, 4, 0 MiB, 81920 MiB, 0 %
2026/07/04 05:51:16.447, 5, 0 MiB, 81920 MiB, 0 %
2026/07/04 05:51:16.448, 6, 0 MiB, 81920 MiB, 0 %
2026/07/04 05:51:16.448, 7, 0 MiB, 81920 MiB, 0 %
2026/07/04 05:51:26.449, 0, 14959 MiB, 81920 MiB, 72 %
2026/07/04 05:51:26.449, 1, 0 MiB, 81920 MiB, 0 %
2026/07/04 05:51:26.450, 2, 0 MiB, 81920 MiB, 0 %
2026/07/04 05:51:26.450, 3, 0 MiB, 81920 MiB, 0 %
2026/07/04 05:51:26.450, 4, 0 MiB, 81920 MiB, 0 %
2026/07/04 05:51:26.451, 5, 0 MiB, 81920 MiB, 0 %
2026/07/04 05:51:26.451, 6, 0 MiB, 81920 MiB, 0 %
2026/07/04 05:51:26.451, 7, 0 MiB, 81920 MiB, 0 %
2026/07/04 05:51:36.452, 0, 14959 MiB, 81920 MiB, 0 %
2026/07/04 05:51:36.452, 1, 0 MiB, 81920 MiB, 0 %
2026/07/04 05:51:36.453, 2, 0 MiB, 81920 MiB, 0 %
2026/07/04 05:51:36.453, 3, 0 MiB, 81920 MiB, 0 %
2026/07/04 05:51:36.453, 4, 0 MiB, 81920 MiB, 0 %
2026/07/04 05:51:36.454, 5, 0 MiB, 81920 MiB, 0 %
2026/07/04 05:51:36.454, 6, 0 MiB, 81920 MiB, 0 %
2026/07/04 05:51:36.454, 7, 0 MiB, 81920 MiB, 0 %
2026/07/04 05:51:46.455, 0, 14959 MiB, 81920 MiB, 0 %
2026/07/04 05:51:46.456, 1, 0 MiB, 81920 MiB, 0 %
2026/07/04 05:51:46.456, 2, 0 MiB, 81920 MiB, 0 %
2026/07/04 05:51:46.456, 3, 0 MiB, 81920 MiB, 0 %
2026/07/04 05:51:46.456, 4, 0 MiB, 81920 MiB, 0 %
2026/07/04 05:51:46.457, 5, 0 MiB, 81920 MiB, 0 %
2026/07/04 05:51:46.457, 6, 0 MiB, 81920 MiB, 0 %
2026/07/04 05:51:46.457, 7, 0 MiB, 81920 MiB, 0 %
2026/07/04 05:51:56.458, 0, 14959 MiB, 81920 MiB, 0 %
2026/07/04 05:51:56.459, 1, 0 MiB, 81920 MiB, 0 %
2026/07/04 05:51:56.459, 2, 0 MiB, 81920 MiB, 0 %
2026/07/04 05:51:56.459, 3, 0 MiB, 81920 MiB, 0 %
2026/07/04 05:51:56.459, 4, 0 MiB, 81920 MiB, 0 %
2026/07/04 05:51:56.460, 5, 0 MiB, 81920 MiB, 0 %
2026/07/04 05:51:56.460, 6, 0 MiB, 81920 MiB, 0 %
2026/07/04 05:51:56.460, 7, 0 MiB, 81920 MiB, 0 %
2026/07/04 05:52:06.461, 0, 14959 MiB, 81920 MiB, 0 %
2026/07/04 05:52:06.462, 1, 0 MiB, 81920 MiB, 0 %
2026/07/04 05:52:06.462, 2, 0 MiB, 81920 MiB, 0 %
2026/07/04 05:52:06.462, 3, 0 MiB, 81920 MiB, 0 %
2026/07/04 05:52:06.463, 4, 0 MiB, 81920 MiB, 0 %
2026/07/04 05:52:06.463, 5, 0 MiB, 81920 MiB, 0 %
2026/07/04 05:52:06.463, 6, 0 MiB, 81920 MiB, 0 %
2026/07/04 05:52:06.464, 7, 0 MiB, 81920 MiB, 0 %
2026/07/04 05:52:16.465, 0, 14959 MiB, 81920 MiB, 0 %
2026/07/04 05:52:16.465, 1, 0 MiB, 81920 MiB, 0 %
2026/07/04 05:52:16.465, 2, 0 MiB, 81920 MiB, 0 %
2026/07/04 05:52:16.466, 3, 0 MiB, 81920 MiB, 0 %
2026/07/04 05:52:16.466, 4, 0 MiB, 81920 MiB, 0 %
2026/07/04 05:52:16.467, 5, 0 MiB, 81920 MiB, 0 %
2026/07/04 05:52:16.467, 6, 0 MiB, 81920 MiB, 0 %
2026/07/04 05:52:16.467, 7, 0 MiB, 81920 MiB, 0 %
2026/07/04 05:52:26.468, 0, 14959 MiB, 81920 MiB, 71 %
2026/07/04 05:52:26.469, 1, 0 MiB, 81920 MiB, 0 %
2026/07/04 05:52:26.469, 2, 0 MiB, 81920 MiB, 0 %
2026/07/04 05:52:26.470, 3, 0 MiB, 81920 MiB, 0 %
2026/07/04 05:52:26.470, 4, 0 MiB, 81920 MiB, 0 %
2026/07/04 05:52:26.470, 5, 0 MiB, 81920 MiB, 0 %
2026/07/04 05:52:26.471, 6, 0 MiB, 81920 MiB, 0 %
2026/07/04 05:52:26.471, 7, 0 MiB, 81920 MiB, 0 %
2026/07/04 05:52:36.472, 0, 14959 MiB, 81920 MiB, 99 %
2026/07/04 05:52:36.472, 1, 0 MiB, 81920 MiB, 0 %
2026/07/04 05:52:36.473, 2, 0 MiB, 81920 MiB, 0 %
2026/07/04 05:52:36.473, 3, 0 MiB, 81920 MiB, 0 %
2026/07/04 05:52:36.473, 4, 0 MiB, 81920 MiB, 0 %
2026/07/04 05:52:36.474, 5, 0 MiB, 81920 MiB, 0 %
2026/07/04 05:52:36.474, 6, 0 MiB, 81920 MiB, 0 %
2026/07/04 05:52:36.474, 7, 0 MiB, 81920 MiB, 0 %
2026/07/04 05:52:46.475, 0, 14959 MiB, 81920 MiB, 0 %
2026/07/04 05:52:46.476, 1, 0 MiB, 81920 MiB, 0 %
2026/07/04 05:52:46.476, 2, 0 MiB, 81920 MiB, 0 %
2026/07/04 05:52:46.476, 3, 0 MiB, 81920 MiB, 0 %
2026/07/04 05:52:46.477, 4, 0 MiB, 81920 MiB, 0 %
2026/07/04 05:52:46.477, 5, 0 MiB, 81920 MiB, 0 %
2026/07/04 05:52:46.478, 6, 0 MiB, 81920 MiB, 0 %
2026/07/04 05:52:46.478, 7, 0 MiB, 81920 MiB, 0 %
2026/07/04 05:52:56.479, 0, 14959 MiB, 81920 MiB, 0 %
2026/07/04 05:52:56.479, 1, 0 MiB, 81920 MiB, 0 %
2026/07/04 05:52:56.480, 2, 0 MiB, 81920 MiB, 0 %
2026/07/04 05:52:56.480, 3, 0 MiB, 81920 MiB, 0 %
2026/07/04 05:52:56.480, 4, 0 MiB, 81920 MiB, 0 %
2026/07/04 05:52:56.481, 5, 0 MiB, 81920 MiB, 0 %
2026/07/04 05:52:56.481, 6, 0 MiB, 81920 MiB, 0 %
2026/07/04 05:52:56.481, 7, 0 MiB, 81920 MiB, 0 %
2026/07/04 05:53:06.482, 0, 14959 MiB, 81920 MiB, 30 %
2026/07/04 05:53:06.483, 1, 0 MiB, 81920 MiB, 0 %
2026/07/04 05:53:06.483, 2, 0 MiB, 81920 MiB, 0 %
2026/07/04 05:53:06.484, 3, 0 MiB, 81920 MiB, 0 %
2026/07/04 05:53:06.484, 4, 0 MiB, 81920 MiB, 0 %
2026/07/04 05:53:06.484, 5, 0 MiB, 81920 MiB, 0 %
2026/07/04 05:53:06.485, 6, 0 MiB, 81920 MiB, 0 %
2026/07/04 05:53:06.485, 7, 0 MiB, 81920 MiB, 0 %
2026/07/04 05:53:16.486, 0, 14959 MiB, 81920 MiB, 0 %
2026/07/04 05:53:16.486, 1, 0 MiB, 81920 MiB, 0 %
2026/07/04 05:53:16.487, 2, 0 MiB, 81920 MiB, 0 %
2026/07/04 05:53:16.487, 3, 0 MiB, 81920 MiB, 0 %
2026/07/04 05:53:16.487, 4, 0 MiB, 81920 MiB, 0 %
2026/07/04 05:53:16.488, 5, 0 MiB, 81920 MiB, 0 %
2026/07/04 05:53:16.488, 6, 0 MiB, 81920 MiB, 0 %
2026/07/04 05:53:16.488, 7, 0 MiB, 81920 MiB, 0 %
2026/07/04 05:53:26.489, 0, 14959 MiB, 81920 MiB, 0 %
2026/07/04 05:53:26.490, 1, 0 MiB, 81920 MiB, 0 %
2026/07/04 05:53:26.490, 2, 0 MiB, 81920 MiB, 0 %
2026/07/04 05:53:26.490, 3, 0 MiB, 81920 MiB, 0 %
2026/07/04 05:53:26.491, 4, 0 MiB, 81920 MiB, 0 %
2026/07/04 05:53:26.491, 5, 0 MiB, 81920 MiB, 0 %
2026/07/04 05:53:26.491, 6, 0 MiB, 81920 MiB, 0 %
2026/07/04 05:53:26.492, 7, 0 MiB, 81920 MiB, 0 %
2026/07/04 05:53:36.493, 0, 14959 MiB, 81920 MiB, 0 %
2026/07/04 05:53:36.493, 1, 0 MiB, 81920 MiB, 0 %
2026/07/04 05:53:36.494, 2, 0 MiB, 81920 MiB, 0 %
2026/07/04 05:53:36.494, 3, 0 MiB, 81920 MiB, 0 %
2026/07/04 05:53:36.494, 4, 0 MiB, 81920 MiB, 0 %
2026/07/04 05:53:36.495, 5, 0 MiB, 81920 MiB, 0 %
2026/07/04 05:53:36.495, 6, 0 MiB, 81920 MiB, 0 %
2026/07/04 05:53:36.495, 7, 0 MiB, 81920 MiB, 0 %
2026/07/04 05:53:46.496, 0, 14959 MiB, 81920 MiB, 0 %
2026/07/04 05:53:46.497, 1, 0 MiB, 81920 MiB, 0 %
2026/07/04 05:53:46.497, 2, 0 MiB, 81920 MiB, 0 %
2026/07/04 05:53:46.497, 3, 0 MiB, 81920 MiB, 0 %
2026/07/04 05:53:46.498, 4, 0 MiB, 81920 MiB, 0 %
2026/07/04 05:53:46.498, 5, 0 MiB, 81920 MiB, 0 %
2026/07/04 05:53:46.498, 6, 0 MiB, 81920 MiB, 0 %
2026/07/04 05:53:46.499, 7, 0 MiB, 81920 MiB, 0 %
2026/07/04 05:53:56.500, 0, 14959 MiB, 81920 MiB, 0 %
2026/07/04 05:53:56.500, 1, 0 MiB, 81920 MiB, 0 %
2026/07/04 05:53:56.500, 2, 0 MiB, 81920 MiB, 0 %
2026/07/04 05:53:56.501, 3, 0 MiB, 81920 MiB, 0 %
2026/07/04 05:53:56.501, 4, 0 MiB, 81920 MiB, 0 %
2026/07/04 05:53:56.502, 5, 0 MiB, 81920 MiB, 0 %
2026/07/04 05:53:56.502, 6, 0 MiB, 81920 MiB, 0 %
2026/07/04 05:53:56.502, 7, 0 MiB, 81920 MiB, 0 %
2026/07/04 05:54:06.503, 0, 14959 MiB, 81920 MiB, 0 %
2026/07/04 05:54:06.504, 1, 0 MiB, 81920 MiB, 0 %
2026/07/04 05:54:06.504, 2, 0 MiB, 81920 MiB, 0 %
2026/07/04 05:54:06.504, 3, 0 MiB, 81920 MiB, 0 %
2026/07/04 05:54:06.505, 4, 0 MiB, 81920 MiB, 0 %
2026/07/04 05:54:06.505, 5, 0 MiB, 81920 MiB, 0 %
2026/07/04 05:54:06.505, 6, 0 MiB, 81920 MiB, 0 %
2026/07/04 05:54:06.506, 7, 0 MiB, 81920 MiB, 0 %
2026/07/04 05:54:16.507, 0, 14959 MiB, 81920 MiB, 71 %
2026/07/04 05:54:16.507, 1, 0 MiB, 81920 MiB, 0 %
2026/07/04 05:54:16.507, 2, 0 MiB, 81920 MiB, 0 %
2026/07/04 05:54:16.508, 3, 0 MiB, 81920 MiB, 0 %
2026/07/04 05:54:16.508, 4, 0 MiB, 81920 MiB, 0 %
2026/07/04 05:54:16.508, 5, 0 MiB, 81920 MiB, 0 %
2026/07/04 05:54:16.509, 6, 0 MiB, 81920 MiB, 0 %
2026/07/04 05:54:16.509, 7, 0 MiB, 81920 MiB, 0 %
2026/07/04 05:54:26.510, 0, 14959 MiB, 81920 MiB, 0 %
2026/07/04 05:54:26.510, 1, 0 MiB, 81920 MiB, 0 %
2026/07/04 05:54:26.511, 2, 0 MiB, 81920 MiB, 0 %
2026/07/04 05:54:26.511, 3, 0 MiB, 81920 MiB, 0 %
2026/07/04 05:54:26.511, 4, 0 MiB, 81920 MiB, 0 %
2026/07/04 05:54:26.512, 5, 0 MiB, 81920 MiB, 0 %
2026/07/04 05:54:26.512, 6, 0 MiB, 81920 MiB, 0 %
2026/07/04 05:54:26.512, 7, 0 MiB, 81920 MiB, 0 %
2026/07/04 05:54:36.513, 0, 14959 MiB, 81920 MiB, 100 %
2026/07/04 05:54:36.513, 1, 0 MiB, 81920 MiB, 0 %
2026/07/04 05:54:36.514, 2, 0 MiB, 81920 MiB, 0 %
2026/07/04 05:54:36.514, 3, 0 MiB, 81920 MiB, 0 %
2026/07/04 05:54:36.514, 4, 0 MiB, 81920 MiB, 0 %
2026/07/04 05:54:36.515, 5, 0 MiB, 81920 MiB, 0 %
2026/07/04 05:54:36.515, 6, 0 MiB, 81920 MiB, 0 %
2026/07/04 05:54:36.515, 7, 0 MiB, 81920 MiB, 0 %
2026/07/04 05:54:46.516, 0, 14959 MiB, 81920 MiB, 0 %
2026/07/04 05:54:46.516, 1, 0 MiB, 81920 MiB, 0 %
2026/07/04 05:54:46.517, 2, 0 MiB, 81920 MiB, 0 %
2026/07/04 05:54:46.517, 3, 0 MiB, 81920 MiB, 0 %
2026/07/04 05:54:46.517, 4, 0 MiB, 81920 MiB, 0 %
2026/07/04 05:54:46.518, 5, 0 MiB, 81920 MiB, 0 %
2026/07/04 05:54:46.518, 6, 0 MiB, 81920 MiB, 0 %
2026/07/04 05:54:46.518, 7, 0 MiB, 81920 MiB, 0 %
2026/07/04 05:54:56.519, 0, 14959 MiB, 81920 MiB, 0 %
2026/07/04 05:54:56.520, 1, 0 MiB, 81920 MiB, 0 %
2026/07/04 05:54:56.520, 2, 0 MiB, 81920 MiB, 0 %
2026/07/04 05:54:56.520, 3, 0 MiB, 81920 MiB, 0 %
2026/07/04 05:54:56.520, 4, 0 MiB, 81920 MiB, 0 %
2026/07/04 05:54:56.521, 5, 0 MiB, 81920 MiB, 0 %
2026/07/04 05:54:56.521, 6, 0 MiB, 81920 MiB, 0 %
2026/07/04 05:54:56.521, 7, 0 MiB, 81920 MiB, 0 %
2026/07/04 05:55:06.522, 0, 14959 MiB, 81920 MiB, 0 %
2026/07/04 05:55:06.523, 1, 0 MiB, 81920 MiB, 0 %
2026/07/04 05:55:06.523, 2, 0 MiB, 81920 MiB, 0 %
2026/07/04 05:55:06.523, 3, 0 MiB, 81920 MiB, 0 %
2026/07/04 05:55:06.524, 4, 0 MiB, 81920 MiB, 0 %
2026/07/04 05:55:06.524, 5, 0 MiB, 81920 MiB, 0 %
2026/07/04 05:55:06.524, 6, 0 MiB, 81920 MiB, 0 %
2026/07/04 05:55:06.525, 7, 0 MiB, 81920 MiB, 0 %
2026/07/04 05:55:16.525, 0, 14959 MiB, 81920 MiB, 0 %
2026/07/04 05:55:16.526, 1, 0 MiB, 81920 MiB, 0 %
2026/07/04 05:55:16.526, 2, 0 MiB, 81920 MiB, 0 %
2026/07/04 05:55:16.526, 3, 0 MiB, 81920 MiB, 0 %
2026/07/04 05:55:16.527, 4, 0 MiB, 81920 MiB, 0 %
2026/07/04 05:55:16.527, 5, 0 MiB, 81920 MiB, 0 %
2026/07/04 05:55:16.527, 6, 0 MiB, 81920 MiB, 0 %
2026/07/04 05:55:16.527, 7, 0 MiB, 81920 MiB, 0 %
2026/07/04 05:55:26.528, 0, 14959 MiB, 81920 MiB, 0 %
2026/07/04 05:55:26.529, 1, 0 MiB, 81920 MiB, 0 %
2026/07/04 05:55:26.529, 2, 0 MiB, 81920 MiB, 0 %
2026/07/04 05:55:26.530, 3, 0 MiB, 81920 MiB, 0 %
2026/07/04 05:55:26.530, 4, 0 MiB, 81920 MiB, 0 %
2026/07/04 05:55:26.530, 5, 0 MiB, 81920 MiB, 0 %
2026/07/04 05:55:26.531, 6, 0 MiB, 81920 MiB, 0 %
2026/07/04 05:55:26.531, 7, 0 MiB, 81920 MiB, 0 %
2026/07/04 05:55:36.532, 0, 14959 MiB, 81920 MiB, 0 %
2026/07/04 05:55:36.532, 1, 0 MiB, 81920 MiB, 0 %
2026/07/04 05:55:36.532, 2, 0 MiB, 81920 MiB, 0 %
2026/07/04 05:55:36.533, 3, 0 MiB, 81920 MiB, 0 %
2026/07/04 05:55:36.533, 4, 0 MiB, 81920 MiB, 0 %
2026/07/04 05:55:36.533, 5, 0 MiB, 81920 MiB, 0 %
2026/07/04 05:55:36.534, 6, 0 MiB, 81920 MiB, 0 %
2026/07/04 05:55:36.534, 7, 0 MiB, 81920 MiB, 0 %
2026/07/04 05:55:46.535, 0, 14959 MiB, 81920 MiB, 0 %
2026/07/04 05:55:46.535, 1, 0 MiB, 81920 MiB, 0 %
2026/07/04 05:55:46.536, 2, 0 MiB, 81920 MiB, 0 %
2026/07/04 05:55:46.536, 3, 0 MiB, 81920 MiB, 0 %
2026/07/04 05:55:46.536, 4, 0 MiB, 81920 MiB, 0 %
2026/07/04 05:55:46.536, 5, 0 MiB, 81920 MiB, 0 %
2026/07/04 05:55:46.537, 6, 0 MiB, 81920 MiB, 0 %
2026/07/04 05:55:46.537, 7, 0 MiB, 81920 MiB, 0 %
2026/07/04 05:55:56.538, 0, 14959 MiB, 81920 MiB, 0 %
2026/07/04 05:55:56.538, 1, 0 MiB, 81920 MiB, 0 %
2026/07/04 05:55:56.539, 2, 0 MiB, 81920 MiB, 0 %
2026/07/04 05:55:56.539, 3, 0 MiB, 81920 MiB, 0 %
2026/07/04 05:55:56.539, 4, 0 MiB, 81920 MiB, 0 %
2026/07/04 05:55:56.540, 5, 0 MiB, 81920 MiB, 0 %
2026/07/04 05:55:56.540, 6, 0 MiB, 81920 MiB, 0 %
2026/07/04 05:55:56.540, 7, 0 MiB, 81920 MiB, 0 %
2026/07/04 05:56:06.541, 0, 14959 MiB, 81920 MiB, 0 %
2026/07/04 05:56:06.541, 1, 0 MiB, 81920 MiB, 0 %
2026/07/04 05:56:06.542, 2, 0 MiB, 81920 MiB, 0 %
2026/07/04 05:56:06.542, 3, 0 MiB, 81920 MiB, 0 %
2026/07/04 05:56:06.542, 4, 0 MiB, 81920 MiB, 0 %
2026/07/04 05:56:06.543, 5, 0 MiB, 81920 MiB, 0 %
2026/07/04 05:56:06.543, 6, 0 MiB, 81920 MiB, 0 %
2026/07/04 05:56:06.543, 7, 0 MiB, 81920 MiB, 0 %
2026/07/04 05:56:16.544, 0, 14959 MiB, 81920 MiB, 0 %
2026/07/04 05:56:16.544, 1, 0 MiB, 81920 MiB, 0 %
2026/07/04 05:56:16.545, 2, 0 MiB, 81920 MiB, 0 %
2026/07/04 05:56:16.545, 3, 0 MiB, 81920 MiB, 0 %
2026/07/04 05:56:16.545, 4, 0 MiB, 81920 MiB, 0 %
2026/07/04 05:56:16.546, 5, 0 MiB, 81920 MiB, 0 %
2026/07/04 05:56:16.546, 6, 0 MiB, 81920 MiB, 0 %
2026/07/04 05:56:16.546, 7, 0 MiB, 81920 MiB, 0 %
2026/07/04 05:56:26.547, 0, 14959 MiB, 81920 MiB, 0 %
2026/07/04 05:56:26.548, 1, 0 MiB, 81920 MiB, 0 %
2026/07/04 05:56:26.548, 2, 0 MiB, 81920 MiB, 0 %
2026/07/04 05:56:26.548, 3, 0 MiB, 81920 MiB, 0 %
2026/07/04 05:56:26.548, 4, 0 MiB, 81920 MiB, 0 %
2026/07/04 05:56:26.549, 5, 0 MiB, 81920 MiB, 0 %
2026/07/04 05:56:26.549, 6, 0 MiB, 81920 MiB, 0 %
2026/07/04 05:56:26.549, 7, 0 MiB, 81920 MiB, 0 %
2026/07/04 05:56:36.550, 0, 14959 MiB, 81920 MiB, 0 %
2026/07/04 05:56:36.551, 1, 0 MiB, 81920 MiB, 0 %
2026/07/04 05:56:36.551, 2, 0 MiB, 81920 MiB, 0 %
2026/07/04 05:56:36.551, 3, 0 MiB, 81920 MiB, 0 %
2026/07/04 05:56:36.552, 4, 0 MiB, 81920 MiB, 0 %
2026/07/04 05:56:36.552, 5, 0 MiB, 81920 MiB, 0 %
2026/07/04 05:56:36.552, 6, 0 MiB, 81920 MiB, 0 %
2026/07/04 05:56:36.552, 7, 0 MiB, 81920 MiB, 0 %
2026/07/04 05:56:46.553, 0, 14959 MiB, 81920 MiB, 0 %
2026/07/04 05:56:46.554, 1, 0 MiB, 81920 MiB, 0 %
2026/07/04 05:56:46.554, 2, 0 MiB, 81920 MiB, 0 %
2026/07/04 05:56:46.554, 3, 0 MiB, 81920 MiB, 0 %
2026/07/04 05:56:46.554, 4, 0 MiB, 81920 MiB, 0 %
2026/07/04 05:56:46.555, 5, 0 MiB, 81920 MiB, 0 %
2026/07/04 05:56:46.555, 6, 0 MiB, 81920 MiB, 0 %
2026/07/04 05:56:46.555, 7, 0 MiB, 81920 MiB, 0 %
2026/07/04 05:56:56.556, 0, 14959 MiB, 81920 MiB, 0 %
2026/07/04 05:56:56.556, 1, 0 MiB, 81920 MiB, 0 %
2026/07/04 05:56:56.557, 2, 0 MiB, 81920 MiB, 0 %
2026/07/04 05:56:56.557, 3, 0 MiB, 81920 MiB, 0 %
2026/07/04 05:56:56.557, 4, 0 MiB, 81920 MiB, 0 %
2026/07/04 05:56:56.558, 5, 0 MiB, 81920 MiB, 0 %
2026/07/04 05:56:56.558, 6, 0 MiB, 81920 MiB, 0 %
2026/07/04 05:56:56.558, 7, 0 MiB, 81920 MiB, 0 %
2026/07/04 05:57:06.559, 0, 14959 MiB, 81920 MiB, 0 %
2026/07/04 05:57:06.559, 1, 0 MiB, 81920 MiB, 0 %
2026/07/04 05:57:06.560, 2, 0 MiB, 81920 MiB, 0 %
2026/07/04 05:57:06.560, 3, 0 MiB, 81920 MiB, 0 %
2026/07/04 05:57:06.560, 4, 0 MiB, 81920 MiB, 0 %
2026/07/04 05:57:06.561, 5, 0 MiB, 81920 MiB, 0 %
2026/07/04 05:57:06.561, 6, 0 MiB, 81920 MiB, 0 %
2026/07/04 05:57:06.561, 7, 0 MiB, 81920 MiB, 0 %
2026/07/04 05:57:16.562, 0, 14959 MiB, 81920 MiB, 0 %
2026/07/04 05:57:16.562, 1, 0 MiB, 81920 MiB, 0 %
2026/07/04 05:57:16.563, 2, 0 MiB, 81920 MiB, 0 %
2026/07/04 05:57:16.563, 3, 0 MiB, 81920 MiB, 0 %
2026/07/04 05:57:16.563, 4, 0 MiB, 81920 MiB, 0 %
2026/07/04 05:57:16.563, 5, 0 MiB, 81920 MiB, 0 %
2026/07/04 05:57:16.564, 6, 0 MiB, 81920 MiB, 0 %
2026/07/04 05:57:16.564, 7, 0 MiB, 81920 MiB, 0 %
2026/07/04 05:57:26.565, 0, 14959 MiB, 81920 MiB, 0 %
2026/07/04 05:57:26.566, 1, 0 MiB, 81920 MiB, 0 %
2026/07/04 05:57:26.566, 2, 0 MiB, 81920 MiB, 0 %
2026/07/04 05:57:26.566, 3, 0 MiB, 81920 MiB, 0 %
2026/07/04 05:57:26.567, 4, 0 MiB, 81920 MiB, 0 %
2026/07/04 05:57:26.567, 5, 0 MiB, 81920 MiB, 0 %
2026/07/04 05:57:26.567, 6, 0 MiB, 81920 MiB, 0 %
2026/07/04 05:57:26.568, 7, 0 MiB, 81920 MiB, 0 %
2026/07/04 05:57:36.568, 0, 14959 MiB, 81920 MiB, 0 %
2026/07/04 05:57:36.569, 1, 0 MiB, 81920 MiB, 0 %
2026/07/04 05:57:36.569, 2, 0 MiB, 81920 MiB, 0 %
2026/07/04 05:57:36.569, 3, 0 MiB, 81920 MiB, 0 %
2026/07/04 05:57:36.570, 4, 0 MiB, 81920 MiB, 0 %
2026/07/04 05:57:36.570, 5, 0 MiB, 81920 MiB, 0 %
2026/07/04 05:57:36.570, 6, 0 MiB, 81920 MiB, 0 %
2026/07/04 05:57:36.571, 7, 0 MiB, 81920 MiB, 0 %
2026/07/04 05:57:46.571, 0, 14959 MiB, 81920 MiB, 0 %
2026/07/04 05:57:46.572, 1, 0 MiB, 81920 MiB, 0 %
2026/07/04 05:57:46.572, 2, 0 MiB, 81920 MiB, 0 %
2026/07/04 05:57:46.572, 3, 0 MiB, 81920 MiB, 0 %
2026/07/04 05:57:46.573, 4, 0 MiB, 81920 MiB, 0 %
2026/07/04 05:57:46.573, 5, 0 MiB, 81920 MiB, 0 %
2026/07/04 05:57:46.573, 6, 0 MiB, 81920 MiB, 0 %
2026/07/04 05:57:46.574, 7, 0 MiB, 81920 MiB, 0 %
2026/07/04 05:57:56.574, 0, 14959 MiB, 81920 MiB, 0 %
2026/07/04 05:57:56.575, 1, 0 MiB, 81920 MiB, 0 %
2026/07/04 05:57:56.575, 2, 0 MiB, 81920 MiB, 0 %
2026/07/04 05:57:56.575, 3, 0 MiB, 81920 MiB, 0 %
2026/07/04 05:57:56.576, 4, 0 MiB, 81920 MiB, 0 %
2026/07/04 05:57:56.576, 5, 0 MiB, 81920 MiB, 0 %
2026/07/04 05:57:56.576, 6, 0 MiB, 81920 MiB, 0 %
2026/07/04 05:57:56.576, 7, 0 MiB, 81920 MiB, 0 %
2026/07/04 05:58:06.577, 0, 14959 MiB, 81920 MiB, 0 %
2026/07/04 05:58:06.578, 1, 0 MiB, 81920 MiB, 0 %
2026/07/04 05:58:06.578, 2, 0 MiB, 81920 MiB, 0 %
2026/07/04 05:58:06.578, 3, 0 MiB, 81920 MiB, 0 %
2026/07/04 05:58:06.579, 4, 0 MiB, 81920 MiB, 0 %
2026/07/04 05:58:06.579, 5, 0 MiB, 81920 MiB, 0 %
2026/07/04 05:58:06.579, 6, 0 MiB, 81920 MiB, 0 %
2026/07/04 05:58:06.579, 7, 0 MiB, 81920 MiB, 0 %
2026/07/04 05:58:16.580, 0, 14959 MiB, 81920 MiB, 0 %
2026/07/04 05:58:16.581, 1, 0 MiB, 81920 MiB, 0 %
2026/07/04 05:58:16.581, 2, 0 MiB, 81920 MiB, 0 %
2026/07/04 05:58:16.581, 3, 0 MiB, 81920 MiB, 0 %
2026/07/04 05:58:16.582, 4, 0 MiB, 81920 MiB, 0 %
2026/07/04 05:58:16.582, 5, 0 MiB, 81920 MiB, 0 %
2026/07/04 05:58:16.582, 6, 0 MiB, 81920 MiB, 0 %
2026/07/04 05:58:16.582, 7, 0 MiB, 81920 MiB, 0 %
2026/07/04 05:58:26.583, 0, 14959 MiB, 81920 MiB, 0 %
2026/07/04 05:58:26.584, 1, 0 MiB, 81920 MiB, 0 %
2026/07/04 05:58:26.584, 2, 0 MiB, 81920 MiB, 0 %
2026/07/04 05:58:26.584, 3, 0 MiB, 81920 MiB, 0 %
2026/07/04 05:58:26.585, 4, 0 MiB, 81920 MiB, 0 %
2026/07/04 05:58:26.585, 5, 0 MiB, 81920 MiB, 0 %
2026/07/04 05:58:26.585, 6, 0 MiB, 81920 MiB, 0 %
2026/07/04 05:58:26.586, 7, 0 MiB, 81920 MiB, 0 %
2026/07/04 05:58:36.586, 0, 14959 MiB, 81920 MiB, 0 %
2026/07/04 05:58:36.587, 1, 0 MiB, 81920 MiB, 0 %
2026/07/04 05:58:36.587, 2, 0 MiB, 81920 MiB, 0 %
2026/07/04 05:58:36.587, 3, 0 MiB, 81920 MiB, 0 %
2026/07/04 05:58:36.588, 4, 0 MiB, 81920 MiB, 0 %
2026/07/04 05:58:36.588, 5, 0 MiB, 81920 MiB, 0 %
2026/07/04 05:58:36.588, 6, 0 MiB, 81920 MiB, 0 %
2026/07/04 05:58:36.589, 7, 0 MiB, 81920 MiB, 0 %
2026/07/04 05:58:46.589, 0, 14959 MiB, 81920 MiB, 0 %
2026/07/04 05:58:46.590, 1, 0 MiB, 81920 MiB, 0 %
2026/07/04 05:58:46.590, 2, 0 MiB, 81920 MiB, 0 %
2026/07/04 05:58:46.591, 3, 0 MiB, 81920 MiB, 0 %
2026/07/04 05:58:46.591, 4, 0 MiB, 81920 MiB, 0 %
2026/07/04 05:58:46.591, 5, 0 MiB, 81920 MiB, 0 %
2026/07/04 05:58:46.592, 6, 0 MiB, 81920 MiB, 0 %
2026/07/04 05:58:46.592, 7, 0 MiB, 81920 MiB, 0 %
2026/07/04 05:58:56.593, 0, 14959 MiB, 81920 MiB, 0 %
2026/07/04 05:58:56.593, 1, 0 MiB, 81920 MiB, 0 %
2026/07/04 05:58:56.594, 2, 0 MiB, 81920 MiB, 0 %
2026/07/04 05:58:56.594, 3, 0 MiB, 81920 MiB, 0 %
2026/07/04 05:58:56.594, 4, 0 MiB, 81920 MiB, 0 %
2026/07/04 05:58:56.594, 5, 0 MiB, 81920 MiB, 0 %
2026/07/04 05:58:56.595, 6, 0 MiB, 81920 MiB, 0 %
2026/07/04 05:58:56.595, 7, 0 MiB, 81920 MiB, 0 %
2026/07/04 05:59:06.596, 0, 14959 MiB, 81920 MiB, 0 %
2026/07/04 05:59:06.596, 1, 0 MiB, 81920 MiB, 0 %
2026/07/04 05:59:06.597, 2, 0 MiB, 81920 MiB, 0 %
2026/07/04 05:59:06.597, 3, 0 MiB, 81920 MiB, 0 %
2026/07/04 05:59:06.597, 4, 0 MiB, 81920 MiB, 0 %
2026/07/04 05:59:06.598, 5, 0 MiB, 81920 MiB, 0 %
2026/07/04 05:59:06.598, 6, 0 MiB, 81920 MiB, 0 %
2026/07/04 05:59:06.598, 7, 0 MiB, 81920 MiB, 0 %
2026/07/04 05:59:16.599, 0, 14959 MiB, 81920 MiB, 0 %
2026/07/04 05:59:16.599, 1, 0 MiB, 81920 MiB, 0 %
2026/07/04 05:59:16.600, 2, 0 MiB, 81920 MiB, 0 %
2026/07/04 05:59:16.600, 3, 0 MiB, 81920 MiB, 0 %
2026/07/04 05:59:16.600, 4, 0 MiB, 81920 MiB, 0 %
2026/07/04 05:59:16.601, 5, 0 MiB, 81920 MiB, 0 %
2026/07/04 05:59:16.601, 6, 0 MiB, 81920 MiB, 0 %
2026/07/04 05:59:16.601, 7, 0 MiB, 81920 MiB, 0 %
2026/07/04 05:59:26.602, 0, 14959 MiB, 81920 MiB, 0 %
2026/07/04 05:59:26.602, 1, 0 MiB, 81920 MiB, 0 %
2026/07/04 05:59:26.602, 2, 0 MiB, 81920 MiB, 0 %
2026/07/04 05:59:26.603, 3, 0 MiB, 81920 MiB, 0 %
2026/07/04 05:59:26.603, 4, 0 MiB, 81920 MiB, 0 %
2026/07/04 05:59:26.603, 5, 0 MiB, 81920 MiB, 0 %
2026/07/04 05:59:26.603, 6, 0 MiB, 81920 MiB, 0 %
2026/07/04 05:59:26.603, 7, 0 MiB, 81920 MiB, 0 %
2026/07/04 05:59:36.604, 0, 14959 MiB, 81920 MiB, 0 %
2026/07/04 05:59:36.604, 1, 0 MiB, 81920 MiB, 0 %
2026/07/04 05:59:36.605, 2, 0 MiB, 81920 MiB, 0 %
2026/07/04 05:59:36.605, 3, 0 MiB, 81920 MiB, 0 %
2026/07/04 05:59:36.605, 4, 0 MiB, 81920 MiB, 0 %
2026/07/04 05:59:36.606, 5, 0 MiB, 81920 MiB, 0 %
2026/07/04 05:59:36.606, 6, 0 MiB, 81920 MiB, 0 %
2026/07/04 05:59:36.607, 7, 0 MiB, 81920 MiB, 0 %
2026/07/04 05:59:46.607, 0, 14959 MiB, 81920 MiB, 0 %
2026/07/04 05:59:46.608, 1, 0 MiB, 81920 MiB, 0 %
2026/07/04 05:59:46.608, 2, 0 MiB, 81920 MiB, 0 %
2026/07/04 05:59:46.609, 3, 0 MiB, 81920 MiB, 0 %
2026/07/04 05:59:46.609, 4, 0 MiB, 81920 MiB, 0 %
2026/07/04 05:59:46.609, 5, 0 MiB, 81920 MiB, 0 %
2026/07/04 05:59:46.609, 6, 0 MiB, 81920 MiB, 0 %
2026/07/04 05:59:46.610, 7, 0 MiB, 81920 MiB, 0 %
2026/07/04 05:59:56.611, 0, 14959 MiB, 81920 MiB, 0 %
2026/07/04 05:59:56.611, 1, 0 MiB, 81920 MiB, 0 %
2026/07/04 05:59:56.611, 2, 0 MiB, 81920 MiB, 0 %
2026/07/04 05:59:56.612, 3, 0 MiB, 81920 MiB, 0 %
2026/07/04 05:59:56.612, 4, 0 MiB, 81920 MiB, 0 %
2026/07/04 05:59:56.612, 5, 0 MiB, 81920 MiB, 0 %
2026/07/04 05:59:56.613, 6, 0 MiB, 81920 MiB, 0 %
2026/07/04 05:59:56.613, 7, 0 MiB, 81920 MiB, 0 %
2026/07/04 06:00:06.614, 0, 14959 MiB, 81920 MiB, 0 %
2026/07/04 06:00:06.614, 1, 0 MiB, 81920 MiB, 0 %
2026/07/04 06:00:06.614, 2, 0 MiB, 81920 MiB, 0 %
2026/07/04 06:00:06.615, 3, 0 MiB, 81920 MiB, 0 %
2026/07/04 06:00:06.615, 4, 0 MiB, 81920 MiB, 0 %
2026/07/04 06:00:06.615, 5, 0 MiB, 81920 MiB, 0 %
2026/07/04 06:00:06.616, 6, 0 MiB, 81920 MiB, 0 %
2026/07/04 06:00:06.616, 7, 0 MiB, 81920 MiB, 0 %
2026/07/04 06:00:16.617, 0, 14959 MiB, 81920 MiB, 0 %
2026/07/04 06:00:16.617, 1, 0 MiB, 81920 MiB, 0 %
2026/07/04 06:00:16.618, 2, 0 MiB, 81920 MiB, 0 %
2026/07/04 06:00:16.618, 3, 0 MiB, 81920 MiB, 0 %
2026/07/04 06:00:16.618, 4, 0 MiB, 81920 MiB, 0 %
2026/07/04 06:00:16.619, 5, 0 MiB, 81920 MiB, 0 %
2026/07/04 06:00:16.619, 6, 0 MiB, 81920 MiB, 0 %
2026/07/04 06:00:16.619, 7, 0 MiB, 81920 MiB, 0 %
2026/07/04 06:00:26.620, 0, 4 MiB, 81920 MiB, 0 %
2026/07/04 06:00:26.640, 1, 4 MiB, 81920 MiB, 0 %
2026/07/04 06:00:26.641, 2, 4 MiB, 81920 MiB, 0 %
2026/07/04 06:00:26.641, 3, 4 MiB, 81920 MiB, 0 %
2026/07/04 06:00:26.641, 4, 0 MiB, 81920 MiB, 0 %
2026/07/04 06:00:26.641, 5, 0 MiB, 81920 MiB, 0 %
2026/07/04 06:00:26.641, 6, 0 MiB, 81920 MiB, 0 %
2026/07/04 06:00:26.642, 7, 0 MiB, 81920 MiB, 0 %
2026/07/04 06:00:36.642, 0, 0 MiB, 81920 MiB, 0 %
2026/07/04 06:00:36.643, 1, 0 MiB, 81920 MiB, 0 %
2026/07/04 06:00:36.643, 2, 0 MiB, 81920 MiB, 0 %
2026/07/04 06:00:36.643, 3, 0 MiB, 81920 MiB, 0 %
2026/07/04 06:00:36.643, 4, 0 MiB, 81920 MiB, 0 %
2026/07/04 06:00:36.643, 5, 0 MiB, 81920 MiB, 0 %
2026/07/04 06:00:36.643, 6, 0 MiB, 81920 MiB, 0 %
2026/07/04 06:00:36.644, 7, 0 MiB, 81920 MiB, 0 %
2026/07/04 06:00:46.644, 0, 0 MiB, 81920 MiB, 0 %
2026/07/04 06:00:46.645, 1, 0 MiB, 81920 MiB, 0 %
2026/07/04 06:00:46.645, 2, 0 MiB, 81920 MiB, 0 %
2026/07/04 06:00:46.645, 3, 0 MiB, 81920 MiB, 0 %
2026/07/04 06:00:46.646, 4, 0 MiB, 81920 MiB, 0 %
2026/07/04 06:00:46.646, 5, 0 MiB, 81920 MiB, 0 %
2026/07/04 06:00:46.646, 6, 0 MiB, 81920 MiB, 0 %
2026/07/04 06:00:46.647, 7, 0 MiB, 81920 MiB, 0 %
2026/07/04 06:00:56.648, 0, 0 MiB, 81920 MiB, 0 %
2026/07/04 06:00:56.648, 1, 0 MiB, 81920 MiB, 0 %
2026/07/04 06:00:56.648, 2, 0 MiB, 81920 MiB, 0 %
2026/07/04 06:00:56.649, 3, 0 MiB, 81920 MiB, 0 %
2026/07/04 06:00:56.649, 4, 0 MiB, 81920 MiB, 0 %
2026/07/04 06:00:56.649, 5, 0 MiB, 81920 MiB, 0 %
2026/07/04 06:00:56.649, 6, 0 MiB, 81920 MiB, 0 %
2026/07/04 06:00:56.650, 7, 0 MiB, 81920 MiB, 0 %
2026/07/04 06:01:06.651, 0, 0 MiB, 81920 MiB, 0 %
2026/07/04 06:01:06.651, 1, 0 MiB, 81920 MiB, 0 %
2026/07/04 06:01:06.651, 2, 0 MiB, 81920 MiB, 0 %
2026/07/04 06:01:06.652, 3, 0 MiB, 81920 MiB, 0 %
2026/07/04 06:01:06.652, 4, 0 MiB, 81920 MiB, 0 %
2026/07/04 06:01:06.652, 5, 0 MiB, 81920 MiB, 0 %
2026/07/04 06:01:06.653, 6, 0 MiB, 81920 MiB, 0 %
2026/07/04 06:01:06.653, 7, 0 MiB, 81920 MiB, 0 %
2026/07/04 06:01:16.654, 0, 0 MiB, 81920 MiB, 0 %
2026/07/04 06:01:16.654, 1, 0 MiB, 81920 MiB, 0 %
2026/07/04 06:01:16.655, 2, 0 MiB, 81920 MiB, 0 %
2026/07/04 06:01:16.655, 3, 0 MiB, 81920 MiB, 0 %
2026/07/04 06:01:16.655, 4, 0 MiB, 81920 MiB, 0 %
2026/07/04 06:01:16.656, 5, 0 MiB, 81920 MiB, 0 %
2026/07/04 06:01:16.656, 6, 0 MiB, 81920 MiB, 0 %
2026/07/04 06:01:16.656, 7, 0 MiB, 81920 MiB, 0 %
2026/07/04 06:01:26.657, 0, 0 MiB, 81920 MiB, 0 %
2026/07/04 06:01:26.657, 1, 0 MiB, 81920 MiB, 0 %
2026/07/04 06:01:26.658, 2, 0 MiB, 81920 MiB, 0 %
2026/07/04 06:01:26.658, 3, 0 MiB, 81920 MiB, 0 %
2026/07/04 06:01:26.658, 4, 0 MiB, 81920 MiB, 0 %
2026/07/04 06:01:26.659, 5, 0 MiB, 81920 MiB, 0 %
2026/07/04 06:01:26.659, 6, 0 MiB, 81920 MiB, 0 %
2026/07/04 06:01:26.659, 7, 0 MiB, 81920 MiB, 0 %
2026/07/04 06:01:36.660, 0, 0 MiB, 81920 MiB, 0 %
2026/07/04 06:01:36.660, 1, 0 MiB, 81920 MiB, 0 %
2026/07/04 06:01:36.661, 2, 0 MiB, 81920 MiB, 0 %
2026/07/04 06:01:36.661, 3, 0 MiB, 81920 MiB, 0 %
2026/07/04 06:01:36.661, 4, 0 MiB, 81920 MiB, 0 %
2026/07/04 06:01:36.662, 5, 0 MiB, 81920 MiB, 0 %
2026/07/04 06:01:36.662, 6, 0 MiB, 81920 MiB, 0 %
2026/07/04 06:01:36.662, 7, 0 MiB, 81920 MiB, 0 %
2026/07/04 06:01:46.663, 0, 0 MiB, 81920 MiB, 0 %
2026/07/04 06:01:46.663, 1, 0 MiB, 81920 MiB, 0 %
2026/07/04 06:01:46.664, 2, 0 MiB, 81920 MiB, 0 %
2026/07/04 06:01:46.664, 3, 0 MiB, 81920 MiB, 0 %
2026/07/04 06:01:46.664, 4, 0 MiB, 81920 MiB, 0 %
2026/07/04 06:01:46.665, 5, 0 MiB, 81920 MiB, 0 %
2026/07/04 06:01:46.665, 6, 0 MiB, 81920 MiB, 0 %
2026/07/04 06:01:46.665, 7, 0 MiB, 81920 MiB, 0 %
2026/07/04 06:01:56.666, 0, 0 MiB, 81920 MiB, 0 %
2026/07/04 06:01:56.667, 1, 0 MiB, 81920 MiB, 0 %
2026/07/04 06:01:56.667, 2, 0 MiB, 81920 MiB, 0 %
2026/07/04 06:01:56.667, 3, 0 MiB, 81920 MiB, 0 %
2026/07/04 06:01:56.667, 4, 0 MiB, 81920 MiB, 0 %
2026/07/04 06:01:56.668, 5, 0 MiB, 81920 MiB, 0 %
2026/07/04 06:01:56.668, 6, 0 MiB, 81920 MiB, 0 %
2026/07/04 06:01:56.668, 7, 0 MiB, 81920 MiB, 0 %
2026/07/04 06:02:06.669, 0, 0 MiB, 81920 MiB, 0 %
2026/07/04 06:02:06.670, 1, 14951 MiB, 81920 MiB, 53 %
2026/07/04 06:02:06.670, 2, 0 MiB, 81920 MiB, 0 %
2026/07/04 06:02:06.670, 3, 0 MiB, 81920 MiB, 0 %
2026/07/04 06:02:06.671, 4, 0 MiB, 81920 MiB, 0 %
2026/07/04 06:02:06.671, 5, 0 MiB, 81920 MiB, 0 %
2026/07/04 06:02:06.671, 6, 0 MiB, 81920 MiB, 0 %
2026/07/04 06:02:06.671, 7, 0 MiB, 81920 MiB, 0 %
2026/07/04 06:02:16.672, 0, 0 MiB, 81920 MiB, 0 %
2026/07/04 06:02:16.672, 1, 14951 MiB, 81920 MiB, 75 %
2026/07/04 06:02:16.672, 2, 0 MiB, 81920 MiB, 0 %
2026/07/04 06:02:16.673, 3, 0 MiB, 81920 MiB, 0 %
2026/07/04 06:02:16.673, 4, 0 MiB, 81920 MiB, 0 %
2026/07/04 06:02:16.673, 5, 0 MiB, 81920 MiB, 0 %
2026/07/04 06:02:16.673, 6, 0 MiB, 81920 MiB, 0 %
2026/07/04 06:02:16.674, 7, 0 MiB, 81920 MiB, 0 %
2026/07/04 06:02:26.674, 0, 0 MiB, 81920 MiB, 0 %
2026/07/04 06:02:26.675, 1, 14951 MiB, 81920 MiB, 0 %
2026/07/04 06:02:26.675, 2, 0 MiB, 81920 MiB, 0 %
2026/07/04 06:02:26.675, 3, 0 MiB, 81920 MiB, 0 %
2026/07/04 06:02:26.676, 4, 0 MiB, 81920 MiB, 0 %
2026/07/04 06:02:26.676, 5, 0 MiB, 81920 MiB, 0 %
2026/07/04 06:02:26.676, 6, 0 MiB, 81920 MiB, 0 %
2026/07/04 06:02:26.677, 7, 0 MiB, 81920 MiB, 0 %
2026/07/04 06:02:36.677, 0, 0 MiB, 81920 MiB, 0 %
2026/07/04 06:02:36.678, 1, 14951 MiB, 81920 MiB, 0 %
2026/07/04 06:02:36.678, 2, 0 MiB, 81920 MiB, 0 %
2026/07/04 06:02:36.678, 3, 0 MiB, 81920 MiB, 0 %
2026/07/04 06:02:36.679, 4, 0 MiB, 81920 MiB, 0 %
2026/07/04 06:02:36.679, 5, 0 MiB, 81920 MiB, 0 %
2026/07/04 06:02:36.679, 6, 0 MiB, 81920 MiB, 0 %
2026/07/04 06:02:36.680, 7, 0 MiB, 81920 MiB, 0 %
2026/07/04 06:02:46.680, 0, 0 MiB, 81920 MiB, 0 %
2026/07/04 06:02:46.681, 1, 14951 MiB, 81920 MiB, 0 %
2026/07/04 06:02:46.681, 2, 0 MiB, 81920 MiB, 0 %
2026/07/04 06:02:46.682, 3, 0 MiB, 81920 MiB, 0 %
2026/07/04 06:02:46.682, 4, 0 MiB, 81920 MiB, 0 %
2026/07/04 06:02:46.682, 5, 0 MiB, 81920 MiB, 0 %
2026/07/04 06:02:46.682, 6, 0 MiB, 81920 MiB, 0 %
2026/07/04 06:02:46.683, 7, 0 MiB, 81920 MiB, 0 %
2026/07/04 06:02:56.684, 0, 0 MiB, 81920 MiB, 0 %
2026/07/04 06:02:56.684, 1, 14951 MiB, 81920 MiB, 0 %
2026/07/04 06:02:56.684, 2, 0 MiB, 81920 MiB, 0 %
2026/07/04 06:02:56.685, 3, 0 MiB, 81920 MiB, 0 %
2026/07/04 06:02:56.685, 4, 0 MiB, 81920 MiB, 0 %
2026/07/04 06:02:56.685, 5, 0 MiB, 81920 MiB, 0 %
2026/07/04 06:02:56.686, 6, 0 MiB, 81920 MiB, 0 %
2026/07/04 06:02:56.686, 7, 0 MiB, 81920 MiB, 0 %
2026/07/04 06:03:06.687, 0, 0 MiB, 81920 MiB, 0 %
2026/07/04 06:03:06.687, 1, 14951 MiB, 81920 MiB, 0 %
2026/07/04 06:03:06.687, 2, 0 MiB, 81920 MiB, 0 %
2026/07/04 06:03:06.688, 3, 0 MiB, 81920 MiB, 0 %
2026/07/04 06:03:06.688, 4, 0 MiB, 81920 MiB, 0 %
2026/07/04 06:03:06.688, 5, 0 MiB, 81920 MiB, 0 %
2026/07/04 06:03:06.688, 6, 0 MiB, 81920 MiB, 0 %
2026/07/04 06:03:06.689, 7, 0 MiB, 81920 MiB, 0 %
2026/07/04 06:03:16.690, 0, 0 MiB, 81920 MiB, 0 %
2026/07/04 06:03:16.690, 1, 14951 MiB, 81920 MiB, 0 %
2026/07/04 06:03:16.690, 2, 0 MiB, 81920 MiB, 0 %
2026/07/04 06:03:16.691, 3, 0 MiB, 81920 MiB, 0 %
2026/07/04 06:03:16.691, 4, 0 MiB, 81920 MiB, 0 %
2026/07/04 06:03:16.691, 5, 0 MiB, 81920 MiB, 0 %
2026/07/04 06:03:16.692, 6, 0 MiB, 81920 MiB, 0 %
2026/07/04 06:03:16.692, 7, 0 MiB, 81920 MiB, 0 %
2026/07/04 06:03:26.693, 0, 0 MiB, 81920 MiB, 0 %
2026/07/04 06:03:26.693, 1, 14951 MiB, 81920 MiB, 0 %
2026/07/04 06:03:26.693, 2, 0 MiB, 81920 MiB, 0 %
2026/07/04 06:03:26.694, 3, 0 MiB, 81920 MiB, 0 %
2026/07/04 06:03:26.694, 4, 0 MiB, 81920 MiB, 0 %
2026/07/04 06:03:26.694, 5, 0 MiB, 81920 MiB, 0 %
2026/07/04 06:03:26.695, 6, 0 MiB, 81920 MiB, 0 %
2026/07/04 06:03:26.695, 7, 0 MiB, 81920 MiB, 0 %
2026/07/04 06:03:36.696, 0, 0 MiB, 81920 MiB, 0 %
2026/07/04 06:03:36.696, 1, 14951 MiB, 81920 MiB, 0 %
2026/07/04 06:03:36.697, 2, 0 MiB, 81920 MiB, 0 %
2026/07/04 06:03:36.697, 3, 0 MiB, 81920 MiB, 0 %
2026/07/04 06:03:36.697, 4, 0 MiB, 81920 MiB, 0 %
2026/07/04 06:03:36.697, 5, 0 MiB, 81920 MiB, 0 %
2026/07/04 06:03:36.698, 6, 0 MiB, 81920 MiB, 0 %
2026/07/04 06:03:36.698, 7, 0 MiB, 81920 MiB, 0 %
2026/07/04 06:03:46.699, 0, 0 MiB, 81920 MiB, 0 %
2026/07/04 06:03:46.699, 1, 14951 MiB, 81920 MiB, 0 %
2026/07/04 06:03:46.699, 2, 0 MiB, 81920 MiB, 0 %
2026/07/04 06:03:46.700, 3, 0 MiB, 81920 MiB, 0 %
2026/07/04 06:03:46.700, 4, 0 MiB, 81920 MiB, 0 %
2026/07/04 06:03:46.700, 5, 0 MiB, 81920 MiB, 0 %
2026/07/04 06:03:46.701, 6, 0 MiB, 81920 MiB, 0 %
2026/07/04 06:03:46.701, 7, 0 MiB, 81920 MiB, 0 %
2026/07/04 06:03:56.702, 0, 0 MiB, 81920 MiB, 0 %
2026/07/04 06:03:56.702, 1, 14951 MiB, 81920 MiB, 0 %
2026/07/04 06:03:56.702, 2, 0 MiB, 81920 MiB, 0 %
2026/07/04 06:03:56.702, 3, 0 MiB, 81920 MiB, 0 %
2026/07/04 06:03:56.703, 4, 0 MiB, 81920 MiB, 0 %
2026/07/04 06:03:56.703, 5, 0 MiB, 81920 MiB, 0 %
2026/07/04 06:03:56.703, 6, 0 MiB, 81920 MiB, 0 %
2026/07/04 06:03:56.703, 7, 0 MiB, 81920 MiB, 0 %
2026/07/04 06:04:06.704, 0, 0 MiB, 81920 MiB, 0 %
2026/07/04 06:04:06.704, 1, 14951 MiB, 81920 MiB, 0 %
2026/07/04 06:04:06.704, 2, 0 MiB, 81920 MiB, 0 %
2026/07/04 06:04:06.705, 3, 0 MiB, 81920 MiB, 0 %
2026/07/04 06:04:06.705, 4, 0 MiB, 81920 MiB, 0 %
2026/07/04 06:04:06.705, 5, 0 MiB, 81920 MiB, 0 %
2026/07/04 06:04:06.705, 6, 0 MiB, 81920 MiB, 0 %
2026/07/04 06:04:06.705, 7, 0 MiB, 81920 MiB, 0 %
2026/07/04 06:04:16.706, 0, 0 MiB, 81920 MiB, 0 %
2026/07/04 06:04:16.707, 1, 14951 MiB, 81920 MiB, 0 %
2026/07/04 06:04:16.707, 2, 0 MiB, 81920 MiB, 0 %
2026/07/04 06:04:16.707, 3, 0 MiB, 81920 MiB, 0 %
2026/07/04 06:04:16.708, 4, 0 MiB, 81920 MiB, 0 %
2026/07/04 06:04:16.708, 5, 0 MiB, 81920 MiB, 0 %
2026/07/04 06:04:16.708, 6, 0 MiB, 81920 MiB, 0 %
2026/07/04 06:04:16.708, 7, 0 MiB, 81920 MiB, 0 %
2026/07/04 06:04:26.709, 0, 0 MiB, 81920 MiB, 0 %
2026/07/04 06:04:26.710, 1, 14951 MiB, 81920 MiB, 0 %
2026/07/04 06:04:26.710, 2, 0 MiB, 81920 MiB, 0 %
2026/07/04 06:04:26.710, 3, 0 MiB, 81920 MiB, 0 %
2026/07/04 06:04:26.710, 4, 0 MiB, 81920 MiB, 0 %
2026/07/04 06:04:26.711, 5, 0 MiB, 81920 MiB, 0 %
2026/07/04 06:04:26.711, 6, 0 MiB, 81920 MiB, 0 %
2026/07/04 06:04:26.711, 7, 0 MiB, 81920 MiB, 0 %
2026/07/04 06:04:36.712, 0, 0 MiB, 81920 MiB, 0 %
2026/07/04 06:04:36.713, 1, 14951 MiB, 81920 MiB, 0 %
2026/07/04 06:04:36.713, 2, 0 MiB, 81920 MiB, 0 %
2026/07/04 06:04:36.713, 3, 0 MiB, 81920 MiB, 0 %
2026/07/04 06:04:36.713, 4, 0 MiB, 81920 MiB, 0 %
2026/07/04 06:04:36.714, 5, 0 MiB, 81920 MiB, 0 %
2026/07/04 06:04:36.714, 6, 0 MiB, 81920 MiB, 0 %
2026/07/04 06:04:36.714, 7, 0 MiB, 81920 MiB, 0 %
2026/07/04 06:04:46.714, 0, 0 MiB, 81920 MiB, 0 %
2026/07/04 06:04:46.715, 1, 14955 MiB, 81920 MiB, 0 %
2026/07/04 06:04:46.715, 2, 0 MiB, 81920 MiB, 0 %
2026/07/04 06:04:46.716, 3, 0 MiB, 81920 MiB, 0 %
2026/07/04 06:04:46.716, 4, 0 MiB, 81920 MiB, 0 %
2026/07/04 06:04:46.716, 5, 0 MiB, 81920 MiB, 0 %
2026/07/04 06:04:46.717, 6, 0 MiB, 81920 MiB, 0 %
2026/07/04 06:04:46.717, 7, 0 MiB, 81920 MiB, 0 %
2026/07/04 06:04:56.718, 0, 0 MiB, 81920 MiB, 0 %
2026/07/04 06:04:56.718, 1, 14955 MiB, 81920 MiB, 71 %
2026/07/04 06:04:56.719, 2, 0 MiB, 81920 MiB, 0 %
2026/07/04 06:04:56.719, 3, 0 MiB, 81920 MiB, 0 %
2026/07/04 06:04:56.719, 4, 0 MiB, 81920 MiB, 0 %
2026/07/04 06:04:56.720, 5, 0 MiB, 81920 MiB, 0 %
2026/07/04 06:04:56.720, 6, 0 MiB, 81920 MiB, 0 %
2026/07/04 06:04:56.720, 7, 0 MiB, 81920 MiB, 0 %
2026/07/04 06:05:06.721, 0, 0 MiB, 81920 MiB, 0 %
2026/07/04 06:05:06.721, 1, 14955 MiB, 81920 MiB, 72 %
2026/07/04 06:05:06.722, 2, 0 MiB, 81920 MiB, 0 %
2026/07/04 06:05:06.722, 3, 0 MiB, 81920 MiB, 0 %
2026/07/04 06:05:06.722, 4, 0 MiB, 81920 MiB, 0 %
2026/07/04 06:05:06.723, 5, 0 MiB, 81920 MiB, 0 %
2026/07/04 06:05:06.723, 6, 0 MiB, 81920 MiB, 0 %
2026/07/04 06:05:06.723, 7, 0 MiB, 81920 MiB, 0 %
2026/07/04 06:05:16.724, 0, 0 MiB, 81920 MiB, 0 %
2026/07/04 06:05:16.725, 1, 14955 MiB, 81920 MiB, 0 %
2026/07/04 06:05:16.725, 2, 0 MiB, 81920 MiB, 0 %
2026/07/04 06:05:16.725, 3, 0 MiB, 81920 MiB, 0 %
2026/07/04 06:05:16.726, 4, 0 MiB, 81920 MiB, 0 %
2026/07/04 06:05:16.726, 5, 0 MiB, 81920 MiB, 0 %
2026/07/04 06:05:16.726, 6, 0 MiB, 81920 MiB, 0 %
2026/07/04 06:05:16.726, 7, 0 MiB, 81920 MiB, 0 %
2026/07/04 06:05:26.727, 0, 0 MiB, 81920 MiB, 0 %
2026/07/04 06:05:26.728, 1, 14955 MiB, 81920 MiB, 71 %
2026/07/04 06:05:26.728, 2, 0 MiB, 81920 MiB, 0 %
2026/07/04 06:05:26.728, 3, 0 MiB, 81920 MiB, 0 %
2026/07/04 06:05:26.729, 4, 0 MiB, 81920 MiB, 0 %
2026/07/04 06:05:26.729, 5, 0 MiB, 81920 MiB, 0 %
2026/07/04 06:05:26.729, 6, 0 MiB, 81920 MiB, 0 %
2026/07/04 06:05:26.729, 7, 0 MiB, 81920 MiB, 0 %
2026/07/04 06:05:36.730, 0, 0 MiB, 81920 MiB, 0 %
2026/07/04 06:05:36.731, 1, 14955 MiB, 81920 MiB, 71 %
2026/07/04 06:05:36.731, 2, 0 MiB, 81920 MiB, 0 %
2026/07/04 06:05:36.731, 3, 0 MiB, 81920 MiB, 0 %
2026/07/04 06:05:36.732, 4, 0 MiB, 81920 MiB, 0 %
2026/07/04 06:05:36.732, 5, 0 MiB, 81920 MiB, 0 %
2026/07/04 06:05:36.732, 6, 0 MiB, 81920 MiB, 0 %
2026/07/04 06:05:36.732, 7, 0 MiB, 81920 MiB, 0 %
2026/07/04 06:05:46.733, 0, 0 MiB, 81920 MiB, 0 %
2026/07/04 06:05:46.734, 1, 14955 MiB, 81920 MiB, 0 %
2026/07/04 06:05:46.734, 2, 0 MiB, 81920 MiB, 0 %
2026/07/04 06:05:46.734, 3, 0 MiB, 81920 MiB, 0 %
2026/07/04 06:05:46.735, 4, 0 MiB, 81920 MiB, 0 %
2026/07/04 06:05:46.735, 5, 0 MiB, 81920 MiB, 0 %
2026/07/04 06:05:46.735, 6, 0 MiB, 81920 MiB, 0 %
2026/07/04 06:05:46.736, 7, 0 MiB, 81920 MiB, 0 %
2026/07/04 06:05:56.736, 0, 0 MiB, 81920 MiB, 0 %
2026/07/04 06:05:56.737, 1, 14955 MiB, 81920 MiB, 0 %
2026/07/04 06:05:56.737, 2, 0 MiB, 81920 MiB, 0 %
2026/07/04 06:05:56.737, 3, 0 MiB, 81920 MiB, 0 %
2026/07/04 06:05:56.738, 4, 0 MiB, 81920 MiB, 0 %
2026/07/04 06:05:56.738, 5, 0 MiB, 81920 MiB, 0 %
2026/07/04 06:05:56.738, 6, 0 MiB, 81920 MiB, 0 %
2026/07/04 06:05:56.739, 7, 0 MiB, 81920 MiB, 0 %
2026/07/04 06:06:06.739, 0, 0 MiB, 81920 MiB, 0 %
2026/07/04 06:06:06.740, 1, 14955 MiB, 81920 MiB, 0 %
2026/07/04 06:06:06.740, 2, 0 MiB, 81920 MiB, 0 %
2026/07/04 06:06:06.741, 3, 0 MiB, 81920 MiB, 0 %
2026/07/04 06:06:06.741, 4, 0 MiB, 81920 MiB, 0 %
2026/07/04 06:06:06.741, 5, 0 MiB, 81920 MiB, 0 %
2026/07/04 06:06:06.741, 6, 0 MiB, 81920 MiB, 0 %
2026/07/04 06:06:06.742, 7, 0 MiB, 81920 MiB, 0 %
2026/07/04 06:06:16.742, 0, 0 MiB, 81920 MiB, 0 %
2026/07/04 06:06:16.743, 1, 14955 MiB, 81920 MiB, 0 %
2026/07/04 06:06:16.743, 2, 0 MiB, 81920 MiB, 0 %
2026/07/04 06:06:16.744, 3, 0 MiB, 81920 MiB, 0 %
2026/07/04 06:06:16.744, 4, 0 MiB, 81920 MiB, 0 %
2026/07/04 06:06:16.744, 5, 0 MiB, 81920 MiB, 0 %
2026/07/04 06:06:16.744, 6, 0 MiB, 81920 MiB, 0 %
2026/07/04 06:06:16.745, 7, 0 MiB, 81920 MiB, 0 %
2026/07/04 06:06:26.745, 0, 0 MiB, 81920 MiB, 0 %
2026/07/04 06:06:26.746, 1, 14955 MiB, 81920 MiB, 0 %
2026/07/04 06:06:26.746, 2, 0 MiB, 81920 MiB, 0 %
2026/07/04 06:06:26.746, 3, 0 MiB, 81920 MiB, 0 %
2026/07/04 06:06:26.747, 4, 0 MiB, 81920 MiB, 0 %
2026/07/04 06:06:26.747, 5, 0 MiB, 81920 MiB, 0 %
2026/07/04 06:06:26.747, 6, 0 MiB, 81920 MiB, 0 %
2026/07/04 06:06:26.748, 7, 0 MiB, 81920 MiB, 0 %
2026/07/04 06:06:36.748, 0, 0 MiB, 81920 MiB, 0 %
2026/07/04 06:06:36.749, 1, 14955 MiB, 81920 MiB, 0 %
2026/07/04 06:06:36.749, 2, 0 MiB, 81920 MiB, 0 %
2026/07/04 06:06:36.750, 3, 0 MiB, 81920 MiB, 0 %
2026/07/04 06:06:36.750, 4, 0 MiB, 81920 MiB, 0 %
2026/07/04 06:06:36.750, 5, 0 MiB, 81920 MiB, 0 %
2026/07/04 06:06:36.751, 6, 0 MiB, 81920 MiB, 0 %
2026/07/04 06:06:36.751, 7, 0 MiB, 81920 MiB, 0 %
2026/07/04 06:06:46.751, 0, 0 MiB, 81920 MiB, 0 %
2026/07/04 06:06:46.752, 1, 14955 MiB, 81920 MiB, 71 %
2026/07/04 06:06:46.752, 2, 0 MiB, 81920 MiB, 0 %
2026/07/04 06:06:46.753, 3, 0 MiB, 81920 MiB, 0 %
2026/07/04 06:06:46.753, 4, 0 MiB, 81920 MiB, 0 %
2026/07/04 06:06:46.753, 5, 0 MiB, 81920 MiB, 0 %
2026/07/04 06:06:46.753, 6, 0 MiB, 81920 MiB, 0 %
2026/07/04 06:06:46.754, 7, 0 MiB, 81920 MiB, 0 %
2026/07/04 06:06:56.755, 0, 0 MiB, 81920 MiB, 0 %
2026/07/04 06:06:56.755, 1, 14955 MiB, 81920 MiB, 0 %
2026/07/04 06:06:56.755, 2, 0 MiB, 81920 MiB, 0 %
2026/07/04 06:06:56.756, 3, 0 MiB, 81920 MiB, 0 %
2026/07/04 06:06:56.756, 4, 0 MiB, 81920 MiB, 0 %
2026/07/04 06:06:56.756, 5, 0 MiB, 81920 MiB, 0 %
2026/07/04 06:06:56.756, 6, 0 MiB, 81920 MiB, 0 %
2026/07/04 06:06:56.757, 7, 0 MiB, 81920 MiB, 0 %
2026/07/04 06:07:06.758, 0, 0 MiB, 81920 MiB, 0 %
2026/07/04 06:07:06.758, 1, 14955 MiB, 81920 MiB, 0 %
2026/07/04 06:07:06.758, 2, 0 MiB, 81920 MiB, 0 %
2026/07/04 06:07:06.759, 3, 0 MiB, 81920 MiB, 0 %
2026/07/04 06:07:06.759, 4, 0 MiB, 81920 MiB, 0 %
2026/07/04 06:07:06.759, 5, 0 MiB, 81920 MiB, 0 %
2026/07/04 06:07:06.759, 6, 0 MiB, 81920 MiB, 0 %
2026/07/04 06:07:06.760, 7, 0 MiB, 81920 MiB, 0 %
2026/07/04 06:07:16.761, 0, 0 MiB, 81920 MiB, 0 %
2026/07/04 06:07:16.761, 1, 14955 MiB, 81920 MiB, 0 %
2026/07/04 06:07:16.761, 2, 0 MiB, 81920 MiB, 0 %
2026/07/04 06:07:16.762, 3, 0 MiB, 81920 MiB, 0 %
2026/07/04 06:07:16.762, 4, 0 MiB, 81920 MiB, 0 %
2026/07/04 06:07:16.762, 5, 0 MiB, 81920 MiB, 0 %
2026/07/04 06:07:16.762, 6, 0 MiB, 81920 MiB, 0 %
2026/07/04 06:07:16.763, 7, 0 MiB, 81920 MiB, 0 %
2026/07/04 06:07:26.764, 0, 0 MiB, 81920 MiB, 0 %
2026/07/04 06:07:26.764, 1, 14955 MiB, 81920 MiB, 72 %
2026/07/04 06:07:26.764, 2, 0 MiB, 81920 MiB, 0 %
2026/07/04 06:07:26.765, 3, 0 MiB, 81920 MiB, 0 %
2026/07/04 06:07:26.765, 4, 0 MiB, 81920 MiB, 0 %
2026/07/04 06:07:26.765, 5, 0 MiB, 81920 MiB, 0 %
2026/07/04 06:07:26.766, 6, 0 MiB, 81920 MiB, 0 %
2026/07/04 06:07:26.766, 7, 0 MiB, 81920 MiB, 0 %
2026/07/04 06:07:36.767, 0, 0 MiB, 81920 MiB, 0 %
2026/07/04 06:07:36.767, 1, 14955 MiB, 81920 MiB, 0 %
2026/07/04 06:07:36.767, 2, 0 MiB, 81920 MiB, 0 %
2026/07/04 06:07:36.768, 3, 0 MiB, 81920 MiB, 0 %
2026/07/04 06:07:36.768, 4, 0 MiB, 81920 MiB, 0 %
2026/07/04 06:07:36.768, 5, 0 MiB, 81920 MiB, 0 %
2026/07/04 06:07:36.768, 6, 0 MiB, 81920 MiB, 0 %
2026/07/04 06:07:36.769, 7, 0 MiB, 81920 MiB, 0 %
2026/07/04 06:07:46.769, 0, 0 MiB, 81920 MiB, 0 %
2026/07/04 06:07:46.770, 1, 14955 MiB, 81920 MiB, 0 %
2026/07/04 06:07:46.770, 2, 0 MiB, 81920 MiB, 0 %
2026/07/04 06:07:46.770, 3, 0 MiB, 81920 MiB, 0 %
2026/07/04 06:07:46.771, 4, 0 MiB, 81920 MiB, 0 %
2026/07/04 06:07:46.771, 5, 0 MiB, 81920 MiB, 0 %
2026/07/04 06:07:46.771, 6, 0 MiB, 81920 MiB, 0 %
2026/07/04 06:07:46.772, 7, 0 MiB, 81920 MiB, 0 %
2026/07/04 06:07:56.772, 0, 0 MiB, 81920 MiB, 0 %
2026/07/04 06:07:56.773, 1, 14955 MiB, 81920 MiB, 0 %
2026/07/04 06:07:56.773, 2, 0 MiB, 81920 MiB, 0 %
2026/07/04 06:07:56.773, 3, 0 MiB, 81920 MiB, 0 %
2026/07/04 06:07:56.774, 4, 0 MiB, 81920 MiB, 0 %
2026/07/04 06:07:56.774, 5, 0 MiB, 81920 MiB, 0 %
2026/07/04 06:07:56.774, 6, 0 MiB, 81920 MiB, 0 %
2026/07/04 06:07:56.774, 7, 0 MiB, 81920 MiB, 0 %
2026/07/04 06:08:06.775, 0, 0 MiB, 81920 MiB, 0 %
2026/07/04 06:08:06.776, 1, 14955 MiB, 81920 MiB, 0 %
2026/07/04 06:08:06.776, 2, 0 MiB, 81920 MiB, 0 %
2026/07/04 06:08:06.776, 3, 0 MiB, 81920 MiB, 0 %
2026/07/04 06:08:06.777, 4, 0 MiB, 81920 MiB, 0 %
2026/07/04 06:08:06.777, 5, 0 MiB, 81920 MiB, 0 %
2026/07/04 06:08:06.777, 6, 0 MiB, 81920 MiB, 0 %
2026/07/04 06:08:06.778, 7, 0 MiB, 81920 MiB, 0 %
2026/07/04 06:08:16.778, 0, 0 MiB, 81920 MiB, 0 %
2026/07/04 06:08:16.779, 1, 14955 MiB, 81920 MiB, 76 %
2026/07/04 06:08:16.779, 2, 0 MiB, 81920 MiB, 0 %
2026/07/04 06:08:16.779, 3, 0 MiB, 81920 MiB, 0 %
2026/07/04 06:08:16.780, 4, 0 MiB, 81920 MiB, 0 %
2026/07/04 06:08:16.780, 5, 0 MiB, 81920 MiB, 0 %
2026/07/04 06:08:16.780, 6, 0 MiB, 81920 MiB, 0 %
2026/07/04 06:08:16.781, 7, 0 MiB, 81920 MiB, 0 %
2026/07/04 06:08:26.781, 0, 0 MiB, 81920 MiB, 0 %
2026/07/04 06:08:26.782, 1, 14955 MiB, 81920 MiB, 0 %
2026/07/04 06:08:26.782, 2, 0 MiB, 81920 MiB, 0 %
2026/07/04 06:08:26.782, 3, 0 MiB, 81920 MiB, 0 %
2026/07/04 06:08:26.783, 4, 0 MiB, 81920 MiB, 0 %
2026/07/04 06:08:26.783, 5, 0 MiB, 81920 MiB, 0 %
2026/07/04 06:08:26.783, 6, 0 MiB, 81920 MiB, 0 %
2026/07/04 06:08:26.784, 7, 0 MiB, 81920 MiB, 0 %
2026/07/04 06:08:36.784, 0, 0 MiB, 81920 MiB, 0 %
2026/07/04 06:08:36.785, 1, 14955 MiB, 81920 MiB, 0 %
2026/07/04 06:08:36.785, 2, 0 MiB, 81920 MiB, 0 %
2026/07/04 06:08:36.785, 3, 0 MiB, 81920 MiB, 0 %
2026/07/04 06:08:36.786, 4, 0 MiB, 81920 MiB, 0 %
2026/07/04 06:08:36.786, 5, 0 MiB, 81920 MiB, 0 %
2026/07/04 06:08:36.786, 6, 0 MiB, 81920 MiB, 0 %
2026/07/04 06:08:36.787, 7, 0 MiB, 81920 MiB, 0 %
2026/07/04 06:08:46.787, 0, 0 MiB, 81920 MiB, 0 %
2026/07/04 06:08:46.788, 1, 14955 MiB, 81920 MiB, 100 %
2026/07/04 06:08:46.788, 2, 0 MiB, 81920 MiB, 0 %
2026/07/04 06:08:46.789, 3, 0 MiB, 81920 MiB, 0 %
2026/07/04 06:08:46.789, 4, 0 MiB, 81920 MiB, 0 %
2026/07/04 06:08:46.789, 5, 0 MiB, 81920 MiB, 0 %
2026/07/04 06:08:46.789, 6, 0 MiB, 81920 MiB, 0 %
2026/07/04 06:08:46.790, 7, 0 MiB, 81920 MiB, 0 %
2026/07/04 06:08:56.791, 0, 0 MiB, 81920 MiB, 0 %
2026/07/04 06:08:56.791, 1, 14955 MiB, 81920 MiB, 74 %
2026/07/04 06:08:56.791, 2, 0 MiB, 81920 MiB, 0 %
2026/07/04 06:08:56.792, 3, 0 MiB, 81920 MiB, 0 %
2026/07/04 06:08:56.792, 4, 0 MiB, 81920 MiB, 0 %
2026/07/04 06:08:56.792, 5, 0 MiB, 81920 MiB, 0 %
2026/07/04 06:08:56.792, 6, 0 MiB, 81920 MiB, 0 %
2026/07/04 06:08:56.793, 7, 0 MiB, 81920 MiB, 0 %
2026/07/04 06:09:06.794, 0, 0 MiB, 81920 MiB, 0 %
2026/07/04 06:09:06.794, 1, 14955 MiB, 81920 MiB, 0 %
2026/07/04 06:09:06.794, 2, 0 MiB, 81920 MiB, 0 %
2026/07/04 06:09:06.795, 3, 0 MiB, 81920 MiB, 0 %
2026/07/04 06:09:06.795, 4, 0 MiB, 81920 MiB, 0 %
2026/07/04 06:09:06.795, 5, 0 MiB, 81920 MiB, 0 %
2026/07/04 06:09:06.796, 6, 0 MiB, 81920 MiB, 0 %
2026/07/04 06:09:06.796, 7, 0 MiB, 81920 MiB, 0 %
2026/07/04 06:09:16.797, 0, 0 MiB, 81920 MiB, 0 %
2026/07/04 06:09:16.797, 1, 14955 MiB, 81920 MiB, 72 %
2026/07/04 06:09:16.797, 2, 0 MiB, 81920 MiB, 0 %
2026/07/04 06:09:16.798, 3, 0 MiB, 81920 MiB, 0 %
2026/07/04 06:09:16.798, 4, 0 MiB, 81920 MiB, 0 %
2026/07/04 06:09:16.798, 5, 0 MiB, 81920 MiB, 0 %
2026/07/04 06:09:16.799, 6, 0 MiB, 81920 MiB, 0 %
2026/07/04 06:09:16.799, 7, 0 MiB, 81920 MiB, 0 %
2026/07/04 06:09:26.800, 0, 0 MiB, 81920 MiB, 0 %
2026/07/04 06:09:26.800, 1, 14957 MiB, 81920 MiB, 73 %
2026/07/04 06:09:26.801, 2, 0 MiB, 81920 MiB, 0 %
2026/07/04 06:09:26.801, 3, 0 MiB, 81920 MiB, 0 %
2026/07/04 06:09:26.801, 4, 0 MiB, 81920 MiB, 0 %
2026/07/04 06:09:26.801, 5, 0 MiB, 81920 MiB, 0 %
2026/07/04 06:09:26.802, 6, 0 MiB, 81920 MiB, 0 %
2026/07/04 06:09:26.802, 7, 0 MiB, 81920 MiB, 0 %
2026/07/04 06:09:36.803, 0, 0 MiB, 81920 MiB, 0 %
2026/07/04 06:09:36.803, 1, 14957 MiB, 81920 MiB, 75 %
2026/07/04 06:09:36.804, 2, 0 MiB, 81920 MiB, 0 %
2026/07/04 06:09:36.804, 3, 0 MiB, 81920 MiB, 0 %
2026/07/04 06:09:36.804, 4, 0 MiB, 81920 MiB, 0 %
2026/07/04 06:09:36.804, 5, 0 MiB, 81920 MiB, 0 %
2026/07/04 06:09:36.805, 6, 0 MiB, 81920 MiB, 0 %
2026/07/04 06:09:36.805, 7, 0 MiB, 81920 MiB, 0 %
2026/07/04 06:09:46.806, 0, 0 MiB, 81920 MiB, 0 %
2026/07/04 06:09:46.806, 1, 14957 MiB, 81920 MiB, 0 %
2026/07/04 06:09:46.807, 2, 0 MiB, 81920 MiB, 0 %
2026/07/04 06:09:46.807, 3, 0 MiB, 81920 MiB, 0 %
2026/07/04 06:09:46.807, 4, 0 MiB, 81920 MiB, 0 %
2026/07/04 06:09:46.808, 5, 0 MiB, 81920 MiB, 0 %
2026/07/04 06:09:46.808, 6, 0 MiB, 81920 MiB, 0 %
2026/07/04 06:09:46.808, 7, 0 MiB, 81920 MiB, 0 %
2026/07/04 06:09:56.809, 0, 0 MiB, 81920 MiB, 0 %
2026/07/04 06:09:56.809, 1, 14957 MiB, 81920 MiB, 0 %
2026/07/04 06:09:56.810, 2, 0 MiB, 81920 MiB, 0 %
2026/07/04 06:09:56.810, 3, 0 MiB, 81920 MiB, 0 %
2026/07/04 06:09:56.810, 4, 0 MiB, 81920 MiB, 0 %
2026/07/04 06:09:56.811, 5, 0 MiB, 81920 MiB, 0 %
2026/07/04 06:09:56.811, 6, 0 MiB, 81920 MiB, 0 %
2026/07/04 06:09:56.811, 7, 0 MiB, 81920 MiB, 0 %
2026/07/04 06:10:06.812, 0, 0 MiB, 81920 MiB, 0 %
2026/07/04 06:10:06.812, 1, 14957 MiB, 81920 MiB, 75 %
2026/07/04 06:10:06.813, 2, 0 MiB, 81920 MiB, 0 %
2026/07/04 06:10:06.813, 3, 0 MiB, 81920 MiB, 0 %
2026/07/04 06:10:06.813, 4, 0 MiB, 81920 MiB, 0 %
2026/07/04 06:10:06.814, 5, 0 MiB, 81920 MiB, 0 %
2026/07/04 06:10:06.814, 6, 0 MiB, 81920 MiB, 0 %
2026/07/04 06:10:06.814, 7, 0 MiB, 81920 MiB, 0 %
2026/07/04 06:10:16.815, 0, 0 MiB, 81920 MiB, 0 %
2026/07/04 06:10:16.816, 1, 14957 MiB, 81920 MiB, 67 %
2026/07/04 06:10:16.816, 2, 0 MiB, 81920 MiB, 0 %
2026/07/04 06:10:16.816, 3, 0 MiB, 81920 MiB, 0 %
2026/07/04 06:10:16.816, 4, 0 MiB, 81920 MiB, 0 %
2026/07/04 06:10:16.817, 5, 0 MiB, 81920 MiB, 0 %
2026/07/04 06:10:16.817, 6, 0 MiB, 81920 MiB, 0 %
2026/07/04 06:10:16.817, 7, 0 MiB, 81920 MiB, 0 %
2026/07/04 06:10:26.818, 0, 0 MiB, 81920 MiB, 0 %
2026/07/04 06:10:26.819, 1, 14957 MiB, 81920 MiB, 0 %
2026/07/04 06:10:26.819, 2, 0 MiB, 81920 MiB, 0 %
2026/07/04 06:10:26.819, 3, 0 MiB, 81920 MiB, 0 %
2026/07/04 06:10:26.820, 4, 0 MiB, 81920 MiB, 0 %
2026/07/04 06:10:26.820, 5, 0 MiB, 81920 MiB, 0 %
2026/07/04 06:10:26.820, 6, 0 MiB, 81920 MiB, 0 %
2026/07/04 06:10:26.820, 7, 0 MiB, 81920 MiB, 0 %
2026/07/04 06:10:36.821, 0, 0 MiB, 81920 MiB, 0 %
2026/07/04 06:10:36.822, 1, 14957 MiB, 81920 MiB, 0 %
2026/07/04 06:10:36.822, 2, 0 MiB, 81920 MiB, 0 %
2026/07/04 06:10:36.822, 3, 0 MiB, 81920 MiB, 0 %
2026/07/04 06:10:36.823, 4, 0 MiB, 81920 MiB, 0 %
2026/07/04 06:10:36.823, 5, 0 MiB, 81920 MiB, 0 %
2026/07/04 06:10:36.823, 6, 0 MiB, 81920 MiB, 0 %
2026/07/04 06:10:36.823, 7, 0 MiB, 81920 MiB, 0 %
2026/07/04 06:10:46.824, 0, 0 MiB, 81920 MiB, 0 %
2026/07/04 06:10:46.825, 1, 14957 MiB, 81920 MiB, 0 %
2026/07/04 06:10:46.825, 2, 0 MiB, 81920 MiB, 0 %
2026/07/04 06:10:46.825, 3, 0 MiB, 81920 MiB, 0 %
2026/07/04 06:10:46.826, 4, 0 MiB, 81920 MiB, 0 %
2026/07/04 06:10:46.826, 5, 0 MiB, 81920 MiB, 0 %
2026/07/04 06:10:46.826, 6, 0 MiB, 81920 MiB, 0 %
2026/07/04 06:10:46.826, 7, 0 MiB, 81920 MiB, 0 %
2026/07/04 06:10:56.827, 0, 0 MiB, 81920 MiB, 0 %
2026/07/04 06:10:56.828, 1, 14957 MiB, 81920 MiB, 0 %
2026/07/04 06:10:56.828, 2, 0 MiB, 81920 MiB, 0 %
2026/07/04 06:10:56.828, 3, 0 MiB, 81920 MiB, 0 %
2026/07/04 06:10:56.829, 4, 0 MiB, 81920 MiB, 0 %
2026/07/04 06:10:56.829, 5, 0 MiB, 81920 MiB, 0 %
2026/07/04 06:10:56.829, 6, 0 MiB, 81920 MiB, 0 %
2026/07/04 06:10:56.830, 7, 0 MiB, 81920 MiB, 0 %
2026/07/04 06:11:06.830, 0, 0 MiB, 81920 MiB, 0 %
2026/07/04 06:11:06.831, 1, 14957 MiB, 81920 MiB, 0 %
2026/07/04 06:11:06.831, 2, 0 MiB, 81920 MiB, 0 %
2026/07/04 06:11:06.831, 3, 0 MiB, 81920 MiB, 0 %
2026/07/04 06:11:06.832, 4, 0 MiB, 81920 MiB, 0 %
2026/07/04 06:11:06.832, 5, 0 MiB, 81920 MiB, 0 %
2026/07/04 06:11:06.832, 6, 0 MiB, 81920 MiB, 0 %
2026/07/04 06:11:06.833, 7, 0 MiB, 81920 MiB, 0 %
2026/07/04 06:11:16.833, 0, 0 MiB, 81920 MiB, 0 %
2026/07/04 06:11:16.834, 1, 14957 MiB, 81920 MiB, 0 %
2026/07/04 06:11:16.834, 2, 0 MiB, 81920 MiB, 0 %
2026/07/04 06:11:16.834, 3, 0 MiB, 81920 MiB, 0 %
2026/07/04 06:11:16.835, 4, 0 MiB, 81920 MiB, 0 %
2026/07/04 06:11:16.835, 5, 0 MiB, 81920 MiB, 0 %
2026/07/04 06:11:16.835, 6, 0 MiB, 81920 MiB, 0 %
2026/07/04 06:11:16.836, 7, 0 MiB, 81920 MiB, 0 %
2026/07/04 06:11:26.836, 0, 0 MiB, 81920 MiB, 0 %
2026/07/04 06:11:26.837, 1, 14957 MiB, 81920 MiB, 0 %
2026/07/04 06:11:26.837, 2, 0 MiB, 81920 MiB, 0 %
2026/07/04 06:11:26.838, 3, 0 MiB, 81920 MiB, 0 %
2026/07/04 06:11:26.838, 4, 0 MiB, 81920 MiB, 0 %
2026/07/04 06:11:26.838, 5, 0 MiB, 81920 MiB, 0 %
2026/07/04 06:11:26.838, 6, 0 MiB, 81920 MiB, 0 %
2026/07/04 06:11:26.839, 7, 0 MiB, 81920 MiB, 0 %
2026/07/04 06:11:36.840, 0, 0 MiB, 81920 MiB, 0 %
2026/07/04 06:11:36.840, 1, 14957 MiB, 81920 MiB, 0 %
2026/07/04 06:11:36.840, 2, 0 MiB, 81920 MiB, 0 %
2026/07/04 06:11:36.841, 3, 0 MiB, 81920 MiB, 0 %
2026/07/04 06:11:36.841, 4, 0 MiB, 81920 MiB, 0 %
2026/07/04 06:11:36.841, 5, 0 MiB, 81920 MiB, 0 %
2026/07/04 06:11:36.841, 6, 0 MiB, 81920 MiB, 0 %
2026/07/04 06:11:36.842, 7, 0 MiB, 81920 MiB, 0 %
2026/07/04 06:11:46.843, 0, 0 MiB, 81920 MiB, 0 %
2026/07/04 06:11:46.843, 1, 14957 MiB, 81920 MiB, 0 %
2026/07/04 06:11:46.844, 2, 0 MiB, 81920 MiB, 0 %
2026/07/04 06:11:46.844, 3, 0 MiB, 81920 MiB, 0 %
2026/07/04 06:11:46.844, 4, 0 MiB, 81920 MiB, 0 %
2026/07/04 06:11:46.844, 5, 0 MiB, 81920 MiB, 0 %
2026/07/04 06:11:46.845, 6, 0 MiB, 81920 MiB, 0 %
2026/07/04 06:11:46.845, 7, 0 MiB, 81920 MiB, 0 %
2026/07/04 06:11:56.846, 0, 0 MiB, 81920 MiB, 0 %
2026/07/04 06:11:56.846, 1, 14957 MiB, 81920 MiB, 76 %
2026/07/04 06:11:56.847, 2, 0 MiB, 81920 MiB, 0 %
2026/07/04 06:11:56.847, 3, 0 MiB, 81920 MiB, 0 %
2026/07/04 06:11:56.847, 4, 0 MiB, 81920 MiB, 0 %
2026/07/04 06:11:56.847, 5, 0 MiB, 81920 MiB, 0 %
2026/07/04 06:11:56.848, 6, 0 MiB, 81920 MiB, 0 %
2026/07/04 06:11:56.848, 7, 0 MiB, 81920 MiB, 0 %
2026/07/04 06:12:06.849, 0, 0 MiB, 81920 MiB, 0 %
2026/07/04 06:12:06.849, 1, 14957 MiB, 81920 MiB, 0 %
2026/07/04 06:12:06.850, 2, 0 MiB, 81920 MiB, 0 %
2026/07/04 06:12:06.850, 3, 0 MiB, 81920 MiB, 0 %
2026/07/04 06:12:06.850, 4, 0 MiB, 81920 MiB, 0 %
2026/07/04 06:12:06.851, 5, 0 MiB, 81920 MiB, 0 %
2026/07/04 06:12:06.851, 6, 0 MiB, 81920 MiB, 0 %
2026/07/04 06:12:06.851, 7, 0 MiB, 81920 MiB, 0 %
2026/07/04 06:12:16.852, 0, 0 MiB, 81920 MiB, 0 %
2026/07/04 06:12:16.852, 1, 14957 MiB, 81920 MiB, 20 %
2026/07/04 06:12:16.853, 2, 0 MiB, 81920 MiB, 0 %
2026/07/04 06:12:16.853, 3, 0 MiB, 81920 MiB, 0 %
2026/07/04 06:12:16.853, 4, 0 MiB, 81920 MiB, 0 %
2026/07/04 06:12:16.854, 5, 0 MiB, 81920 MiB, 0 %
2026/07/04 06:12:16.854, 6, 0 MiB, 81920 MiB, 0 %
2026/07/04 06:12:16.854, 7, 0 MiB, 81920 MiB, 0 %
2026/07/04 06:12:26.855, 0, 0 MiB, 81920 MiB, 0 %
2026/07/04 06:12:26.856, 1, 14957 MiB, 81920 MiB, 0 %
2026/07/04 06:12:26.856, 2, 0 MiB, 81920 MiB, 0 %
2026/07/04 06:12:26.856, 3, 0 MiB, 81920 MiB, 0 %
2026/07/04 06:12:26.856, 4, 0 MiB, 81920 MiB, 0 %
2026/07/04 06:12:26.857, 5, 0 MiB, 81920 MiB, 0 %
2026/07/04 06:12:26.857, 6, 0 MiB, 81920 MiB, 0 %
2026/07/04 06:12:26.857, 7, 0 MiB, 81920 MiB, 0 %
2026/07/04 06:12:36.858, 0, 0 MiB, 81920 MiB, 0 %
2026/07/04 06:12:36.859, 1, 14957 MiB, 81920 MiB, 0 %
2026/07/04 06:12:36.859, 2, 0 MiB, 81920 MiB, 0 %
2026/07/04 06:12:36.859, 3, 0 MiB, 81920 MiB, 0 %
2026/07/04 06:12:36.860, 4, 0 MiB, 81920 MiB, 0 %
2026/07/04 06:12:36.860, 5, 0 MiB, 81920 MiB, 0 %
2026/07/04 06:12:36.860, 6, 0 MiB, 81920 MiB, 0 %
2026/07/04 06:12:36.860, 7, 0 MiB, 81920 MiB, 0 %
2026/07/04 06:12:46.861, 0, 0 MiB, 81920 MiB, 0 %
2026/07/04 06:12:46.862, 1, 14957 MiB, 81920 MiB, 0 %
2026/07/04 06:12:46.862, 2, 0 MiB, 81920 MiB, 0 %
2026/07/04 06:12:46.862, 3, 0 MiB, 81920 MiB, 0 %
2026/07/04 06:12:46.863, 4, 0 MiB, 81920 MiB, 0 %
2026/07/04 06:12:46.863, 5, 0 MiB, 81920 MiB, 0 %
2026/07/04 06:12:46.863, 6, 0 MiB, 81920 MiB, 0 %
2026/07/04 06:12:46.864, 7, 0 MiB, 81920 MiB, 0 %
2026/07/04 06:12:56.864, 0, 0 MiB, 81920 MiB, 0 %
2026/07/04 06:12:56.865, 1, 14957 MiB, 81920 MiB, 0 %
2026/07/04 06:12:56.865, 2, 0 MiB, 81920 MiB, 0 %
2026/07/04 06:12:56.865, 3, 0 MiB, 81920 MiB, 0 %
2026/07/04 06:12:56.866, 4, 0 MiB, 81920 MiB, 0 %
2026/07/04 06:12:56.866, 5, 0 MiB, 81920 MiB, 0 %
2026/07/04 06:12:56.866, 6, 0 MiB, 81920 MiB, 0 %
2026/07/04 06:12:56.867, 7, 0 MiB, 81920 MiB, 0 %
2026/07/04 06:13:06.867, 0, 0 MiB, 81920 MiB, 0 %
2026/07/04 06:13:06.868, 1, 14957 MiB, 81920 MiB, 0 %
2026/07/04 06:13:06.868, 2, 0 MiB, 81920 MiB, 0 %
2026/07/04 06:13:06.868, 3, 0 MiB, 81920 MiB, 0 %
2026/07/04 06:13:06.869, 4, 0 MiB, 81920 MiB, 0 %
2026/07/04 06:13:06.869, 5, 0 MiB, 81920 MiB, 0 %
2026/07/04 06:13:06.869, 6, 0 MiB, 81920 MiB, 0 %
2026/07/04 06:13:06.870, 7, 0 MiB, 81920 MiB, 0 %
2026/07/04 06:13:16.870, 0, 0 MiB, 81920 MiB, 0 %
2026/07/04 06:13:16.871, 1, 14957 MiB, 81920 MiB, 0 %
2026/07/04 06:13:16.871, 2, 0 MiB, 81920 MiB, 0 %
2026/07/04 06:13:16.872, 3, 0 MiB, 81920 MiB, 0 %
2026/07/04 06:13:16.872, 4, 0 MiB, 81920 MiB, 0 %
2026/07/04 06:13:16.872, 5, 0 MiB, 81920 MiB, 0 %
2026/07/04 06:13:16.872, 6, 0 MiB, 81920 MiB, 0 %
2026/07/04 06:13:16.873, 7, 0 MiB, 81920 MiB, 0 %
2026/07/04 06:13:26.874, 0, 0 MiB, 81920 MiB, 0 %
2026/07/04 06:13:26.874, 1, 14957 MiB, 81920 MiB, 0 %
2026/07/04 06:13:26.874, 2, 0 MiB, 81920 MiB, 0 %
2026/07/04 06:13:26.875, 3, 0 MiB, 81920 MiB, 0 %
2026/07/04 06:13:26.875, 4, 0 MiB, 81920 MiB, 0 %
2026/07/04 06:13:26.875, 5, 0 MiB, 81920 MiB, 0 %
2026/07/04 06:13:26.876, 6, 0 MiB, 81920 MiB, 0 %
2026/07/04 06:13:26.876, 7, 0 MiB, 81920 MiB, 0 %
2026/07/04 06:13:36.877, 0, 0 MiB, 81920 MiB, 0 %
2026/07/04 06:13:36.877, 1, 14957 MiB, 81920 MiB, 0 %
2026/07/04 06:13:36.878, 2, 0 MiB, 81920 MiB, 0 %
2026/07/04 06:13:36.878, 3, 0 MiB, 81920 MiB, 0 %
2026/07/04 06:13:36.878, 4, 0 MiB, 81920 MiB, 0 %
2026/07/04 06:13:36.878, 5, 0 MiB, 81920 MiB, 0 %
2026/07/04 06:13:36.879, 6, 0 MiB, 81920 MiB, 0 %
2026/07/04 06:13:36.879, 7, 0 MiB, 81920 MiB, 0 %
2026/07/04 06:13:46.880, 0, 0 MiB, 81920 MiB, 0 %
2026/07/04 06:13:46.880, 1, 14957 MiB, 81920 MiB, 65 %
2026/07/04 06:13:46.881, 2, 0 MiB, 81920 MiB, 0 %
2026/07/04 06:13:46.881, 3, 0 MiB, 81920 MiB, 0 %
2026/07/04 06:13:46.881, 4, 0 MiB, 81920 MiB, 0 %
2026/07/04 06:13:46.882, 5, 0 MiB, 81920 MiB, 0 %
2026/07/04 06:13:46.882, 6, 0 MiB, 81920 MiB, 0 %
2026/07/04 06:13:46.882, 7, 0 MiB, 81920 MiB, 0 %
2026/07/04 06:13:56.883, 0, 0 MiB, 81920 MiB, 0 %
2026/07/04 06:13:56.883, 1, 14957 MiB, 81920 MiB, 0 %
2026/07/04 06:13:56.884, 2, 0 MiB, 81920 MiB, 0 %
2026/07/04 06:13:56.884, 3, 0 MiB, 81920 MiB, 0 %
2026/07/04 06:13:56.884, 4, 0 MiB, 81920 MiB, 0 %
2026/07/04 06:13:56.885, 5, 0 MiB, 81920 MiB, 0 %
2026/07/04 06:13:56.885, 6, 0 MiB, 81920 MiB, 0 %
2026/07/04 06:13:56.885, 7, 0 MiB, 81920 MiB, 0 %
2026/07/04 06:14:06.886, 0, 0 MiB, 81920 MiB, 0 %
2026/07/04 06:14:06.887, 1, 14957 MiB, 81920 MiB, 0 %
2026/07/04 06:14:06.887, 2, 0 MiB, 81920 MiB, 0 %
2026/07/04 06:14:06.887, 3, 0 MiB, 81920 MiB, 0 %
2026/07/04 06:14:06.887, 4, 0 MiB, 81920 MiB, 0 %
2026/07/04 06:14:06.888, 5, 0 MiB, 81920 MiB, 0 %
2026/07/04 06:14:06.888, 6, 0 MiB, 81920 MiB, 0 %
2026/07/04 06:14:06.888, 7, 0 MiB, 81920 MiB, 0 %
2026/07/04 06:14:16.889, 0, 0 MiB, 81920 MiB, 0 %
2026/07/04 06:14:16.890, 1, 14957 MiB, 81920 MiB, 0 %
2026/07/04 06:14:16.890, 2, 0 MiB, 81920 MiB, 0 %
2026/07/04 06:14:16.890, 3, 0 MiB, 81920 MiB, 0 %
2026/07/04 06:14:16.891, 4, 0 MiB, 81920 MiB, 0 %
2026/07/04 06:14:16.891, 5, 0 MiB, 81920 MiB, 0 %
2026/07/04 06:14:16.891, 6, 0 MiB, 81920 MiB, 0 %
2026/07/04 06:14:16.892, 7, 0 MiB, 81920 MiB, 0 %
2026/07/04 06:14:26.892, 0, 0 MiB, 81920 MiB, 0 %
2026/07/04 06:14:26.893, 1, 14957 MiB, 81920 MiB, 0 %
2026/07/04 06:14:26.893, 2, 0 MiB, 81920 MiB, 0 %
2026/07/04 06:14:26.893, 3, 0 MiB, 81920 MiB, 0 %
2026/07/04 06:14:26.894, 4, 0 MiB, 81920 MiB, 0 %
2026/07/04 06:14:26.894, 5, 0 MiB, 81920 MiB, 0 %
2026/07/04 06:14:26.894, 6, 0 MiB, 81920 MiB, 0 %
2026/07/04 06:14:26.895, 7, 0 MiB, 81920 MiB, 0 %
2026/07/04 06:14:36.895, 0, 0 MiB, 81920 MiB, 0 %
2026/07/04 06:14:36.896, 1, 14957 MiB, 81920 MiB, 0 %
2026/07/04 06:14:36.896, 2, 0 MiB, 81920 MiB, 0 %
2026/07/04 06:14:36.896, 3, 0 MiB, 81920 MiB, 0 %
2026/07/04 06:14:36.897, 4, 0 MiB, 81920 MiB, 0 %
2026/07/04 06:14:36.897, 5, 0 MiB, 81920 MiB, 0 %
2026/07/04 06:14:36.897, 6, 0 MiB, 81920 MiB, 0 %
2026/07/04 06:14:36.898, 7, 0 MiB, 81920 MiB, 0 %
2026/07/04 06:14:46.898, 0, 0 MiB, 81920 MiB, 0 %
2026/07/04 06:14:46.899, 1, 14957 MiB, 81920 MiB, 0 %
2026/07/04 06:14:46.899, 2, 0 MiB, 81920 MiB, 0 %
2026/07/04 06:14:46.899, 3, 0 MiB, 81920 MiB, 0 %
2026/07/04 06:14:46.900, 4, 0 MiB, 81920 MiB, 0 %
2026/07/04 06:14:46.900, 5, 0 MiB, 81920 MiB, 0 %
2026/07/04 06:14:46.900, 6, 0 MiB, 81920 MiB, 0 %
2026/07/04 06:14:46.901, 7, 0 MiB, 81920 MiB, 0 %
2026/07/04 06:14:56.901, 0, 0 MiB, 81920 MiB, 0 %
2026/07/04 06:14:56.902, 1, 14957 MiB, 81920 MiB, 0 %
2026/07/04 06:14:56.902, 2, 0 MiB, 81920 MiB, 0 %
2026/07/04 06:14:56.902, 3, 0 MiB, 81920 MiB, 0 %
2026/07/04 06:14:56.903, 4, 0 MiB, 81920 MiB, 0 %
2026/07/04 06:14:56.903, 5, 0 MiB, 81920 MiB, 0 %
2026/07/04 06:14:56.903, 6, 0 MiB, 81920 MiB, 0 %
2026/07/04 06:14:56.904, 7, 0 MiB, 81920 MiB, 0 %
2026/07/04 06:15:06.904, 0, 0 MiB, 81920 MiB, 0 %
2026/07/04 06:15:06.905, 1, 14957 MiB, 81920 MiB, 100 %
2026/07/04 06:15:06.905, 2, 0 MiB, 81920 MiB, 0 %
2026/07/04 06:15:06.906, 3, 0 MiB, 81920 MiB, 0 %
2026/07/04 06:15:06.906, 4, 0 MiB, 81920 MiB, 0 %
2026/07/04 06:15:06.906, 5, 0 MiB, 81920 MiB, 0 %
2026/07/04 06:15:06.906, 6, 0 MiB, 81920 MiB, 0 %
2026/07/04 06:15:06.907, 7, 0 MiB, 81920 MiB, 0 %
2026/07/04 06:15:16.907, 0, 0 MiB, 81920 MiB, 0 %
2026/07/04 06:15:16.908, 1, 14957 MiB, 81920 MiB, 0 %
2026/07/04 06:15:16.908, 2, 0 MiB, 81920 MiB, 0 %
2026/07/04 06:15:16.908, 3, 0 MiB, 81920 MiB, 0 %
2026/07/04 06:15:16.909, 4, 0 MiB, 81920 MiB, 0 %
2026/07/04 06:15:16.909, 5, 0 MiB, 81920 MiB, 0 %
2026/07/04 06:15:16.909, 6, 0 MiB, 81920 MiB, 0 %
2026/07/04 06:15:16.910, 7, 0 MiB, 81920 MiB, 0 %
2026/07/04 06:15:26.911, 0, 0 MiB, 81920 MiB, 0 %
2026/07/04 06:15:26.911, 1, 14957 MiB, 81920 MiB, 0 %
2026/07/04 06:15:26.911, 2, 0 MiB, 81920 MiB, 0 %
2026/07/04 06:15:26.912, 3, 0 MiB, 81920 MiB, 0 %
2026/07/04 06:15:26.912, 4, 0 MiB, 81920 MiB, 0 %
2026/07/04 06:15:26.912, 5, 0 MiB, 81920 MiB, 0 %
2026/07/04 06:15:26.913, 6, 0 MiB, 81920 MiB, 0 %
2026/07/04 06:15:26.913, 7, 0 MiB, 81920 MiB, 0 %
2026/07/04 06:15:36.914, 0, 0 MiB, 81920 MiB, 0 %
2026/07/04 06:15:36.914, 1, 14957 MiB, 81920 MiB, 0 %
2026/07/04 06:15:36.914, 2, 0 MiB, 81920 MiB, 0 %
2026/07/04 06:15:36.915, 3, 0 MiB, 81920 MiB, 0 %
2026/07/04 06:15:36.915, 4, 0 MiB, 81920 MiB, 0 %
2026/07/04 06:15:36.915, 5, 0 MiB, 81920 MiB, 0 %
2026/07/04 06:15:36.916, 6, 0 MiB, 81920 MiB, 0 %
2026/07/04 06:15:36.916, 7, 0 MiB, 81920 MiB, 0 %
2026/07/04 06:15:46.916, 0, 0 MiB, 81920 MiB, 0 %
2026/07/04 06:15:46.917, 1, 14957 MiB, 81920 MiB, 0 %
2026/07/04 06:15:46.917, 2, 0 MiB, 81920 MiB, 0 %
2026/07/04 06:15:46.918, 3, 0 MiB, 81920 MiB, 0 %
2026/07/04 06:15:46.918, 4, 0 MiB, 81920 MiB, 0 %
2026/07/04 06:15:46.918, 5, 0 MiB, 81920 MiB, 0 %
2026/07/04 06:15:46.918, 6, 0 MiB, 81920 MiB, 0 %
2026/07/04 06:15:46.919, 7, 0 MiB, 81920 MiB, 0 %
2026/07/04 06:15:56.920, 0, 0 MiB, 81920 MiB, 0 %
2026/07/04 06:15:56.920, 1, 14957 MiB, 81920 MiB, 0 %
2026/07/04 06:15:56.920, 2, 0 MiB, 81920 MiB, 0 %
2026/07/04 06:15:56.921, 3, 0 MiB, 81920 MiB, 0 %
2026/07/04 06:15:56.921, 4, 0 MiB, 81920 MiB, 0 %
2026/07/04 06:15:56.921, 5, 0 MiB, 81920 MiB, 0 %
2026/07/04 06:15:56.922, 6, 0 MiB, 81920 MiB, 0 %
2026/07/04 06:15:56.922, 7, 0 MiB, 81920 MiB, 0 %
2026/07/04 06:16:06.923, 0, 0 MiB, 81920 MiB, 0 %
2026/07/04 06:16:06.923, 1, 14957 MiB, 81920 MiB, 0 %
2026/07/04 06:16:06.923, 2, 0 MiB, 81920 MiB, 0 %
2026/07/04 06:16:06.924, 3, 0 MiB, 81920 MiB, 0 %
2026/07/04 06:16:06.924, 4, 0 MiB, 81920 MiB, 0 %
2026/07/04 06:16:06.924, 5, 0 MiB, 81920 MiB, 0 %
2026/07/04 06:16:06.925, 6, 0 MiB, 81920 MiB, 0 %
2026/07/04 06:16:06.925, 7, 0 MiB, 81920 MiB, 0 %
2026/07/04 06:16:16.926, 0, 0 MiB, 81920 MiB, 0 %
2026/07/04 06:16:16.926, 1, 14957 MiB, 81920 MiB, 0 %
2026/07/04 06:16:16.926, 2, 0 MiB, 81920 MiB, 0 %
2026/07/04 06:16:16.927, 3, 0 MiB, 81920 MiB, 0 %
2026/07/04 06:16:16.927, 4, 0 MiB, 81920 MiB, 0 %
2026/07/04 06:16:16.927, 5, 0 MiB, 81920 MiB, 0 %
2026/07/04 06:16:16.928, 6, 0 MiB, 81920 MiB, 0 %
2026/07/04 06:16:16.928, 7, 0 MiB, 81920 MiB, 0 %
2026/07/04 06:16:26.929, 0, 0 MiB, 81920 MiB, 0 %
2026/07/04 06:16:26.929, 1, 14957 MiB, 81920 MiB, 0 %
2026/07/04 06:16:26.930, 2, 0 MiB, 81920 MiB, 0 %
2026/07/04 06:16:26.930, 3, 0 MiB, 81920 MiB, 0 %
2026/07/04 06:16:26.930, 4, 0 MiB, 81920 MiB, 0 %
2026/07/04 06:16:26.930, 5, 0 MiB, 81920 MiB, 0 %
2026/07/04 06:16:26.931, 6, 0 MiB, 81920 MiB, 0 %
2026/07/04 06:16:26.931, 7, 0 MiB, 81920 MiB, 0 %
2026/07/04 06:16:36.932, 0, 0 MiB, 81920 MiB, 0 %
2026/07/04 06:16:36.932, 1, 14957 MiB, 81920 MiB, 0 %
2026/07/04 06:16:36.932, 2, 0 MiB, 81920 MiB, 0 %
2026/07/04 06:16:36.933, 3, 0 MiB, 81920 MiB, 0 %
2026/07/04 06:16:36.933, 4, 0 MiB, 81920 MiB, 0 %
2026/07/04 06:16:36.933, 5, 0 MiB, 81920 MiB, 0 %
2026/07/04 06:16:36.934, 6, 0 MiB, 81920 MiB, 0 %
2026/07/04 06:16:36.934, 7, 0 MiB, 81920 MiB, 0 %
2026/07/04 06:16:46.935, 0, 0 MiB, 81920 MiB, 0 %
2026/07/04 06:16:46.935, 1, 14957 MiB, 81920 MiB, 72 %
2026/07/04 06:16:46.936, 2, 0 MiB, 81920 MiB, 0 %
2026/07/04 06:16:46.936, 3, 0 MiB, 81920 MiB, 0 %
2026/07/04 06:16:46.936, 4, 0 MiB, 81920 MiB, 0 %
2026/07/04 06:16:46.937, 5, 0 MiB, 81920 MiB, 0 %
2026/07/04 06:16:46.937, 6, 0 MiB, 81920 MiB, 0 %
2026/07/04 06:16:46.937, 7, 0 MiB, 81920 MiB, 0 %
2026/07/04 06:16:56.938, 0, 0 MiB, 81920 MiB, 0 %
2026/07/04 06:16:56.938, 1, 14957 MiB, 81920 MiB, 0 %
2026/07/04 06:16:56.939, 2, 0 MiB, 81920 MiB, 0 %
2026/07/04 06:16:56.939, 3, 0 MiB, 81920 MiB, 0 %
2026/07/04 06:16:56.939, 4, 0 MiB, 81920 MiB, 0 %
2026/07/04 06:16:56.940, 5, 0 MiB, 81920 MiB, 0 %
2026/07/04 06:16:56.940, 6, 0 MiB, 81920 MiB, 0 %
2026/07/04 06:16:56.940, 7, 0 MiB, 81920 MiB, 0 %
2026/07/04 06:17:06.941, 0, 0 MiB, 81920 MiB, 0 %
2026/07/04 06:17:06.941, 1, 14957 MiB, 81920 MiB, 0 %
2026/07/04 06:17:06.942, 2, 0 MiB, 81920 MiB, 0 %
2026/07/04 06:17:06.942, 3, 0 MiB, 81920 MiB, 0 %
2026/07/04 06:17:06.942, 4, 0 MiB, 81920 MiB, 0 %
2026/07/04 06:17:06.943, 5, 0 MiB, 81920 MiB, 0 %
2026/07/04 06:17:06.943, 6, 0 MiB, 81920 MiB, 0 %
2026/07/04 06:17:06.943, 7, 0 MiB, 81920 MiB, 0 %
2026/07/04 06:17:16.944, 0, 0 MiB, 81920 MiB, 0 %
2026/07/04 06:17:16.944, 1, 14957 MiB, 81920 MiB, 0 %
2026/07/04 06:17:16.945, 2, 0 MiB, 81920 MiB, 0 %
2026/07/04 06:17:16.945, 3, 0 MiB, 81920 MiB, 0 %
2026/07/04 06:17:16.945, 4, 0 MiB, 81920 MiB, 0 %
2026/07/04 06:17:16.946, 5, 0 MiB, 81920 MiB, 0 %
2026/07/04 06:17:16.946, 6, 0 MiB, 81920 MiB, 0 %
2026/07/04 06:17:16.946, 7, 0 MiB, 81920 MiB, 0 %
2026/07/04 06:17:26.947, 0, 0 MiB, 81920 MiB, 0 %
2026/07/04 06:17:26.948, 1, 14957 MiB, 81920 MiB, 74 %
2026/07/04 06:17:26.948, 2, 0 MiB, 81920 MiB, 0 %
2026/07/04 06:17:26.948, 3, 0 MiB, 81920 MiB, 0 %
2026/07/04 06:17:26.948, 4, 0 MiB, 81920 MiB, 0 %
2026/07/04 06:17:26.949, 5, 0 MiB, 81920 MiB, 0 %
2026/07/04 06:17:26.949, 6, 0 MiB, 81920 MiB, 0 %
2026/07/04 06:17:26.949, 7, 0 MiB, 81920 MiB, 0 %
2026/07/04 06:17:36.950, 0, 0 MiB, 81920 MiB, 0 %
2026/07/04 06:17:36.951, 1, 14957 MiB, 81920 MiB, 0 %
2026/07/04 06:17:36.951, 2, 0 MiB, 81920 MiB, 0 %
2026/07/04 06:17:36.951, 3, 0 MiB, 81920 MiB, 0 %
2026/07/04 06:17:36.951, 4, 0 MiB, 81920 MiB, 0 %
2026/07/04 06:17:36.952, 5, 0 MiB, 81920 MiB, 0 %
2026/07/04 06:17:36.952, 6, 0 MiB, 81920 MiB, 0 %
2026/07/04 06:17:36.952, 7, 0 MiB, 81920 MiB, 0 %
2026/07/04 06:17:46.953, 0, 0 MiB, 81920 MiB, 0 %
2026/07/04 06:17:46.954, 1, 14957 MiB, 81920 MiB, 0 %
2026/07/04 06:17:46.954, 2, 0 MiB, 81920 MiB, 0 %
2026/07/04 06:17:46.954, 3, 0 MiB, 81920 MiB, 0 %
2026/07/04 06:17:46.955, 4, 0 MiB, 81920 MiB, 0 %
2026/07/04 06:17:46.955, 5, 0 MiB, 81920 MiB, 0 %
2026/07/04 06:17:46.955, 6, 0 MiB, 81920 MiB, 0 %
2026/07/04 06:17:46.956, 7, 0 MiB, 81920 MiB, 0 %
2026/07/04 06:17:56.956, 0, 0 MiB, 81920 MiB, 0 %
2026/07/04 06:17:56.957, 1, 14957 MiB, 81920 MiB, 0 %
2026/07/04 06:17:56.957, 2, 0 MiB, 81920 MiB, 0 %
2026/07/04 06:17:56.957, 3, 0 MiB, 81920 MiB, 0 %
2026/07/04 06:17:56.958, 4, 0 MiB, 81920 MiB, 0 %
2026/07/04 06:17:56.958, 5, 0 MiB, 81920 MiB, 0 %
2026/07/04 06:17:56.958, 6, 0 MiB, 81920 MiB, 0 %
2026/07/04 06:17:56.959, 7, 0 MiB, 81920 MiB, 0 %
2026/07/04 06:18:06.959, 0, 0 MiB, 81920 MiB, 0 %
2026/07/04 06:18:06.960, 1, 14957 MiB, 81920 MiB, 0 %
2026/07/04 06:18:06.960, 2, 0 MiB, 81920 MiB, 0 %
2026/07/04 06:18:06.960, 3, 0 MiB, 81920 MiB, 0 %
2026/07/04 06:18:06.961, 4, 0 MiB, 81920 MiB, 0 %
2026/07/04 06:18:06.961, 5, 0 MiB, 81920 MiB, 0 %
2026/07/04 06:18:06.961, 6, 0 MiB, 81920 MiB, 0 %
2026/07/04 06:18:06.962, 7, 0 MiB, 81920 MiB, 0 %
2026/07/04 06:18:16.962, 0, 0 MiB, 81920 MiB, 0 %
2026/07/04 06:18:16.963, 1, 14957 MiB, 81920 MiB, 0 %
2026/07/04 06:18:16.963, 2, 0 MiB, 81920 MiB, 0 %
2026/07/04 06:18:16.964, 3, 0 MiB, 81920 MiB, 0 %
2026/07/04 06:18:16.964, 4, 0 MiB, 81920 MiB, 0 %
2026/07/04 06:18:16.964, 5, 0 MiB, 81920 MiB, 0 %
2026/07/04 06:18:16.964, 6, 0 MiB, 81920 MiB, 0 %
2026/07/04 06:18:16.965, 7, 0 MiB, 81920 MiB, 0 %
2026/07/04 06:18:26.965, 0, 0 MiB, 81920 MiB, 0 %
2026/07/04 06:18:26.966, 1, 14957 MiB, 81920 MiB, 0 %
2026/07/04 06:18:26.966, 2, 0 MiB, 81920 MiB, 0 %
2026/07/04 06:18:26.967, 3, 0 MiB, 81920 MiB, 0 %
2026/07/04 06:18:26.967, 4, 0 MiB, 81920 MiB, 0 %
2026/07/04 06:18:26.967, 5, 0 MiB, 81920 MiB, 0 %
2026/07/04 06:18:26.967, 6, 0 MiB, 81920 MiB, 0 %
2026/07/04 06:18:26.968, 7, 0 MiB, 81920 MiB, 0 %
2026/07/04 06:18:36.969, 0, 0 MiB, 81920 MiB, 0 %
2026/07/04 06:18:36.969, 1, 14957 MiB, 81920 MiB, 0 %
2026/07/04 06:18:36.969, 2, 0 MiB, 81920 MiB, 0 %
2026/07/04 06:18:36.970, 3, 0 MiB, 81920 MiB, 0 %
2026/07/04 06:18:36.970, 4, 0 MiB, 81920 MiB, 0 %
2026/07/04 06:18:36.970, 5, 0 MiB, 81920 MiB, 0 %
2026/07/04 06:18:36.971, 6, 0 MiB, 81920 MiB, 0 %
2026/07/04 06:18:36.971, 7, 0 MiB, 81920 MiB, 0 %
2026/07/04 06:18:46.972, 0, 0 MiB, 81920 MiB, 0 %
2026/07/04 06:18:46.972, 1, 14957 MiB, 81920 MiB, 0 %
2026/07/04 06:18:46.972, 2, 0 MiB, 81920 MiB, 0 %
2026/07/04 06:18:46.973, 3, 0 MiB, 81920 MiB, 0 %
2026/07/04 06:18:46.973, 4, 0 MiB, 81920 MiB, 0 %
2026/07/04 06:18:46.973, 5, 0 MiB, 81920 MiB, 0 %
2026/07/04 06:18:46.974, 6, 0 MiB, 81920 MiB, 0 %
2026/07/04 06:18:46.974, 7, 0 MiB, 81920 MiB, 0 %
2026/07/04 06:18:56.975, 0, 0 MiB, 81920 MiB, 0 %
2026/07/04 06:18:56.975, 1, 14957 MiB, 81920 MiB, 0 %
2026/07/04 06:18:56.976, 2, 0 MiB, 81920 MiB, 0 %
2026/07/04 06:18:56.976, 3, 0 MiB, 81920 MiB, 0 %
2026/07/04 06:18:56.976, 4, 0 MiB, 81920 MiB, 0 %
2026/07/04 06:18:56.977, 5, 0 MiB, 81920 MiB, 0 %
2026/07/04 06:18:56.977, 6, 0 MiB, 81920 MiB, 0 %
2026/07/04 06:18:56.977, 7, 0 MiB, 81920 MiB, 0 %
2026/07/04 06:19:06.978, 0, 0 MiB, 81920 MiB, 0 %
2026/07/04 06:19:06.978, 1, 14957 MiB, 81920 MiB, 0 %
2026/07/04 06:19:06.979, 2, 0 MiB, 81920 MiB, 0 %
2026/07/04 06:19:06.979, 3, 0 MiB, 81920 MiB, 0 %
2026/07/04 06:19:06.979, 4, 0 MiB, 81920 MiB, 0 %
2026/07/04 06:19:06.980, 5, 0 MiB, 81920 MiB, 0 %
2026/07/04 06:19:06.980, 6, 0 MiB, 81920 MiB, 0 %
2026/07/04 06:19:06.980, 7, 0 MiB, 81920 MiB, 0 %
2026/07/04 06:19:16.981, 0, 0 MiB, 81920 MiB, 0 %
2026/07/04 06:19:16.981, 1, 14957 MiB, 81920 MiB, 70 %
2026/07/04 06:19:16.982, 2, 0 MiB, 81920 MiB, 0 %
2026/07/04 06:19:16.982, 3, 0 MiB, 81920 MiB, 0 %
2026/07/04 06:19:16.982, 4, 0 MiB, 81920 MiB, 0 %
2026/07/04 06:19:16.983, 5, 0 MiB, 81920 MiB, 0 %
2026/07/04 06:19:16.983, 6, 0 MiB, 81920 MiB, 0 %
2026/07/04 06:19:16.983, 7, 0 MiB, 81920 MiB, 0 %
2026/07/04 06:19:26.984, 0, 0 MiB, 81920 MiB, 0 %
2026/07/04 06:19:26.985, 1, 14957 MiB, 81920 MiB, 65 %
2026/07/04 06:19:26.985, 2, 0 MiB, 81920 MiB, 0 %
2026/07/04 06:19:26.985, 3, 0 MiB, 81920 MiB, 0 %
2026/07/04 06:19:26.986, 4, 0 MiB, 81920 MiB, 0 %
2026/07/04 06:19:26.986, 5, 0 MiB, 81920 MiB, 0 %
2026/07/04 06:19:26.986, 6, 0 MiB, 81920 MiB, 0 %
2026/07/04 06:19:26.986, 7, 0 MiB, 81920 MiB, 0 %
2026/07/04 06:19:36.987, 0, 0 MiB, 81920 MiB, 0 %
2026/07/04 06:19:36.988, 1, 14957 MiB, 81920 MiB, 0 %
2026/07/04 06:19:36.988, 2, 0 MiB, 81920 MiB, 0 %
2026/07/04 06:19:36.988, 3, 0 MiB, 81920 MiB, 0 %
2026/07/04 06:19:36.988, 4, 0 MiB, 81920 MiB, 0 %
2026/07/04 06:19:36.989, 5, 0 MiB, 81920 MiB, 0 %
2026/07/04 06:19:36.989, 6, 0 MiB, 81920 MiB, 0 %
2026/07/04 06:19:36.989, 7, 0 MiB, 81920 MiB, 0 %
2026/07/04 06:19:46.990, 0, 0 MiB, 81920 MiB, 0 %
2026/07/04 06:19:46.991, 1, 14957 MiB, 81920 MiB, 0 %
2026/07/04 06:19:46.991, 2, 0 MiB, 81920 MiB, 0 %
2026/07/04 06:19:46.991, 3, 0 MiB, 81920 MiB, 0 %
2026/07/04 06:19:46.991, 4, 0 MiB, 81920 MiB, 0 %
2026/07/04 06:19:46.992, 5, 0 MiB, 81920 MiB, 0 %
2026/07/04 06:19:46.992, 6, 0 MiB, 81920 MiB, 0 %
2026/07/04 06:19:46.992, 7, 0 MiB, 81920 MiB, 0 %
2026/07/04 06:19:56.993, 0, 0 MiB, 81920 MiB, 0 %
2026/07/04 06:19:56.994, 1, 14957 MiB, 81920 MiB, 0 %
2026/07/04 06:19:56.994, 2, 0 MiB, 81920 MiB, 0 %
2026/07/04 06:19:56.994, 3, 0 MiB, 81920 MiB, 0 %
2026/07/04 06:19:56.994, 4, 0 MiB, 81920 MiB, 0 %
2026/07/04 06:19:56.995, 5, 0 MiB, 81920 MiB, 0 %
2026/07/04 06:19:56.995, 6, 0 MiB, 81920 MiB, 0 %
2026/07/04 06:19:56.995, 7, 0 MiB, 81920 MiB, 0 %
2026/07/04 06:20:06.996, 0, 0 MiB, 81920 MiB, 0 %
2026/07/04 06:20:06.997, 1, 14957 MiB, 81920 MiB, 0 %
2026/07/04 06:20:06.997, 2, 0 MiB, 81920 MiB, 0 %
2026/07/04 06:20:06.997, 3, 0 MiB, 81920 MiB, 0 %
2026/07/04 06:20:06.998, 4, 0 MiB, 81920 MiB, 0 %
2026/07/04 06:20:06.998, 5, 0 MiB, 81920 MiB, 0 %
2026/07/04 06:20:06.998, 6, 0 MiB, 81920 MiB, 0 %
2026/07/04 06:20:06.998, 7, 0 MiB, 81920 MiB, 0 %
2026/07/04 06:20:16.999, 0, 0 MiB, 81920 MiB, 0 %
2026/07/04 06:20:17.000, 1, 14957 MiB, 81920 MiB, 0 %
2026/07/04 06:20:17.000, 2, 0 MiB, 81920 MiB, 0 %
2026/07/04 06:20:17.000, 3, 0 MiB, 81920 MiB, 0 %
2026/07/04 06:20:17.001, 4, 0 MiB, 81920 MiB, 0 %
2026/07/04 06:20:17.001, 5, 0 MiB, 81920 MiB, 0 %
2026/07/04 06:20:17.001, 6, 0 MiB, 81920 MiB, 0 %
2026/07/04 06:20:17.002, 7, 0 MiB, 81920 MiB, 0 %
2026/07/04 06:20:27.002, 0, 0 MiB, 81920 MiB, 0 %
2026/07/04 06:20:27.003, 1, 14957 MiB, 81920 MiB, 0 %
2026/07/04 06:20:27.003, 2, 0 MiB, 81920 MiB, 0 %
2026/07/04 06:20:27.003, 3, 0 MiB, 81920 MiB, 0 %
2026/07/04 06:20:27.004, 4, 0 MiB, 81920 MiB, 0 %
2026/07/04 06:20:27.004, 5, 0 MiB, 81920 MiB, 0 %
2026/07/04 06:20:27.004, 6, 0 MiB, 81920 MiB, 0 %
2026/07/04 06:20:27.004, 7, 0 MiB, 81920 MiB, 0 %
2026/07/04 06:20:37.005, 0, 0 MiB, 81920 MiB, 0 %
2026/07/04 06:20:37.006, 1, 14957 MiB, 81920 MiB, 0 %
2026/07/04 06:20:37.006, 2, 0 MiB, 81920 MiB, 0 %
2026/07/04 06:20:37.006, 3, 0 MiB, 81920 MiB, 0 %
2026/07/04 06:20:37.007, 4, 0 MiB, 81920 MiB, 0 %
2026/07/04 06:20:37.007, 5, 0 MiB, 81920 MiB, 0 %
2026/07/04 06:20:37.007, 6, 0 MiB, 81920 MiB, 0 %
2026/07/04 06:20:37.008, 7, 0 MiB, 81920 MiB, 0 %
2026/07/04 06:20:47.008, 0, 0 MiB, 81920 MiB, 0 %
2026/07/04 06:20:47.009, 1, 14957 MiB, 81920 MiB, 100 %
2026/07/04 06:20:47.009, 2, 0 MiB, 81920 MiB, 0 %
2026/07/04 06:20:47.009, 3, 0 MiB, 81920 MiB, 0 %
2026/07/04 06:20:47.010, 4, 0 MiB, 81920 MiB, 0 %
2026/07/04 06:20:47.010, 5, 0 MiB, 81920 MiB, 0 %
2026/07/04 06:20:47.010, 6, 0 MiB, 81920 MiB, 0 %
2026/07/04 06:20:47.011, 7, 0 MiB, 81920 MiB, 0 %
2026/07/04 06:20:57.011, 0, 0 MiB, 81920 MiB, 0 %
2026/07/04 06:20:57.012, 1, 14957 MiB, 81920 MiB, 0 %
2026/07/04 06:20:57.012, 2, 0 MiB, 81920 MiB, 0 %
2026/07/04 06:20:57.012, 3, 0 MiB, 81920 MiB, 0 %
2026/07/04 06:20:57.013, 4, 0 MiB, 81920 MiB, 0 %
2026/07/04 06:20:57.013, 5, 0 MiB, 81920 MiB, 0 %
2026/07/04 06:20:57.013, 6, 0 MiB, 81920 MiB, 0 %
2026/07/04 06:20:57.014, 7, 0 MiB, 81920 MiB, 0 %
2026/07/04 06:21:07.014, 0, 0 MiB, 81920 MiB, 0 %
2026/07/04 06:21:07.015, 1, 14957 MiB, 81920 MiB, 0 %
2026/07/04 06:21:07.015, 2, 0 MiB, 81920 MiB, 0 %
2026/07/04 06:21:07.015, 3, 0 MiB, 81920 MiB, 0 %
2026/07/04 06:21:07.016, 4, 0 MiB, 81920 MiB, 0 %
2026/07/04 06:21:07.016, 5, 0 MiB, 81920 MiB, 0 %
2026/07/04 06:21:07.016, 6, 0 MiB, 81920 MiB, 0 %
2026/07/04 06:21:07.017, 7, 0 MiB, 81920 MiB, 0 %
2026/07/04 06:21:17.018, 0, 0 MiB, 81920 MiB, 0 %
2026/07/04 06:21:17.018, 1, 14957 MiB, 81920 MiB, 0 %
2026/07/04 06:21:17.018, 2, 0 MiB, 81920 MiB, 0 %
2026/07/04 06:21:17.019, 3, 0 MiB, 81920 MiB, 0 %
2026/07/04 06:21:17.019, 4, 0 MiB, 81920 MiB, 0 %
2026/07/04 06:21:17.019, 5, 0 MiB, 81920 MiB, 0 %
2026/07/04 06:21:17.020, 6, 0 MiB, 81920 MiB, 0 %
2026/07/04 06:21:17.020, 7, 0 MiB, 81920 MiB, 0 %
2026/07/04 06:21:27.021, 0, 0 MiB, 81920 MiB, 0 %
2026/07/04 06:21:27.021, 1, 14957 MiB, 81920 MiB, 0 %
2026/07/04 06:21:27.022, 2, 0 MiB, 81920 MiB, 0 %
2026/07/04 06:21:27.022, 3, 0 MiB, 81920 MiB, 0 %
2026/07/04 06:21:27.022, 4, 0 MiB, 81920 MiB, 0 %
2026/07/04 06:21:27.023, 5, 0 MiB, 81920 MiB, 0 %
2026/07/04 06:21:27.023, 6, 0 MiB, 81920 MiB, 0 %
2026/07/04 06:21:27.023, 7, 0 MiB, 81920 MiB, 0 %
2026/07/04 06:21:37.024, 0, 0 MiB, 81920 MiB, 0 %
2026/07/04 06:21:37.024, 1, 14957 MiB, 81920 MiB, 0 %
2026/07/04 06:21:37.025, 2, 0 MiB, 81920 MiB, 0 %
2026/07/04 06:21:37.025, 3, 0 MiB, 81920 MiB, 0 %
2026/07/04 06:21:37.025, 4, 0 MiB, 81920 MiB, 0 %
2026/07/04 06:21:37.026, 5, 0 MiB, 81920 MiB, 0 %
2026/07/04 06:21:37.026, 6, 0 MiB, 81920 MiB, 0 %
2026/07/04 06:21:37.026, 7, 0 MiB, 81920 MiB, 0 %
2026/07/04 06:21:47.027, 0, 0 MiB, 81920 MiB, 0 %
2026/07/04 06:21:47.027, 1, 14957 MiB, 81920 MiB, 0 %
2026/07/04 06:21:47.028, 2, 0 MiB, 81920 MiB, 0 %
2026/07/04 06:21:47.028, 3, 0 MiB, 81920 MiB, 0 %
2026/07/04 06:21:47.028, 4, 0 MiB, 81920 MiB, 0 %
2026/07/04 06:21:47.028, 5, 0 MiB, 81920 MiB, 0 %
2026/07/04 06:21:47.029, 6, 0 MiB, 81920 MiB, 0 %
2026/07/04 06:21:47.029, 7, 0 MiB, 81920 MiB, 0 %
2026/07/04 06:21:57.030, 0, 0 MiB, 81920 MiB, 0 %
2026/07/04 06:21:57.030, 1, 14957 MiB, 81920 MiB, 66 %
2026/07/04 06:21:57.030, 2, 0 MiB, 81920 MiB, 0 %
2026/07/04 06:21:57.031, 3, 0 MiB, 81920 MiB, 0 %
2026/07/04 06:21:57.031, 4, 0 MiB, 81920 MiB, 0 %
2026/07/04 06:21:57.031, 5, 0 MiB, 81920 MiB, 0 %
2026/07/04 06:21:57.032, 6, 0 MiB, 81920 MiB, 0 %
2026/07/04 06:21:57.032, 7, 0 MiB, 81920 MiB, 0 %
2026/07/04 06:22:07.033, 0, 0 MiB, 81920 MiB, 0 %
2026/07/04 06:22:07.033, 1, 14957 MiB, 81920 MiB, 65 %
2026/07/04 06:22:07.034, 2, 0 MiB, 81920 MiB, 0 %
2026/07/04 06:22:07.034, 3, 0 MiB, 81920 MiB, 0 %
2026/07/04 06:22:07.034, 4, 0 MiB, 81920 MiB, 0 %
2026/07/04 06:22:07.034, 5, 0 MiB, 81920 MiB, 0 %
2026/07/04 06:22:07.035, 6, 0 MiB, 81920 MiB, 0 %
2026/07/04 06:22:07.035, 7, 0 MiB, 81920 MiB, 0 %
2026/07/04 06:22:17.036, 0, 0 MiB, 81920 MiB, 0 %
2026/07/04 06:22:17.036, 1, 14957 MiB, 81920 MiB, 0 %
2026/07/04 06:22:17.037, 2, 0 MiB, 81920 MiB, 0 %
2026/07/04 06:22:17.037, 3, 0 MiB, 81920 MiB, 0 %
2026/07/04 06:22:17.037, 4, 0 MiB, 81920 MiB, 0 %
2026/07/04 06:22:17.038, 5, 0 MiB, 81920 MiB, 0 %
2026/07/04 06:22:17.038, 6, 0 MiB, 81920 MiB, 0 %
2026/07/04 06:22:17.038, 7, 0 MiB, 81920 MiB, 0 %
2026/07/04 06:22:27.039, 0, 0 MiB, 81920 MiB, 0 %
2026/07/04 06:22:27.039, 1, 14957 MiB, 81920 MiB, 0 %
2026/07/04 06:22:27.040, 2, 0 MiB, 81920 MiB, 0 %
2026/07/04 06:22:27.040, 3, 0 MiB, 81920 MiB, 0 %
2026/07/04 06:22:27.040, 4, 0 MiB, 81920 MiB, 0 %
2026/07/04 06:22:27.041, 5, 0 MiB, 81920 MiB, 0 %
2026/07/04 06:22:27.041, 6, 0 MiB, 81920 MiB, 0 %
2026/07/04 06:22:27.041, 7, 0 MiB, 81920 MiB, 0 %
2026/07/04 06:22:37.042, 0, 0 MiB, 81920 MiB, 0 %
2026/07/04 06:22:37.042, 1, 14957 MiB, 81920 MiB, 0 %
2026/07/04 06:22:37.043, 2, 0 MiB, 81920 MiB, 0 %
2026/07/04 06:22:37.043, 3, 0 MiB, 81920 MiB, 0 %
2026/07/04 06:22:37.043, 4, 0 MiB, 81920 MiB, 0 %
2026/07/04 06:22:37.043, 5, 0 MiB, 81920 MiB, 0 %
2026/07/04 06:22:37.044, 6, 0 MiB, 81920 MiB, 0 %
2026/07/04 06:22:37.044, 7, 0 MiB, 81920 MiB, 0 %
2026/07/04 06:22:47.045, 0, 0 MiB, 81920 MiB, 0 %
2026/07/04 06:22:47.045, 1, 14957 MiB, 81920 MiB, 0 %
2026/07/04 06:22:47.045, 2, 0 MiB, 81920 MiB, 0 %
2026/07/04 06:22:47.046, 3, 0 MiB, 81920 MiB, 0 %
2026/07/04 06:22:47.046, 4, 0 MiB, 81920 MiB, 0 %
2026/07/04 06:22:47.046, 5, 0 MiB, 81920 MiB, 0 %
2026/07/04 06:22:47.047, 6, 0 MiB, 81920 MiB, 0 %
2026/07/04 06:22:47.047, 7, 0 MiB, 81920 MiB, 0 %
2026/07/04 06:22:57.048, 0, 0 MiB, 81920 MiB, 0 %
2026/07/04 06:22:57.048, 1, 14957 MiB, 81920 MiB, 0 %
2026/07/04 06:22:57.048, 2, 0 MiB, 81920 MiB, 0 %
2026/07/04 06:22:57.049, 3, 0 MiB, 81920 MiB, 0 %
2026/07/04 06:22:57.049, 4, 0 MiB, 81920 MiB, 0 %
2026/07/04 06:22:57.049, 5, 0 MiB, 81920 MiB, 0 %
2026/07/04 06:22:57.050, 6, 0 MiB, 81920 MiB, 0 %
2026/07/04 06:22:57.050, 7, 0 MiB, 81920 MiB, 0 %
2026/07/04 06:23:07.051, 0, 0 MiB, 81920 MiB, 0 %
2026/07/04 06:23:07.051, 1, 14957 MiB, 81920 MiB, 0 %
2026/07/04 06:23:07.051, 2, 0 MiB, 81920 MiB, 0 %
2026/07/04 06:23:07.052, 3, 0 MiB, 81920 MiB, 0 %
2026/07/04 06:23:07.052, 4, 0 MiB, 81920 MiB, 0 %
2026/07/04 06:23:07.052, 5, 0 MiB, 81920 MiB, 0 %
2026/07/04 06:23:07.053, 6, 0 MiB, 81920 MiB, 0 %
2026/07/04 06:23:07.053, 7, 0 MiB, 81920 MiB, 0 %
2026/07/04 06:23:17.054, 0, 0 MiB, 81920 MiB, 0 %
2026/07/04 06:23:17.054, 1, 14957 MiB, 81920 MiB, 0 %
2026/07/04 06:23:17.054, 2, 0 MiB, 81920 MiB, 0 %
2026/07/04 06:23:17.055, 3, 0 MiB, 81920 MiB, 0 %
2026/07/04 06:23:17.055, 4, 0 MiB, 81920 MiB, 0 %
2026/07/04 06:23:17.055, 5, 0 MiB, 81920 MiB, 0 %
2026/07/04 06:23:17.056, 6, 0 MiB, 81920 MiB, 0 %
2026/07/04 06:23:17.056, 7, 0 MiB, 81920 MiB, 0 %
2026/07/04 06:23:27.057, 0, 0 MiB, 81920 MiB, 0 %
2026/07/04 06:23:27.057, 1, 14957 MiB, 81920 MiB, 0 %
2026/07/04 06:23:27.058, 2, 0 MiB, 81920 MiB, 0 %
2026/07/04 06:23:27.058, 3, 0 MiB, 81920 MiB, 0 %
2026/07/04 06:23:27.058, 4, 0 MiB, 81920 MiB, 0 %
2026/07/04 06:23:27.058, 5, 0 MiB, 81920 MiB, 0 %
2026/07/04 06:23:27.059, 6, 0 MiB, 81920 MiB, 0 %
2026/07/04 06:23:27.059, 7, 0 MiB, 81920 MiB, 0 %
2026/07/04 06:23:37.060, 0, 0 MiB, 81920 MiB, 0 %
2026/07/04 06:23:37.060, 1, 14957 MiB, 81920 MiB, 0 %
2026/07/04 06:23:37.061, 2, 0 MiB, 81920 MiB, 0 %
2026/07/04 06:23:37.061, 3, 0 MiB, 81920 MiB, 0 %
2026/07/04 06:23:37.061, 4, 0 MiB, 81920 MiB, 0 %
2026/07/04 06:23:37.061, 5, 0 MiB, 81920 MiB, 0 %
2026/07/04 06:23:37.062, 6, 0 MiB, 81920 MiB, 0 %
2026/07/04 06:23:37.062, 7, 0 MiB, 81920 MiB, 0 %
2026/07/04 06:23:47.063, 0, 0 MiB, 81920 MiB, 0 %
2026/07/04 06:23:47.063, 1, 14957 MiB, 81920 MiB, 0 %
2026/07/04 06:23:47.064, 2, 0 MiB, 81920 MiB, 0 %
2026/07/04 06:23:47.064, 3, 0 MiB, 81920 MiB, 0 %
2026/07/04 06:23:47.064, 4, 0 MiB, 81920 MiB, 0 %
2026/07/04 06:23:47.064, 5, 0 MiB, 81920 MiB, 0 %
2026/07/04 06:23:47.065, 6, 0 MiB, 81920 MiB, 0 %
2026/07/04 06:23:47.065, 7, 0 MiB, 81920 MiB, 0 %
2026/07/04 06:23:57.066, 0, 0 MiB, 81920 MiB, 0 %
2026/07/04 06:23:57.066, 1, 14957 MiB, 81920 MiB, 76 %
2026/07/04 06:23:57.067, 2, 0 MiB, 81920 MiB, 0 %
2026/07/04 06:23:57.067, 3, 0 MiB, 81920 MiB, 0 %
2026/07/04 06:23:57.067, 4, 0 MiB, 81920 MiB, 0 %
2026/07/04 06:23:57.067, 5, 0 MiB, 81920 MiB, 0 %
2026/07/04 06:23:57.068, 6, 0 MiB, 81920 MiB, 0 %
2026/07/04 06:23:57.068, 7, 0 MiB, 81920 MiB, 0 %
2026/07/04 06:24:07.069, 0, 0 MiB, 81920 MiB, 0 %
2026/07/04 06:24:07.069, 1, 14957 MiB, 81920 MiB, 0 %
2026/07/04 06:24:07.070, 2, 0 MiB, 81920 MiB, 0 %
2026/07/04 06:24:07.070, 3, 0 MiB, 81920 MiB, 0 %
2026/07/04 06:24:07.070, 4, 0 MiB, 81920 MiB, 0 %
2026/07/04 06:24:07.071, 5, 0 MiB, 81920 MiB, 0 %
2026/07/04 06:24:07.071, 6, 0 MiB, 81920 MiB, 0 %
2026/07/04 06:24:07.071, 7, 0 MiB, 81920 MiB, 0 %
2026/07/04 06:24:17.072, 0, 0 MiB, 81920 MiB, 0 %
2026/07/04 06:24:17.073, 1, 14957 MiB, 81920 MiB, 0 %
2026/07/04 06:24:17.073, 2, 0 MiB, 81920 MiB, 0 %
2026/07/04 06:24:17.073, 3, 0 MiB, 81920 MiB, 0 %
2026/07/04 06:24:17.073, 4, 0 MiB, 81920 MiB, 0 %
2026/07/04 06:24:17.074, 5, 0 MiB, 81920 MiB, 0 %
2026/07/04 06:24:17.074, 6, 0 MiB, 81920 MiB, 0 %
2026/07/04 06:24:17.074, 7, 0 MiB, 81920 MiB, 0 %
2026/07/04 06:24:27.075, 0, 0 MiB, 81920 MiB, 0 %
2026/07/04 06:24:27.076, 1, 14957 MiB, 81920 MiB, 0 %
2026/07/04 06:24:27.076, 2, 0 MiB, 81920 MiB, 0 %
2026/07/04 06:24:27.076, 3, 0 MiB, 81920 MiB, 0 %
2026/07/04 06:24:27.077, 4, 0 MiB, 81920 MiB, 0 %
2026/07/04 06:24:27.077, 5, 0 MiB, 81920 MiB, 0 %
2026/07/04 06:24:27.077, 6, 0 MiB, 81920 MiB, 0 %
2026/07/04 06:24:27.077, 7, 0 MiB, 81920 MiB, 0 %
2026/07/04 06:24:37.078, 0, 0 MiB, 81920 MiB, 0 %
2026/07/04 06:24:37.079, 1, 14957 MiB, 81920 MiB, 2 %
2026/07/04 06:24:37.079, 2, 0 MiB, 81920 MiB, 0 %
2026/07/04 06:24:37.079, 3, 0 MiB, 81920 MiB, 0 %
2026/07/04 06:24:37.080, 4, 0 MiB, 81920 MiB, 0 %
2026/07/04 06:24:37.080, 5, 0 MiB, 81920 MiB, 0 %
2026/07/04 06:24:37.080, 6, 0 MiB, 81920 MiB, 0 %
2026/07/04 06:24:37.080, 7, 0 MiB, 81920 MiB, 0 %
2026/07/04 06:24:47.081, 0, 0 MiB, 81920 MiB, 0 %
2026/07/04 06:24:47.081, 1, 14957 MiB, 81920 MiB, 0 %
2026/07/04 06:24:47.082, 2, 0 MiB, 81920 MiB, 0 %
2026/07/04 06:24:47.082, 3, 0 MiB, 81920 MiB, 0 %
2026/07/04 06:24:47.082, 4, 0 MiB, 81920 MiB, 0 %
2026/07/04 06:24:47.083, 5, 0 MiB, 81920 MiB, 0 %
2026/07/04 06:24:47.083, 6, 0 MiB, 81920 MiB, 0 %
2026/07/04 06:24:47.083, 7, 0 MiB, 81920 MiB, 0 %
2026/07/04 06:24:57.084, 0, 0 MiB, 81920 MiB, 0 %
2026/07/04 06:24:57.085, 1, 14957 MiB, 81920 MiB, 0 %
2026/07/04 06:24:57.085, 2, 0 MiB, 81920 MiB, 0 %
2026/07/04 06:24:57.085, 3, 0 MiB, 81920 MiB, 0 %
2026/07/04 06:24:57.085, 4, 0 MiB, 81920 MiB, 0 %
2026/07/04 06:24:57.086, 5, 0 MiB, 81920 MiB, 0 %
2026/07/04 06:24:57.086, 6, 0 MiB, 81920 MiB, 0 %
2026/07/04 06:24:57.086, 7, 0 MiB, 81920 MiB, 0 %
2026/07/04 06:25:07.087, 0, 0 MiB, 81920 MiB, 0 %
2026/07/04 06:25:07.088, 1, 14957 MiB, 81920 MiB, 0 %
2026/07/04 06:25:07.088, 2, 0 MiB, 81920 MiB, 0 %
2026/07/04 06:25:07.088, 3, 0 MiB, 81920 MiB, 0 %
2026/07/04 06:25:07.088, 4, 0 MiB, 81920 MiB, 0 %
2026/07/04 06:25:07.089, 5, 0 MiB, 81920 MiB, 0 %
2026/07/04 06:25:07.089, 6, 0 MiB, 81920 MiB, 0 %
2026/07/04 06:25:07.089, 7, 0 MiB, 81920 MiB, 0 %
2026/07/04 06:25:17.090, 0, 0 MiB, 81920 MiB, 0 %
2026/07/04 06:25:17.091, 1, 14957 MiB, 81920 MiB, 3 %
2026/07/04 06:25:17.091, 2, 0 MiB, 81920 MiB, 0 %
2026/07/04 06:25:17.091, 3, 0 MiB, 81920 MiB, 0 %
2026/07/04 06:25:17.092, 4, 0 MiB, 81920 MiB, 0 %
2026/07/04 06:25:17.092, 5, 0 MiB, 81920 MiB, 0 %
2026/07/04 06:25:17.092, 6, 0 MiB, 81920 MiB, 0 %
2026/07/04 06:25:17.092, 7, 0 MiB, 81920 MiB, 0 %
2026/07/04 06:25:27.093, 0, 0 MiB, 81920 MiB, 0 %
2026/07/04 06:25:27.094, 1, 14957 MiB, 81920 MiB, 74 %
2026/07/04 06:25:27.094, 2, 0 MiB, 81920 MiB, 0 %
2026/07/04 06:25:27.094, 3, 0 MiB, 81920 MiB, 0 %
2026/07/04 06:25:27.095, 4, 0 MiB, 81920 MiB, 0 %
2026/07/04 06:25:27.095, 5, 0 MiB, 81920 MiB, 0 %
2026/07/04 06:25:27.095, 6, 0 MiB, 81920 MiB, 0 %
2026/07/04 06:25:27.095, 7, 0 MiB, 81920 MiB, 0 %
2026/07/04 06:25:37.096, 0, 0 MiB, 81920 MiB, 0 %
2026/07/04 06:25:37.096, 1, 14957 MiB, 81920 MiB, 0 %
2026/07/04 06:25:37.097, 2, 0 MiB, 81920 MiB, 0 %
2026/07/04 06:25:37.097, 3, 0 MiB, 81920 MiB, 0 %
2026/07/04 06:25:37.097, 4, 0 MiB, 81920 MiB, 0 %
2026/07/04 06:25:37.098, 5, 0 MiB, 81920 MiB, 0 %
2026/07/04 06:25:37.098, 6, 0 MiB, 81920 MiB, 0 %
2026/07/04 06:25:37.098, 7, 0 MiB, 81920 MiB, 0 %
2026/07/04 06:25:47.099, 0, 0 MiB, 81920 MiB, 0 %
2026/07/04 06:25:47.099, 1, 14957 MiB, 81920 MiB, 0 %
2026/07/04 06:25:47.100, 2, 0 MiB, 81920 MiB, 0 %
2026/07/04 06:25:47.100, 3, 0 MiB, 81920 MiB, 0 %
2026/07/04 06:25:47.100, 4, 0 MiB, 81920 MiB, 0 %
2026/07/04 06:25:47.101, 5, 0 MiB, 81920 MiB, 0 %
2026/07/04 06:25:47.101, 6, 0 MiB, 81920 MiB, 0 %
2026/07/04 06:25:47.101, 7, 0 MiB, 81920 MiB, 0 %
2026/07/04 06:25:57.102, 0, 0 MiB, 81920 MiB, 0 %
2026/07/04 06:25:57.102, 1, 14957 MiB, 81920 MiB, 0 %
2026/07/04 06:25:57.103, 2, 0 MiB, 81920 MiB, 0 %
2026/07/04 06:25:57.103, 3, 0 MiB, 81920 MiB, 0 %
2026/07/04 06:25:57.103, 4, 0 MiB, 81920 MiB, 0 %
2026/07/04 06:25:57.104, 5, 0 MiB, 81920 MiB, 0 %
2026/07/04 06:25:57.104, 6, 0 MiB, 81920 MiB, 0 %
2026/07/04 06:25:57.104, 7, 0 MiB, 81920 MiB, 0 %
2026/07/04 06:26:07.105, 0, 0 MiB, 81920 MiB, 0 %
2026/07/04 06:26:07.105, 1, 14957 MiB, 81920 MiB, 0 %
2026/07/04 06:26:07.106, 2, 0 MiB, 81920 MiB, 0 %
2026/07/04 06:26:07.106, 3, 0 MiB, 81920 MiB, 0 %
2026/07/04 06:26:07.106, 4, 0 MiB, 81920 MiB, 0 %
2026/07/04 06:26:07.107, 5, 0 MiB, 81920 MiB, 0 %
2026/07/04 06:26:07.107, 6, 0 MiB, 81920 MiB, 0 %
2026/07/04 06:26:07.107, 7, 0 MiB, 81920 MiB, 0 %
2026/07/04 06:26:17.108, 0, 0 MiB, 81920 MiB, 0 %
2026/07/04 06:26:17.108, 1, 14957 MiB, 81920 MiB, 0 %
2026/07/04 06:26:17.109, 2, 0 MiB, 81920 MiB, 0 %
2026/07/04 06:26:17.109, 3, 0 MiB, 81920 MiB, 0 %
2026/07/04 06:26:17.109, 4, 0 MiB, 81920 MiB, 0 %
2026/07/04 06:26:17.110, 5, 0 MiB, 81920 MiB, 0 %
2026/07/04 06:26:17.110, 6, 0 MiB, 81920 MiB, 0 %
2026/07/04 06:26:17.110, 7, 0 MiB, 81920 MiB, 0 %
2026/07/04 06:26:27.111, 0, 0 MiB, 81920 MiB, 0 %
2026/07/04 06:26:27.112, 1, 14957 MiB, 81920 MiB, 0 %
2026/07/04 06:26:27.112, 2, 0 MiB, 81920 MiB, 0 %
2026/07/04 06:26:27.112, 3, 0 MiB, 81920 MiB, 0 %
2026/07/04 06:26:27.112, 4, 0 MiB, 81920 MiB, 0 %
2026/07/04 06:26:27.113, 5, 0 MiB, 81920 MiB, 0 %
2026/07/04 06:26:27.113, 6, 0 MiB, 81920 MiB, 0 %
2026/07/04 06:26:27.113, 7, 0 MiB, 81920 MiB, 0 %
2026/07/04 06:26:37.114, 0, 0 MiB, 81920 MiB, 0 %
2026/07/04 06:26:37.115, 1, 14957 MiB, 81920 MiB, 100 %
2026/07/04 06:26:37.115, 2, 0 MiB, 81920 MiB, 0 %
2026/07/04 06:26:37.115, 3, 0 MiB, 81920 MiB, 0 %
2026/07/04 06:26:37.115, 4, 0 MiB, 81920 MiB, 0 %
2026/07/04 06:26:37.116, 5, 0 MiB, 81920 MiB, 0 %
2026/07/04 06:26:37.116, 6, 0 MiB, 81920 MiB, 0 %
2026/07/04 06:26:37.116, 7, 0 MiB, 81920 MiB, 0 %
2026/07/04 06:26:47.117, 0, 0 MiB, 81920 MiB, 0 %
2026/07/04 06:26:47.118, 1, 14957 MiB, 81920 MiB, 0 %
2026/07/04 06:26:47.118, 2, 0 MiB, 81920 MiB, 0 %
2026/07/04 06:26:47.118, 3, 0 MiB, 81920 MiB, 0 %
2026/07/04 06:26:47.119, 4, 0 MiB, 81920 MiB, 0 %
2026/07/04 06:26:47.119, 5, 0 MiB, 81920 MiB, 0 %
2026/07/04 06:26:47.119, 6, 0 MiB, 81920 MiB, 0 %
2026/07/04 06:26:47.119, 7, 0 MiB, 81920 MiB, 0 %
2026/07/04 06:26:57.120, 0, 0 MiB, 81920 MiB, 0 %
2026/07/04 06:26:57.121, 1, 14957 MiB, 81920 MiB, 0 %
2026/07/04 06:26:57.121, 2, 0 MiB, 81920 MiB, 0 %
2026/07/04 06:26:57.121, 3, 0 MiB, 81920 MiB, 0 %
2026/07/04 06:26:57.122, 4, 0 MiB, 81920 MiB, 0 %
2026/07/04 06:26:57.122, 5, 0 MiB, 81920 MiB, 0 %
2026/07/04 06:26:57.122, 6, 0 MiB, 81920 MiB, 0 %
2026/07/04 06:26:57.122, 7, 0 MiB, 81920 MiB, 0 %
2026/07/04 06:27:07.124, 0, 0 MiB, 81920 MiB, 0 %
2026/07/04 06:27:07.124, 1, 14957 MiB, 81920 MiB, 0 %
2026/07/04 06:27:07.125, 2, 0 MiB, 81920 MiB, 0 %
2026/07/04 06:27:07.125, 3, 0 MiB, 81920 MiB, 0 %
2026/07/04 06:27:07.125, 4, 0 MiB, 81920 MiB, 0 %
2026/07/04 06:27:07.125, 5, 0 MiB, 81920 MiB, 0 %
2026/07/04 06:27:07.126, 6, 0 MiB, 81920 MiB, 0 %
2026/07/04 06:27:07.126, 7, 0 MiB, 81920 MiB, 0 %
2026/07/04 06:27:17.127, 0, 0 MiB, 81920 MiB, 0 %
2026/07/04 06:27:17.127, 1, 14957 MiB, 81920 MiB, 0 %
2026/07/04 06:27:17.127, 2, 0 MiB, 81920 MiB, 0 %
2026/07/04 06:27:17.128, 3, 0 MiB, 81920 MiB, 0 %
2026/07/04 06:27:17.128, 4, 0 MiB, 81920 MiB, 0 %
2026/07/04 06:27:17.128, 5, 0 MiB, 81920 MiB, 0 %
2026/07/04 06:27:17.129, 6, 0 MiB, 81920 MiB, 0 %
2026/07/04 06:27:17.129, 7, 0 MiB, 81920 MiB, 0 %
2026/07/04 06:27:27.130, 0, 0 MiB, 81920 MiB, 0 %
2026/07/04 06:27:27.130, 1, 14957 MiB, 81920 MiB, 73 %
2026/07/04 06:27:27.130, 2, 0 MiB, 81920 MiB, 0 %
2026/07/04 06:27:27.131, 3, 0 MiB, 81920 MiB, 0 %
2026/07/04 06:27:27.131, 4, 0 MiB, 81920 MiB, 0 %
2026/07/04 06:27:27.131, 5, 0 MiB, 81920 MiB, 0 %
2026/07/04 06:27:27.132, 6, 0 MiB, 81920 MiB, 0 %
2026/07/04 06:27:27.132, 7, 0 MiB, 81920 MiB, 0 %
2026/07/04 06:27:37.133, 0, 0 MiB, 81920 MiB, 0 %
2026/07/04 06:27:37.133, 1, 14957 MiB, 81920 MiB, 62 %
2026/07/04 06:27:37.133, 2, 0 MiB, 81920 MiB, 0 %
2026/07/04 06:27:37.134, 3, 0 MiB, 81920 MiB, 0 %
2026/07/04 06:27:37.134, 4, 0 MiB, 81920 MiB, 0 %
2026/07/04 06:27:37.134, 5, 0 MiB, 81920 MiB, 0 %
2026/07/04 06:27:37.135, 6, 0 MiB, 81920 MiB, 0 %
2026/07/04 06:27:37.135, 7, 0 MiB, 81920 MiB, 0 %
2026/07/04 06:27:47.136, 0, 0 MiB, 81920 MiB, 0 %
2026/07/04 06:27:47.136, 1, 14957 MiB, 81920 MiB, 0 %
2026/07/04 06:27:47.136, 2, 0 MiB, 81920 MiB, 0 %
2026/07/04 06:27:47.137, 3, 0 MiB, 81920 MiB, 0 %
2026/07/04 06:27:47.137, 4, 0 MiB, 81920 MiB, 0 %
2026/07/04 06:27:47.137, 5, 0 MiB, 81920 MiB, 0 %
2026/07/04 06:27:47.137, 6, 0 MiB, 81920 MiB, 0 %
2026/07/04 06:27:47.138, 7, 0 MiB, 81920 MiB, 0 %
2026/07/04 06:27:57.138, 0, 0 MiB, 81920 MiB, 0 %
2026/07/04 06:27:57.139, 1, 14957 MiB, 81920 MiB, 0 %
2026/07/04 06:27:57.139, 2, 0 MiB, 81920 MiB, 0 %
2026/07/04 06:27:57.139, 3, 0 MiB, 81920 MiB, 0 %
2026/07/04 06:27:57.140, 4, 0 MiB, 81920 MiB, 0 %
2026/07/04 06:27:57.140, 5, 0 MiB, 81920 MiB, 0 %
2026/07/04 06:27:57.140, 6, 0 MiB, 81920 MiB, 0 %
2026/07/04 06:27:57.140, 7, 0 MiB, 81920 MiB, 0 %
2026/07/04 06:28:07.142, 0, 0 MiB, 81920 MiB, 0 %
2026/07/04 06:28:07.142, 1, 14957 MiB, 81920 MiB, 0 %
2026/07/04 06:28:07.142, 2, 0 MiB, 81920 MiB, 0 %
2026/07/04 06:28:07.143, 3, 0 MiB, 81920 MiB, 0 %
2026/07/04 06:28:07.143, 4, 0 MiB, 81920 MiB, 0 %
2026/07/04 06:28:07.143, 5, 0 MiB, 81920 MiB, 0 %
2026/07/04 06:28:07.144, 6, 0 MiB, 81920 MiB, 0 %
2026/07/04 06:28:07.144, 7, 0 MiB, 81920 MiB, 0 %
2026/07/04 06:28:17.144, 0, 0 MiB, 81920 MiB, 0 %
2026/07/04 06:28:17.145, 1, 14957 MiB, 81920 MiB, 0 %
2026/07/04 06:28:17.145, 2, 0 MiB, 81920 MiB, 0 %
2026/07/04 06:28:17.145, 3, 0 MiB, 81920 MiB, 0 %
2026/07/04 06:28:17.146, 4, 0 MiB, 81920 MiB, 0 %
2026/07/04 06:28:17.146, 5, 0 MiB, 81920 MiB, 0 %
2026/07/04 06:28:17.146, 6, 0 MiB, 81920 MiB, 0 %
2026/07/04 06:28:17.146, 7, 0 MiB, 81920 MiB, 0 %
2026/07/04 06:28:27.147, 0, 0 MiB, 81920 MiB, 0 %
2026/07/04 06:28:27.148, 1, 14957 MiB, 81920 MiB, 0 %
2026/07/04 06:28:27.148, 2, 0 MiB, 81920 MiB, 0 %
2026/07/04 06:28:27.148, 3, 0 MiB, 81920 MiB, 0 %
2026/07/04 06:28:27.149, 4, 0 MiB, 81920 MiB, 0 %
2026/07/04 06:28:27.149, 5, 0 MiB, 81920 MiB, 0 %
2026/07/04 06:28:27.149, 6, 0 MiB, 81920 MiB, 0 %
2026/07/04 06:28:27.149, 7, 0 MiB, 81920 MiB, 0 %
2026/07/04 06:28:37.151, 0, 0 MiB, 81920 MiB, 0 %
2026/07/04 06:28:37.151, 1, 14957 MiB, 81920 MiB, 0 %
2026/07/04 06:28:37.151, 2, 0 MiB, 81920 MiB, 0 %
2026/07/04 06:28:37.152, 3, 0 MiB, 81920 MiB, 0 %
2026/07/04 06:28:37.152, 4, 0 MiB, 81920 MiB, 0 %
2026/07/04 06:28:37.152, 5, 0 MiB, 81920 MiB, 0 %
2026/07/04 06:28:37.153, 6, 0 MiB, 81920 MiB, 0 %
2026/07/04 06:28:37.153, 7, 0 MiB, 81920 MiB, 0 %
2026/07/04 06:28:47.154, 0, 0 MiB, 81920 MiB, 0 %
2026/07/04 06:28:47.154, 1, 14957 MiB, 81920 MiB, 0 %
2026/07/04 06:28:47.154, 2, 0 MiB, 81920 MiB, 0 %
2026/07/04 06:28:47.155, 3, 0 MiB, 81920 MiB, 0 %
2026/07/04 06:28:47.155, 4, 0 MiB, 81920 MiB, 0 %
2026/07/04 06:28:47.155, 5, 0 MiB, 81920 MiB, 0 %
2026/07/04 06:28:47.156, 6, 0 MiB, 81920 MiB, 0 %
2026/07/04 06:28:47.156, 7, 0 MiB, 81920 MiB, 0 %
2026/07/04 06:28:57.156, 0, 0 MiB, 81920 MiB, 0 %
2026/07/04 06:28:57.157, 1, 14957 MiB, 81920 MiB, 0 %
2026/07/04 06:28:57.157, 2, 0 MiB, 81920 MiB, 0 %
2026/07/04 06:28:57.157, 3, 0 MiB, 81920 MiB, 0 %
2026/07/04 06:28:57.158, 4, 0 MiB, 81920 MiB, 0 %
2026/07/04 06:28:57.158, 5, 0 MiB, 81920 MiB, 0 %
2026/07/04 06:28:57.158, 6, 0 MiB, 81920 MiB, 0 %
2026/07/04 06:28:57.159, 7, 0 MiB, 81920 MiB, 0 %
2026/07/04 06:29:07.160, 0, 0 MiB, 81920 MiB, 0 %
2026/07/04 06:29:07.160, 1, 14957 MiB, 81920 MiB, 0 %
2026/07/04 06:29:07.161, 2, 0 MiB, 81920 MiB, 0 %
2026/07/04 06:29:07.161, 3, 0 MiB, 81920 MiB, 0 %
2026/07/04 06:29:07.161, 4, 0 MiB, 81920 MiB, 0 %
2026/07/04 06:29:07.162, 5, 0 MiB, 81920 MiB, 0 %
2026/07/04 06:29:07.162, 6, 0 MiB, 81920 MiB, 0 %
2026/07/04 06:29:07.162, 7, 0 MiB, 81920 MiB, 0 %
2026/07/04 06:29:17.163, 0, 0 MiB, 81920 MiB, 0 %
2026/07/04 06:29:17.164, 1, 14957 MiB, 81920 MiB, 0 %
2026/07/04 06:29:17.164, 2, 0 MiB, 81920 MiB, 0 %
2026/07/04 06:29:17.164, 3, 0 MiB, 81920 MiB, 0 %
2026/07/04 06:29:17.165, 4, 0 MiB, 81920 MiB, 0 %
2026/07/04 06:29:17.165, 5, 0 MiB, 81920 MiB, 0 %
2026/07/04 06:29:17.165, 6, 0 MiB, 81920 MiB, 0 %
2026/07/04 06:29:17.166, 7, 0 MiB, 81920 MiB, 0 %
2026/07/04 06:29:27.167, 0, 0 MiB, 81920 MiB, 0 %
2026/07/04 06:29:27.167, 1, 14957 MiB, 81920 MiB, 74 %
2026/07/04 06:29:27.168, 2, 0 MiB, 81920 MiB, 0 %
2026/07/04 06:29:27.168, 3, 0 MiB, 81920 MiB, 0 %
2026/07/04 06:29:27.168, 4, 0 MiB, 81920 MiB, 0 %
2026/07/04 06:29:27.169, 5, 0 MiB, 81920 MiB, 0 %
2026/07/04 06:29:27.169, 6, 0 MiB, 81920 MiB, 0 %
2026/07/04 06:29:27.169, 7, 0 MiB, 81920 MiB, 0 %
2026/07/04 06:29:37.170, 0, 0 MiB, 81920 MiB, 0 %
2026/07/04 06:29:37.171, 1, 14957 MiB, 81920 MiB, 0 %
2026/07/04 06:29:37.171, 2, 0 MiB, 81920 MiB, 0 %
2026/07/04 06:29:37.172, 3, 0 MiB, 81920 MiB, 0 %
2026/07/04 06:29:37.172, 4, 0 MiB, 81920 MiB, 0 %
2026/07/04 06:29:37.172, 5, 0 MiB, 81920 MiB, 0 %
2026/07/04 06:29:37.172, 6, 0 MiB, 81920 MiB, 0 %
2026/07/04 06:29:37.173, 7, 0 MiB, 81920 MiB, 0 %
2026/07/04 06:29:47.173, 0, 0 MiB, 81920 MiB, 0 %
2026/07/04 06:29:47.174, 1, 14957 MiB, 81920 MiB, 0 %
2026/07/04 06:29:47.174, 2, 0 MiB, 81920 MiB, 0 %
2026/07/04 06:29:47.175, 3, 0 MiB, 81920 MiB, 0 %
2026/07/04 06:29:47.175, 4, 0 MiB, 81920 MiB, 0 %
2026/07/04 06:29:47.175, 5, 0 MiB, 81920 MiB, 0 %
2026/07/04 06:29:47.175, 6, 0 MiB, 81920 MiB, 0 %
2026/07/04 06:29:47.176, 7, 0 MiB, 81920 MiB, 0 %
2026/07/04 06:29:57.177, 0, 0 MiB, 81920 MiB, 0 %
2026/07/04 06:29:57.177, 1, 14957 MiB, 81920 MiB, 0 %
2026/07/04 06:29:57.178, 2, 0 MiB, 81920 MiB, 0 %
2026/07/04 06:29:57.178, 3, 0 MiB, 81920 MiB, 0 %
2026/07/04 06:29:57.178, 4, 0 MiB, 81920 MiB, 0 %
2026/07/04 06:29:57.179, 5, 0 MiB, 81920 MiB, 0 %
2026/07/04 06:29:57.179, 6, 0 MiB, 81920 MiB, 0 %
2026/07/04 06:29:57.179, 7, 0 MiB, 81920 MiB, 0 %
2026/07/04 06:30:07.181, 0, 0 MiB, 81920 MiB, 0 %
2026/07/04 06:30:07.181, 1, 14957 MiB, 81920 MiB, 0 %
2026/07/04 06:30:07.181, 2, 0 MiB, 81920 MiB, 0 %
2026/07/04 06:30:07.182, 3, 0 MiB, 81920 MiB, 0 %
2026/07/04 06:30:07.182, 4, 0 MiB, 81920 MiB, 0 %
2026/07/04 06:30:07.182, 5, 0 MiB, 81920 MiB, 0 %
2026/07/04 06:30:07.182, 6, 0 MiB, 81920 MiB, 0 %
2026/07/04 06:30:07.183, 7, 0 MiB, 81920 MiB, 0 %
2026/07/04 06:30:17.183, 0, 0 MiB, 81920 MiB, 0 %
2026/07/04 06:30:17.184, 1, 14957 MiB, 81920 MiB, 0 %
2026/07/04 06:30:17.184, 2, 0 MiB, 81920 MiB, 0 %
2026/07/04 06:30:17.184, 3, 0 MiB, 81920 MiB, 0 %
2026/07/04 06:30:17.184, 4, 0 MiB, 81920 MiB, 0 %
2026/07/04 06:30:17.185, 5, 0 MiB, 81920 MiB, 0 %
2026/07/04 06:30:17.185, 6, 0 MiB, 81920 MiB, 0 %
2026/07/04 06:30:17.185, 7, 0 MiB, 81920 MiB, 0 %
2026/07/04 06:30:27.187, 0, 0 MiB, 81920 MiB, 0 %
2026/07/04 06:30:27.187, 1, 14957 MiB, 81920 MiB, 0 %
2026/07/04 06:30:27.187, 2, 0 MiB, 81920 MiB, 0 %
2026/07/04 06:30:27.188, 3, 0 MiB, 81920 MiB, 0 %
2026/07/04 06:30:27.188, 4, 0 MiB, 81920 MiB, 0 %
2026/07/04 06:30:27.188, 5, 0 MiB, 81920 MiB, 0 %
2026/07/04 06:30:27.189, 6, 0 MiB, 81920 MiB, 0 %
2026/07/04 06:30:27.189, 7, 0 MiB, 81920 MiB, 0 %
2026/07/04 06:30:37.190, 0, 0 MiB, 81920 MiB, 0 %
2026/07/04 06:30:37.191, 1, 14957 MiB, 81920 MiB, 0 %
2026/07/04 06:30:37.191, 2, 0 MiB, 81920 MiB, 0 %
2026/07/04 06:30:37.191, 3, 0 MiB, 81920 MiB, 0 %
2026/07/04 06:30:37.192, 4, 0 MiB, 81920 MiB, 0 %
2026/07/04 06:30:37.192, 5, 0 MiB, 81920 MiB, 0 %
2026/07/04 06:30:37.192, 6, 0 MiB, 81920 MiB, 0 %
2026/07/04 06:30:37.193, 7, 0 MiB, 81920 MiB, 0 %
2026/07/04 06:30:47.194, 0, 0 MiB, 81920 MiB, 0 %
2026/07/04 06:30:47.194, 1, 14957 MiB, 81920 MiB, 57 %
2026/07/04 06:30:47.195, 2, 0 MiB, 81920 MiB, 0 %
2026/07/04 06:30:47.195, 3, 0 MiB, 81920 MiB, 0 %
2026/07/04 06:30:47.195, 4, 0 MiB, 81920 MiB, 0 %
2026/07/04 06:30:47.196, 5, 0 MiB, 81920 MiB, 0 %
2026/07/04 06:30:47.196, 6, 0 MiB, 81920 MiB, 0 %
2026/07/04 06:30:47.196, 7, 0 MiB, 81920 MiB, 0 %
2026/07/04 06:30:57.198, 0, 0 MiB, 81920 MiB, 0 %
2026/07/04 06:30:57.198, 1, 14957 MiB, 81920 MiB, 76 %
2026/07/04 06:30:57.198, 2, 0 MiB, 81920 MiB, 0 %
2026/07/04 06:30:57.199, 3, 0 MiB, 81920 MiB, 0 %
2026/07/04 06:30:57.199, 4, 0 MiB, 81920 MiB, 0 %
2026/07/04 06:30:57.199, 5, 0 MiB, 81920 MiB, 0 %
2026/07/04 06:30:57.199, 6, 0 MiB, 81920 MiB, 0 %
2026/07/04 06:30:57.200, 7, 0 MiB, 81920 MiB, 0 %
2026/07/04 06:31:07.201, 0, 0 MiB, 81920 MiB, 0 %
2026/07/04 06:31:07.202, 1, 14957 MiB, 81920 MiB, 0 %
2026/07/04 06:31:07.202, 2, 0 MiB, 81920 MiB, 0 %
2026/07/04 06:31:07.202, 3, 0 MiB, 81920 MiB, 0 %
2026/07/04 06:31:07.202, 4, 0 MiB, 81920 MiB, 0 %
2026/07/04 06:31:07.203, 5, 0 MiB, 81920 MiB, 0 %
2026/07/04 06:31:07.203, 6, 0 MiB, 81920 MiB, 0 %
2026/07/04 06:31:07.203, 7, 0 MiB, 81920 MiB, 0 %
2026/07/04 06:31:17.204, 0, 0 MiB, 81920 MiB, 0 %
2026/07/04 06:31:17.204, 1, 14957 MiB, 81920 MiB, 72 %
2026/07/04 06:31:17.205, 2, 0 MiB, 81920 MiB, 0 %
2026/07/04 06:31:17.205, 3, 0 MiB, 81920 MiB, 0 %
2026/07/04 06:31:17.205, 4, 0 MiB, 81920 MiB, 0 %
2026/07/04 06:31:17.206, 5, 0 MiB, 81920 MiB, 0 %
2026/07/04 06:31:17.206, 6, 0 MiB, 81920 MiB, 0 %
2026/07/04 06:31:17.206, 7, 0 MiB, 81920 MiB, 0 %
2026/07/04 06:31:27.207, 0, 0 MiB, 81920 MiB, 0 %
2026/07/04 06:31:27.207, 1, 14957 MiB, 81920 MiB, 0 %
2026/07/04 06:31:27.207, 2, 0 MiB, 81920 MiB, 0 %
2026/07/04 06:31:27.208, 3, 0 MiB, 81920 MiB, 0 %
2026/07/04 06:31:27.208, 4, 0 MiB, 81920 MiB, 0 %
2026/07/04 06:31:27.208, 5, 0 MiB, 81920 MiB, 0 %
2026/07/04 06:31:27.209, 6, 0 MiB, 81920 MiB, 0 %
2026/07/04 06:31:27.209, 7, 0 MiB, 81920 MiB, 0 %
2026/07/04 06:31:37.210, 0, 0 MiB, 81920 MiB, 0 %
2026/07/04 06:31:37.211, 1, 14957 MiB, 81920 MiB, 0 %
2026/07/04 06:31:37.211, 2, 0 MiB, 81920 MiB, 0 %
2026/07/04 06:31:37.211, 3, 0 MiB, 81920 MiB, 0 %
2026/07/04 06:31:37.212, 4, 0 MiB, 81920 MiB, 0 %
2026/07/04 06:31:37.212, 5, 0 MiB, 81920 MiB, 0 %
2026/07/04 06:31:37.212, 6, 0 MiB, 81920 MiB, 0 %
2026/07/04 06:31:37.212, 7, 0 MiB, 81920 MiB, 0 %
2026/07/04 06:31:47.213, 0, 0 MiB, 81920 MiB, 0 %
2026/07/04 06:31:47.213, 1, 14957 MiB, 81920 MiB, 70 %
2026/07/04 06:31:47.214, 2, 0 MiB, 81920 MiB, 0 %
2026/07/04 06:31:47.214, 3, 0 MiB, 81920 MiB, 0 %
2026/07/04 06:31:47.214, 4, 0 MiB, 81920 MiB, 0 %
2026/07/04 06:31:47.215, 5, 0 MiB, 81920 MiB, 0 %
2026/07/04 06:31:47.215, 6, 0 MiB, 81920 MiB, 0 %
2026/07/04 06:31:47.215, 7, 0 MiB, 81920 MiB, 0 %
2026/07/04 06:31:57.216, 0, 0 MiB, 81920 MiB, 0 %
2026/07/04 06:31:57.216, 1, 14957 MiB, 81920 MiB, 60 %
2026/07/04 06:31:57.217, 2, 0 MiB, 81920 MiB, 0 %
2026/07/04 06:31:57.217, 3, 0 MiB, 81920 MiB, 0 %
2026/07/04 06:31:57.217, 4, 0 MiB, 81920 MiB, 0 %
2026/07/04 06:31:57.218, 5, 0 MiB, 81920 MiB, 0 %
2026/07/04 06:31:57.218, 6, 0 MiB, 81920 MiB, 0 %
2026/07/04 06:31:57.218, 7, 0 MiB, 81920 MiB, 0 %
2026/07/04 06:32:07.219, 0, 0 MiB, 81920 MiB, 0 %
2026/07/04 06:32:07.219, 1, 14957 MiB, 81920 MiB, 0 %
2026/07/04 06:32:07.220, 2, 0 MiB, 81920 MiB, 0 %
2026/07/04 06:32:07.220, 3, 0 MiB, 81920 MiB, 0 %
2026/07/04 06:32:07.220, 4, 0 MiB, 81920 MiB, 0 %
2026/07/04 06:32:07.221, 5, 0 MiB, 81920 MiB, 0 %
2026/07/04 06:32:07.221, 6, 0 MiB, 81920 MiB, 0 %
2026/07/04 06:32:07.221, 7, 0 MiB, 81920 MiB, 0 %
2026/07/04 06:32:17.222, 0, 0 MiB, 81920 MiB, 0 %
2026/07/04 06:32:17.222, 1, 14957 MiB, 81920 MiB, 0 %
2026/07/04 06:32:17.223, 2, 0 MiB, 81920 MiB, 0 %
2026/07/04 06:32:17.223, 3, 0 MiB, 81920 MiB, 0 %
2026/07/04 06:32:17.223, 4, 0 MiB, 81920 MiB, 0 %
2026/07/04 06:32:17.224, 5, 0 MiB, 81920 MiB, 0 %
2026/07/04 06:32:17.224, 6, 0 MiB, 81920 MiB, 0 %
2026/07/04 06:32:17.224, 7, 0 MiB, 81920 MiB, 0 %
2026/07/04 06:32:27.225, 0, 0 MiB, 81920 MiB, 0 %
2026/07/04 06:32:27.225, 1, 14957 MiB, 81920 MiB, 0 %
2026/07/04 06:32:27.225, 2, 0 MiB, 81920 MiB, 0 %
2026/07/04 06:32:27.226, 3, 0 MiB, 81920 MiB, 0 %
2026/07/04 06:32:27.226, 4, 0 MiB, 81920 MiB, 0 %
2026/07/04 06:32:27.226, 5, 0 MiB, 81920 MiB, 0 %
2026/07/04 06:32:27.227, 6, 0 MiB, 81920 MiB, 0 %
2026/07/04 06:32:27.227, 7, 0 MiB, 81920 MiB, 0 %
2026/07/04 06:32:37.228, 0, 0 MiB, 81920 MiB, 0 %
2026/07/04 06:32:37.228, 1, 14957 MiB, 81920 MiB, 0 %
2026/07/04 06:32:37.229, 2, 0 MiB, 81920 MiB, 0 %
2026/07/04 06:32:37.229, 3, 0 MiB, 81920 MiB, 0 %
2026/07/04 06:32:37.229, 4, 0 MiB, 81920 MiB, 0 %
2026/07/04 06:32:37.229, 5, 0 MiB, 81920 MiB, 0 %
2026/07/04 06:32:37.230, 6, 0 MiB, 81920 MiB, 0 %
2026/07/04 06:32:37.230, 7, 0 MiB, 81920 MiB, 0 %
2026/07/04 06:32:47.231, 0, 0 MiB, 81920 MiB, 0 %
2026/07/04 06:32:47.231, 1, 14957 MiB, 81920 MiB, 72 %
2026/07/04 06:32:47.232, 2, 0 MiB, 81920 MiB, 0 %
2026/07/04 06:32:47.232, 3, 0 MiB, 81920 MiB, 0 %
2026/07/04 06:32:47.232, 4, 0 MiB, 81920 MiB, 0 %
2026/07/04 06:32:47.232, 5, 0 MiB, 81920 MiB, 0 %
2026/07/04 06:32:47.233, 6, 0 MiB, 81920 MiB, 0 %
2026/07/04 06:32:47.233, 7, 0 MiB, 81920 MiB, 0 %
2026/07/04 06:32:57.234, 0, 0 MiB, 81920 MiB, 0 %
2026/07/04 06:32:57.235, 1, 14957 MiB, 81920 MiB, 0 %
2026/07/04 06:32:57.235, 2, 0 MiB, 81920 MiB, 0 %
2026/07/04 06:32:57.235, 3, 0 MiB, 81920 MiB, 0 %
2026/07/04 06:32:57.236, 4, 0 MiB, 81920 MiB, 0 %
2026/07/04 06:32:57.236, 5, 0 MiB, 81920 MiB, 0 %
2026/07/04 06:32:57.236, 6, 0 MiB, 81920 MiB, 0 %
2026/07/04 06:32:57.237, 7, 0 MiB, 81920 MiB, 0 %
2026/07/04 06:33:07.237, 0, 0 MiB, 81920 MiB, 0 %
2026/07/04 06:33:07.238, 1, 14957 MiB, 81920 MiB, 0 %
2026/07/04 06:33:07.238, 2, 0 MiB, 81920 MiB, 0 %
2026/07/04 06:33:07.238, 3, 0 MiB, 81920 MiB, 0 %
2026/07/04 06:33:07.239, 4, 0 MiB, 81920 MiB, 0 %
2026/07/04 06:33:07.239, 5, 0 MiB, 81920 MiB, 0 %
2026/07/04 06:33:07.239, 6, 0 MiB, 81920 MiB, 0 %
2026/07/04 06:33:07.239, 7, 0 MiB, 81920 MiB, 0 %
2026/07/04 06:33:17.240, 0, 0 MiB, 81920 MiB, 0 %
2026/07/04 06:33:17.241, 1, 14957 MiB, 81920 MiB, 0 %
2026/07/04 06:33:17.241, 2, 0 MiB, 81920 MiB, 0 %
2026/07/04 06:33:17.241, 3, 0 MiB, 81920 MiB, 0 %
2026/07/04 06:33:17.241, 4, 0 MiB, 81920 MiB, 0 %
2026/07/04 06:33:17.242, 5, 0 MiB, 81920 MiB, 0 %
2026/07/04 06:33:17.242, 6, 0 MiB, 81920 MiB, 0 %
2026/07/04 06:33:17.242, 7, 0 MiB, 81920 MiB, 0 %
2026/07/04 06:33:27.243, 0, 0 MiB, 81920 MiB, 0 %
2026/07/04 06:33:27.243, 1, 14957 MiB, 81920 MiB, 0 %
2026/07/04 06:33:27.244, 2, 0 MiB, 81920 MiB, 0 %
2026/07/04 06:33:27.244, 3, 0 MiB, 81920 MiB, 0 %
2026/07/04 06:33:27.244, 4, 0 MiB, 81920 MiB, 0 %
2026/07/04 06:33:27.245, 5, 0 MiB, 81920 MiB, 0 %
2026/07/04 06:33:27.245, 6, 0 MiB, 81920 MiB, 0 %
2026/07/04 06:33:27.245, 7, 0 MiB, 81920 MiB, 0 %
2026/07/04 06:33:37.246, 0, 0 MiB, 81920 MiB, 0 %
2026/07/04 06:33:37.247, 1, 14957 MiB, 81920 MiB, 0 %
2026/07/04 06:33:37.247, 2, 0 MiB, 81920 MiB, 0 %
2026/07/04 06:33:37.247, 3, 0 MiB, 81920 MiB, 0 %
2026/07/04 06:33:37.248, 4, 0 MiB, 81920 MiB, 0 %
2026/07/04 06:33:37.248, 5, 0 MiB, 81920 MiB, 0 %
2026/07/04 06:33:37.248, 6, 0 MiB, 81920 MiB, 0 %
2026/07/04 06:33:37.249, 7, 0 MiB, 81920 MiB, 0 %
2026/07/04 06:33:47.249, 0, 0 MiB, 81920 MiB, 0 %
2026/07/04 06:33:47.250, 1, 14957 MiB, 81920 MiB, 0 %
2026/07/04 06:33:47.250, 2, 0 MiB, 81920 MiB, 0 %
2026/07/04 06:33:47.250, 3, 0 MiB, 81920 MiB, 0 %
2026/07/04 06:33:47.251, 4, 0 MiB, 81920 MiB, 0 %
2026/07/04 06:33:47.251, 5, 0 MiB, 81920 MiB, 0 %
2026/07/04 06:33:47.251, 6, 0 MiB, 81920 MiB, 0 %
2026/07/04 06:33:47.251, 7, 0 MiB, 81920 MiB, 0 %
2026/07/04 06:33:57.253, 0, 0 MiB, 81920 MiB, 0 %
2026/07/04 06:33:57.253, 1, 14957 MiB, 81920 MiB, 71 %
2026/07/04 06:33:57.254, 2, 0 MiB, 81920 MiB, 0 %
2026/07/04 06:33:57.254, 3, 0 MiB, 81920 MiB, 0 %
2026/07/04 06:33:57.254, 4, 0 MiB, 81920 MiB, 0 %
2026/07/04 06:33:57.254, 5, 0 MiB, 81920 MiB, 0 %
2026/07/04 06:33:57.255, 6, 0 MiB, 81920 MiB, 0 %
2026/07/04 06:33:57.255, 7, 0 MiB, 81920 MiB, 0 %
2026/07/04 06:34:07.256, 0, 0 MiB, 81920 MiB, 0 %
2026/07/04 06:34:07.257, 1, 14957 MiB, 81920 MiB, 0 %
2026/07/04 06:34:07.257, 2, 0 MiB, 81920 MiB, 0 %
2026/07/04 06:34:07.257, 3, 0 MiB, 81920 MiB, 0 %
2026/07/04 06:34:07.258, 4, 0 MiB, 81920 MiB, 0 %
2026/07/04 06:34:07.258, 5, 0 MiB, 81920 MiB, 0 %
2026/07/04 06:34:07.258, 6, 0 MiB, 81920 MiB, 0 %
2026/07/04 06:34:07.259, 7, 0 MiB, 81920 MiB, 0 %
2026/07/04 06:34:17.260, 0, 0 MiB, 81920 MiB, 0 %
2026/07/04 06:34:17.260, 1, 14957 MiB, 81920 MiB, 0 %
2026/07/04 06:34:17.261, 2, 0 MiB, 81920 MiB, 0 %
2026/07/04 06:34:17.261, 3, 0 MiB, 81920 MiB, 0 %
2026/07/04 06:34:17.261, 4, 0 MiB, 81920 MiB, 0 %
2026/07/04 06:34:17.261, 5, 0 MiB, 81920 MiB, 0 %
2026/07/04 06:34:17.262, 6, 0 MiB, 81920 MiB, 0 %
2026/07/04 06:34:17.262, 7, 0 MiB, 81920 MiB, 0 %
2026/07/04 06:34:27.263, 0, 0 MiB, 81920 MiB, 0 %
2026/07/04 06:34:27.263, 1, 14957 MiB, 81920 MiB, 0 %
2026/07/04 06:34:27.264, 2, 0 MiB, 81920 MiB, 0 %
2026/07/04 06:34:27.264, 3, 0 MiB, 81920 MiB, 0 %
2026/07/04 06:34:27.264, 4, 0 MiB, 81920 MiB, 0 %
2026/07/04 06:34:27.264, 5, 0 MiB, 81920 MiB, 0 %
2026/07/04 06:34:27.265, 6, 0 MiB, 81920 MiB, 0 %
2026/07/04 06:34:27.265, 7, 0 MiB, 81920 MiB, 0 %
2026/07/04 06:34:37.266, 0, 0 MiB, 81920 MiB, 0 %
2026/07/04 06:34:37.266, 1, 14957 MiB, 81920 MiB, 0 %
2026/07/04 06:34:37.266, 2, 0 MiB, 81920 MiB, 0 %
2026/07/04 06:34:37.267, 3, 0 MiB, 81920 MiB, 0 %
2026/07/04 06:34:37.267, 4, 0 MiB, 81920 MiB, 0 %
2026/07/04 06:34:37.267, 5, 0 MiB, 81920 MiB, 0 %
2026/07/04 06:34:37.267, 6, 0 MiB, 81920 MiB, 0 %
2026/07/04 06:34:37.268, 7, 0 MiB, 81920 MiB, 0 %
2026/07/04 06:34:47.268, 0, 0 MiB, 81920 MiB, 0 %
2026/07/04 06:34:47.269, 1, 14957 MiB, 81920 MiB, 0 %
2026/07/04 06:34:47.269, 2, 0 MiB, 81920 MiB, 0 %
2026/07/04 06:34:47.269, 3, 0 MiB, 81920 MiB, 0 %
2026/07/04 06:34:47.270, 4, 0 MiB, 81920 MiB, 0 %
2026/07/04 06:34:47.270, 5, 0 MiB, 81920 MiB, 0 %
2026/07/04 06:34:47.270, 6, 0 MiB, 81920 MiB, 0 %
2026/07/04 06:34:47.271, 7, 0 MiB, 81920 MiB, 0 %
2026/07/04 06:34:57.271, 0, 0 MiB, 81920 MiB, 0 %
2026/07/04 06:34:57.272, 1, 14957 MiB, 81920 MiB, 61 %
2026/07/04 06:34:57.272, 2, 0 MiB, 81920 MiB, 0 %
2026/07/04 06:34:57.272, 3, 0 MiB, 81920 MiB, 0 %
2026/07/04 06:34:57.273, 4, 0 MiB, 81920 MiB, 0 %
2026/07/04 06:34:57.273, 5, 0 MiB, 81920 MiB, 0 %
2026/07/04 06:34:57.273, 6, 0 MiB, 81920 MiB, 0 %
2026/07/04 06:34:57.274, 7, 0 MiB, 81920 MiB, 0 %
2026/07/04 06:35:07.274, 0, 0 MiB, 81920 MiB, 0 %
2026/07/04 06:35:07.275, 1, 14957 MiB, 81920 MiB, 0 %
2026/07/04 06:35:07.275, 2, 0 MiB, 81920 MiB, 0 %
2026/07/04 06:35:07.275, 3, 0 MiB, 81920 MiB, 0 %
2026/07/04 06:35:07.276, 4, 0 MiB, 81920 MiB, 0 %
2026/07/04 06:35:07.276, 5, 0 MiB, 81920 MiB, 0 %
2026/07/04 06:35:07.276, 6, 0 MiB, 81920 MiB, 0 %
2026/07/04 06:35:07.277, 7, 0 MiB, 81920 MiB, 0 %
2026/07/04 06:35:17.278, 0, 0 MiB, 81920 MiB, 0 %
2026/07/04 06:35:17.278, 1, 14957 MiB, 81920 MiB, 0 %
2026/07/04 06:35:17.279, 2, 0 MiB, 81920 MiB, 0 %
2026/07/04 06:35:17.279, 3, 0 MiB, 81920 MiB, 0 %
2026/07/04 06:35:17.279, 4, 0 MiB, 81920 MiB, 0 %
2026/07/04 06:35:17.279, 5, 0 MiB, 81920 MiB, 0 %
2026/07/04 06:35:17.280, 6, 0 MiB, 81920 MiB, 0 %
2026/07/04 06:35:17.280, 7, 0 MiB, 81920 MiB, 0 %
2026/07/04 06:35:27.281, 0, 0 MiB, 81920 MiB, 0 %
2026/07/04 06:35:27.282, 1, 14957 MiB, 81920 MiB, 0 %
2026/07/04 06:35:27.282, 2, 0 MiB, 81920 MiB, 0 %
2026/07/04 06:35:27.282, 3, 0 MiB, 81920 MiB, 0 %
2026/07/04 06:35:27.283, 4, 0 MiB, 81920 MiB, 0 %
2026/07/04 06:35:27.283, 5, 0 MiB, 81920 MiB, 0 %
2026/07/04 06:35:27.283, 6, 0 MiB, 81920 MiB, 0 %
2026/07/04 06:35:27.284, 7, 0 MiB, 81920 MiB, 0 %
2026/07/04 06:35:37.285, 0, 0 MiB, 81920 MiB, 0 %
2026/07/04 06:35:37.285, 1, 14957 MiB, 81920 MiB, 0 %
2026/07/04 06:35:37.286, 2, 0 MiB, 81920 MiB, 0 %
2026/07/04 06:35:37.286, 3, 0 MiB, 81920 MiB, 0 %
2026/07/04 06:35:37.286, 4, 0 MiB, 81920 MiB, 0 %
2026/07/04 06:35:37.287, 5, 0 MiB, 81920 MiB, 0 %
2026/07/04 06:35:37.287, 6, 0 MiB, 81920 MiB, 0 %
2026/07/04 06:35:37.287, 7, 0 MiB, 81920 MiB, 0 %
2026/07/04 06:35:47.288, 0, 0 MiB, 81920 MiB, 0 %
2026/07/04 06:35:47.289, 1, 14957 MiB, 81920 MiB, 0 %
2026/07/04 06:35:47.289, 2, 0 MiB, 81920 MiB, 0 %
2026/07/04 06:35:47.290, 3, 0 MiB, 81920 MiB, 0 %
2026/07/04 06:35:47.290, 4, 0 MiB, 81920 MiB, 0 %
2026/07/04 06:35:47.290, 5, 0 MiB, 81920 MiB, 0 %
2026/07/04 06:35:47.290, 6, 0 MiB, 81920 MiB, 0 %
2026/07/04 06:35:47.291, 7, 0 MiB, 81920 MiB, 0 %
2026/07/04 06:35:57.292, 0, 0 MiB, 81920 MiB, 0 %
2026/07/04 06:35:57.292, 1, 14957 MiB, 81920 MiB, 0 %
2026/07/04 06:35:57.293, 2, 0 MiB, 81920 MiB, 0 %
2026/07/04 06:35:57.293, 3, 0 MiB, 81920 MiB, 0 %
2026/07/04 06:35:57.293, 4, 0 MiB, 81920 MiB, 0 %
2026/07/04 06:35:57.294, 5, 0 MiB, 81920 MiB, 0 %
2026/07/04 06:35:57.294, 6, 0 MiB, 81920 MiB, 0 %
2026/07/04 06:35:57.294, 7, 0 MiB, 81920 MiB, 0 %
2026/07/04 06:36:07.295, 0, 0 MiB, 81920 MiB, 0 %
2026/07/04 06:36:07.295, 1, 14957 MiB, 81920 MiB, 0 %
2026/07/04 06:36:07.296, 2, 0 MiB, 81920 MiB, 0 %
2026/07/04 06:36:07.296, 3, 0 MiB, 81920 MiB, 0 %
2026/07/04 06:36:07.296, 4, 0 MiB, 81920 MiB, 0 %
2026/07/04 06:36:07.297, 5, 0 MiB, 81920 MiB, 0 %
2026/07/04 06:36:07.297, 6, 0 MiB, 81920 MiB, 0 %
2026/07/04 06:36:07.297, 7, 0 MiB, 81920 MiB, 0 %
2026/07/04 06:36:17.298, 0, 0 MiB, 81920 MiB, 0 %
2026/07/04 06:36:17.298, 1, 14957 MiB, 81920 MiB, 0 %
2026/07/04 06:36:17.299, 2, 0 MiB, 81920 MiB, 0 %
2026/07/04 06:36:17.299, 3, 0 MiB, 81920 MiB, 0 %
2026/07/04 06:36:17.299, 4, 0 MiB, 81920 MiB, 0 %
2026/07/04 06:36:17.299, 5, 0 MiB, 81920 MiB, 0 %
2026/07/04 06:36:17.300, 6, 0 MiB, 81920 MiB, 0 %
2026/07/04 06:36:17.300, 7, 0 MiB, 81920 MiB, 0 %
2026/07/04 06:36:27.301, 0, 0 MiB, 81920 MiB, 0 %
2026/07/04 06:36:27.302, 1, 14957 MiB, 81920 MiB, 0 %
2026/07/04 06:36:27.302, 2, 0 MiB, 81920 MiB, 0 %
2026/07/04 06:36:27.302, 3, 0 MiB, 81920 MiB, 0 %
2026/07/04 06:36:27.303, 4, 0 MiB, 81920 MiB, 0 %
2026/07/04 06:36:27.303, 5, 0 MiB, 81920 MiB, 0 %
2026/07/04 06:36:27.303, 6, 0 MiB, 81920 MiB, 0 %
2026/07/04 06:36:27.304, 7, 0 MiB, 81920 MiB, 0 %
2026/07/04 06:36:37.305, 0, 0 MiB, 81920 MiB, 0 %
2026/07/04 06:36:37.305, 1, 14957 MiB, 81920 MiB, 0 %
2026/07/04 06:36:37.306, 2, 0 MiB, 81920 MiB, 0 %
2026/07/04 06:36:37.306, 3, 0 MiB, 81920 MiB, 0 %
2026/07/04 06:36:37.306, 4, 0 MiB, 81920 MiB, 0 %
2026/07/04 06:36:37.307, 5, 0 MiB, 81920 MiB, 0 %
2026/07/04 06:36:37.307, 6, 0 MiB, 81920 MiB, 0 %
2026/07/04 06:36:37.307, 7, 0 MiB, 81920 MiB, 0 %
2026/07/04 06:36:47.308, 0, 0 MiB, 81920 MiB, 0 %
2026/07/04 06:36:47.309, 1, 14957 MiB, 81920 MiB, 72 %
2026/07/04 06:36:47.309, 2, 0 MiB, 81920 MiB, 0 %
2026/07/04 06:36:47.310, 3, 0 MiB, 81920 MiB, 0 %
2026/07/04 06:36:47.310, 4, 0 MiB, 81920 MiB, 0 %
2026/07/04 06:36:47.310, 5, 0 MiB, 81920 MiB, 0 %
2026/07/04 06:36:47.311, 6, 0 MiB, 81920 MiB, 0 %
2026/07/04 06:36:47.311, 7, 0 MiB, 81920 MiB, 0 %
2026/07/04 06:36:57.312, 0, 0 MiB, 81920 MiB, 0 %
2026/07/04 06:36:57.313, 1, 14957 MiB, 81920 MiB, 0 %
2026/07/04 06:36:57.313, 2, 0 MiB, 81920 MiB, 0 %
2026/07/04 06:36:57.313, 3, 0 MiB, 81920 MiB, 0 %
2026/07/04 06:36:57.313, 4, 0 MiB, 81920 MiB, 0 %
2026/07/04 06:36:57.314, 5, 0 MiB, 81920 MiB, 0 %
2026/07/04 06:36:57.314, 6, 0 MiB, 81920 MiB, 0 %
2026/07/04 06:36:57.314, 7, 0 MiB, 81920 MiB, 0 %
2026/07/04 06:37:07.316, 0, 0 MiB, 81920 MiB, 0 %
2026/07/04 06:37:07.316, 1, 14957 MiB, 81920 MiB, 0 %
2026/07/04 06:37:07.316, 2, 0 MiB, 81920 MiB, 0 %
2026/07/04 06:37:07.317, 3, 0 MiB, 81920 MiB, 0 %
2026/07/04 06:37:07.317, 4, 0 MiB, 81920 MiB, 0 %
2026/07/04 06:37:07.317, 5, 0 MiB, 81920 MiB, 0 %
2026/07/04 06:37:07.318, 6, 0 MiB, 81920 MiB, 0 %
2026/07/04 06:37:07.318, 7, 0 MiB, 81920 MiB, 0 %
2026/07/04 06:37:17.319, 0, 0 MiB, 81920 MiB, 0 %
2026/07/04 06:37:17.320, 1, 14957 MiB, 81920 MiB, 0 %
2026/07/04 06:37:17.320, 2, 0 MiB, 81920 MiB, 0 %
2026/07/04 06:37:17.320, 3, 0 MiB, 81920 MiB, 0 %
2026/07/04 06:37:17.320, 4, 0 MiB, 81920 MiB, 0 %
2026/07/04 06:37:17.321, 5, 0 MiB, 81920 MiB, 0 %
2026/07/04 06:37:17.321, 6, 0 MiB, 81920 MiB, 0 %
2026/07/04 06:37:17.321, 7, 0 MiB, 81920 MiB, 0 %
2026/07/04 06:37:27.323, 0, 0 MiB, 81920 MiB, 0 %
2026/07/04 06:37:27.323, 1, 14957 MiB, 81920 MiB, 0 %
2026/07/04 06:37:27.323, 2, 0 MiB, 81920 MiB, 0 %
2026/07/04 06:37:27.324, 3, 0 MiB, 81920 MiB, 0 %
2026/07/04 06:37:27.324, 4, 0 MiB, 81920 MiB, 0 %
2026/07/04 06:37:27.324, 5, 0 MiB, 81920 MiB, 0 %
2026/07/04 06:37:27.324, 6, 0 MiB, 81920 MiB, 0 %
2026/07/04 06:37:27.324, 7, 0 MiB, 81920 MiB, 0 %
2026/07/04 06:37:37.326, 0, 0 MiB, 81920 MiB, 0 %
2026/07/04 06:37:37.326, 1, 14957 MiB, 81920 MiB, 0 %
2026/07/04 06:37:37.327, 2, 0 MiB, 81920 MiB, 0 %
2026/07/04 06:37:37.327, 3, 0 MiB, 81920 MiB, 0 %
2026/07/04 06:37:37.327, 4, 0 MiB, 81920 MiB, 0 %
2026/07/04 06:37:37.327, 5, 0 MiB, 81920 MiB, 0 %
2026/07/04 06:37:37.328, 6, 0 MiB, 81920 MiB, 0 %
2026/07/04 06:37:37.328, 7, 0 MiB, 81920 MiB, 0 %
2026/07/04 06:37:47.329, 0, 0 MiB, 81920 MiB, 0 %
2026/07/04 06:37:47.330, 1, 14957 MiB, 81920 MiB, 0 %
2026/07/04 06:37:47.330, 2, 0 MiB, 81920 MiB, 0 %
2026/07/04 06:37:47.330, 3, 0 MiB, 81920 MiB, 0 %
2026/07/04 06:37:47.331, 4, 0 MiB, 81920 MiB, 0 %
2026/07/04 06:37:47.331, 5, 0 MiB, 81920 MiB, 0 %
2026/07/04 06:37:47.331, 6, 0 MiB, 81920 MiB, 0 %
2026/07/04 06:37:47.332, 7, 0 MiB, 81920 MiB, 0 %
2026/07/04 06:37:57.333, 0, 0 MiB, 81920 MiB, 0 %
2026/07/04 06:37:57.333, 1, 14957 MiB, 81920 MiB, 48 %
2026/07/04 06:37:57.334, 2, 0 MiB, 81920 MiB, 0 %
2026/07/04 06:37:57.334, 3, 0 MiB, 81920 MiB, 0 %
2026/07/04 06:37:57.334, 4, 0 MiB, 81920 MiB, 0 %
2026/07/04 06:37:57.334, 5, 0 MiB, 81920 MiB, 0 %
2026/07/04 06:37:57.335, 6, 0 MiB, 81920 MiB, 0 %
2026/07/04 06:37:57.335, 7, 0 MiB, 81920 MiB, 0 %
2026/07/04 06:38:07.336, 0, 0 MiB, 81920 MiB, 0 %
2026/07/04 06:38:07.337, 1, 14957 MiB, 81920 MiB, 19 %
2026/07/04 06:38:07.337, 2, 0 MiB, 81920 MiB, 0 %
2026/07/04 06:38:07.337, 3, 0 MiB, 81920 MiB, 0 %
2026/07/04 06:38:07.338, 4, 0 MiB, 81920 MiB, 0 %
2026/07/04 06:38:07.338, 5, 0 MiB, 81920 MiB, 0 %
2026/07/04 06:38:07.338, 6, 0 MiB, 81920 MiB, 0 %
2026/07/04 06:38:07.339, 7, 0 MiB, 81920 MiB, 0 %
2026/07/04 06:38:17.340, 0, 0 MiB, 81920 MiB, 0 %
2026/07/04 06:38:17.340, 1, 14957 MiB, 81920 MiB, 0 %
2026/07/04 06:38:17.341, 2, 0 MiB, 81920 MiB, 0 %
2026/07/04 06:38:17.341, 3, 0 MiB, 81920 MiB, 0 %
2026/07/04 06:38:17.341, 4, 0 MiB, 81920 MiB, 0 %
2026/07/04 06:38:17.342, 5, 0 MiB, 81920 MiB, 0 %
2026/07/04 06:38:17.342, 6, 0 MiB, 81920 MiB, 0 %
2026/07/04 06:38:17.342, 7, 0 MiB, 81920 MiB, 0 %
2026/07/04 06:38:27.343, 0, 0 MiB, 81920 MiB, 0 %
2026/07/04 06:38:27.343, 1, 14957 MiB, 81920 MiB, 0 %
2026/07/04 06:38:27.344, 2, 0 MiB, 81920 MiB, 0 %
2026/07/04 06:38:27.344, 3, 0 MiB, 81920 MiB, 0 %
2026/07/04 06:38:27.344, 4, 0 MiB, 81920 MiB, 0 %
2026/07/04 06:38:27.344, 5, 0 MiB, 81920 MiB, 0 %
2026/07/04 06:38:27.345, 6, 0 MiB, 81920 MiB, 0 %
2026/07/04 06:38:27.345, 7, 0 MiB, 81920 MiB, 0 %
2026/07/04 06:38:37.346, 0, 0 MiB, 81920 MiB, 0 %
2026/07/04 06:38:37.347, 1, 14957 MiB, 81920 MiB, 75 %
2026/07/04 06:38:37.347, 2, 0 MiB, 81920 MiB, 0 %
2026/07/04 06:38:37.347, 3, 0 MiB, 81920 MiB, 0 %
2026/07/04 06:38:37.348, 4, 0 MiB, 81920 MiB, 0 %
2026/07/04 06:38:37.348, 5, 0 MiB, 81920 MiB, 0 %
2026/07/04 06:38:37.348, 6, 0 MiB, 81920 MiB, 0 %
2026/07/04 06:38:37.348, 7, 0 MiB, 81920 MiB, 0 %
2026/07/04 06:38:47.350, 0, 0 MiB, 81920 MiB, 0 %
2026/07/04 06:38:47.350, 1, 14957 MiB, 81920 MiB, 0 %
2026/07/04 06:38:47.350, 2, 0 MiB, 81920 MiB, 0 %
2026/07/04 06:38:47.351, 3, 0 MiB, 81920 MiB, 0 %
2026/07/04 06:38:47.351, 4, 0 MiB, 81920 MiB, 0 %
2026/07/04 06:38:47.351, 5, 0 MiB, 81920 MiB, 0 %
2026/07/04 06:38:47.351, 6, 0 MiB, 81920 MiB, 0 %
2026/07/04 06:38:47.352, 7, 0 MiB, 81920 MiB, 0 %
2026/07/04 06:38:57.353, 0, 0 MiB, 81920 MiB, 0 %
2026/07/04 06:38:57.353, 1, 14957 MiB, 81920 MiB, 0 %
2026/07/04 06:38:57.354, 2, 0 MiB, 81920 MiB, 0 %
2026/07/04 06:38:57.354, 3, 0 MiB, 81920 MiB, 0 %
2026/07/04 06:38:57.354, 4, 0 MiB, 81920 MiB, 0 %
2026/07/04 06:38:57.354, 5, 0 MiB, 81920 MiB, 0 %
2026/07/04 06:38:57.355, 6, 0 MiB, 81920 MiB, 0 %
2026/07/04 06:38:57.355, 7, 0 MiB, 81920 MiB, 0 %
2026/07/04 06:39:07.356, 0, 0 MiB, 81920 MiB, 0 %
2026/07/04 06:39:07.357, 1, 14957 MiB, 81920 MiB, 0 %
2026/07/04 06:39:07.357, 2, 0 MiB, 81920 MiB, 0 %
2026/07/04 06:39:07.357, 3, 0 MiB, 81920 MiB, 0 %
2026/07/04 06:39:07.358, 4, 0 MiB, 81920 MiB, 0 %
2026/07/04 06:39:07.358, 5, 0 MiB, 81920 MiB, 0 %
2026/07/04 06:39:07.358, 6, 0 MiB, 81920 MiB, 0 %
2026/07/04 06:39:07.359, 7, 0 MiB, 81920 MiB, 0 %
2026/07/04 06:39:17.359, 0, 0 MiB, 81920 MiB, 0 %
2026/07/04 06:39:17.360, 1, 14957 MiB, 81920 MiB, 72 %
2026/07/04 06:39:17.360, 2, 0 MiB, 81920 MiB, 0 %
2026/07/04 06:39:17.361, 3, 0 MiB, 81920 MiB, 0 %
2026/07/04 06:39:17.361, 4, 0 MiB, 81920 MiB, 0 %
2026/07/04 06:39:17.361, 5, 0 MiB, 81920 MiB, 0 %
2026/07/04 06:39:17.361, 6, 0 MiB, 81920 MiB, 0 %
2026/07/04 06:39:17.362, 7, 0 MiB, 81920 MiB, 0 %
2026/07/04 06:39:27.362, 0, 0 MiB, 81920 MiB, 0 %
2026/07/04 06:39:27.363, 1, 14957 MiB, 81920 MiB, 35 %
2026/07/04 06:39:27.363, 2, 0 MiB, 81920 MiB, 0 %
2026/07/04 06:39:27.363, 3, 0 MiB, 81920 MiB, 0 %
2026/07/04 06:39:27.364, 4, 0 MiB, 81920 MiB, 0 %
2026/07/04 06:39:27.364, 5, 0 MiB, 81920 MiB, 0 %
2026/07/04 06:39:27.364, 6, 0 MiB, 81920 MiB, 0 %
2026/07/04 06:39:27.365, 7, 0 MiB, 81920 MiB, 0 %
2026/07/04 06:39:37.365, 0, 0 MiB, 81920 MiB, 0 %
2026/07/04 06:39:37.366, 1, 14957 MiB, 81920 MiB, 0 %
2026/07/04 06:39:37.366, 2, 0 MiB, 81920 MiB, 0 %
2026/07/04 06:39:37.367, 3, 0 MiB, 81920 MiB, 0 %
2026/07/04 06:39:37.367, 4, 0 MiB, 81920 MiB, 0 %
2026/07/04 06:39:37.367, 5, 0 MiB, 81920 MiB, 0 %
2026/07/04 06:39:37.368, 6, 0 MiB, 81920 MiB, 0 %
2026/07/04 06:39:37.368, 7, 0 MiB, 81920 MiB, 0 %
2026/07/04 06:39:47.369, 0, 0 MiB, 81920 MiB, 0 %
2026/07/04 06:39:47.369, 1, 14957 MiB, 81920 MiB, 0 %
2026/07/04 06:39:47.370, 2, 0 MiB, 81920 MiB, 0 %
2026/07/04 06:39:47.370, 3, 0 MiB, 81920 MiB, 0 %
2026/07/04 06:39:47.370, 4, 0 MiB, 81920 MiB, 0 %
2026/07/04 06:39:47.371, 5, 0 MiB, 81920 MiB, 0 %
2026/07/04 06:39:47.371, 6, 0 MiB, 81920 MiB, 0 %
2026/07/04 06:39:47.371, 7, 0 MiB, 81920 MiB, 0 %
2026/07/04 06:39:57.372, 0, 0 MiB, 81920 MiB, 0 %
2026/07/04 06:39:57.372, 1, 14957 MiB, 81920 MiB, 0 %
2026/07/04 06:39:57.373, 2, 0 MiB, 81920 MiB, 0 %
2026/07/04 06:39:57.373, 3, 0 MiB, 81920 MiB, 0 %
2026/07/04 06:39:57.373, 4, 0 MiB, 81920 MiB, 0 %
2026/07/04 06:39:57.374, 5, 0 MiB, 81920 MiB, 0 %
2026/07/04 06:39:57.374, 6, 0 MiB, 81920 MiB, 0 %
2026/07/04 06:39:57.374, 7, 0 MiB, 81920 MiB, 0 %
2026/07/04 06:40:07.376, 0, 0 MiB, 81920 MiB, 0 %
2026/07/04 06:40:07.376, 1, 14957 MiB, 81920 MiB, 0 %
2026/07/04 06:40:07.376, 2, 0 MiB, 81920 MiB, 0 %
2026/07/04 06:40:07.377, 3, 0 MiB, 81920 MiB, 0 %
2026/07/04 06:40:07.377, 4, 0 MiB, 81920 MiB, 0 %
2026/07/04 06:40:07.377, 5, 0 MiB, 81920 MiB, 0 %
2026/07/04 06:40:07.378, 6, 0 MiB, 81920 MiB, 0 %
2026/07/04 06:40:07.378, 7, 0 MiB, 81920 MiB, 0 %
2026/07/04 06:40:17.379, 0, 0 MiB, 81920 MiB, 0 %
2026/07/04 06:40:17.380, 1, 14957 MiB, 81920 MiB, 0 %
2026/07/04 06:40:17.380, 2, 0 MiB, 81920 MiB, 0 %
2026/07/04 06:40:17.380, 3, 0 MiB, 81920 MiB, 0 %
2026/07/04 06:40:17.381, 4, 0 MiB, 81920 MiB, 0 %
2026/07/04 06:40:17.381, 5, 0 MiB, 81920 MiB, 0 %
2026/07/04 06:40:17.381, 6, 0 MiB, 81920 MiB, 0 %
2026/07/04 06:40:17.381, 7, 0 MiB, 81920 MiB, 0 %
2026/07/04 06:40:27.383, 0, 0 MiB, 81920 MiB, 0 %
2026/07/04 06:40:27.383, 1, 14957 MiB, 81920 MiB, 0 %
2026/07/04 06:40:27.383, 2, 0 MiB, 81920 MiB, 0 %
2026/07/04 06:40:27.384, 3, 0 MiB, 81920 MiB, 0 %
2026/07/04 06:40:27.384, 4, 0 MiB, 81920 MiB, 0 %
2026/07/04 06:40:27.384, 5, 0 MiB, 81920 MiB, 0 %
2026/07/04 06:40:27.385, 6, 0 MiB, 81920 MiB, 0 %
2026/07/04 06:40:27.385, 7, 0 MiB, 81920 MiB, 0 %
2026/07/04 06:40:37.386, 0, 0 MiB, 81920 MiB, 0 %
2026/07/04 06:40:37.387, 1, 14957 MiB, 81920 MiB, 100 %
2026/07/04 06:40:37.387, 2, 0 MiB, 81920 MiB, 0 %
2026/07/04 06:40:37.387, 3, 0 MiB, 81920 MiB, 0 %
2026/07/04 06:40:37.388, 4, 0 MiB, 81920 MiB, 0 %
2026/07/04 06:40:37.388, 5, 0 MiB, 81920 MiB, 0 %
2026/07/04 06:40:37.388, 6, 0 MiB, 81920 MiB, 0 %
2026/07/04 06:40:37.389, 7, 0 MiB, 81920 MiB, 0 %
2026/07/04 06:40:47.390, 0, 0 MiB, 81920 MiB, 0 %
2026/07/04 06:40:47.390, 1, 14957 MiB, 81920 MiB, 77 %
2026/07/04 06:40:47.391, 2, 0 MiB, 81920 MiB, 0 %
2026/07/04 06:40:47.391, 3, 0 MiB, 81920 MiB, 0 %
2026/07/04 06:40:47.391, 4, 0 MiB, 81920 MiB, 0 %
2026/07/04 06:40:47.392, 5, 0 MiB, 81920 MiB, 0 %
2026/07/04 06:40:47.392, 6, 0 MiB, 81920 MiB, 0 %
2026/07/04 06:40:47.392, 7, 0 MiB, 81920 MiB, 0 %
2026/07/04 06:40:57.393, 0, 0 MiB, 81920 MiB, 0 %
2026/07/04 06:40:57.394, 1, 14957 MiB, 81920 MiB, 0 %
2026/07/04 06:40:57.394, 2, 0 MiB, 81920 MiB, 0 %
2026/07/04 06:40:57.395, 3, 0 MiB, 81920 MiB, 0 %
2026/07/04 06:40:57.395, 4, 0 MiB, 81920 MiB, 0 %
2026/07/04 06:40:57.395, 5, 0 MiB, 81920 MiB, 0 %
2026/07/04 06:40:57.395, 6, 0 MiB, 81920 MiB, 0 %
2026/07/04 06:40:57.396, 7, 0 MiB, 81920 MiB, 0 %
2026/07/04 06:41:07.397, 0, 0 MiB, 81920 MiB, 0 %
2026/07/04 06:41:07.398, 1, 14957 MiB, 81920 MiB, 0 %
2026/07/04 06:41:07.398, 2, 0 MiB, 81920 MiB, 0 %
2026/07/04 06:41:07.398, 3, 0 MiB, 81920 MiB, 0 %
2026/07/04 06:41:07.399, 4, 0 MiB, 81920 MiB, 0 %
2026/07/04 06:41:07.399, 5, 0 MiB, 81920 MiB, 0 %
2026/07/04 06:41:07.399, 6, 0 MiB, 81920 MiB, 0 %
2026/07/04 06:41:07.399, 7, 0 MiB, 81920 MiB, 0 %
2026/07/04 06:41:17.401, 0, 0 MiB, 81920 MiB, 0 %
2026/07/04 06:41:17.401, 1, 14957 MiB, 81920 MiB, 72 %
2026/07/04 06:41:17.401, 2, 0 MiB, 81920 MiB, 0 %
2026/07/04 06:41:17.402, 3, 0 MiB, 81920 MiB, 0 %
2026/07/04 06:41:17.402, 4, 0 MiB, 81920 MiB, 0 %
2026/07/04 06:41:17.402, 5, 0 MiB, 81920 MiB, 0 %
2026/07/04 06:41:17.403, 6, 0 MiB, 81920 MiB, 0 %
2026/07/04 06:41:17.403, 7, 0 MiB, 81920 MiB, 0 %
2026/07/04 06:41:27.404, 0, 0 MiB, 81920 MiB, 0 %
2026/07/04 06:41:27.404, 1, 14957 MiB, 81920 MiB, 0 %
2026/07/04 06:41:27.404, 2, 0 MiB, 81920 MiB, 0 %
2026/07/04 06:41:27.405, 3, 0 MiB, 81920 MiB, 0 %
2026/07/04 06:41:27.405, 4, 0 MiB, 81920 MiB, 0 %
2026/07/04 06:41:27.405, 5, 0 MiB, 81920 MiB, 0 %
2026/07/04 06:41:27.406, 6, 0 MiB, 81920 MiB, 0 %
2026/07/04 06:41:27.406, 7, 0 MiB, 81920 MiB, 0 %
2026/07/04 06:41:37.407, 0, 0 MiB, 81920 MiB, 0 %
2026/07/04 06:41:37.407, 1, 14957 MiB, 81920 MiB, 0 %
2026/07/04 06:41:37.407, 2, 0 MiB, 81920 MiB, 0 %
2026/07/04 06:41:37.408, 3, 0 MiB, 81920 MiB, 0 %
2026/07/04 06:41:37.408, 4, 0 MiB, 81920 MiB, 0 %
2026/07/04 06:41:37.408, 5, 0 MiB, 81920 MiB, 0 %
2026/07/04 06:41:37.409, 6, 0 MiB, 81920 MiB, 0 %
2026/07/04 06:41:37.409, 7, 0 MiB, 81920 MiB, 0 %
2026/07/04 06:41:47.410, 0, 0 MiB, 81920 MiB, 0 %
2026/07/04 06:41:47.410, 1, 14957 MiB, 81920 MiB, 0 %
2026/07/04 06:41:47.410, 2, 0 MiB, 81920 MiB, 0 %
2026/07/04 06:41:47.411, 3, 0 MiB, 81920 MiB, 0 %
2026/07/04 06:41:47.411, 4, 0 MiB, 81920 MiB, 0 %
2026/07/04 06:41:47.411, 5, 0 MiB, 81920 MiB, 0 %
2026/07/04 06:41:47.412, 6, 0 MiB, 81920 MiB, 0 %
2026/07/04 06:41:47.412, 7, 0 MiB, 81920 MiB, 0 %
2026/07/04 06:41:57.413, 0, 0 MiB, 81920 MiB, 0 %
2026/07/04 06:41:57.413, 1, 14957 MiB, 81920 MiB, 0 %
2026/07/04 06:41:57.413, 2, 0 MiB, 81920 MiB, 0 %
2026/07/04 06:41:57.414, 3, 0 MiB, 81920 MiB, 0 %
2026/07/04 06:41:57.414, 4, 0 MiB, 81920 MiB, 0 %
2026/07/04 06:41:57.414, 5, 0 MiB, 81920 MiB, 0 %
2026/07/04 06:41:57.415, 6, 0 MiB, 81920 MiB, 0 %
2026/07/04 06:41:57.415, 7, 0 MiB, 81920 MiB, 0 %
2026/07/04 06:42:07.416, 0, 0 MiB, 81920 MiB, 0 %
2026/07/04 06:42:07.416, 1, 14957 MiB, 81920 MiB, 0 %
2026/07/04 06:42:07.416, 2, 0 MiB, 81920 MiB, 0 %
2026/07/04 06:42:07.417, 3, 0 MiB, 81920 MiB, 0 %
2026/07/04 06:42:07.417, 4, 0 MiB, 81920 MiB, 0 %
2026/07/04 06:42:07.417, 5, 0 MiB, 81920 MiB, 0 %
2026/07/04 06:42:07.418, 6, 0 MiB, 81920 MiB, 0 %
2026/07/04 06:42:07.418, 7, 0 MiB, 81920 MiB, 0 %
2026/07/04 06:42:17.419, 0, 0 MiB, 81920 MiB, 0 %
2026/07/04 06:42:17.419, 1, 14957 MiB, 81920 MiB, 0 %
2026/07/04 06:42:17.419, 2, 0 MiB, 81920 MiB, 0 %
2026/07/04 06:42:17.420, 3, 0 MiB, 81920 MiB, 0 %
2026/07/04 06:42:17.420, 4, 0 MiB, 81920 MiB, 0 %
2026/07/04 06:42:17.420, 5, 0 MiB, 81920 MiB, 0 %
2026/07/04 06:42:17.421, 6, 0 MiB, 81920 MiB, 0 %
2026/07/04 06:42:17.421, 7, 0 MiB, 81920 MiB, 0 %
2026/07/04 06:42:27.422, 0, 0 MiB, 81920 MiB, 0 %
2026/07/04 06:42:27.423, 1, 14957 MiB, 81920 MiB, 0 %
2026/07/04 06:42:27.423, 2, 0 MiB, 81920 MiB, 0 %
2026/07/04 06:42:27.423, 3, 0 MiB, 81920 MiB, 0 %
2026/07/04 06:42:27.423, 4, 0 MiB, 81920 MiB, 0 %
2026/07/04 06:42:27.424, 5, 0 MiB, 81920 MiB, 0 %
2026/07/04 06:42:27.424, 6, 0 MiB, 81920 MiB, 0 %
2026/07/04 06:42:27.424, 7, 0 MiB, 81920 MiB, 0 %
2026/07/04 06:42:37.425, 0, 0 MiB, 81920 MiB, 0 %
2026/07/04 06:42:37.426, 1, 14957 MiB, 81920 MiB, 0 %
2026/07/04 06:42:37.426, 2, 0 MiB, 81920 MiB, 0 %
2026/07/04 06:42:37.426, 3, 0 MiB, 81920 MiB, 0 %
2026/07/04 06:42:37.426, 4, 0 MiB, 81920 MiB, 0 %
2026/07/04 06:42:37.427, 5, 0 MiB, 81920 MiB, 0 %
2026/07/04 06:42:37.427, 6, 0 MiB, 81920 MiB, 0 %
2026/07/04 06:42:37.427, 7, 0 MiB, 81920 MiB, 0 %
2026/07/04 06:42:47.428, 0, 0 MiB, 81920 MiB, 0 %
2026/07/04 06:42:47.428, 1, 14957 MiB, 81920 MiB, 0 %
2026/07/04 06:42:47.429, 2, 0 MiB, 81920 MiB, 0 %
2026/07/04 06:42:47.429, 3, 0 MiB, 81920 MiB, 0 %
2026/07/04 06:42:47.429, 4, 0 MiB, 81920 MiB, 0 %
2026/07/04 06:42:47.429, 5, 0 MiB, 81920 MiB, 0 %
2026/07/04 06:42:47.429, 6, 0 MiB, 81920 MiB, 0 %
2026/07/04 06:42:47.429, 7, 0 MiB, 81920 MiB, 0 %
2026/07/04 06:42:57.430, 0, 0 MiB, 81920 MiB, 0 %
2026/07/04 06:42:57.431, 1, 14957 MiB, 81920 MiB, 0 %
2026/07/04 06:42:57.431, 2, 0 MiB, 81920 MiB, 0 %
2026/07/04 06:42:57.431, 3, 0 MiB, 81920 MiB, 0 %
2026/07/04 06:42:57.431, 4, 0 MiB, 81920 MiB, 0 %
2026/07/04 06:42:57.432, 5, 0 MiB, 81920 MiB, 0 %
2026/07/04 06:42:57.432, 6, 0 MiB, 81920 MiB, 0 %
2026/07/04 06:42:57.432, 7, 0 MiB, 81920 MiB, 0 %
2026/07/04 06:43:07.433, 0, 0 MiB, 81920 MiB, 0 %
2026/07/04 06:43:07.434, 1, 14957 MiB, 81920 MiB, 0 %
2026/07/04 06:43:07.434, 2, 0 MiB, 81920 MiB, 0 %
2026/07/04 06:43:07.434, 3, 0 MiB, 81920 MiB, 0 %
2026/07/04 06:43:07.435, 4, 0 MiB, 81920 MiB, 0 %
2026/07/04 06:43:07.435, 5, 0 MiB, 81920 MiB, 0 %
2026/07/04 06:43:07.435, 6, 0 MiB, 81920 MiB, 0 %
2026/07/04 06:43:07.435, 7, 0 MiB, 81920 MiB, 0 %
2026/07/04 06:43:17.436, 0, 0 MiB, 81920 MiB, 0 %
2026/07/04 06:43:17.437, 1, 14957 MiB, 81920 MiB, 0 %
2026/07/04 06:43:17.437, 2, 0 MiB, 81920 MiB, 0 %
2026/07/04 06:43:17.437, 3, 0 MiB, 81920 MiB, 0 %
2026/07/04 06:43:17.438, 4, 0 MiB, 81920 MiB, 0 %
2026/07/04 06:43:17.438, 5, 0 MiB, 81920 MiB, 0 %
2026/07/04 06:43:17.438, 6, 0 MiB, 81920 MiB, 0 %
2026/07/04 06:43:17.438, 7, 0 MiB, 81920 MiB, 0 %
2026/07/04 06:43:27.439, 0, 0 MiB, 81920 MiB, 0 %
2026/07/04 06:43:27.440, 1, 14957 MiB, 81920 MiB, 0 %
2026/07/04 06:43:27.440, 2, 0 MiB, 81920 MiB, 0 %
2026/07/04 06:43:27.440, 3, 0 MiB, 81920 MiB, 0 %
2026/07/04 06:43:27.441, 4, 0 MiB, 81920 MiB, 0 %
2026/07/04 06:43:27.441, 5, 0 MiB, 81920 MiB, 0 %
2026/07/04 06:43:27.441, 6, 0 MiB, 81920 MiB, 0 %
2026/07/04 06:43:27.441, 7, 0 MiB, 81920 MiB, 0 %
2026/07/04 06:43:37.442, 0, 0 MiB, 81920 MiB, 0 %
2026/07/04 06:43:37.442, 1, 14957 MiB, 81920 MiB, 73 %
2026/07/04 06:43:37.443, 2, 0 MiB, 81920 MiB, 0 %
2026/07/04 06:43:37.443, 3, 0 MiB, 81920 MiB, 0 %
2026/07/04 06:43:37.443, 4, 0 MiB, 81920 MiB, 0 %
2026/07/04 06:43:37.444, 5, 0 MiB, 81920 MiB, 0 %
2026/07/04 06:43:37.444, 6, 0 MiB, 81920 MiB, 0 %
2026/07/04 06:43:37.444, 7, 0 MiB, 81920 MiB, 0 %
2026/07/04 06:43:47.445, 0, 0 MiB, 81920 MiB, 0 %
2026/07/04 06:43:47.446, 1, 14957 MiB, 81920 MiB, 0 %
2026/07/04 06:43:47.446, 2, 0 MiB, 81920 MiB, 0 %
2026/07/04 06:43:47.446, 3, 0 MiB, 81920 MiB, 0 %
2026/07/04 06:43:47.447, 4, 0 MiB, 81920 MiB, 0 %
2026/07/04 06:43:47.447, 5, 0 MiB, 81920 MiB, 0 %
2026/07/04 06:43:47.447, 6, 0 MiB, 81920 MiB, 0 %
2026/07/04 06:43:47.448, 7, 0 MiB, 81920 MiB, 0 %
2026/07/04 06:43:57.448, 0, 0 MiB, 81920 MiB, 0 %
2026/07/04 06:43:57.449, 1, 14957 MiB, 81920 MiB, 0 %
2026/07/04 06:43:57.449, 2, 0 MiB, 81920 MiB, 0 %
2026/07/04 06:43:57.449, 3, 0 MiB, 81920 MiB, 0 %
2026/07/04 06:43:57.450, 4, 0 MiB, 81920 MiB, 0 %
2026/07/04 06:43:57.450, 5, 0 MiB, 81920 MiB, 0 %
2026/07/04 06:43:57.450, 6, 0 MiB, 81920 MiB, 0 %
2026/07/04 06:43:57.450, 7, 0 MiB, 81920 MiB, 0 %
2026/07/04 06:44:07.451, 0, 0 MiB, 81920 MiB, 0 %
2026/07/04 06:44:07.451, 1, 14957 MiB, 81920 MiB, 0 %
2026/07/04 06:44:07.452, 2, 0 MiB, 81920 MiB, 0 %
2026/07/04 06:44:07.452, 3, 0 MiB, 81920 MiB, 0 %
2026/07/04 06:44:07.452, 4, 0 MiB, 81920 MiB, 0 %
2026/07/04 06:44:07.453, 5, 0 MiB, 81920 MiB, 0 %
2026/07/04 06:44:07.453, 6, 0 MiB, 81920 MiB, 0 %
2026/07/04 06:44:07.453, 7, 0 MiB, 81920 MiB, 0 %
2026/07/04 06:44:17.454, 0, 0 MiB, 81920 MiB, 0 %
2026/07/04 06:44:17.454, 1, 14957 MiB, 81920 MiB, 0 %
2026/07/04 06:44:17.454, 2, 0 MiB, 81920 MiB, 0 %
2026/07/04 06:44:17.455, 3, 0 MiB, 81920 MiB, 0 %
2026/07/04 06:44:17.455, 4, 0 MiB, 81920 MiB, 0 %
2026/07/04 06:44:17.455, 5, 0 MiB, 81920 MiB, 0 %
2026/07/04 06:44:17.455, 6, 0 MiB, 81920 MiB, 0 %
2026/07/04 06:44:17.456, 7, 0 MiB, 81920 MiB, 0 %
2026/07/04 06:44:27.456, 0, 0 MiB, 81920 MiB, 0 %
2026/07/04 06:44:27.457, 1, 14957 MiB, 81920 MiB, 0 %
2026/07/04 06:44:27.457, 2, 0 MiB, 81920 MiB, 0 %
2026/07/04 06:44:27.457, 3, 0 MiB, 81920 MiB, 0 %
2026/07/04 06:44:27.458, 4, 0 MiB, 81920 MiB, 0 %
2026/07/04 06:44:27.458, 5, 0 MiB, 81920 MiB, 0 %
2026/07/04 06:44:27.458, 6, 0 MiB, 81920 MiB, 0 %
2026/07/04 06:44:27.459, 7, 0 MiB, 81920 MiB, 0 %
2026/07/04 06:44:37.459, 0, 0 MiB, 81920 MiB, 0 %
2026/07/04 06:44:37.460, 1, 14957 MiB, 81920 MiB, 0 %
2026/07/04 06:44:37.460, 2, 0 MiB, 81920 MiB, 0 %
2026/07/04 06:44:37.460, 3, 0 MiB, 81920 MiB, 0 %
2026/07/04 06:44:37.460, 4, 0 MiB, 81920 MiB, 0 %
2026/07/04 06:44:37.461, 5, 0 MiB, 81920 MiB, 0 %
2026/07/04 06:44:37.461, 6, 0 MiB, 81920 MiB, 0 %
2026/07/04 06:44:37.461, 7, 0 MiB, 81920 MiB, 0 %
2026/07/04 06:44:47.462, 0, 0 MiB, 81920 MiB, 0 %
2026/07/04 06:44:47.462, 1, 14957 MiB, 81920 MiB, 0 %
2026/07/04 06:44:47.463, 2, 0 MiB, 81920 MiB, 0 %
2026/07/04 06:44:47.463, 3, 0 MiB, 81920 MiB, 0 %
2026/07/04 06:44:47.463, 4, 0 MiB, 81920 MiB, 0 %
2026/07/04 06:44:47.464, 5, 0 MiB, 81920 MiB, 0 %
2026/07/04 06:44:47.464, 6, 0 MiB, 81920 MiB, 0 %
2026/07/04 06:44:47.464, 7, 0 MiB, 81920 MiB, 0 %
2026/07/04 06:44:57.465, 0, 0 MiB, 81920 MiB, 0 %
2026/07/04 06:44:57.465, 1, 14957 MiB, 81920 MiB, 0 %
2026/07/04 06:44:57.466, 2, 0 MiB, 81920 MiB, 0 %
2026/07/04 06:44:57.466, 3, 0 MiB, 81920 MiB, 0 %
2026/07/04 06:44:57.466, 4, 0 MiB, 81920 MiB, 0 %
2026/07/04 06:44:57.466, 5, 0 MiB, 81920 MiB, 0 %
2026/07/04 06:44:57.467, 6, 0 MiB, 81920 MiB, 0 %
2026/07/04 06:44:57.467, 7, 0 MiB, 81920 MiB, 0 %
2026/07/04 06:45:07.467, 0, 0 MiB, 81920 MiB, 0 %
2026/07/04 06:45:07.468, 1, 14957 MiB, 81920 MiB, 0 %
2026/07/04 06:45:07.468, 2, 0 MiB, 81920 MiB, 0 %
2026/07/04 06:45:07.469, 3, 0 MiB, 81920 MiB, 0 %
2026/07/04 06:45:07.469, 4, 0 MiB, 81920 MiB, 0 %
2026/07/04 06:45:07.469, 5, 0 MiB, 81920 MiB, 0 %
2026/07/04 06:45:07.469, 6, 0 MiB, 81920 MiB, 0 %
2026/07/04 06:45:07.470, 7, 0 MiB, 81920 MiB, 0 %
2026/07/04 06:45:17.471, 0, 0 MiB, 81920 MiB, 0 %
2026/07/04 06:45:17.471, 1, 14957 MiB, 81920 MiB, 0 %
2026/07/04 06:45:17.471, 2, 0 MiB, 81920 MiB, 0 %
2026/07/04 06:45:17.472, 3, 0 MiB, 81920 MiB, 0 %
2026/07/04 06:45:17.472, 4, 0 MiB, 81920 MiB, 0 %
2026/07/04 06:45:17.472, 5, 0 MiB, 81920 MiB, 0 %
2026/07/04 06:45:17.472, 6, 0 MiB, 81920 MiB, 0 %
2026/07/04 06:45:17.473, 7, 0 MiB, 81920 MiB, 0 %
2026/07/04 06:45:27.473, 0, 0 MiB, 81920 MiB, 0 %
2026/07/04 06:45:27.474, 1, 14957 MiB, 81920 MiB, 0 %
2026/07/04 06:45:27.474, 2, 0 MiB, 81920 MiB, 0 %
2026/07/04 06:45:27.474, 3, 0 MiB, 81920 MiB, 0 %
2026/07/04 06:45:27.475, 4, 0 MiB, 81920 MiB, 0 %
2026/07/04 06:45:27.475, 5, 0 MiB, 81920 MiB, 0 %
2026/07/04 06:45:27.475, 6, 0 MiB, 81920 MiB, 0 %
2026/07/04 06:45:27.475, 7, 0 MiB, 81920 MiB, 0 %
2026/07/04 06:45:37.476, 0, 0 MiB, 81920 MiB, 0 %
2026/07/04 06:45:37.476, 1, 14957 MiB, 81920 MiB, 74 %
2026/07/04 06:45:37.477, 2, 0 MiB, 81920 MiB, 0 %
2026/07/04 06:45:37.477, 3, 0 MiB, 81920 MiB, 0 %
2026/07/04 06:45:37.477, 4, 0 MiB, 81920 MiB, 0 %
2026/07/04 06:45:37.478, 5, 0 MiB, 81920 MiB, 0 %
2026/07/04 06:45:37.478, 6, 0 MiB, 81920 MiB, 0 %
2026/07/04 06:45:37.478, 7, 0 MiB, 81920 MiB, 0 %
2026/07/04 06:45:47.479, 0, 0 MiB, 81920 MiB, 0 %
2026/07/04 06:45:47.479, 1, 14957 MiB, 81920 MiB, 0 %
2026/07/04 06:45:47.479, 2, 0 MiB, 81920 MiB, 0 %
2026/07/04 06:45:47.479, 3, 0 MiB, 81920 MiB, 0 %
2026/07/04 06:45:47.480, 4, 0 MiB, 81920 MiB, 0 %
2026/07/04 06:45:47.480, 5, 0 MiB, 81920 MiB, 0 %
2026/07/04 06:45:47.480, 6, 0 MiB, 81920 MiB, 0 %
2026/07/04 06:45:47.480, 7, 0 MiB, 81920 MiB, 0 %
2026/07/04 06:45:57.480, 0, 0 MiB, 81920 MiB, 0 %
2026/07/04 06:45:57.481, 1, 14957 MiB, 81920 MiB, 0 %
2026/07/04 06:45:57.481, 2, 0 MiB, 81920 MiB, 0 %
2026/07/04 06:45:57.482, 3, 0 MiB, 81920 MiB, 0 %
2026/07/04 06:45:57.482, 4, 0 MiB, 81920 MiB, 0 %
2026/07/04 06:45:57.482, 5, 0 MiB, 81920 MiB, 0 %
2026/07/04 06:45:57.482, 6, 0 MiB, 81920 MiB, 0 %
2026/07/04 06:45:57.483, 7, 0 MiB, 81920 MiB, 0 %
2026/07/04 06:46:07.483, 0, 0 MiB, 81920 MiB, 0 %
2026/07/04 06:46:07.484, 1, 14957 MiB, 81920 MiB, 0 %
2026/07/04 06:46:07.484, 2, 0 MiB, 81920 MiB, 0 %
2026/07/04 06:46:07.484, 3, 0 MiB, 81920 MiB, 0 %
2026/07/04 06:46:07.485, 4, 0 MiB, 81920 MiB, 0 %
2026/07/04 06:46:07.485, 5, 0 MiB, 81920 MiB, 0 %
2026/07/04 06:46:07.485, 6, 0 MiB, 81920 MiB, 0 %
2026/07/04 06:46:07.486, 7, 0 MiB, 81920 MiB, 0 %
2026/07/04 06:46:17.486, 0, 0 MiB, 81920 MiB, 0 %
2026/07/04 06:46:17.487, 1, 14957 MiB, 81920 MiB, 0 %
2026/07/04 06:46:17.487, 2, 0 MiB, 81920 MiB, 0 %
2026/07/04 06:46:17.487, 3, 0 MiB, 81920 MiB, 0 %
2026/07/04 06:46:17.488, 4, 0 MiB, 81920 MiB, 0 %
2026/07/04 06:46:17.488, 5, 0 MiB, 81920 MiB, 0 %
2026/07/04 06:46:17.488, 6, 0 MiB, 81920 MiB, 0 %
2026/07/04 06:46:17.488, 7, 0 MiB, 81920 MiB, 0 %
2026/07/04 06:46:27.489, 0, 0 MiB, 81920 MiB, 0 %
2026/07/04 06:46:27.490, 1, 14957 MiB, 81920 MiB, 0 %
2026/07/04 06:46:27.490, 2, 0 MiB, 81920 MiB, 0 %
2026/07/04 06:46:27.491, 3, 0 MiB, 81920 MiB, 0 %
2026/07/04 06:46:27.491, 4, 0 MiB, 81920 MiB, 0 %
2026/07/04 06:46:27.491, 5, 0 MiB, 81920 MiB, 0 %
2026/07/04 06:46:27.491, 6, 0 MiB, 81920 MiB, 0 %
2026/07/04 06:46:27.492, 7, 0 MiB, 81920 MiB, 0 %
2026/07/04 06:46:37.492, 0, 0 MiB, 81920 MiB, 0 %
2026/07/04 06:46:37.493, 1, 14957 MiB, 81920 MiB, 0 %
2026/07/04 06:46:37.493, 2, 0 MiB, 81920 MiB, 0 %
2026/07/04 06:46:37.493, 3, 0 MiB, 81920 MiB, 0 %
2026/07/04 06:46:37.494, 4, 0 MiB, 81920 MiB, 0 %
2026/07/04 06:46:37.494, 5, 0 MiB, 81920 MiB, 0 %
2026/07/04 06:46:37.494, 6, 0 MiB, 81920 MiB, 0 %
2026/07/04 06:46:37.495, 7, 0 MiB, 81920 MiB, 0 %
2026/07/04 06:46:47.495, 0, 0 MiB, 81920 MiB, 0 %
2026/07/04 06:46:47.496, 1, 14957 MiB, 81920 MiB, 0 %
2026/07/04 06:46:47.496, 2, 0 MiB, 81920 MiB, 0 %
2026/07/04 06:46:47.496, 3, 0 MiB, 81920 MiB, 0 %
2026/07/04 06:46:47.496, 4, 0 MiB, 81920 MiB, 0 %
2026/07/04 06:46:47.497, 5, 0 MiB, 81920 MiB, 0 %
2026/07/04 06:46:47.497, 6, 0 MiB, 81920 MiB, 0 %
2026/07/04 06:46:47.497, 7, 0 MiB, 81920 MiB, 0 %
2026/07/04 06:46:57.498, 0, 0 MiB, 81920 MiB, 0 %
2026/07/04 06:46:57.498, 1, 14957 MiB, 81920 MiB, 0 %
2026/07/04 06:46:57.499, 2, 0 MiB, 81920 MiB, 0 %
2026/07/04 06:46:57.499, 3, 0 MiB, 81920 MiB, 0 %
2026/07/04 06:46:57.499, 4, 0 MiB, 81920 MiB, 0 %
2026/07/04 06:46:57.500, 5, 0 MiB, 81920 MiB, 0 %
2026/07/04 06:46:57.500, 6, 0 MiB, 81920 MiB, 0 %
2026/07/04 06:46:57.500, 7, 0 MiB, 81920 MiB, 0 %
2026/07/04 06:47:07.501, 0, 0 MiB, 81920 MiB, 0 %
2026/07/04 06:47:07.501, 1, 14957 MiB, 81920 MiB, 0 %
2026/07/04 06:47:07.502, 2, 0 MiB, 81920 MiB, 0 %
2026/07/04 06:47:07.502, 3, 0 MiB, 81920 MiB, 0 %
2026/07/04 06:47:07.502, 4, 0 MiB, 81920 MiB, 0 %
2026/07/04 06:47:07.503, 5, 0 MiB, 81920 MiB, 0 %
2026/07/04 06:47:07.503, 6, 0 MiB, 81920 MiB, 0 %
2026/07/04 06:47:07.503, 7, 0 MiB, 81920 MiB, 0 %
2026/07/04 06:47:17.504, 0, 0 MiB, 81920 MiB, 0 %
2026/07/04 06:47:17.504, 1, 14957 MiB, 81920 MiB, 0 %
2026/07/04 06:47:17.504, 2, 0 MiB, 81920 MiB, 0 %
2026/07/04 06:47:17.505, 3, 0 MiB, 81920 MiB, 0 %
2026/07/04 06:47:17.505, 4, 0 MiB, 81920 MiB, 0 %
2026/07/04 06:47:17.505, 5, 0 MiB, 81920 MiB, 0 %
2026/07/04 06:47:17.506, 6, 0 MiB, 81920 MiB, 0 %
2026/07/04 06:47:17.506, 7, 0 MiB, 81920 MiB, 0 %
2026/07/04 06:47:27.506, 0, 0 MiB, 81920 MiB, 0 %
2026/07/04 06:47:27.507, 1, 14957 MiB, 81920 MiB, 100 %
2026/07/04 06:47:27.507, 2, 0 MiB, 81920 MiB, 0 %
2026/07/04 06:47:27.508, 3, 0 MiB, 81920 MiB, 0 %
2026/07/04 06:47:27.508, 4, 0 MiB, 81920 MiB, 0 %
2026/07/04 06:47:27.508, 5, 0 MiB, 81920 MiB, 0 %
2026/07/04 06:47:27.509, 6, 0 MiB, 81920 MiB, 0 %
2026/07/04 06:47:27.509, 7, 0 MiB, 81920 MiB, 0 %
2026/07/04 06:47:37.509, 0, 0 MiB, 81920 MiB, 0 %
2026/07/04 06:47:37.510, 1, 14957 MiB, 81920 MiB, 0 %
2026/07/04 06:47:37.510, 2, 0 MiB, 81920 MiB, 0 %
2026/07/04 06:47:37.510, 3, 0 MiB, 81920 MiB, 0 %
2026/07/04 06:47:37.511, 4, 0 MiB, 81920 MiB, 0 %
2026/07/04 06:47:37.511, 5, 0 MiB, 81920 MiB, 0 %
2026/07/04 06:47:37.511, 6, 0 MiB, 81920 MiB, 0 %
2026/07/04 06:47:37.512, 7, 0 MiB, 81920 MiB, 0 %
2026/07/04 06:47:47.512, 0, 0 MiB, 81920 MiB, 0 %
2026/07/04 06:47:47.513, 1, 14957 MiB, 81920 MiB, 0 %
2026/07/04 06:47:47.513, 2, 0 MiB, 81920 MiB, 0 %
2026/07/04 06:47:47.513, 3, 0 MiB, 81920 MiB, 0 %
2026/07/04 06:47:47.514, 4, 0 MiB, 81920 MiB, 0 %
2026/07/04 06:47:47.514, 5, 0 MiB, 81920 MiB, 0 %
2026/07/04 06:47:47.514, 6, 0 MiB, 81920 MiB, 0 %
2026/07/04 06:47:47.515, 7, 0 MiB, 81920 MiB, 0 %
2026/07/04 06:47:57.515, 0, 0 MiB, 81920 MiB, 0 %
2026/07/04 06:47:57.516, 1, 14957 MiB, 81920 MiB, 0 %
2026/07/04 06:47:57.516, 2, 0 MiB, 81920 MiB, 0 %
2026/07/04 06:47:57.516, 3, 0 MiB, 81920 MiB, 0 %
2026/07/04 06:47:57.516, 4, 0 MiB, 81920 MiB, 0 %
2026/07/04 06:47:57.517, 5, 0 MiB, 81920 MiB, 0 %
2026/07/04 06:47:57.517, 6, 0 MiB, 81920 MiB, 0 %
2026/07/04 06:47:57.517, 7, 0 MiB, 81920 MiB, 0 %
2026/07/04 06:48:07.518, 0, 0 MiB, 81920 MiB, 0 %
2026/07/04 06:48:07.518, 1, 14957 MiB, 81920 MiB, 0 %
2026/07/04 06:48:07.519, 2, 0 MiB, 81920 MiB, 0 %
2026/07/04 06:48:07.519, 3, 0 MiB, 81920 MiB, 0 %
2026/07/04 06:48:07.519, 4, 0 MiB, 81920 MiB, 0 %
2026/07/04 06:48:07.519, 5, 0 MiB, 81920 MiB, 0 %
2026/07/04 06:48:07.520, 6, 0 MiB, 81920 MiB, 0 %
2026/07/04 06:48:07.520, 7, 0 MiB, 81920 MiB, 0 %
2026/07/04 06:48:17.521, 0, 0 MiB, 81920 MiB, 0 %
2026/07/04 06:48:17.521, 1, 14957 MiB, 81920 MiB, 0 %
2026/07/04 06:48:17.522, 2, 0 MiB, 81920 MiB, 0 %
2026/07/04 06:48:17.522, 3, 0 MiB, 81920 MiB, 0 %
2026/07/04 06:48:17.522, 4, 0 MiB, 81920 MiB, 0 %
2026/07/04 06:48:17.522, 5, 0 MiB, 81920 MiB, 0 %
2026/07/04 06:48:17.523, 6, 0 MiB, 81920 MiB, 0 %
2026/07/04 06:48:17.523, 7, 0 MiB, 81920 MiB, 0 %
2026/07/04 06:48:27.524, 0, 0 MiB, 81920 MiB, 0 %
2026/07/04 06:48:27.524, 1, 14957 MiB, 81920 MiB, 0 %
2026/07/04 06:48:27.524, 2, 0 MiB, 81920 MiB, 0 %
2026/07/04 06:48:27.525, 3, 0 MiB, 81920 MiB, 0 %
2026/07/04 06:48:27.525, 4, 0 MiB, 81920 MiB, 0 %
2026/07/04 06:48:27.525, 5, 0 MiB, 81920 MiB, 0 %
2026/07/04 06:48:27.526, 6, 0 MiB, 81920 MiB, 0 %
2026/07/04 06:48:27.526, 7, 0 MiB, 81920 MiB, 0 %
2026/07/04 06:48:37.526, 0, 0 MiB, 81920 MiB, 0 %
2026/07/04 06:48:37.527, 1, 14957 MiB, 81920 MiB, 63 %
2026/07/04 06:48:37.527, 2, 0 MiB, 81920 MiB, 0 %
2026/07/04 06:48:37.527, 3, 0 MiB, 81920 MiB, 0 %
2026/07/04 06:48:37.528, 4, 0 MiB, 81920 MiB, 0 %
2026/07/04 06:48:37.528, 5, 0 MiB, 81920 MiB, 0 %
2026/07/04 06:48:37.528, 6, 0 MiB, 81920 MiB, 0 %
2026/07/04 06:48:37.529, 7, 0 MiB, 81920 MiB, 0 %
2026/07/04 06:48:47.529, 0, 0 MiB, 81920 MiB, 0 %
2026/07/04 06:48:47.530, 1, 14957 MiB, 81920 MiB, 0 %
2026/07/04 06:48:47.530, 2, 0 MiB, 81920 MiB, 0 %
2026/07/04 06:48:47.530, 3, 0 MiB, 81920 MiB, 0 %
2026/07/04 06:48:47.531, 4, 0 MiB, 81920 MiB, 0 %
2026/07/04 06:48:47.531, 5, 0 MiB, 81920 MiB, 0 %
2026/07/04 06:48:47.531, 6, 0 MiB, 81920 MiB, 0 %
2026/07/04 06:48:47.532, 7, 0 MiB, 81920 MiB, 0 %
2026/07/04 06:48:57.532, 0, 0 MiB, 81920 MiB, 0 %
2026/07/04 06:48:57.533, 1, 14957 MiB, 81920 MiB, 0 %
2026/07/04 06:48:57.533, 2, 0 MiB, 81920 MiB, 0 %
2026/07/04 06:48:57.533, 3, 0 MiB, 81920 MiB, 0 %
2026/07/04 06:48:57.534, 4, 0 MiB, 81920 MiB, 0 %
2026/07/04 06:48:57.534, 5, 0 MiB, 81920 MiB, 0 %
2026/07/04 06:48:57.534, 6, 0 MiB, 81920 MiB, 0 %
2026/07/04 06:48:57.534, 7, 0 MiB, 81920 MiB, 0 %
2026/07/04 06:49:07.535, 0, 0 MiB, 81920 MiB, 0 %
2026/07/04 06:49:07.536, 1, 14957 MiB, 81920 MiB, 0 %
2026/07/04 06:49:07.536, 2, 0 MiB, 81920 MiB, 0 %
2026/07/04 06:49:07.536, 3, 0 MiB, 81920 MiB, 0 %
2026/07/04 06:49:07.536, 4, 0 MiB, 81920 MiB, 0 %
2026/07/04 06:49:07.537, 5, 0 MiB, 81920 MiB, 0 %
2026/07/04 06:49:07.537, 6, 0 MiB, 81920 MiB, 0 %
2026/07/04 06:49:07.537, 7, 0 MiB, 81920 MiB, 0 %
2026/07/04 06:49:17.538, 0, 0 MiB, 81920 MiB, 0 %
2026/07/04 06:49:17.538, 1, 14957 MiB, 81920 MiB, 0 %
2026/07/04 06:49:17.539, 2, 0 MiB, 81920 MiB, 0 %
2026/07/04 06:49:17.539, 3, 0 MiB, 81920 MiB, 0 %
2026/07/04 06:49:17.539, 4, 0 MiB, 81920 MiB, 0 %
2026/07/04 06:49:17.540, 5, 0 MiB, 81920 MiB, 0 %
2026/07/04 06:49:17.540, 6, 0 MiB, 81920 MiB, 0 %
2026/07/04 06:49:17.540, 7, 0 MiB, 81920 MiB, 0 %
2026/07/04 06:49:27.541, 0, 0 MiB, 81920 MiB, 0 %
2026/07/04 06:49:27.541, 1, 14957 MiB, 81920 MiB, 0 %
2026/07/04 06:49:27.541, 2, 0 MiB, 81920 MiB, 0 %
2026/07/04 06:49:27.542, 3, 0 MiB, 81920 MiB, 0 %
2026/07/04 06:49:27.542, 4, 0 MiB, 81920 MiB, 0 %
2026/07/04 06:49:27.542, 5, 0 MiB, 81920 MiB, 0 %
2026/07/04 06:49:27.543, 6, 0 MiB, 81920 MiB, 0 %
2026/07/04 06:49:27.543, 7, 0 MiB, 81920 MiB, 0 %
2026/07/04 06:49:37.544, 0, 0 MiB, 81920 MiB, 0 %
2026/07/04 06:49:37.544, 1, 14957 MiB, 81920 MiB, 0 %
2026/07/04 06:49:37.544, 2, 0 MiB, 81920 MiB, 0 %
2026/07/04 06:49:37.545, 3, 0 MiB, 81920 MiB, 0 %
2026/07/04 06:49:37.545, 4, 0 MiB, 81920 MiB, 0 %
2026/07/04 06:49:37.545, 5, 0 MiB, 81920 MiB, 0 %
2026/07/04 06:49:37.546, 6, 0 MiB, 81920 MiB, 0 %
2026/07/04 06:49:37.546, 7, 0 MiB, 81920 MiB, 0 %
2026/07/04 06:49:47.546, 0, 0 MiB, 81920 MiB, 0 %
2026/07/04 06:49:47.547, 1, 14957 MiB, 81920 MiB, 0 %
2026/07/04 06:49:47.547, 2, 0 MiB, 81920 MiB, 0 %
2026/07/04 06:49:47.547, 3, 0 MiB, 81920 MiB, 0 %
2026/07/04 06:49:47.548, 4, 0 MiB, 81920 MiB, 0 %
2026/07/04 06:49:47.548, 5, 0 MiB, 81920 MiB, 0 %
2026/07/04 06:49:47.548, 6, 0 MiB, 81920 MiB, 0 %
2026/07/04 06:49:47.549, 7, 0 MiB, 81920 MiB, 0 %
2026/07/04 06:49:57.549, 0, 0 MiB, 81920 MiB, 0 %
2026/07/04 06:49:57.550, 1, 14957 MiB, 81920 MiB, 0 %
2026/07/04 06:49:57.550, 2, 0 MiB, 81920 MiB, 0 %
2026/07/04 06:49:57.550, 3, 0 MiB, 81920 MiB, 0 %
2026/07/04 06:49:57.551, 4, 0 MiB, 81920 MiB, 0 %
2026/07/04 06:49:57.551, 5, 0 MiB, 81920 MiB, 0 %
2026/07/04 06:49:57.551, 6, 0 MiB, 81920 MiB, 0 %
2026/07/04 06:49:57.552, 7, 0 MiB, 81920 MiB, 0 %
2026/07/04 06:50:07.553, 0, 0 MiB, 81920 MiB, 0 %
2026/07/04 06:50:07.553, 1, 14957 MiB, 81920 MiB, 76 %
2026/07/04 06:50:07.554, 2, 0 MiB, 81920 MiB, 0 %
2026/07/04 06:50:07.554, 3, 0 MiB, 81920 MiB, 0 %
2026/07/04 06:50:07.554, 4, 0 MiB, 81920 MiB, 0 %
2026/07/04 06:50:07.554, 5, 0 MiB, 81920 MiB, 0 %
2026/07/04 06:50:07.555, 6, 0 MiB, 81920 MiB, 0 %
2026/07/04 06:50:07.555, 7, 0 MiB, 81920 MiB, 0 %
2026/07/04 06:50:17.556, 0, 0 MiB, 81920 MiB, 0 %
2026/07/04 06:50:17.556, 1, 14957 MiB, 81920 MiB, 0 %
2026/07/04 06:50:17.557, 2, 0 MiB, 81920 MiB, 0 %
2026/07/04 06:50:17.557, 3, 0 MiB, 81920 MiB, 0 %
2026/07/04 06:50:17.557, 4, 0 MiB, 81920 MiB, 0 %
2026/07/04 06:50:17.557, 5, 0 MiB, 81920 MiB, 0 %
2026/07/04 06:50:17.558, 6, 0 MiB, 81920 MiB, 0 %
2026/07/04 06:50:17.558, 7, 0 MiB, 81920 MiB, 0 %
2026/07/04 06:50:27.559, 0, 0 MiB, 81920 MiB, 0 %
2026/07/04 06:50:27.559, 1, 14957 MiB, 81920 MiB, 0 %
2026/07/04 06:50:27.560, 2, 0 MiB, 81920 MiB, 0 %
2026/07/04 06:50:27.560, 3, 0 MiB, 81920 MiB, 0 %
2026/07/04 06:50:27.560, 4, 0 MiB, 81920 MiB, 0 %
2026/07/04 06:50:27.561, 5, 0 MiB, 81920 MiB, 0 %
2026/07/04 06:50:27.561, 6, 0 MiB, 81920 MiB, 0 %
2026/07/04 06:50:27.561, 7, 0 MiB, 81920 MiB, 0 %
2026/07/04 06:50:37.562, 0, 0 MiB, 81920 MiB, 0 %
2026/07/04 06:50:37.562, 1, 14957 MiB, 81920 MiB, 0 %
2026/07/04 06:50:37.562, 2, 0 MiB, 81920 MiB, 0 %
2026/07/04 06:50:37.563, 3, 0 MiB, 81920 MiB, 0 %
2026/07/04 06:50:37.563, 4, 0 MiB, 81920 MiB, 0 %
2026/07/04 06:50:37.563, 5, 0 MiB, 81920 MiB, 0 %
2026/07/04 06:50:37.563, 6, 0 MiB, 81920 MiB, 0 %
2026/07/04 06:50:37.563, 7, 0 MiB, 81920 MiB, 0 %
2026/07/04 06:50:47.564, 0, 0 MiB, 81920 MiB, 0 %
2026/07/04 06:50:47.564, 1, 14957 MiB, 81920 MiB, 71 %
2026/07/04 06:50:47.564, 2, 0 MiB, 81920 MiB, 0 %
2026/07/04 06:50:47.565, 3, 0 MiB, 81920 MiB, 0 %
2026/07/04 06:50:47.565, 4, 0 MiB, 81920 MiB, 0 %
2026/07/04 06:50:47.565, 5, 0 MiB, 81920 MiB, 0 %
2026/07/04 06:50:47.566, 6, 0 MiB, 81920 MiB, 0 %
2026/07/04 06:50:47.566, 7, 0 MiB, 81920 MiB, 0 %
2026/07/04 06:50:57.567, 0, 0 MiB, 81920 MiB, 0 %
2026/07/04 06:50:57.567, 1, 14957 MiB, 81920 MiB, 0 %
2026/07/04 06:50:57.568, 2, 0 MiB, 81920 MiB, 0 %
2026/07/04 06:50:57.568, 3, 0 MiB, 81920 MiB, 0 %
2026/07/04 06:50:57.568, 4, 0 MiB, 81920 MiB, 0 %
2026/07/04 06:50:57.568, 5, 0 MiB, 81920 MiB, 0 %
2026/07/04 06:50:57.569, 6, 0 MiB, 81920 MiB, 0 %
2026/07/04 06:50:57.569, 7, 0 MiB, 81920 MiB, 0 %
2026/07/04 06:51:07.570, 0, 0 MiB, 81920 MiB, 0 %
2026/07/04 06:51:07.570, 1, 14957 MiB, 81920 MiB, 0 %
2026/07/04 06:51:07.571, 2, 0 MiB, 81920 MiB, 0 %
2026/07/04 06:51:07.571, 3, 0 MiB, 81920 MiB, 0 %
2026/07/04 06:51:07.571, 4, 0 MiB, 81920 MiB, 0 %
2026/07/04 06:51:07.571, 5, 0 MiB, 81920 MiB, 0 %
2026/07/04 06:51:07.572, 6, 0 MiB, 81920 MiB, 0 %
2026/07/04 06:51:07.572, 7, 0 MiB, 81920 MiB, 0 %
2026/07/04 06:51:17.573, 0, 0 MiB, 81920 MiB, 0 %
2026/07/04 06:51:17.573, 1, 14957 MiB, 81920 MiB, 0 %
2026/07/04 06:51:17.574, 2, 0 MiB, 81920 MiB, 0 %
2026/07/04 06:51:17.574, 3, 0 MiB, 81920 MiB, 0 %
2026/07/04 06:51:17.574, 4, 0 MiB, 81920 MiB, 0 %
2026/07/04 06:51:17.575, 5, 0 MiB, 81920 MiB, 0 %
2026/07/04 06:51:17.575, 6, 0 MiB, 81920 MiB, 0 %
2026/07/04 06:51:17.575, 7, 0 MiB, 81920 MiB, 0 %
2026/07/04 06:51:27.576, 0, 0 MiB, 81920 MiB, 0 %
2026/07/04 06:51:27.576, 1, 14957 MiB, 81920 MiB, 0 %
2026/07/04 06:51:27.577, 2, 0 MiB, 81920 MiB, 0 %
2026/07/04 06:51:27.577, 3, 0 MiB, 81920 MiB, 0 %
2026/07/04 06:51:27.577, 4, 0 MiB, 81920 MiB, 0 %
2026/07/04 06:51:27.578, 5, 0 MiB, 81920 MiB, 0 %
2026/07/04 06:51:27.578, 6, 0 MiB, 81920 MiB, 0 %
2026/07/04 06:51:27.578, 7, 0 MiB, 81920 MiB, 0 %
2026/07/04 06:51:37.579, 0, 0 MiB, 81920 MiB, 0 %
2026/07/04 06:51:37.579, 1, 14957 MiB, 81920 MiB, 0 %
2026/07/04 06:51:37.580, 2, 0 MiB, 81920 MiB, 0 %
2026/07/04 06:51:37.580, 3, 0 MiB, 81920 MiB, 0 %
2026/07/04 06:51:37.580, 4, 0 MiB, 81920 MiB, 0 %
2026/07/04 06:51:37.581, 5, 0 MiB, 81920 MiB, 0 %
2026/07/04 06:51:37.581, 6, 0 MiB, 81920 MiB, 0 %
2026/07/04 06:51:37.581, 7, 0 MiB, 81920 MiB, 0 %
2026/07/04 06:51:47.582, 0, 0 MiB, 81920 MiB, 0 %
2026/07/04 06:51:47.583, 1, 14957 MiB, 81920 MiB, 0 %
2026/07/04 06:51:47.583, 2, 0 MiB, 81920 MiB, 0 %
2026/07/04 06:51:47.583, 3, 0 MiB, 81920 MiB, 0 %
2026/07/04 06:51:47.584, 4, 0 MiB, 81920 MiB, 0 %
2026/07/04 06:51:47.584, 5, 0 MiB, 81920 MiB, 0 %
2026/07/04 06:51:47.584, 6, 0 MiB, 81920 MiB, 0 %
2026/07/04 06:51:47.584, 7, 0 MiB, 81920 MiB, 0 %
2026/07/04 06:51:57.585, 0, 0 MiB, 81920 MiB, 0 %
2026/07/04 06:51:57.585, 1, 14957 MiB, 81920 MiB, 0 %
2026/07/04 06:51:57.586, 2, 0 MiB, 81920 MiB, 0 %
2026/07/04 06:51:57.586, 3, 0 MiB, 81920 MiB, 0 %
2026/07/04 06:51:57.586, 4, 0 MiB, 81920 MiB, 0 %
2026/07/04 06:51:57.587, 5, 0 MiB, 81920 MiB, 0 %
2026/07/04 06:51:57.587, 6, 0 MiB, 81920 MiB, 0 %
2026/07/04 06:51:57.587, 7, 0 MiB, 81920 MiB, 0 %
2026/07/04 06:52:07.588, 0, 0 MiB, 81920 MiB, 0 %
2026/07/04 06:52:07.588, 1, 14957 MiB, 81920 MiB, 0 %
2026/07/04 06:52:07.589, 2, 0 MiB, 81920 MiB, 0 %
2026/07/04 06:52:07.589, 3, 0 MiB, 81920 MiB, 0 %
2026/07/04 06:52:07.589, 4, 0 MiB, 81920 MiB, 0 %
2026/07/04 06:52:07.590, 5, 0 MiB, 81920 MiB, 0 %
2026/07/04 06:52:07.590, 6, 0 MiB, 81920 MiB, 0 %
2026/07/04 06:52:07.590, 7, 0 MiB, 81920 MiB, 0 %
2026/07/04 06:52:17.591, 0, 0 MiB, 81920 MiB, 0 %
2026/07/04 06:52:17.591, 1, 14957 MiB, 81920 MiB, 0 %
2026/07/04 06:52:17.592, 2, 0 MiB, 81920 MiB, 0 %
2026/07/04 06:52:17.592, 3, 0 MiB, 81920 MiB, 0 %
2026/07/04 06:52:17.592, 4, 0 MiB, 81920 MiB, 0 %
2026/07/04 06:52:17.593, 5, 0 MiB, 81920 MiB, 0 %
2026/07/04 06:52:17.593, 6, 0 MiB, 81920 MiB, 0 %
2026/07/04 06:52:17.593, 7, 0 MiB, 81920 MiB, 0 %
2026/07/04 06:52:27.594, 0, 0 MiB, 81920 MiB, 0 %
2026/07/04 06:52:27.594, 1, 14957 MiB, 81920 MiB, 0 %
2026/07/04 06:52:27.594, 2, 0 MiB, 81920 MiB, 0 %
2026/07/04 06:52:27.595, 3, 0 MiB, 81920 MiB, 0 %
2026/07/04 06:52:27.595, 4, 0 MiB, 81920 MiB, 0 %
2026/07/04 06:52:27.595, 5, 0 MiB, 81920 MiB, 0 %
2026/07/04 06:52:27.596, 6, 0 MiB, 81920 MiB, 0 %
2026/07/04 06:52:27.596, 7, 0 MiB, 81920 MiB, 0 %
2026/07/04 06:52:37.597, 0, 0 MiB, 81920 MiB, 0 %
2026/07/04 06:52:37.597, 1, 14957 MiB, 81920 MiB, 69 %
2026/07/04 06:52:37.597, 2, 0 MiB, 81920 MiB, 0 %
2026/07/04 06:52:37.598, 3, 0 MiB, 81920 MiB, 0 %
2026/07/04 06:52:37.598, 4, 0 MiB, 81920 MiB, 0 %
2026/07/04 06:52:37.598, 5, 0 MiB, 81920 MiB, 0 %
2026/07/04 06:52:37.599, 6, 0 MiB, 81920 MiB, 0 %
2026/07/04 06:52:37.599, 7, 0 MiB, 81920 MiB, 0 %
2026/07/04 06:52:47.600, 0, 0 MiB, 81920 MiB, 0 %
2026/07/04 06:52:47.600, 1, 14957 MiB, 81920 MiB, 76 %
2026/07/04 06:52:47.600, 2, 0 MiB, 81920 MiB, 0 %
2026/07/04 06:52:47.601, 3, 0 MiB, 81920 MiB, 0 %
2026/07/04 06:52:47.601, 4, 0 MiB, 81920 MiB, 0 %
2026/07/04 06:52:47.601, 5, 0 MiB, 81920 MiB, 0 %
2026/07/04 06:52:47.602, 6, 0 MiB, 81920 MiB, 0 %
2026/07/04 06:52:47.602, 7, 0 MiB, 81920 MiB, 0 %
2026/07/04 06:52:57.603, 0, 0 MiB, 81920 MiB, 0 %
2026/07/04 06:52:57.603, 1, 14957 MiB, 81920 MiB, 0 %
2026/07/04 06:52:57.603, 2, 0 MiB, 81920 MiB, 0 %
2026/07/04 06:52:57.604, 3, 0 MiB, 81920 MiB, 0 %
2026/07/04 06:52:57.604, 4, 0 MiB, 81920 MiB, 0 %
2026/07/04 06:52:57.604, 5, 0 MiB, 81920 MiB, 0 %
2026/07/04 06:52:57.604, 6, 0 MiB, 81920 MiB, 0 %
2026/07/04 06:52:57.605, 7, 0 MiB, 81920 MiB, 0 %
2026/07/04 06:53:07.606, 0, 0 MiB, 81920 MiB, 0 %
2026/07/04 06:53:07.606, 1, 14957 MiB, 81920 MiB, 0 %
2026/07/04 06:53:07.606, 2, 0 MiB, 81920 MiB, 0 %
2026/07/04 06:53:07.607, 3, 0 MiB, 81920 MiB, 0 %
2026/07/04 06:53:07.607, 4, 0 MiB, 81920 MiB, 0 %
2026/07/04 06:53:07.607, 5, 0 MiB, 81920 MiB, 0 %
2026/07/04 06:53:07.608, 6, 0 MiB, 81920 MiB, 0 %
2026/07/04 06:53:07.608, 7, 0 MiB, 81920 MiB, 0 %
2026/07/04 06:53:17.609, 0, 0 MiB, 81920 MiB, 0 %
2026/07/04 06:53:17.609, 1, 14957 MiB, 81920 MiB, 0 %
2026/07/04 06:53:17.609, 2, 0 MiB, 81920 MiB, 0 %
2026/07/04 06:53:17.610, 3, 0 MiB, 81920 MiB, 0 %
2026/07/04 06:53:17.610, 4, 0 MiB, 81920 MiB, 0 %
2026/07/04 06:53:17.610, 5, 0 MiB, 81920 MiB, 0 %
2026/07/04 06:53:17.611, 6, 0 MiB, 81920 MiB, 0 %
2026/07/04 06:53:17.611, 7, 0 MiB, 81920 MiB, 0 %
2026/07/04 06:53:27.612, 0, 0 MiB, 81920 MiB, 0 %
2026/07/04 06:53:27.612, 1, 14957 MiB, 81920 MiB, 73 %
2026/07/04 06:53:27.613, 2, 0 MiB, 81920 MiB, 0 %
2026/07/04 06:53:27.613, 3, 0 MiB, 81920 MiB, 0 %
2026/07/04 06:53:27.613, 4, 0 MiB, 81920 MiB, 0 %
2026/07/04 06:53:27.614, 5, 0 MiB, 81920 MiB, 0 %
2026/07/04 06:53:27.614, 6, 0 MiB, 81920 MiB, 0 %
2026/07/04 06:53:27.614, 7, 0 MiB, 81920 MiB, 0 %
2026/07/04 06:53:37.615, 0, 0 MiB, 81920 MiB, 0 %
2026/07/04 06:53:37.616, 1, 14957 MiB, 81920 MiB, 0 %
2026/07/04 06:53:37.616, 2, 0 MiB, 81920 MiB, 0 %
2026/07/04 06:53:37.616, 3, 0 MiB, 81920 MiB, 0 %
2026/07/04 06:53:37.616, 4, 0 MiB, 81920 MiB, 0 %
2026/07/04 06:53:37.617, 5, 0 MiB, 81920 MiB, 0 %
2026/07/04 06:53:37.617, 6, 0 MiB, 81920 MiB, 0 %
2026/07/04 06:53:37.617, 7, 0 MiB, 81920 MiB, 0 %
2026/07/04 06:53:47.618, 0, 0 MiB, 81920 MiB, 0 %
2026/07/04 06:53:47.619, 1, 14957 MiB, 81920 MiB, 0 %
2026/07/04 06:53:47.619, 2, 0 MiB, 81920 MiB, 0 %
2026/07/04 06:53:47.619, 3, 0 MiB, 81920 MiB, 0 %
2026/07/04 06:53:47.620, 4, 0 MiB, 81920 MiB, 0 %
2026/07/04 06:53:47.620, 5, 0 MiB, 81920 MiB, 0 %
2026/07/04 06:53:47.620, 6, 0 MiB, 81920 MiB, 0 %
2026/07/04 06:53:47.620, 7, 0 MiB, 81920 MiB, 0 %
2026/07/04 06:53:57.622, 0, 0 MiB, 81920 MiB, 0 %
2026/07/04 06:53:57.622, 1, 14957 MiB, 81920 MiB, 0 %
2026/07/04 06:53:57.622, 2, 0 MiB, 81920 MiB, 0 %
2026/07/04 06:53:57.623, 3, 0 MiB, 81920 MiB, 0 %
2026/07/04 06:53:57.623, 4, 0 MiB, 81920 MiB, 0 %
2026/07/04 06:53:57.623, 5, 0 MiB, 81920 MiB, 0 %
2026/07/04 06:53:57.624, 6, 0 MiB, 81920 MiB, 0 %
2026/07/04 06:53:57.624, 7, 0 MiB, 81920 MiB, 0 %
2026/07/04 06:54:07.625, 0, 0 MiB, 81920 MiB, 0 %
2026/07/04 06:54:07.625, 1, 14957 MiB, 81920 MiB, 0 %
2026/07/04 06:54:07.625, 2, 0 MiB, 81920 MiB, 0 %
2026/07/04 06:54:07.626, 3, 0 MiB, 81920 MiB, 0 %
2026/07/04 06:54:07.626, 4, 0 MiB, 81920 MiB, 0 %
2026/07/04 06:54:07.626, 5, 0 MiB, 81920 MiB, 0 %
2026/07/04 06:54:07.627, 6, 0 MiB, 81920 MiB, 0 %
2026/07/04 06:54:07.627, 7, 0 MiB, 81920 MiB, 0 %
2026/07/04 06:54:17.628, 0, 0 MiB, 81920 MiB, 0 %
2026/07/04 06:54:17.628, 1, 14957 MiB, 81920 MiB, 0 %
2026/07/04 06:54:17.629, 2, 0 MiB, 81920 MiB, 0 %
2026/07/04 06:54:17.629, 3, 0 MiB, 81920 MiB, 0 %
2026/07/04 06:54:17.629, 4, 0 MiB, 81920 MiB, 0 %
2026/07/04 06:54:17.629, 5, 0 MiB, 81920 MiB, 0 %
2026/07/04 06:54:17.630, 6, 0 MiB, 81920 MiB, 0 %
2026/07/04 06:54:17.630, 7, 0 MiB, 81920 MiB, 0 %
2026/07/04 06:54:27.631, 0, 0 MiB, 81920 MiB, 0 %
2026/07/04 06:54:27.631, 1, 14957 MiB, 81920 MiB, 0 %
2026/07/04 06:54:27.631, 2, 0 MiB, 81920 MiB, 0 %
2026/07/04 06:54:27.632, 3, 0 MiB, 81920 MiB, 0 %
2026/07/04 06:54:27.632, 4, 0 MiB, 81920 MiB, 0 %
2026/07/04 06:54:27.632, 5, 0 MiB, 81920 MiB, 0 %
2026/07/04 06:54:27.632, 6, 0 MiB, 81920 MiB, 0 %
2026/07/04 06:54:27.633, 7, 0 MiB, 81920 MiB, 0 %
2026/07/04 06:54:37.633, 0, 0 MiB, 81920 MiB, 0 %
2026/07/04 06:54:37.634, 1, 14957 MiB, 81920 MiB, 0 %
2026/07/04 06:54:37.634, 2, 0 MiB, 81920 MiB, 0 %
2026/07/04 06:54:37.634, 3, 0 MiB, 81920 MiB, 0 %
2026/07/04 06:54:37.635, 4, 0 MiB, 81920 MiB, 0 %
2026/07/04 06:54:37.635, 5, 0 MiB, 81920 MiB, 0 %
2026/07/04 06:54:37.635, 6, 0 MiB, 81920 MiB, 0 %
2026/07/04 06:54:37.636, 7, 0 MiB, 81920 MiB, 0 %
2026/07/04 06:54:47.636, 0, 0 MiB, 81920 MiB, 0 %
2026/07/04 06:54:47.637, 1, 14957 MiB, 81920 MiB, 0 %
2026/07/04 06:54:47.637, 2, 0 MiB, 81920 MiB, 0 %
2026/07/04 06:54:47.638, 3, 0 MiB, 81920 MiB, 0 %
2026/07/04 06:54:47.638, 4, 0 MiB, 81920 MiB, 0 %
2026/07/04 06:54:47.638, 5, 0 MiB, 81920 MiB, 0 %
2026/07/04 06:54:47.638, 6, 0 MiB, 81920 MiB, 0 %
2026/07/04 06:54:47.639, 7, 0 MiB, 81920 MiB, 0 %
2026/07/04 06:54:57.639, 0, 0 MiB, 81920 MiB, 0 %
2026/07/04 06:54:57.640, 1, 14957 MiB, 81920 MiB, 0 %
2026/07/04 06:54:57.640, 2, 0 MiB, 81920 MiB, 0 %
2026/07/04 06:54:57.640, 3, 0 MiB, 81920 MiB, 0 %
2026/07/04 06:54:57.641, 4, 0 MiB, 81920 MiB, 0 %
2026/07/04 06:54:57.641, 5, 0 MiB, 81920 MiB, 0 %
2026/07/04 06:54:57.641, 6, 0 MiB, 81920 MiB, 0 %
2026/07/04 06:54:57.642, 7, 0 MiB, 81920 MiB, 0 %
2026/07/04 06:55:07.642, 0, 0 MiB, 81920 MiB, 0 %
2026/07/04 06:55:07.643, 1, 14957 MiB, 81920 MiB, 0 %
2026/07/04 06:55:07.643, 2, 0 MiB, 81920 MiB, 0 %
2026/07/04 06:55:07.643, 3, 0 MiB, 81920 MiB, 0 %
2026/07/04 06:55:07.644, 4, 0 MiB, 81920 MiB, 0 %
2026/07/04 06:55:07.644, 5, 0 MiB, 81920 MiB, 0 %
2026/07/04 06:55:07.644, 6, 0 MiB, 81920 MiB, 0 %
2026/07/04 06:55:07.645, 7, 0 MiB, 81920 MiB, 0 %
2026/07/04 06:55:17.645, 0, 0 MiB, 81920 MiB, 0 %
2026/07/04 06:55:17.646, 1, 14957 MiB, 81920 MiB, 0 %
2026/07/04 06:55:17.646, 2, 0 MiB, 81920 MiB, 0 %
2026/07/04 06:55:17.646, 3, 0 MiB, 81920 MiB, 0 %
2026/07/04 06:55:17.647, 4, 0 MiB, 81920 MiB, 0 %
2026/07/04 06:55:17.647, 5, 0 MiB, 81920 MiB, 0 %
2026/07/04 06:55:17.647, 6, 0 MiB, 81920 MiB, 0 %
2026/07/04 06:55:17.647, 7, 0 MiB, 81920 MiB, 0 %
2026/07/04 06:55:27.648, 0, 0 MiB, 81920 MiB, 0 %
2026/07/04 06:55:27.649, 1, 14957 MiB, 81920 MiB, 0 %
2026/07/04 06:55:27.649, 2, 0 MiB, 81920 MiB, 0 %
2026/07/04 06:55:27.649, 3, 0 MiB, 81920 MiB, 0 %
2026/07/04 06:55:27.650, 4, 0 MiB, 81920 MiB, 0 %
2026/07/04 06:55:27.650, 5, 0 MiB, 81920 MiB, 0 %
2026/07/04 06:55:27.650, 6, 0 MiB, 81920 MiB, 0 %
2026/07/04 06:55:27.650, 7, 0 MiB, 81920 MiB, 0 %
2026/07/04 06:55:37.651, 0, 0 MiB, 81920 MiB, 0 %
2026/07/04 06:55:37.652, 1, 14957 MiB, 81920 MiB, 0 %
2026/07/04 06:55:37.652, 2, 0 MiB, 81920 MiB, 0 %
2026/07/04 06:55:37.652, 3, 0 MiB, 81920 MiB, 0 %
2026/07/04 06:55:37.653, 4, 0 MiB, 81920 MiB, 0 %
2026/07/04 06:55:37.653, 5, 0 MiB, 81920 MiB, 0 %
2026/07/04 06:55:37.653, 6, 0 MiB, 81920 MiB, 0 %
2026/07/04 06:55:37.653, 7, 0 MiB, 81920 MiB, 0 %
2026/07/04 06:55:47.654, 0, 0 MiB, 81920 MiB, 0 %
2026/07/04 06:55:47.655, 1, 14957 MiB, 81920 MiB, 0 %
2026/07/04 06:55:47.655, 2, 0 MiB, 81920 MiB, 0 %
2026/07/04 06:55:47.655, 3, 0 MiB, 81920 MiB, 0 %
2026/07/04 06:55:47.656, 4, 0 MiB, 81920 MiB, 0 %
2026/07/04 06:55:47.656, 5, 0 MiB, 81920 MiB, 0 %
2026/07/04 06:55:47.656, 6, 0 MiB, 81920 MiB, 0 %
2026/07/04 06:55:47.657, 7, 0 MiB, 81920 MiB, 0 %
2026/07/04 06:55:57.657, 0, 0 MiB, 81920 MiB, 0 %
2026/07/04 06:55:57.658, 1, 14957 MiB, 81920 MiB, 0 %
2026/07/04 06:55:57.658, 2, 0 MiB, 81920 MiB, 0 %
2026/07/04 06:55:57.658, 3, 0 MiB, 81920 MiB, 0 %
2026/07/04 06:55:57.659, 4, 0 MiB, 81920 MiB, 0 %
2026/07/04 06:55:57.659, 5, 0 MiB, 81920 MiB, 0 %
2026/07/04 06:55:57.659, 6, 0 MiB, 81920 MiB, 0 %
2026/07/04 06:55:57.660, 7, 0 MiB, 81920 MiB, 0 %
2026/07/04 06:56:07.660, 0, 0 MiB, 81920 MiB, 0 %
2026/07/04 06:56:07.661, 1, 14957 MiB, 81920 MiB, 0 %
2026/07/04 06:56:07.661, 2, 0 MiB, 81920 MiB, 0 %
2026/07/04 06:56:07.661, 3, 0 MiB, 81920 MiB, 0 %
2026/07/04 06:56:07.662, 4, 0 MiB, 81920 MiB, 0 %
2026/07/04 06:56:07.662, 5, 0 MiB, 81920 MiB, 0 %
2026/07/04 06:56:07.662, 6, 0 MiB, 81920 MiB, 0 %
2026/07/04 06:56:07.663, 7, 0 MiB, 81920 MiB, 0 %
2026/07/04 06:56:17.663, 0, 0 MiB, 81920 MiB, 0 %
2026/07/04 06:56:17.664, 1, 14957 MiB, 81920 MiB, 0 %
2026/07/04 06:56:17.664, 2, 0 MiB, 81920 MiB, 0 %
2026/07/04 06:56:17.664, 3, 0 MiB, 81920 MiB, 0 %
2026/07/04 06:56:17.665, 4, 0 MiB, 81920 MiB, 0 %
2026/07/04 06:56:17.665, 5, 0 MiB, 81920 MiB, 0 %
2026/07/04 06:56:17.665, 6, 0 MiB, 81920 MiB, 0 %
2026/07/04 06:56:17.666, 7, 0 MiB, 81920 MiB, 0 %
2026/07/04 06:56:27.667, 0, 0 MiB, 81920 MiB, 0 %
2026/07/04 06:56:27.667, 1, 14957 MiB, 81920 MiB, 0 %
2026/07/04 06:56:27.667, 2, 0 MiB, 81920 MiB, 0 %
2026/07/04 06:56:27.668, 3, 0 MiB, 81920 MiB, 0 %
2026/07/04 06:56:27.668, 4, 0 MiB, 81920 MiB, 0 %
2026/07/04 06:56:27.668, 5, 0 MiB, 81920 MiB, 0 %
2026/07/04 06:56:27.668, 6, 0 MiB, 81920 MiB, 0 %
2026/07/04 06:56:27.669, 7, 0 MiB, 81920 MiB, 0 %
2026/07/04 06:56:37.669, 0, 0 MiB, 81920 MiB, 0 %
2026/07/04 06:56:37.670, 1, 14957 MiB, 81920 MiB, 0 %
2026/07/04 06:56:37.670, 2, 0 MiB, 81920 MiB, 0 %
2026/07/04 06:56:37.670, 3, 0 MiB, 81920 MiB, 0 %
2026/07/04 06:56:37.671, 4, 0 MiB, 81920 MiB, 0 %
2026/07/04 06:56:37.671, 5, 0 MiB, 81920 MiB, 0 %
2026/07/04 06:56:37.671, 6, 0 MiB, 81920 MiB, 0 %
2026/07/04 06:56:37.671, 7, 0 MiB, 81920 MiB, 0 %
2026/07/04 06:56:47.672, 0, 0 MiB, 81920 MiB, 0 %
2026/07/04 06:56:47.672, 1, 14957 MiB, 81920 MiB, 0 %
2026/07/04 06:56:47.672, 2, 0 MiB, 81920 MiB, 0 %
2026/07/04 06:56:47.673, 3, 0 MiB, 81920 MiB, 0 %
2026/07/04 06:56:47.673, 4, 0 MiB, 81920 MiB, 0 %
2026/07/04 06:56:47.673, 5, 0 MiB, 81920 MiB, 0 %
2026/07/04 06:56:47.674, 6, 0 MiB, 81920 MiB, 0 %
2026/07/04 06:56:47.674, 7, 0 MiB, 81920 MiB, 0 %
2026/07/04 06:56:57.674, 0, 0 MiB, 81920 MiB, 0 %
2026/07/04 06:56:57.675, 1, 14957 MiB, 81920 MiB, 0 %
2026/07/04 06:56:57.675, 2, 0 MiB, 81920 MiB, 0 %
2026/07/04 06:56:57.675, 3, 0 MiB, 81920 MiB, 0 %
2026/07/04 06:56:57.675, 4, 0 MiB, 81920 MiB, 0 %
2026/07/04 06:56:57.676, 5, 0 MiB, 81920 MiB, 0 %
2026/07/04 06:56:57.676, 6, 0 MiB, 81920 MiB, 0 %
2026/07/04 06:56:57.676, 7, 0 MiB, 81920 MiB, 0 %
2026/07/04 06:57:07.676, 0, 0 MiB, 81920 MiB, 0 %
2026/07/04 06:57:07.677, 1, 14957 MiB, 81920 MiB, 0 %
2026/07/04 06:57:07.677, 2, 0 MiB, 81920 MiB, 0 %
2026/07/04 06:57:07.677, 3, 0 MiB, 81920 MiB, 0 %
2026/07/04 06:57:07.677, 4, 0 MiB, 81920 MiB, 0 %
2026/07/04 06:57:07.677, 5, 0 MiB, 81920 MiB, 0 %
2026/07/04 06:57:07.678, 6, 0 MiB, 81920 MiB, 0 %
2026/07/04 06:57:07.678, 7, 0 MiB, 81920 MiB, 0 %
2026/07/04 06:57:17.678, 0, 0 MiB, 81920 MiB, 0 %
2026/07/04 06:57:17.679, 1, 14957 MiB, 81920 MiB, 0 %
2026/07/04 06:57:17.679, 2, 0 MiB, 81920 MiB, 0 %
2026/07/04 06:57:17.679, 3, 0 MiB, 81920 MiB, 0 %
2026/07/04 06:57:17.679, 4, 0 MiB, 81920 MiB, 0 %
2026/07/04 06:57:17.680, 5, 0 MiB, 81920 MiB, 0 %
2026/07/04 06:57:17.680, 6, 0 MiB, 81920 MiB, 0 %
2026/07/04 06:57:17.680, 7, 0 MiB, 81920 MiB, 0 %
2026/07/04 06:57:27.681, 0, 0 MiB, 81920 MiB, 0 %
2026/07/04 06:57:27.681, 1, 14957 MiB, 81920 MiB, 0 %
2026/07/04 06:57:27.682, 2, 0 MiB, 81920 MiB, 0 %
2026/07/04 06:57:27.682, 3, 0 MiB, 81920 MiB, 0 %
2026/07/04 06:57:27.682, 4, 0 MiB, 81920 MiB, 0 %
2026/07/04 06:57:27.683, 5, 0 MiB, 81920 MiB, 0 %
2026/07/04 06:57:27.683, 6, 0 MiB, 81920 MiB, 0 %
2026/07/04 06:57:27.683, 7, 0 MiB, 81920 MiB, 0 %
2026/07/04 06:57:37.684, 0, 0 MiB, 81920 MiB, 0 %
2026/07/04 06:57:37.684, 1, 14957 MiB, 81920 MiB, 0 %
2026/07/04 06:57:37.685, 2, 0 MiB, 81920 MiB, 0 %
2026/07/04 06:57:37.685, 3, 0 MiB, 81920 MiB, 0 %
2026/07/04 06:57:37.685, 4, 0 MiB, 81920 MiB, 0 %
2026/07/04 06:57:37.686, 5, 0 MiB, 81920 MiB, 0 %
2026/07/04 06:57:37.686, 6, 0 MiB, 81920 MiB, 0 %
2026/07/04 06:57:37.686, 7, 0 MiB, 81920 MiB, 0 %
2026/07/04 06:57:47.687, 0, 0 MiB, 81920 MiB, 0 %
2026/07/04 06:57:47.687, 1, 14957 MiB, 81920 MiB, 0 %
2026/07/04 06:57:47.687, 2, 0 MiB, 81920 MiB, 0 %
2026/07/04 06:57:47.688, 3, 0 MiB, 81920 MiB, 0 %
2026/07/04 06:57:47.688, 4, 0 MiB, 81920 MiB, 0 %
2026/07/04 06:57:47.688, 5, 0 MiB, 81920 MiB, 0 %
2026/07/04 06:57:47.689, 6, 0 MiB, 81920 MiB, 0 %
2026/07/04 06:57:47.689, 7, 0 MiB, 81920 MiB, 0 %
2026/07/04 06:57:57.689, 0, 0 MiB, 81920 MiB, 0 %
2026/07/04 06:57:57.690, 1, 14957 MiB, 81920 MiB, 0 %
2026/07/04 06:57:57.690, 2, 0 MiB, 81920 MiB, 0 %
2026/07/04 06:57:57.691, 3, 0 MiB, 81920 MiB, 0 %
2026/07/04 06:57:57.691, 4, 0 MiB, 81920 MiB, 0 %
2026/07/04 06:57:57.691, 5, 0 MiB, 81920 MiB, 0 %
2026/07/04 06:57:57.691, 6, 0 MiB, 81920 MiB, 0 %
2026/07/04 06:57:57.692, 7, 0 MiB, 81920 MiB, 0 %
2026/07/04 06:58:07.692, 0, 0 MiB, 81920 MiB, 0 %
2026/07/04 06:58:07.693, 1, 14957 MiB, 81920 MiB, 0 %
2026/07/04 06:58:07.693, 2, 0 MiB, 81920 MiB, 0 %
2026/07/04 06:58:07.693, 3, 0 MiB, 81920 MiB, 0 %
2026/07/04 06:58:07.694, 4, 0 MiB, 81920 MiB, 0 %
2026/07/04 06:58:07.694, 5, 0 MiB, 81920 MiB, 0 %
2026/07/04 06:58:07.694, 6, 0 MiB, 81920 MiB, 0 %
2026/07/04 06:58:07.695, 7, 0 MiB, 81920 MiB, 0 %
2026/07/04 06:58:17.695, 0, 0 MiB, 81920 MiB, 0 %
2026/07/04 06:58:17.696, 1, 14957 MiB, 81920 MiB, 0 %
2026/07/04 06:58:17.696, 2, 0 MiB, 81920 MiB, 0 %
2026/07/04 06:58:17.696, 3, 0 MiB, 81920 MiB, 0 %
2026/07/04 06:58:17.696, 4, 0 MiB, 81920 MiB, 0 %
2026/07/04 06:58:17.697, 5, 0 MiB, 81920 MiB, 0 %
2026/07/04 06:58:17.697, 6, 0 MiB, 81920 MiB, 0 %
2026/07/04 06:58:17.697, 7, 0 MiB, 81920 MiB, 0 %
2026/07/04 06:58:27.698, 0, 0 MiB, 81920 MiB, 0 %
2026/07/04 06:58:27.698, 1, 14957 MiB, 81920 MiB, 0 %
2026/07/04 06:58:27.699, 2, 0 MiB, 81920 MiB, 0 %
2026/07/04 06:58:27.699, 3, 0 MiB, 81920 MiB, 0 %
2026/07/04 06:58:27.699, 4, 0 MiB, 81920 MiB, 0 %
2026/07/04 06:58:27.700, 5, 0 MiB, 81920 MiB, 0 %
2026/07/04 06:58:27.700, 6, 0 MiB, 81920 MiB, 0 %
2026/07/04 06:58:27.700, 7, 0 MiB, 81920 MiB, 0 %
2026/07/04 06:58:37.701, 0, 0 MiB, 81920 MiB, 0 %
2026/07/04 06:58:37.701, 1, 14957 MiB, 81920 MiB, 0 %
2026/07/04 06:58:37.702, 2, 0 MiB, 81920 MiB, 0 %
2026/07/04 06:58:37.702, 3, 0 MiB, 81920 MiB, 0 %
2026/07/04 06:58:37.702, 4, 0 MiB, 81920 MiB, 0 %
2026/07/04 06:58:37.703, 5, 0 MiB, 81920 MiB, 0 %
2026/07/04 06:58:37.703, 6, 0 MiB, 81920 MiB, 0 %
2026/07/04 06:58:37.703, 7, 0 MiB, 81920 MiB, 0 %
2026/07/04 06:58:47.704, 0, 0 MiB, 81920 MiB, 0 %
2026/07/04 06:58:47.704, 1, 14957 MiB, 81920 MiB, 0 %
2026/07/04 06:58:47.705, 2, 0 MiB, 81920 MiB, 0 %
2026/07/04 06:58:47.705, 3, 0 MiB, 81920 MiB, 0 %
2026/07/04 06:58:47.705, 4, 0 MiB, 81920 MiB, 0 %
2026/07/04 06:58:47.706, 5, 0 MiB, 81920 MiB, 0 %
2026/07/04 06:58:47.706, 6, 0 MiB, 81920 MiB, 0 %
2026/07/04 06:58:47.706, 7, 0 MiB, 81920 MiB, 0 %
2026/07/04 06:58:57.707, 0, 0 MiB, 81920 MiB, 0 %
2026/07/04 06:58:57.707, 1, 14957 MiB, 81920 MiB, 0 %
2026/07/04 06:58:57.707, 2, 0 MiB, 81920 MiB, 0 %
2026/07/04 06:58:57.708, 3, 0 MiB, 81920 MiB, 0 %
2026/07/04 06:58:57.708, 4, 0 MiB, 81920 MiB, 0 %
2026/07/04 06:58:57.708, 5, 0 MiB, 81920 MiB, 0 %
2026/07/04 06:58:57.709, 6, 0 MiB, 81920 MiB, 0 %
2026/07/04 06:58:57.709, 7, 0 MiB, 81920 MiB, 0 %
2026/07/04 06:59:07.710, 0, 0 MiB, 81920 MiB, 0 %
2026/07/04 06:59:07.710, 1, 14957 MiB, 81920 MiB, 0 %
2026/07/04 06:59:07.710, 2, 0 MiB, 81920 MiB, 0 %
2026/07/04 06:59:07.710, 3, 0 MiB, 81920 MiB, 0 %
2026/07/04 06:59:07.711, 4, 0 MiB, 81920 MiB, 0 %
2026/07/04 06:59:07.711, 5, 0 MiB, 81920 MiB, 0 %
2026/07/04 06:59:07.711, 6, 0 MiB, 81920 MiB, 0 %
2026/07/04 06:59:07.711, 7, 0 MiB, 81920 MiB, 0 %
2026/07/04 06:59:17.711, 0, 0 MiB, 81920 MiB, 0 %
2026/07/04 06:59:17.712, 1, 14957 MiB, 81920 MiB, 0 %
2026/07/04 06:59:17.712, 2, 0 MiB, 81920 MiB, 0 %
2026/07/04 06:59:17.712, 3, 0 MiB, 81920 MiB, 0 %
2026/07/04 06:59:17.713, 4, 0 MiB, 81920 MiB, 0 %
2026/07/04 06:59:17.713, 5, 0 MiB, 81920 MiB, 0 %
2026/07/04 06:59:17.713, 6, 0 MiB, 81920 MiB, 0 %
2026/07/04 06:59:17.714, 7, 0 MiB, 81920 MiB, 0 %
2026/07/04 06:59:27.714, 0, 0 MiB, 81920 MiB, 0 %
2026/07/04 06:59:27.715, 1, 14957 MiB, 81920 MiB, 0 %
2026/07/04 06:59:27.715, 2, 0 MiB, 81920 MiB, 0 %
2026/07/04 06:59:27.715, 3, 0 MiB, 81920 MiB, 0 %
2026/07/04 06:59:27.716, 4, 0 MiB, 81920 MiB, 0 %
2026/07/04 06:59:27.716, 5, 0 MiB, 81920 MiB, 0 %
2026/07/04 06:59:27.716, 6, 0 MiB, 81920 MiB, 0 %
2026/07/04 06:59:27.717, 7, 0 MiB, 81920 MiB, 0 %
2026/07/04 06:59:37.717, 0, 0 MiB, 81920 MiB, 0 %
2026/07/04 06:59:37.718, 1, 14957 MiB, 81920 MiB, 0 %
2026/07/04 06:59:37.718, 2, 0 MiB, 81920 MiB, 0 %
2026/07/04 06:59:37.718, 3, 0 MiB, 81920 MiB, 0 %
2026/07/04 06:59:37.719, 4, 0 MiB, 81920 MiB, 0 %
2026/07/04 06:59:37.719, 5, 0 MiB, 81920 MiB, 0 %
2026/07/04 06:59:37.719, 6, 0 MiB, 81920 MiB, 0 %
2026/07/04 06:59:37.720, 7, 0 MiB, 81920 MiB, 0 %
2026/07/04 06:59:47.720, 0, 0 MiB, 81920 MiB, 0 %
2026/07/04 06:59:47.721, 1, 14957 MiB, 81920 MiB, 0 %
2026/07/04 06:59:47.721, 2, 0 MiB, 81920 MiB, 0 %
2026/07/04 06:59:47.721, 3, 0 MiB, 81920 MiB, 0 %
2026/07/04 06:59:47.721, 4, 0 MiB, 81920 MiB, 0 %
2026/07/04 06:59:47.722, 5, 0 MiB, 81920 MiB, 0 %
2026/07/04 06:59:47.722, 6, 0 MiB, 81920 MiB, 0 %
2026/07/04 06:59:47.722, 7, 0 MiB, 81920 MiB, 0 %
2026/07/04 06:59:57.723, 0, 0 MiB, 81920 MiB, 0 %
2026/07/04 06:59:57.723, 1, 14957 MiB, 81920 MiB, 0 %
2026/07/04 06:59:57.724, 2, 0 MiB, 81920 MiB, 0 %
2026/07/04 06:59:57.724, 3, 0 MiB, 81920 MiB, 0 %
2026/07/04 06:59:57.724, 4, 0 MiB, 81920 MiB, 0 %
2026/07/04 06:59:57.725, 5, 0 MiB, 81920 MiB, 0 %
2026/07/04 06:59:57.725, 6, 0 MiB, 81920 MiB, 0 %
2026/07/04 06:59:57.725, 7, 0 MiB, 81920 MiB, 0 %
2026/07/04 07:00:07.726, 0, 0 MiB, 81920 MiB, 0 %
2026/07/04 07:00:07.726, 1, 14957 MiB, 81920 MiB, 0 %
2026/07/04 07:00:07.726, 2, 0 MiB, 81920 MiB, 0 %
2026/07/04 07:00:07.727, 3, 0 MiB, 81920 MiB, 0 %
2026/07/04 07:00:07.727, 4, 0 MiB, 81920 MiB, 0 %
2026/07/04 07:00:07.727, 5, 0 MiB, 81920 MiB, 0 %
2026/07/04 07:00:07.727, 6, 0 MiB, 81920 MiB, 0 %
2026/07/04 07:00:07.727, 7, 0 MiB, 81920 MiB, 0 %
2026/07/04 07:00:17.727, 0, 0 MiB, 81920 MiB, 0 %
2026/07/04 07:00:17.728, 1, 14957 MiB, 81920 MiB, 0 %
2026/07/04 07:00:17.728, 2, 0 MiB, 81920 MiB, 0 %
2026/07/04 07:00:17.729, 3, 0 MiB, 81920 MiB, 0 %
2026/07/04 07:00:17.729, 4, 0 MiB, 81920 MiB, 0 %
2026/07/04 07:00:17.729, 5, 0 MiB, 81920 MiB, 0 %
2026/07/04 07:00:17.729, 6, 0 MiB, 81920 MiB, 0 %
2026/07/04 07:00:17.730, 7, 0 MiB, 81920 MiB, 0 %
2026/07/04 07:00:27.731, 0, 0 MiB, 81920 MiB, 0 %
2026/07/04 07:00:27.731, 1, 14957 MiB, 81920 MiB, 0 %
2026/07/04 07:00:27.731, 2, 0 MiB, 81920 MiB, 0 %
2026/07/04 07:00:27.732, 3, 0 MiB, 81920 MiB, 0 %
2026/07/04 07:00:27.732, 4, 0 MiB, 81920 MiB, 0 %
2026/07/04 07:00:27.732, 5, 0 MiB, 81920 MiB, 0 %
2026/07/04 07:00:27.733, 6, 0 MiB, 81920 MiB, 0 %
2026/07/04 07:00:27.733, 7, 0 MiB, 81920 MiB, 0 %
2026/07/04 07:00:37.734, 0, 0 MiB, 81920 MiB, 0 %
2026/07/04 07:00:37.734, 1, 14957 MiB, 81920 MiB, 0 %
2026/07/04 07:00:37.734, 2, 0 MiB, 81920 MiB, 0 %
2026/07/04 07:00:37.735, 3, 0 MiB, 81920 MiB, 0 %
2026/07/04 07:00:37.735, 4, 0 MiB, 81920 MiB, 0 %
2026/07/04 07:00:37.735, 5, 0 MiB, 81920 MiB, 0 %
2026/07/04 07:00:37.735, 6, 0 MiB, 81920 MiB, 0 %
2026/07/04 07:00:37.736, 7, 0 MiB, 81920 MiB, 0 %
2026/07/04 07:00:47.737, 0, 0 MiB, 81920 MiB, 0 %
2026/07/04 07:00:47.737, 1, 14957 MiB, 81920 MiB, 0 %
2026/07/04 07:00:47.738, 2, 0 MiB, 81920 MiB, 0 %
2026/07/04 07:00:47.738, 3, 0 MiB, 81920 MiB, 0 %
2026/07/04 07:00:47.738, 4, 0 MiB, 81920 MiB, 0 %
2026/07/04 07:00:47.738, 5, 0 MiB, 81920 MiB, 0 %
2026/07/04 07:00:47.738, 6, 0 MiB, 81920 MiB, 0 %
2026/07/04 07:00:47.738, 7, 0 MiB, 81920 MiB, 0 %
2026/07/04 07:00:57.739, 0, 0 MiB, 81920 MiB, 0 %
2026/07/04 07:00:57.740, 1, 14957 MiB, 81920 MiB, 0 %
2026/07/04 07:00:57.740, 2, 0 MiB, 81920 MiB, 0 %
2026/07/04 07:00:57.740, 3, 0 MiB, 81920 MiB, 0 %
2026/07/04 07:00:57.741, 4, 0 MiB, 81920 MiB, 0 %
2026/07/04 07:00:57.741, 5, 0 MiB, 81920 MiB, 0 %
2026/07/04 07:00:57.741, 6, 0 MiB, 81920 MiB, 0 %
2026/07/04 07:00:57.741, 7, 0 MiB, 81920 MiB, 0 %
2026/07/04 07:01:07.742, 0, 0 MiB, 81920 MiB, 0 %
2026/07/04 07:01:07.743, 1, 14957 MiB, 81920 MiB, 0 %
2026/07/04 07:01:07.743, 2, 0 MiB, 81920 MiB, 0 %
2026/07/04 07:01:07.743, 3, 0 MiB, 81920 MiB, 0 %
2026/07/04 07:01:07.744, 4, 0 MiB, 81920 MiB, 0 %
2026/07/04 07:01:07.744, 5, 0 MiB, 81920 MiB, 0 %
2026/07/04 07:01:07.744, 6, 0 MiB, 81920 MiB, 0 %
2026/07/04 07:01:07.744, 7, 0 MiB, 81920 MiB, 0 %
2026/07/04 07:01:17.745, 0, 0 MiB, 81920 MiB, 0 %
2026/07/04 07:01:17.746, 1, 14957 MiB, 81920 MiB, 0 %
2026/07/04 07:01:17.746, 2, 0 MiB, 81920 MiB, 0 %
2026/07/04 07:01:17.746, 3, 0 MiB, 81920 MiB, 0 %
2026/07/04 07:01:17.746, 4, 0 MiB, 81920 MiB, 0 %
2026/07/04 07:01:17.747, 5, 0 MiB, 81920 MiB, 0 %
2026/07/04 07:01:17.747, 6, 0 MiB, 81920 MiB, 0 %
2026/07/04 07:01:17.747, 7, 0 MiB, 81920 MiB, 0 %
2026/07/04 07:01:27.748, 0, 0 MiB, 81920 MiB, 0 %
2026/07/04 07:01:27.748, 1, 14957 MiB, 81920 MiB, 60 %
2026/07/04 07:01:27.748, 2, 0 MiB, 81920 MiB, 0 %
2026/07/04 07:01:27.749, 3, 0 MiB, 81920 MiB, 0 %
2026/07/04 07:01:27.749, 4, 0 MiB, 81920 MiB, 0 %
2026/07/04 07:01:27.749, 5, 0 MiB, 81920 MiB, 0 %
2026/07/04 07:01:27.750, 6, 0 MiB, 81920 MiB, 0 %
2026/07/04 07:01:27.750, 7, 0 MiB, 81920 MiB, 0 %
2026/07/04 07:01:37.751, 0, 0 MiB, 81920 MiB, 0 %
2026/07/04 07:01:37.751, 1, 14957 MiB, 81920 MiB, 0 %
2026/07/04 07:01:37.752, 2, 0 MiB, 81920 MiB, 0 %
2026/07/04 07:01:37.752, 3, 0 MiB, 81920 MiB, 0 %
2026/07/04 07:01:37.752, 4, 0 MiB, 81920 MiB, 0 %
2026/07/04 07:01:37.752, 5, 0 MiB, 81920 MiB, 0 %
2026/07/04 07:01:37.753, 6, 0 MiB, 81920 MiB, 0 %
2026/07/04 07:01:37.753, 7, 0 MiB, 81920 MiB, 0 %
2026/07/04 07:01:47.754, 0, 0 MiB, 81920 MiB, 0 %
2026/07/04 07:01:47.754, 1, 14957 MiB, 81920 MiB, 0 %
2026/07/04 07:01:47.755, 2, 0 MiB, 81920 MiB, 0 %
2026/07/04 07:01:47.755, 3, 0 MiB, 81920 MiB, 0 %
2026/07/04 07:01:47.755, 4, 0 MiB, 81920 MiB, 0 %
2026/07/04 07:01:47.756, 5, 0 MiB, 81920 MiB, 0 %
2026/07/04 07:01:47.756, 6, 0 MiB, 81920 MiB, 0 %
2026/07/04 07:01:47.756, 7, 0 MiB, 81920 MiB, 0 %
2026/07/04 07:01:57.757, 0, 0 MiB, 81920 MiB, 0 %
2026/07/04 07:01:57.758, 1, 14957 MiB, 81920 MiB, 0 %
2026/07/04 07:01:57.758, 2, 0 MiB, 81920 MiB, 0 %
2026/07/04 07:01:57.758, 3, 0 MiB, 81920 MiB, 0 %
2026/07/04 07:01:57.759, 4, 0 MiB, 81920 MiB, 0 %
2026/07/04 07:01:57.759, 5, 0 MiB, 81920 MiB, 0 %
2026/07/04 07:01:57.759, 6, 0 MiB, 81920 MiB, 0 %
2026/07/04 07:01:57.760, 7, 0 MiB, 81920 MiB, 0 %
2026/07/04 07:02:07.760, 0, 0 MiB, 81920 MiB, 0 %
2026/07/04 07:02:07.761, 1, 14959 MiB, 81920 MiB, 0 %
2026/07/04 07:02:07.761, 2, 0 MiB, 81920 MiB, 0 %
2026/07/04 07:02:07.761, 3, 0 MiB, 81920 MiB, 0 %
2026/07/04 07:02:07.762, 4, 0 MiB, 81920 MiB, 0 %
2026/07/04 07:02:07.762, 5, 0 MiB, 81920 MiB, 0 %
2026/07/04 07:02:07.762, 6, 0 MiB, 81920 MiB, 0 %
2026/07/04 07:02:07.763, 7, 0 MiB, 81920 MiB, 0 %
2026/07/04 07:02:17.763, 0, 0 MiB, 81920 MiB, 0 %
2026/07/04 07:02:17.764, 1, 14959 MiB, 81920 MiB, 0 %
2026/07/04 07:02:17.764, 2, 0 MiB, 81920 MiB, 0 %
2026/07/04 07:02:17.764, 3, 0 MiB, 81920 MiB, 0 %
2026/07/04 07:02:17.765, 4, 0 MiB, 81920 MiB, 0 %
2026/07/04 07:02:17.765, 5, 0 MiB, 81920 MiB, 0 %
2026/07/04 07:02:17.765, 6, 0 MiB, 81920 MiB, 0 %
2026/07/04 07:02:17.766, 7, 0 MiB, 81920 MiB, 0 %
2026/07/04 07:02:27.766, 0, 0 MiB, 81920 MiB, 0 %
2026/07/04 07:02:27.767, 1, 14959 MiB, 81920 MiB, 0 %
2026/07/04 07:02:27.767, 2, 0 MiB, 81920 MiB, 0 %
2026/07/04 07:02:27.767, 3, 0 MiB, 81920 MiB, 0 %
2026/07/04 07:02:27.768, 4, 0 MiB, 81920 MiB, 0 %
2026/07/04 07:02:27.768, 5, 0 MiB, 81920 MiB, 0 %
2026/07/04 07:02:27.768, 6, 0 MiB, 81920 MiB, 0 %
2026/07/04 07:02:27.769, 7, 0 MiB, 81920 MiB, 0 %
2026/07/04 07:02:37.769, 0, 0 MiB, 81920 MiB, 0 %
2026/07/04 07:02:37.770, 1, 14959 MiB, 81920 MiB, 0 %
2026/07/04 07:02:37.770, 2, 0 MiB, 81920 MiB, 0 %
2026/07/04 07:02:37.771, 3, 0 MiB, 81920 MiB, 0 %
2026/07/04 07:02:37.771, 4, 0 MiB, 81920 MiB, 0 %
2026/07/04 07:02:37.771, 5, 0 MiB, 81920 MiB, 0 %
2026/07/04 07:02:37.771, 6, 0 MiB, 81920 MiB, 0 %
2026/07/04 07:02:37.772, 7, 0 MiB, 81920 MiB, 0 %
2026/07/04 07:02:47.773, 0, 0 MiB, 81920 MiB, 0 %
2026/07/04 07:02:47.774, 1, 14959 MiB, 81920 MiB, 0 %
2026/07/04 07:02:47.774, 2, 0 MiB, 81920 MiB, 0 %
2026/07/04 07:02:47.774, 3, 0 MiB, 81920 MiB, 0 %
2026/07/04 07:02:47.775, 4, 0 MiB, 81920 MiB, 0 %
2026/07/04 07:02:47.775, 5, 0 MiB, 81920 MiB, 0 %
2026/07/04 07:02:47.775, 6, 0 MiB, 81920 MiB, 0 %
2026/07/04 07:02:47.775, 7, 0 MiB, 81920 MiB, 0 %
2026/07/04 07:02:57.776, 0, 0 MiB, 81920 MiB, 0 %
2026/07/04 07:02:57.777, 1, 14959 MiB, 81920 MiB, 0 %
2026/07/04 07:02:57.777, 2, 0 MiB, 81920 MiB, 0 %
2026/07/04 07:02:57.777, 3, 0 MiB, 81920 MiB, 0 %
2026/07/04 07:02:57.778, 4, 0 MiB, 81920 MiB, 0 %
2026/07/04 07:02:57.778, 5, 0 MiB, 81920 MiB, 0 %
2026/07/04 07:02:57.778, 6, 0 MiB, 81920 MiB, 0 %
2026/07/04 07:02:57.779, 7, 0 MiB, 81920 MiB, 0 %
2026/07/04 07:03:07.779, 0, 0 MiB, 81920 MiB, 0 %
2026/07/04 07:03:07.780, 1, 14959 MiB, 81920 MiB, 0 %
2026/07/04 07:03:07.780, 2, 0 MiB, 81920 MiB, 0 %
2026/07/04 07:03:07.780, 3, 0 MiB, 81920 MiB, 0 %
2026/07/04 07:03:07.781, 4, 0 MiB, 81920 MiB, 0 %
2026/07/04 07:03:07.781, 5, 0 MiB, 81920 MiB, 0 %
2026/07/04 07:03:07.781, 6, 0 MiB, 81920 MiB, 0 %
2026/07/04 07:03:07.782, 7, 0 MiB, 81920 MiB, 0 %
2026/07/04 07:03:17.782, 0, 0 MiB, 81920 MiB, 0 %
2026/07/04 07:03:17.783, 1, 14959 MiB, 81920 MiB, 0 %
2026/07/04 07:03:17.783, 2, 0 MiB, 81920 MiB, 0 %
2026/07/04 07:03:17.783, 3, 0 MiB, 81920 MiB, 0 %
2026/07/04 07:03:17.784, 4, 0 MiB, 81920 MiB, 0 %
2026/07/04 07:03:17.784, 5, 0 MiB, 81920 MiB, 0 %
2026/07/04 07:03:17.784, 6, 0 MiB, 81920 MiB, 0 %
2026/07/04 07:03:17.785, 7, 0 MiB, 81920 MiB, 0 %
2026/07/04 07:03:27.785, 0, 0 MiB, 81920 MiB, 0 %
2026/07/04 07:03:27.786, 1, 14959 MiB, 81920 MiB, 0 %
2026/07/04 07:03:27.786, 2, 0 MiB, 81920 MiB, 0 %
2026/07/04 07:03:27.786, 3, 0 MiB, 81920 MiB, 0 %
2026/07/04 07:03:27.787, 4, 0 MiB, 81920 MiB, 0 %
2026/07/04 07:03:27.787, 5, 0 MiB, 81920 MiB, 0 %
2026/07/04 07:03:27.787, 6, 0 MiB, 81920 MiB, 0 %
2026/07/04 07:03:27.788, 7, 0 MiB, 81920 MiB, 0 %
2026/07/04 07:03:37.788, 0, 0 MiB, 81920 MiB, 0 %
2026/07/04 07:03:37.789, 1, 14959 MiB, 81920 MiB, 0 %
2026/07/04 07:03:37.789, 2, 0 MiB, 81920 MiB, 0 %
2026/07/04 07:03:37.789, 3, 0 MiB, 81920 MiB, 0 %
2026/07/04 07:03:37.790, 4, 0 MiB, 81920 MiB, 0 %
2026/07/04 07:03:37.790, 5, 0 MiB, 81920 MiB, 0 %
2026/07/04 07:03:37.790, 6, 0 MiB, 81920 MiB, 0 %
2026/07/04 07:03:37.790, 7, 0 MiB, 81920 MiB, 0 %
2026/07/04 07:03:47.791, 0, 0 MiB, 81920 MiB, 0 %
2026/07/04 07:03:47.792, 1, 14959 MiB, 81920 MiB, 0 %
2026/07/04 07:03:47.792, 2, 0 MiB, 81920 MiB, 0 %
2026/07/04 07:03:47.792, 3, 0 MiB, 81920 MiB, 0 %
2026/07/04 07:03:47.793, 4, 0 MiB, 81920 MiB, 0 %
2026/07/04 07:03:47.793, 5, 0 MiB, 81920 MiB, 0 %
2026/07/04 07:03:47.793, 6, 0 MiB, 81920 MiB, 0 %
2026/07/04 07:03:47.794, 7, 0 MiB, 81920 MiB, 0 %
2026/07/04 07:03:57.794, 0, 0 MiB, 81920 MiB, 0 %
2026/07/04 07:03:57.795, 1, 14959 MiB, 81920 MiB, 0 %
2026/07/04 07:03:57.795, 2, 0 MiB, 81920 MiB, 0 %
2026/07/04 07:03:57.795, 3, 0 MiB, 81920 MiB, 0 %
2026/07/04 07:03:57.796, 4, 0 MiB, 81920 MiB, 0 %
2026/07/04 07:03:57.796, 5, 0 MiB, 81920 MiB, 0 %
2026/07/04 07:03:57.796, 6, 0 MiB, 81920 MiB, 0 %
2026/07/04 07:03:57.796, 7, 0 MiB, 81920 MiB, 0 %
2026/07/04 07:04:07.797, 0, 0 MiB, 81920 MiB, 0 %
2026/07/04 07:04:07.798, 1, 14959 MiB, 81920 MiB, 0 %
2026/07/04 07:04:07.798, 2, 0 MiB, 81920 MiB, 0 %
2026/07/04 07:04:07.798, 3, 0 MiB, 81920 MiB, 0 %
2026/07/04 07:04:07.798, 4, 0 MiB, 81920 MiB, 0 %
2026/07/04 07:04:07.798, 5, 0 MiB, 81920 MiB, 0 %
2026/07/04 07:04:07.798, 6, 0 MiB, 81920 MiB, 0 %
2026/07/04 07:04:07.798, 7, 0 MiB, 81920 MiB, 0 %
2026/07/04 07:04:17.799, 0, 0 MiB, 81920 MiB, 0 %
2026/07/04 07:04:17.799, 1, 14959 MiB, 81920 MiB, 0 %
2026/07/04 07:04:17.800, 2, 0 MiB, 81920 MiB, 0 %
2026/07/04 07:04:17.800, 3, 0 MiB, 81920 MiB, 0 %
2026/07/04 07:04:17.800, 4, 0 MiB, 81920 MiB, 0 %
2026/07/04 07:04:17.800, 5, 0 MiB, 81920 MiB, 0 %
2026/07/04 07:04:17.801, 6, 0 MiB, 81920 MiB, 0 %
2026/07/04 07:04:17.801, 7, 0 MiB, 81920 MiB, 0 %
2026/07/04 07:04:27.802, 0, 0 MiB, 81920 MiB, 0 %
2026/07/04 07:04:27.802, 1, 14959 MiB, 81920 MiB, 0 %
2026/07/04 07:04:27.803, 2, 0 MiB, 81920 MiB, 0 %
2026/07/04 07:04:27.803, 3, 0 MiB, 81920 MiB, 0 %
2026/07/04 07:04:27.803, 4, 0 MiB, 81920 MiB, 0 %
2026/07/04 07:04:27.803, 5, 0 MiB, 81920 MiB, 0 %
2026/07/04 07:04:27.804, 6, 0 MiB, 81920 MiB, 0 %
2026/07/04 07:04:27.804, 7, 0 MiB, 81920 MiB, 0 %
2026/07/04 07:04:37.805, 0, 0 MiB, 81920 MiB, 0 %
2026/07/04 07:04:37.805, 1, 14959 MiB, 81920 MiB, 0 %
2026/07/04 07:04:37.806, 2, 0 MiB, 81920 MiB, 0 %
2026/07/04 07:04:37.806, 3, 0 MiB, 81920 MiB, 0 %
2026/07/04 07:04:37.806, 4, 0 MiB, 81920 MiB, 0 %
2026/07/04 07:04:37.807, 5, 0 MiB, 81920 MiB, 0 %
2026/07/04 07:04:37.807, 6, 0 MiB, 81920 MiB, 0 %
2026/07/04 07:04:37.807, 7, 0 MiB, 81920 MiB, 0 %
2026/07/04 07:04:47.808, 0, 0 MiB, 81920 MiB, 0 %
2026/07/04 07:04:47.808, 1, 14959 MiB, 81920 MiB, 0 %
2026/07/04 07:04:47.809, 2, 0 MiB, 81920 MiB, 0 %
2026/07/04 07:04:47.809, 3, 0 MiB, 81920 MiB, 0 %
2026/07/04 07:04:47.809, 4, 0 MiB, 81920 MiB, 0 %
2026/07/04 07:04:47.810, 5, 0 MiB, 81920 MiB, 0 %
2026/07/04 07:04:47.810, 6, 0 MiB, 81920 MiB, 0 %
2026/07/04 07:04:47.810, 7, 0 MiB, 81920 MiB, 0 %
2026/07/04 07:04:57.811, 0, 0 MiB, 81920 MiB, 0 %
2026/07/04 07:04:57.812, 1, 14959 MiB, 81920 MiB, 0 %
2026/07/04 07:04:57.812, 2, 0 MiB, 81920 MiB, 0 %
2026/07/04 07:04:57.812, 3, 0 MiB, 81920 MiB, 0 %
2026/07/04 07:04:57.813, 4, 0 MiB, 81920 MiB, 0 %
2026/07/04 07:04:57.813, 5, 0 MiB, 81920 MiB, 0 %
2026/07/04 07:04:57.813, 6, 0 MiB, 81920 MiB, 0 %
2026/07/04 07:04:57.814, 7, 0 MiB, 81920 MiB, 0 %
2026/07/04 07:05:07.814, 0, 0 MiB, 81920 MiB, 0 %
2026/07/04 07:05:07.815, 1, 14959 MiB, 81920 MiB, 77 %
2026/07/04 07:05:07.815, 2, 0 MiB, 81920 MiB, 0 %
2026/07/04 07:05:07.816, 3, 0 MiB, 81920 MiB, 0 %
2026/07/04 07:05:07.816, 4, 0 MiB, 81920 MiB, 0 %
2026/07/04 07:05:07.816, 5, 0 MiB, 81920 MiB, 0 %
2026/07/04 07:05:07.816, 6, 0 MiB, 81920 MiB, 0 %
2026/07/04 07:05:07.817, 7, 0 MiB, 81920 MiB, 0 %
2026/07/04 07:05:17.817, 0, 0 MiB, 81920 MiB, 0 %
2026/07/04 07:05:17.818, 1, 14959 MiB, 81920 MiB, 90 %
2026/07/04 07:05:17.818, 2, 0 MiB, 81920 MiB, 0 %
2026/07/04 07:05:17.818, 3, 0 MiB, 81920 MiB, 0 %
2026/07/04 07:05:17.819, 4, 0 MiB, 81920 MiB, 0 %
2026/07/04 07:05:17.819, 5, 0 MiB, 81920 MiB, 0 %
2026/07/04 07:05:17.819, 6, 0 MiB, 81920 MiB, 0 %
2026/07/04 07:05:17.820, 7, 0 MiB, 81920 MiB, 0 %
2026/07/04 07:05:27.821, 0, 0 MiB, 81920 MiB, 0 %
2026/07/04 07:05:27.821, 1, 14959 MiB, 81920 MiB, 0 %
2026/07/04 07:05:27.821, 2, 0 MiB, 81920 MiB, 0 %
2026/07/04 07:05:27.822, 3, 0 MiB, 81920 MiB, 0 %
2026/07/04 07:05:27.822, 4, 0 MiB, 81920 MiB, 0 %
2026/07/04 07:05:27.822, 5, 0 MiB, 81920 MiB, 0 %
2026/07/04 07:05:27.822, 6, 0 MiB, 81920 MiB, 0 %
2026/07/04 07:05:27.823, 7, 0 MiB, 81920 MiB, 0 %
2026/07/04 07:05:37.824, 0, 0 MiB, 81920 MiB, 0 %
2026/07/04 07:05:37.824, 1, 14959 MiB, 81920 MiB, 0 %
2026/07/04 07:05:37.824, 2, 0 MiB, 81920 MiB, 0 %
2026/07/04 07:05:37.825, 3, 0 MiB, 81920 MiB, 0 %
2026/07/04 07:05:37.825, 4, 0 MiB, 81920 MiB, 0 %
2026/07/04 07:05:37.825, 5, 0 MiB, 81920 MiB, 0 %
2026/07/04 07:05:37.826, 6, 0 MiB, 81920 MiB, 0 %
2026/07/04 07:05:37.826, 7, 0 MiB, 81920 MiB, 0 %
2026/07/04 07:05:47.826, 0, 0 MiB, 81920 MiB, 0 %
2026/07/04 07:05:47.827, 1, 14959 MiB, 81920 MiB, 0 %
2026/07/04 07:05:47.827, 2, 0 MiB, 81920 MiB, 0 %
2026/07/04 07:05:47.828, 3, 0 MiB, 81920 MiB, 0 %
2026/07/04 07:05:47.828, 4, 0 MiB, 81920 MiB, 0 %
2026/07/04 07:05:47.828, 5, 0 MiB, 81920 MiB, 0 %
2026/07/04 07:05:47.828, 6, 0 MiB, 81920 MiB, 0 %
2026/07/04 07:05:47.829, 7, 0 MiB, 81920 MiB, 0 %
2026/07/04 07:05:57.830, 0, 0 MiB, 81920 MiB, 0 %
2026/07/04 07:05:57.830, 1, 14959 MiB, 81920 MiB, 0 %
2026/07/04 07:05:57.831, 2, 0 MiB, 81920 MiB, 0 %
2026/07/04 07:05:57.831, 3, 0 MiB, 81920 MiB, 0 %
2026/07/04 07:05:57.831, 4, 0 MiB, 81920 MiB, 0 %
2026/07/04 07:05:57.831, 5, 0 MiB, 81920 MiB, 0 %
2026/07/04 07:05:57.832, 6, 0 MiB, 81920 MiB, 0 %
2026/07/04 07:05:57.832, 7, 0 MiB, 81920 MiB, 0 %
2026/07/04 07:06:07.833, 0, 0 MiB, 81920 MiB, 0 %
2026/07/04 07:06:07.833, 1, 14959 MiB, 81920 MiB, 0 %
2026/07/04 07:06:07.834, 2, 0 MiB, 81920 MiB, 0 %
2026/07/04 07:06:07.834, 3, 0 MiB, 81920 MiB, 0 %
2026/07/04 07:06:07.834, 4, 0 MiB, 81920 MiB, 0 %
2026/07/04 07:06:07.834, 5, 0 MiB, 81920 MiB, 0 %
2026/07/04 07:06:07.835, 6, 0 MiB, 81920 MiB, 0 %
2026/07/04 07:06:07.835, 7, 0 MiB, 81920 MiB, 0 %
2026/07/04 07:06:17.836, 0, 0 MiB, 81920 MiB, 0 %
2026/07/04 07:06:17.836, 1, 14959 MiB, 81920 MiB, 0 %
2026/07/04 07:06:17.837, 2, 0 MiB, 81920 MiB, 0 %
2026/07/04 07:06:17.837, 3, 0 MiB, 81920 MiB, 0 %
2026/07/04 07:06:17.837, 4, 0 MiB, 81920 MiB, 0 %
2026/07/04 07:06:17.838, 5, 0 MiB, 81920 MiB, 0 %
2026/07/04 07:06:17.838, 6, 0 MiB, 81920 MiB, 0 %
2026/07/04 07:06:17.838, 7, 0 MiB, 81920 MiB, 0 %
2026/07/04 07:06:27.839, 0, 0 MiB, 81920 MiB, 0 %
2026/07/04 07:06:27.839, 1, 14959 MiB, 81920 MiB, 0 %
2026/07/04 07:06:27.840, 2, 0 MiB, 81920 MiB, 0 %
2026/07/04 07:06:27.840, 3, 0 MiB, 81920 MiB, 0 %
2026/07/04 07:06:27.840, 4, 0 MiB, 81920 MiB, 0 %
2026/07/04 07:06:27.841, 5, 0 MiB, 81920 MiB, 0 %
2026/07/04 07:06:27.841, 6, 0 MiB, 81920 MiB, 0 %
2026/07/04 07:06:27.841, 7, 0 MiB, 81920 MiB, 0 %
2026/07/04 07:06:37.842, 0, 0 MiB, 81920 MiB, 0 %
2026/07/04 07:06:37.842, 1, 14959 MiB, 81920 MiB, 0 %
2026/07/04 07:06:37.843, 2, 0 MiB, 81920 MiB, 0 %
2026/07/04 07:06:37.843, 3, 0 MiB, 81920 MiB, 0 %
2026/07/04 07:06:37.843, 4, 0 MiB, 81920 MiB, 0 %
2026/07/04 07:06:37.844, 5, 0 MiB, 81920 MiB, 0 %
2026/07/04 07:06:37.844, 6, 0 MiB, 81920 MiB, 0 %
2026/07/04 07:06:37.844, 7, 0 MiB, 81920 MiB, 0 %
2026/07/04 07:06:47.845, 0, 0 MiB, 81920 MiB, 0 %
2026/07/04 07:06:47.845, 1, 14959 MiB, 81920 MiB, 0 %
2026/07/04 07:06:47.846, 2, 0 MiB, 81920 MiB, 0 %
2026/07/04 07:06:47.846, 3, 0 MiB, 81920 MiB, 0 %
2026/07/04 07:06:47.846, 4, 0 MiB, 81920 MiB, 0 %
2026/07/04 07:06:47.847, 5, 0 MiB, 81920 MiB, 0 %
2026/07/04 07:06:47.847, 6, 0 MiB, 81920 MiB, 0 %
2026/07/04 07:06:47.847, 7, 0 MiB, 81920 MiB, 0 %
2026/07/04 07:06:57.848, 0, 0 MiB, 81920 MiB, 0 %
2026/07/04 07:06:57.848, 1, 14959 MiB, 81920 MiB, 0 %
2026/07/04 07:06:57.849, 2, 0 MiB, 81920 MiB, 0 %
2026/07/04 07:06:57.849, 3, 0 MiB, 81920 MiB, 0 %
2026/07/04 07:06:57.849, 4, 0 MiB, 81920 MiB, 0 %
2026/07/04 07:06:57.850, 5, 0 MiB, 81920 MiB, 0 %
2026/07/04 07:06:57.850, 6, 0 MiB, 81920 MiB, 0 %
2026/07/04 07:06:57.850, 7, 0 MiB, 81920 MiB, 0 %
2026/07/04 07:07:07.851, 0, 0 MiB, 81920 MiB, 0 %
2026/07/04 07:07:07.851, 1, 14959 MiB, 81920 MiB, 0 %
2026/07/04 07:07:07.852, 2, 0 MiB, 81920 MiB, 0 %
2026/07/04 07:07:07.852, 3, 0 MiB, 81920 MiB, 0 %
2026/07/04 07:07:07.852, 4, 0 MiB, 81920 MiB, 0 %
2026/07/04 07:07:07.853, 5, 0 MiB, 81920 MiB, 0 %
2026/07/04 07:07:07.853, 6, 0 MiB, 81920 MiB, 0 %
2026/07/04 07:07:07.853, 7, 0 MiB, 81920 MiB, 0 %
2026/07/04 07:07:17.854, 0, 0 MiB, 81920 MiB, 0 %
2026/07/04 07:07:17.854, 1, 14959 MiB, 81920 MiB, 0 %
2026/07/04 07:07:17.855, 2, 0 MiB, 81920 MiB, 0 %
2026/07/04 07:07:17.855, 3, 0 MiB, 81920 MiB, 0 %
2026/07/04 07:07:17.855, 4, 0 MiB, 81920 MiB, 0 %
2026/07/04 07:07:17.856, 5, 0 MiB, 81920 MiB, 0 %
2026/07/04 07:07:17.856, 6, 0 MiB, 81920 MiB, 0 %
2026/07/04 07:07:17.856, 7, 0 MiB, 81920 MiB, 0 %
2026/07/04 07:07:27.857, 0, 0 MiB, 81920 MiB, 0 %
2026/07/04 07:07:27.857, 1, 14959 MiB, 81920 MiB, 0 %
2026/07/04 07:07:27.858, 2, 0 MiB, 81920 MiB, 0 %
2026/07/04 07:07:27.858, 3, 0 MiB, 81920 MiB, 0 %
2026/07/04 07:07:27.858, 4, 0 MiB, 81920 MiB, 0 %
2026/07/04 07:07:27.859, 5, 0 MiB, 81920 MiB, 0 %
2026/07/04 07:07:27.859, 6, 0 MiB, 81920 MiB, 0 %
2026/07/04 07:07:27.859, 7, 0 MiB, 81920 MiB, 0 %
2026/07/04 07:07:37.860, 0, 0 MiB, 81920 MiB, 0 %
2026/07/04 07:07:37.860, 1, 14959 MiB, 81920 MiB, 0 %
2026/07/04 07:07:37.861, 2, 0 MiB, 81920 MiB, 0 %
2026/07/04 07:07:37.861, 3, 0 MiB, 81920 MiB, 0 %
2026/07/04 07:07:37.861, 4, 0 MiB, 81920 MiB, 0 %
2026/07/04 07:07:37.862, 5, 0 MiB, 81920 MiB, 0 %
2026/07/04 07:07:37.862, 6, 0 MiB, 81920 MiB, 0 %
2026/07/04 07:07:37.862, 7, 0 MiB, 81920 MiB, 0 %
2026/07/04 07:07:47.863, 0, 0 MiB, 81920 MiB, 0 %
2026/07/04 07:07:47.863, 1, 14959 MiB, 81920 MiB, 0 %
2026/07/04 07:07:47.864, 2, 0 MiB, 81920 MiB, 0 %
2026/07/04 07:07:47.864, 3, 0 MiB, 81920 MiB, 0 %
2026/07/04 07:07:47.864, 4, 0 MiB, 81920 MiB, 0 %
2026/07/04 07:07:47.865, 5, 0 MiB, 81920 MiB, 0 %
2026/07/04 07:07:47.865, 6, 0 MiB, 81920 MiB, 0 %
2026/07/04 07:07:47.865, 7, 0 MiB, 81920 MiB, 0 %
2026/07/04 07:07:57.866, 0, 0 MiB, 81920 MiB, 0 %
2026/07/04 07:07:57.866, 1, 14959 MiB, 81920 MiB, 0 %
2026/07/04 07:07:57.867, 2, 0 MiB, 81920 MiB, 0 %
2026/07/04 07:07:57.867, 3, 0 MiB, 81920 MiB, 0 %
2026/07/04 07:07:57.867, 4, 0 MiB, 81920 MiB, 0 %
2026/07/04 07:07:57.867, 5, 0 MiB, 81920 MiB, 0 %
2026/07/04 07:07:57.868, 6, 0 MiB, 81920 MiB, 0 %
2026/07/04 07:07:57.868, 7, 0 MiB, 81920 MiB, 0 %
2026/07/04 07:08:07.869, 0, 0 MiB, 81920 MiB, 0 %
2026/07/04 07:08:07.869, 1, 14959 MiB, 81920 MiB, 63 %
2026/07/04 07:08:07.870, 2, 0 MiB, 81920 MiB, 0 %
2026/07/04 07:08:07.870, 3, 0 MiB, 81920 MiB, 0 %
2026/07/04 07:08:07.870, 4, 0 MiB, 81920 MiB, 0 %
2026/07/04 07:08:07.871, 5, 0 MiB, 81920 MiB, 0 %
2026/07/04 07:08:07.871, 6, 0 MiB, 81920 MiB, 0 %
2026/07/04 07:08:07.871, 7, 0 MiB, 81920 MiB, 0 %
2026/07/04 07:08:17.872, 0, 0 MiB, 81920 MiB, 0 %
2026/07/04 07:08:17.872, 1, 14959 MiB, 81920 MiB, 0 %
2026/07/04 07:08:17.873, 2, 0 MiB, 81920 MiB, 0 %
2026/07/04 07:08:17.873, 3, 0 MiB, 81920 MiB, 0 %
2026/07/04 07:08:17.873, 4, 0 MiB, 81920 MiB, 0 %
2026/07/04 07:08:17.874, 5, 0 MiB, 81920 MiB, 0 %
2026/07/04 07:08:17.874, 6, 0 MiB, 81920 MiB, 0 %
2026/07/04 07:08:17.874, 7, 0 MiB, 81920 MiB, 0 %
2026/07/04 07:08:27.875, 0, 0 MiB, 81920 MiB, 0 %
2026/07/04 07:08:27.875, 1, 14959 MiB, 81920 MiB, 0 %
2026/07/04 07:08:27.876, 2, 0 MiB, 81920 MiB, 0 %
2026/07/04 07:08:27.876, 3, 0 MiB, 81920 MiB, 0 %
2026/07/04 07:08:27.876, 4, 0 MiB, 81920 MiB, 0 %
2026/07/04 07:08:27.877, 5, 0 MiB, 81920 MiB, 0 %
2026/07/04 07:08:27.877, 6, 0 MiB, 81920 MiB, 0 %
2026/07/04 07:08:27.877, 7, 0 MiB, 81920 MiB, 0 %
2026/07/04 07:08:37.878, 0, 0 MiB, 81920 MiB, 0 %
2026/07/04 07:08:37.878, 1, 14959 MiB, 81920 MiB, 0 %
2026/07/04 07:08:37.879, 2, 0 MiB, 81920 MiB, 0 %
2026/07/04 07:08:37.879, 3, 0 MiB, 81920 MiB, 0 %
2026/07/04 07:08:37.879, 4, 0 MiB, 81920 MiB, 0 %
2026/07/04 07:08:37.880, 5, 0 MiB, 81920 MiB, 0 %
2026/07/04 07:08:37.880, 6, 0 MiB, 81920 MiB, 0 %
2026/07/04 07:08:37.880, 7, 0 MiB, 81920 MiB, 0 %
2026/07/04 07:08:47.881, 0, 0 MiB, 81920 MiB, 0 %
2026/07/04 07:08:47.882, 1, 14959 MiB, 81920 MiB, 0 %
2026/07/04 07:08:47.882, 2, 0 MiB, 81920 MiB, 0 %
2026/07/04 07:08:47.882, 3, 0 MiB, 81920 MiB, 0 %
2026/07/04 07:08:47.883, 4, 0 MiB, 81920 MiB, 0 %
2026/07/04 07:08:47.883, 5, 0 MiB, 81920 MiB, 0 %
2026/07/04 07:08:47.883, 6, 0 MiB, 81920 MiB, 0 %
2026/07/04 07:08:47.884, 7, 0 MiB, 81920 MiB, 0 %
2026/07/04 07:08:57.884, 0, 0 MiB, 81920 MiB, 0 %
2026/07/04 07:08:57.885, 1, 14959 MiB, 81920 MiB, 0 %
2026/07/04 07:08:57.885, 2, 0 MiB, 81920 MiB, 0 %
2026/07/04 07:08:57.885, 3, 0 MiB, 81920 MiB, 0 %
2026/07/04 07:08:57.886, 4, 0 MiB, 81920 MiB, 0 %
2026/07/04 07:08:57.886, 5, 0 MiB, 81920 MiB, 0 %
2026/07/04 07:08:57.886, 6, 0 MiB, 81920 MiB, 0 %
2026/07/04 07:08:57.887, 7, 0 MiB, 81920 MiB, 0 %
2026/07/04 07:09:07.887, 0, 0 MiB, 81920 MiB, 0 %
2026/07/04 07:09:07.888, 1, 14959 MiB, 81920 MiB, 0 %
2026/07/04 07:09:07.888, 2, 0 MiB, 81920 MiB, 0 %
2026/07/04 07:09:07.888, 3, 0 MiB, 81920 MiB, 0 %
2026/07/04 07:09:07.889, 4, 0 MiB, 81920 MiB, 0 %
2026/07/04 07:09:07.889, 5, 0 MiB, 81920 MiB, 0 %
2026/07/04 07:09:07.889, 6, 0 MiB, 81920 MiB, 0 %
2026/07/04 07:09:07.890, 7, 0 MiB, 81920 MiB, 0 %
2026/07/04 07:09:17.891, 0, 0 MiB, 81920 MiB, 0 %
2026/07/04 07:09:17.891, 1, 14959 MiB, 81920 MiB, 0 %
2026/07/04 07:09:17.892, 2, 0 MiB, 81920 MiB, 0 %
2026/07/04 07:09:17.892, 3, 0 MiB, 81920 MiB, 0 %
2026/07/04 07:09:17.892, 4, 0 MiB, 81920 MiB, 0 %
2026/07/04 07:09:17.893, 5, 0 MiB, 81920 MiB, 0 %
2026/07/04 07:09:17.893, 6, 0 MiB, 81920 MiB, 0 %
2026/07/04 07:09:17.893, 7, 0 MiB, 81920 MiB, 0 %
2026/07/04 07:09:27.894, 0, 0 MiB, 81920 MiB, 0 %
2026/07/04 07:09:27.894, 1, 14959 MiB, 81920 MiB, 0 %
2026/07/04 07:09:27.895, 2, 0 MiB, 81920 MiB, 0 %
2026/07/04 07:09:27.895, 3, 0 MiB, 81920 MiB, 0 %
2026/07/04 07:09:27.895, 4, 0 MiB, 81920 MiB, 0 %
2026/07/04 07:09:27.895, 5, 0 MiB, 81920 MiB, 0 %
2026/07/04 07:09:27.896, 6, 0 MiB, 81920 MiB, 0 %
2026/07/04 07:09:27.896, 7, 0 MiB, 81920 MiB, 0 %
2026/07/04 07:09:37.897, 0, 0 MiB, 81920 MiB, 0 %
2026/07/04 07:09:37.897, 1, 14959 MiB, 81920 MiB, 0 %
2026/07/04 07:09:37.898, 2, 0 MiB, 81920 MiB, 0 %
2026/07/04 07:09:37.898, 3, 0 MiB, 81920 MiB, 0 %
2026/07/04 07:09:37.898, 4, 0 MiB, 81920 MiB, 0 %
2026/07/04 07:09:37.898, 5, 0 MiB, 81920 MiB, 0 %
2026/07/04 07:09:37.899, 6, 0 MiB, 81920 MiB, 0 %
2026/07/04 07:09:37.899, 7, 0 MiB, 81920 MiB, 0 %
2026/07/04 07:09:47.900, 0, 0 MiB, 81920 MiB, 0 %
2026/07/04 07:09:47.900, 1, 14959 MiB, 81920 MiB, 0 %
2026/07/04 07:09:47.901, 2, 0 MiB, 81920 MiB, 0 %
2026/07/04 07:09:47.901, 3, 0 MiB, 81920 MiB, 0 %
2026/07/04 07:09:47.901, 4, 0 MiB, 81920 MiB, 0 %
2026/07/04 07:09:47.902, 5, 0 MiB, 81920 MiB, 0 %
2026/07/04 07:09:47.902, 6, 0 MiB, 81920 MiB, 0 %
2026/07/04 07:09:47.902, 7, 0 MiB, 81920 MiB, 0 %
2026/07/04 07:09:57.903, 0, 0 MiB, 81920 MiB, 0 %
2026/07/04 07:09:57.903, 1, 14959 MiB, 81920 MiB, 0 %
2026/07/04 07:09:57.904, 2, 0 MiB, 81920 MiB, 0 %
2026/07/04 07:09:57.904, 3, 0 MiB, 81920 MiB, 0 %
2026/07/04 07:09:57.904, 4, 0 MiB, 81920 MiB, 0 %
2026/07/04 07:09:57.905, 5, 0 MiB, 81920 MiB, 0 %
2026/07/04 07:09:57.905, 6, 0 MiB, 81920 MiB, 0 %
2026/07/04 07:09:57.905, 7, 0 MiB, 81920 MiB, 0 %
2026/07/04 07:10:07.906, 0, 0 MiB, 81920 MiB, 0 %
2026/07/04 07:10:07.907, 1, 14959 MiB, 81920 MiB, 0 %
2026/07/04 07:10:07.907, 2, 0 MiB, 81920 MiB, 0 %
2026/07/04 07:10:07.907, 3, 0 MiB, 81920 MiB, 0 %
2026/07/04 07:10:07.907, 4, 0 MiB, 81920 MiB, 0 %
2026/07/04 07:10:07.908, 5, 0 MiB, 81920 MiB, 0 %
2026/07/04 07:10:07.908, 6, 0 MiB, 81920 MiB, 0 %
2026/07/04 07:10:07.908, 7, 0 MiB, 81920 MiB, 0 %
2026/07/04 07:10:17.909, 0, 0 MiB, 81920 MiB, 0 %
2026/07/04 07:10:17.909, 1, 14959 MiB, 81920 MiB, 0 %
2026/07/04 07:10:17.910, 2, 0 MiB, 81920 MiB, 0 %
2026/07/04 07:10:17.910, 3, 0 MiB, 81920 MiB, 0 %
2026/07/04 07:10:17.910, 4, 0 MiB, 81920 MiB, 0 %
2026/07/04 07:10:17.911, 5, 0 MiB, 81920 MiB, 0 %
2026/07/04 07:10:17.911, 6, 0 MiB, 81920 MiB, 0 %
2026/07/04 07:10:17.911, 7, 0 MiB, 81920 MiB, 0 %
2026/07/04 07:10:27.912, 0, 0 MiB, 81920 MiB, 0 %
2026/07/04 07:10:27.912, 1, 14959 MiB, 81920 MiB, 0 %
2026/07/04 07:10:27.913, 2, 0 MiB, 81920 MiB, 0 %
2026/07/04 07:10:27.913, 3, 0 MiB, 81920 MiB, 0 %
2026/07/04 07:10:27.913, 4, 0 MiB, 81920 MiB, 0 %
2026/07/04 07:10:27.914, 5, 0 MiB, 81920 MiB, 0 %
2026/07/04 07:10:27.914, 6, 0 MiB, 81920 MiB, 0 %
2026/07/04 07:10:27.914, 7, 0 MiB, 81920 MiB, 0 %
2026/07/04 07:10:37.915, 0, 0 MiB, 81920 MiB, 0 %
2026/07/04 07:10:37.915, 1, 14959 MiB, 81920 MiB, 0 %
2026/07/04 07:10:37.916, 2, 0 MiB, 81920 MiB, 0 %
2026/07/04 07:10:37.916, 3, 0 MiB, 81920 MiB, 0 %
2026/07/04 07:10:37.916, 4, 0 MiB, 81920 MiB, 0 %
2026/07/04 07:10:37.917, 5, 0 MiB, 81920 MiB, 0 %
2026/07/04 07:10:37.917, 6, 0 MiB, 81920 MiB, 0 %
2026/07/04 07:10:37.917, 7, 0 MiB, 81920 MiB, 0 %
2026/07/04 07:10:47.918, 0, 0 MiB, 81920 MiB, 0 %
2026/07/04 07:10:47.918, 1, 14959 MiB, 81920 MiB, 0 %
2026/07/04 07:10:47.919, 2, 0 MiB, 81920 MiB, 0 %
2026/07/04 07:10:47.919, 3, 0 MiB, 81920 MiB, 0 %
2026/07/04 07:10:47.919, 4, 0 MiB, 81920 MiB, 0 %
2026/07/04 07:10:47.920, 5, 0 MiB, 81920 MiB, 0 %
2026/07/04 07:10:47.920, 6, 0 MiB, 81920 MiB, 0 %
2026/07/04 07:10:47.920, 7, 0 MiB, 81920 MiB, 0 %
2026/07/04 07:10:57.921, 0, 0 MiB, 81920 MiB, 0 %
2026/07/04 07:10:57.921, 1, 14959 MiB, 81920 MiB, 0 %
2026/07/04 07:10:57.922, 2, 0 MiB, 81920 MiB, 0 %
2026/07/04 07:10:57.922, 3, 0 MiB, 81920 MiB, 0 %
2026/07/04 07:10:57.922, 4, 0 MiB, 81920 MiB, 0 %
2026/07/04 07:10:57.923, 5, 0 MiB, 81920 MiB, 0 %
2026/07/04 07:10:57.923, 6, 0 MiB, 81920 MiB, 0 %
2026/07/04 07:10:57.923, 7, 0 MiB, 81920 MiB, 0 %
2026/07/04 07:11:07.924, 0, 0 MiB, 81920 MiB, 0 %
2026/07/04 07:11:07.924, 1, 14959 MiB, 81920 MiB, 71 %
2026/07/04 07:11:07.925, 2, 0 MiB, 81920 MiB, 0 %
2026/07/04 07:11:07.925, 3, 0 MiB, 81920 MiB, 0 %
2026/07/04 07:11:07.925, 4, 0 MiB, 81920 MiB, 0 %
2026/07/04 07:11:07.926, 5, 0 MiB, 81920 MiB, 0 %
2026/07/04 07:11:07.926, 6, 0 MiB, 81920 MiB, 0 %
2026/07/04 07:11:07.926, 7, 0 MiB, 81920 MiB, 0 %
2026/07/04 07:11:17.927, 0, 0 MiB, 81920 MiB, 0 %
2026/07/04 07:11:17.927, 1, 14959 MiB, 81920 MiB, 0 %
2026/07/04 07:11:17.928, 2, 0 MiB, 81920 MiB, 0 %
2026/07/04 07:11:17.928, 3, 0 MiB, 81920 MiB, 0 %
2026/07/04 07:11:17.928, 4, 0 MiB, 81920 MiB, 0 %
2026/07/04 07:11:17.929, 5, 0 MiB, 81920 MiB, 0 %
2026/07/04 07:11:17.929, 6, 0 MiB, 81920 MiB, 0 %
2026/07/04 07:11:17.929, 7, 0 MiB, 81920 MiB, 0 %
2026/07/04 07:11:27.930, 0, 0 MiB, 81920 MiB, 0 %
2026/07/04 07:11:27.931, 1, 14959 MiB, 81920 MiB, 0 %
2026/07/04 07:11:27.931, 2, 0 MiB, 81920 MiB, 0 %
2026/07/04 07:11:27.931, 3, 0 MiB, 81920 MiB, 0 %
2026/07/04 07:11:27.932, 4, 0 MiB, 81920 MiB, 0 %
2026/07/04 07:11:27.932, 5, 0 MiB, 81920 MiB, 0 %
2026/07/04 07:11:27.932, 6, 0 MiB, 81920 MiB, 0 %
2026/07/04 07:11:27.933, 7, 0 MiB, 81920 MiB, 0 %
2026/07/04 07:11:37.934, 0, 0 MiB, 81920 MiB, 0 %
2026/07/04 07:11:37.934, 1, 14959 MiB, 81920 MiB, 0 %
2026/07/04 07:11:37.934, 2, 0 MiB, 81920 MiB, 0 %
2026/07/04 07:11:37.935, 3, 0 MiB, 81920 MiB, 0 %
2026/07/04 07:11:37.935, 4, 0 MiB, 81920 MiB, 0 %
2026/07/04 07:11:37.935, 5, 0 MiB, 81920 MiB, 0 %
2026/07/04 07:11:37.936, 6, 0 MiB, 81920 MiB, 0 %
2026/07/04 07:11:37.936, 7, 0 MiB, 81920 MiB, 0 %
2026/07/04 07:11:47.936, 0, 0 MiB, 81920 MiB, 0 %
2026/07/04 07:11:47.937, 1, 14959 MiB, 81920 MiB, 40 %
2026/07/04 07:11:47.937, 2, 0 MiB, 81920 MiB, 0 %
2026/07/04 07:11:47.938, 3, 0 MiB, 81920 MiB, 0 %
2026/07/04 07:11:47.938, 4, 0 MiB, 81920 MiB, 0 %
2026/07/04 07:11:47.938, 5, 0 MiB, 81920 MiB, 0 %
2026/07/04 07:11:47.939, 6, 0 MiB, 81920 MiB, 0 %
2026/07/04 07:11:47.939, 7, 0 MiB, 81920 MiB, 0 %
2026/07/04 07:11:57.940, 0, 0 MiB, 81920 MiB, 0 %
2026/07/04 07:11:57.940, 1, 14959 MiB, 81920 MiB, 70 %
2026/07/04 07:11:57.940, 2, 0 MiB, 81920 MiB, 0 %
2026/07/04 07:11:57.941, 3, 0 MiB, 81920 MiB, 0 %
2026/07/04 07:11:57.941, 4, 0 MiB, 81920 MiB, 0 %
2026/07/04 07:11:57.941, 5, 0 MiB, 81920 MiB, 0 %
2026/07/04 07:11:57.941, 6, 0 MiB, 81920 MiB, 0 %
2026/07/04 07:11:57.942, 7, 0 MiB, 81920 MiB, 0 %
2026/07/04 07:12:07.943, 0, 0 MiB, 81920 MiB, 0 %
2026/07/04 07:12:07.943, 1, 14959 MiB, 81920 MiB, 0 %
2026/07/04 07:12:07.943, 2, 0 MiB, 81920 MiB, 0 %
2026/07/04 07:12:07.944, 3, 0 MiB, 81920 MiB, 0 %
2026/07/04 07:12:07.944, 4, 0 MiB, 81920 MiB, 0 %
2026/07/04 07:12:07.944, 5, 0 MiB, 81920 MiB, 0 %
2026/07/04 07:12:07.944, 6, 0 MiB, 81920 MiB, 0 %
2026/07/04 07:12:07.945, 7, 0 MiB, 81920 MiB, 0 %
2026/07/04 07:12:17.945, 0, 0 MiB, 81920 MiB, 0 %
2026/07/04 07:12:17.946, 1, 14959 MiB, 81920 MiB, 0 %
2026/07/04 07:12:17.946, 2, 0 MiB, 81920 MiB, 0 %
2026/07/04 07:12:17.947, 3, 0 MiB, 81920 MiB, 0 %
2026/07/04 07:12:17.947, 4, 0 MiB, 81920 MiB, 0 %
2026/07/04 07:12:17.947, 5, 0 MiB, 81920 MiB, 0 %
2026/07/04 07:12:17.947, 6, 0 MiB, 81920 MiB, 0 %
2026/07/04 07:12:17.948, 7, 0 MiB, 81920 MiB, 0 %
2026/07/04 07:12:27.948, 0, 0 MiB, 81920 MiB, 0 %
2026/07/04 07:12:27.949, 1, 14959 MiB, 81920 MiB, 0 %
2026/07/04 07:12:27.949, 2, 0 MiB, 81920 MiB, 0 %
2026/07/04 07:12:27.950, 3, 0 MiB, 81920 MiB, 0 %
2026/07/04 07:12:27.950, 4, 0 MiB, 81920 MiB, 0 %
2026/07/04 07:12:27.950, 5, 0 MiB, 81920 MiB, 0 %
2026/07/04 07:12:27.950, 6, 0 MiB, 81920 MiB, 0 %
2026/07/04 07:12:27.951, 7, 0 MiB, 81920 MiB, 0 %
2026/07/04 07:12:37.951, 0, 0 MiB, 81920 MiB, 0 %
2026/07/04 07:12:37.952, 1, 14959 MiB, 81920 MiB, 0 %
2026/07/04 07:12:37.952, 2, 0 MiB, 81920 MiB, 0 %
2026/07/04 07:12:37.952, 3, 0 MiB, 81920 MiB, 0 %
2026/07/04 07:12:37.953, 4, 0 MiB, 81920 MiB, 0 %
2026/07/04 07:12:37.953, 5, 0 MiB, 81920 MiB, 0 %
2026/07/04 07:12:37.953, 6, 0 MiB, 81920 MiB, 0 %
2026/07/04 07:12:37.954, 7, 0 MiB, 81920 MiB, 0 %
2026/07/04 07:12:47.954, 0, 0 MiB, 81920 MiB, 0 %
2026/07/04 07:12:47.955, 1, 14959 MiB, 81920 MiB, 0 %
2026/07/04 07:12:47.955, 2, 0 MiB, 81920 MiB, 0 %
2026/07/04 07:12:47.955, 3, 0 MiB, 81920 MiB, 0 %
2026/07/04 07:12:47.956, 4, 0 MiB, 81920 MiB, 0 %
2026/07/04 07:12:47.956, 5, 0 MiB, 81920 MiB, 0 %
2026/07/04 07:12:47.956, 6, 0 MiB, 81920 MiB, 0 %
2026/07/04 07:12:47.957, 7, 0 MiB, 81920 MiB, 0 %
2026/07/04 07:12:57.957, 0, 0 MiB, 81920 MiB, 0 %
2026/07/04 07:12:57.958, 1, 14959 MiB, 81920 MiB, 0 %
2026/07/04 07:12:57.958, 2, 0 MiB, 81920 MiB, 0 %
2026/07/04 07:12:57.958, 3, 0 MiB, 81920 MiB, 0 %
2026/07/04 07:12:57.959, 4, 0 MiB, 81920 MiB, 0 %
2026/07/04 07:12:57.959, 5, 0 MiB, 81920 MiB, 0 %
2026/07/04 07:12:57.959, 6, 0 MiB, 81920 MiB, 0 %
2026/07/04 07:12:57.960, 7, 0 MiB, 81920 MiB, 0 %
2026/07/04 07:13:07.960, 0, 0 MiB, 81920 MiB, 0 %
2026/07/04 07:13:07.961, 1, 14959 MiB, 81920 MiB, 0 %
2026/07/04 07:13:07.961, 2, 0 MiB, 81920 MiB, 0 %
2026/07/04 07:13:07.961, 3, 0 MiB, 81920 MiB, 0 %
2026/07/04 07:13:07.962, 4, 0 MiB, 81920 MiB, 0 %
2026/07/04 07:13:07.962, 5, 0 MiB, 81920 MiB, 0 %
2026/07/04 07:13:07.962, 6, 0 MiB, 81920 MiB, 0 %
2026/07/04 07:13:07.963, 7, 0 MiB, 81920 MiB, 0 %
2026/07/04 07:13:17.963, 0, 0 MiB, 81920 MiB, 0 %
2026/07/04 07:13:17.964, 1, 14959 MiB, 81920 MiB, 0 %
2026/07/04 07:13:17.964, 2, 0 MiB, 81920 MiB, 0 %
2026/07/04 07:13:17.965, 3, 0 MiB, 81920 MiB, 0 %
2026/07/04 07:13:17.965, 4, 0 MiB, 81920 MiB, 0 %
2026/07/04 07:13:17.965, 5, 0 MiB, 81920 MiB, 0 %
2026/07/04 07:13:17.965, 6, 0 MiB, 81920 MiB, 0 %
2026/07/04 07:13:17.966, 7, 0 MiB, 81920 MiB, 0 %
2026/07/04 07:13:27.967, 0, 0 MiB, 81920 MiB, 0 %
2026/07/04 07:13:27.967, 1, 14959 MiB, 81920 MiB, 0 %
2026/07/04 07:13:27.967, 2, 0 MiB, 81920 MiB, 0 %
2026/07/04 07:13:27.968, 3, 0 MiB, 81920 MiB, 0 %
2026/07/04 07:13:27.968, 4, 0 MiB, 81920 MiB, 0 %
2026/07/04 07:13:27.968, 5, 0 MiB, 81920 MiB, 0 %
2026/07/04 07:13:27.969, 6, 0 MiB, 81920 MiB, 0 %
2026/07/04 07:13:27.969, 7, 0 MiB, 81920 MiB, 0 %
2026/07/04 07:13:37.970, 0, 0 MiB, 81920 MiB, 0 %
2026/07/04 07:13:37.970, 1, 14959 MiB, 81920 MiB, 0 %
2026/07/04 07:13:37.970, 2, 0 MiB, 81920 MiB, 0 %
2026/07/04 07:13:37.971, 3, 0 MiB, 81920 MiB, 0 %
2026/07/04 07:13:37.971, 4, 0 MiB, 81920 MiB, 0 %
2026/07/04 07:13:37.971, 5, 0 MiB, 81920 MiB, 0 %
2026/07/04 07:13:37.972, 6, 0 MiB, 81920 MiB, 0 %
2026/07/04 07:13:37.972, 7, 0 MiB, 81920 MiB, 0 %
2026/07/04 07:13:47.973, 0, 0 MiB, 81920 MiB, 0 %
2026/07/04 07:13:47.973, 1, 14959 MiB, 81920 MiB, 0 %
2026/07/04 07:13:47.974, 2, 0 MiB, 81920 MiB, 0 %
2026/07/04 07:13:47.974, 3, 0 MiB, 81920 MiB, 0 %
2026/07/04 07:13:47.974, 4, 0 MiB, 81920 MiB, 0 %
2026/07/04 07:13:47.975, 5, 0 MiB, 81920 MiB, 0 %
2026/07/04 07:13:47.975, 6, 0 MiB, 81920 MiB, 0 %
2026/07/04 07:13:47.975, 7, 0 MiB, 81920 MiB, 0 %
2026/07/04 07:13:57.976, 0, 0 MiB, 81920 MiB, 0 %
2026/07/04 07:13:57.977, 1, 14959 MiB, 81920 MiB, 0 %
2026/07/04 07:13:57.977, 2, 0 MiB, 81920 MiB, 0 %
2026/07/04 07:13:57.977, 3, 0 MiB, 81920 MiB, 0 %
2026/07/04 07:13:57.977, 4, 0 MiB, 81920 MiB, 0 %
2026/07/04 07:13:57.978, 5, 0 MiB, 81920 MiB, 0 %
2026/07/04 07:13:57.978, 6, 0 MiB, 81920 MiB, 0 %
2026/07/04 07:13:57.978, 7, 0 MiB, 81920 MiB, 0 %
2026/07/04 07:14:07.979, 0, 0 MiB, 81920 MiB, 0 %
2026/07/04 07:14:07.980, 1, 14959 MiB, 81920 MiB, 71 %
2026/07/04 07:14:07.980, 2, 0 MiB, 81920 MiB, 0 %
2026/07/04 07:14:07.980, 3, 0 MiB, 81920 MiB, 0 %
2026/07/04 07:14:07.981, 4, 0 MiB, 81920 MiB, 0 %
2026/07/04 07:14:07.981, 5, 0 MiB, 81920 MiB, 0 %
2026/07/04 07:14:07.981, 6, 0 MiB, 81920 MiB, 0 %
2026/07/04 07:14:07.981, 7, 0 MiB, 81920 MiB, 0 %
2026/07/04 07:14:17.982, 0, 0 MiB, 81920 MiB, 0 %
2026/07/04 07:14:17.983, 1, 14959 MiB, 81920 MiB, 0 %
2026/07/04 07:14:17.983, 2, 0 MiB, 81920 MiB, 0 %
2026/07/04 07:14:17.983, 3, 0 MiB, 81920 MiB, 0 %
2026/07/04 07:14:17.984, 4, 0 MiB, 81920 MiB, 0 %
2026/07/04 07:14:17.984, 5, 0 MiB, 81920 MiB, 0 %
2026/07/04 07:14:17.984, 6, 0 MiB, 81920 MiB, 0 %
2026/07/04 07:14:17.985, 7, 0 MiB, 81920 MiB, 0 %
2026/07/04 07:14:27.985, 0, 0 MiB, 81920 MiB, 0 %
2026/07/04 07:14:27.986, 1, 14959 MiB, 81920 MiB, 0 %
2026/07/04 07:14:27.986, 2, 0 MiB, 81920 MiB, 0 %
2026/07/04 07:14:27.986, 3, 0 MiB, 81920 MiB, 0 %
2026/07/04 07:14:27.987, 4, 0 MiB, 81920 MiB, 0 %
2026/07/04 07:14:27.987, 5, 0 MiB, 81920 MiB, 0 %
2026/07/04 07:14:27.987, 6, 0 MiB, 81920 MiB, 0 %
2026/07/04 07:14:27.988, 7, 0 MiB, 81920 MiB, 0 %
2026/07/04 07:14:37.988, 0, 0 MiB, 81920 MiB, 0 %
2026/07/04 07:14:37.989, 1, 14959 MiB, 81920 MiB, 0 %
2026/07/04 07:14:37.989, 2, 0 MiB, 81920 MiB, 0 %
2026/07/04 07:14:37.990, 3, 0 MiB, 81920 MiB, 0 %
2026/07/04 07:14:37.990, 4, 0 MiB, 81920 MiB, 0 %
2026/07/04 07:14:37.990, 5, 0 MiB, 81920 MiB, 0 %
2026/07/04 07:14:37.991, 6, 0 MiB, 81920 MiB, 0 %
2026/07/04 07:14:37.991, 7, 0 MiB, 81920 MiB, 0 %
2026/07/04 07:14:47.992, 0, 0 MiB, 81920 MiB, 0 %
2026/07/04 07:14:47.992, 1, 14959 MiB, 81920 MiB, 0 %
2026/07/04 07:14:47.993, 2, 0 MiB, 81920 MiB, 0 %
2026/07/04 07:14:47.993, 3, 0 MiB, 81920 MiB, 0 %
2026/07/04 07:14:47.993, 4, 0 MiB, 81920 MiB, 0 %
2026/07/04 07:14:47.993, 5, 0 MiB, 81920 MiB, 0 %
2026/07/04 07:14:47.994, 6, 0 MiB, 81920 MiB, 0 %
2026/07/04 07:14:47.994, 7, 0 MiB, 81920 MiB, 0 %
2026/07/04 07:14:57.995, 0, 0 MiB, 81920 MiB, 0 %
2026/07/04 07:14:57.995, 1, 14959 MiB, 81920 MiB, 0 %
2026/07/04 07:14:57.995, 2, 0 MiB, 81920 MiB, 0 %
2026/07/04 07:14:57.996, 3, 0 MiB, 81920 MiB, 0 %
2026/07/04 07:14:57.996, 4, 0 MiB, 81920 MiB, 0 %
2026/07/04 07:14:57.996, 5, 0 MiB, 81920 MiB, 0 %
2026/07/04 07:14:57.997, 6, 0 MiB, 81920 MiB, 0 %
2026/07/04 07:14:57.997, 7, 0 MiB, 81920 MiB, 0 %
2026/07/04 07:15:07.998, 0, 0 MiB, 81920 MiB, 0 %
2026/07/04 07:15:07.998, 1, 14959 MiB, 81920 MiB, 0 %
2026/07/04 07:15:07.998, 2, 0 MiB, 81920 MiB, 0 %
2026/07/04 07:15:07.999, 3, 0 MiB, 81920 MiB, 0 %
2026/07/04 07:15:07.999, 4, 0 MiB, 81920 MiB, 0 %
2026/07/04 07:15:07.999, 5, 0 MiB, 81920 MiB, 0 %
2026/07/04 07:15:07.999, 6, 0 MiB, 81920 MiB, 0 %
2026/07/04 07:15:07.999, 7, 0 MiB, 81920 MiB, 0 %
2026/07/04 07:15:18.000, 0, 0 MiB, 81920 MiB, 0 %
2026/07/04 07:15:18.000, 1, 14959 MiB, 81920 MiB, 0 %
2026/07/04 07:15:18.000, 2, 0 MiB, 81920 MiB, 0 %
2026/07/04 07:15:18.001, 3, 0 MiB, 81920 MiB, 0 %
2026/07/04 07:15:18.001, 4, 0 MiB, 81920 MiB, 0 %
2026/07/04 07:15:18.001, 5, 0 MiB, 81920 MiB, 0 %
2026/07/04 07:15:18.002, 6, 0 MiB, 81920 MiB, 0 %
2026/07/04 07:15:18.002, 7, 0 MiB, 81920 MiB, 0 %
2026/07/04 07:15:28.003, 0, 0 MiB, 81920 MiB, 0 %
2026/07/04 07:15:28.003, 1, 14959 MiB, 81920 MiB, 0 %
2026/07/04 07:15:28.004, 2, 0 MiB, 81920 MiB, 0 %
2026/07/04 07:15:28.004, 3, 0 MiB, 81920 MiB, 0 %
2026/07/04 07:15:28.004, 4, 0 MiB, 81920 MiB, 0 %
2026/07/04 07:15:28.004, 5, 0 MiB, 81920 MiB, 0 %
2026/07/04 07:15:28.005, 6, 0 MiB, 81920 MiB, 0 %
2026/07/04 07:15:28.005, 7, 0 MiB, 81920 MiB, 0 %
2026/07/04 07:15:38.006, 0, 0 MiB, 81920 MiB, 0 %
2026/07/04 07:15:38.006, 1, 14959 MiB, 81920 MiB, 0 %
2026/07/04 07:15:38.007, 2, 0 MiB, 81920 MiB, 0 %
2026/07/04 07:15:38.007, 3, 0 MiB, 81920 MiB, 0 %
2026/07/04 07:15:38.007, 4, 0 MiB, 81920 MiB, 0 %
2026/07/04 07:15:38.008, 5, 0 MiB, 81920 MiB, 0 %
2026/07/04 07:15:38.008, 6, 0 MiB, 81920 MiB, 0 %
2026/07/04 07:15:38.008, 7, 0 MiB, 81920 MiB, 0 %
2026/07/04 07:15:48.009, 0, 0 MiB, 81920 MiB, 0 %
2026/07/04 07:15:48.010, 1, 14959 MiB, 81920 MiB, 0 %
2026/07/04 07:15:48.010, 2, 0 MiB, 81920 MiB, 0 %
2026/07/04 07:15:48.010, 3, 0 MiB, 81920 MiB, 0 %
2026/07/04 07:15:48.010, 4, 0 MiB, 81920 MiB, 0 %
2026/07/04 07:15:48.011, 5, 0 MiB, 81920 MiB, 0 %
2026/07/04 07:15:48.011, 6, 0 MiB, 81920 MiB, 0 %
2026/07/04 07:15:48.011, 7, 0 MiB, 81920 MiB, 0 %
2026/07/04 07:15:58.012, 0, 0 MiB, 81920 MiB, 0 %
2026/07/04 07:15:58.013, 1, 14959 MiB, 81920 MiB, 72 %
2026/07/04 07:15:58.013, 2, 0 MiB, 81920 MiB, 0 %
2026/07/04 07:15:58.013, 3, 0 MiB, 81920 MiB, 0 %
2026/07/04 07:15:58.014, 4, 0 MiB, 81920 MiB, 0 %
2026/07/04 07:15:58.014, 5, 0 MiB, 81920 MiB, 0 %
2026/07/04 07:15:58.014, 6, 0 MiB, 81920 MiB, 0 %
2026/07/04 07:15:58.015, 7, 0 MiB, 81920 MiB, 0 %
2026/07/04 07:16:08.015, 0, 0 MiB, 81920 MiB, 0 %
2026/07/04 07:16:08.016, 1, 14959 MiB, 81920 MiB, 0 %
2026/07/04 07:16:08.016, 2, 0 MiB, 81920 MiB, 0 %
2026/07/04 07:16:08.016, 3, 0 MiB, 81920 MiB, 0 %
2026/07/04 07:16:08.017, 4, 0 MiB, 81920 MiB, 0 %
2026/07/04 07:16:08.017, 5, 0 MiB, 81920 MiB, 0 %
2026/07/04 07:16:08.017, 6, 0 MiB, 81920 MiB, 0 %
2026/07/04 07:16:08.018, 7, 0 MiB, 81920 MiB, 0 %
2026/07/04 07:16:18.018, 0, 0 MiB, 81920 MiB, 0 %
2026/07/04 07:16:18.019, 1, 14959 MiB, 81920 MiB, 0 %
2026/07/04 07:16:18.019, 2, 0 MiB, 81920 MiB, 0 %
2026/07/04 07:16:18.019, 3, 0 MiB, 81920 MiB, 0 %
2026/07/04 07:16:18.020, 4, 0 MiB, 81920 MiB, 0 %
2026/07/04 07:16:18.020, 5, 0 MiB, 81920 MiB, 0 %
2026/07/04 07:16:18.020, 6, 0 MiB, 81920 MiB, 0 %
2026/07/04 07:16:18.021, 7, 0 MiB, 81920 MiB, 0 %
2026/07/04 07:16:28.021, 0, 0 MiB, 81920 MiB, 0 %
2026/07/04 07:16:28.022, 1, 14959 MiB, 81920 MiB, 0 %
2026/07/04 07:16:28.022, 2, 0 MiB, 81920 MiB, 0 %
2026/07/04 07:16:28.022, 3, 0 MiB, 81920 MiB, 0 %
2026/07/04 07:16:28.023, 4, 0 MiB, 81920 MiB, 0 %
2026/07/04 07:16:28.023, 5, 0 MiB, 81920 MiB, 0 %
2026/07/04 07:16:28.023, 6, 0 MiB, 81920 MiB, 0 %
2026/07/04 07:16:28.024, 7, 0 MiB, 81920 MiB, 0 %
2026/07/04 07:16:38.024, 0, 0 MiB, 81920 MiB, 0 %
2026/07/04 07:16:38.025, 1, 14959 MiB, 81920 MiB, 0 %
2026/07/04 07:16:38.025, 2, 0 MiB, 81920 MiB, 0 %
2026/07/04 07:16:38.025, 3, 0 MiB, 81920 MiB, 0 %
2026/07/04 07:16:38.026, 4, 0 MiB, 81920 MiB, 0 %
2026/07/04 07:16:38.026, 5, 0 MiB, 81920 MiB, 0 %
2026/07/04 07:16:38.026, 6, 0 MiB, 81920 MiB, 0 %
2026/07/04 07:16:38.026, 7, 0 MiB, 81920 MiB, 0 %
2026/07/04 07:16:48.027, 0, 0 MiB, 81920 MiB, 0 %
2026/07/04 07:16:48.028, 1, 14959 MiB, 81920 MiB, 61 %
2026/07/04 07:16:48.028, 2, 0 MiB, 81920 MiB, 0 %
2026/07/04 07:16:48.028, 3, 0 MiB, 81920 MiB, 0 %
2026/07/04 07:16:48.029, 4, 0 MiB, 81920 MiB, 0 %
2026/07/04 07:16:48.029, 5, 0 MiB, 81920 MiB, 0 %
2026/07/04 07:16:48.029, 6, 0 MiB, 81920 MiB, 0 %
2026/07/04 07:16:48.030, 7, 0 MiB, 81920 MiB, 0 %
2026/07/04 07:16:58.031, 0, 0 MiB, 81920 MiB, 0 %
2026/07/04 07:16:58.031, 1, 14959 MiB, 81920 MiB, 0 %
2026/07/04 07:16:58.031, 2, 0 MiB, 81920 MiB, 0 %
2026/07/04 07:16:58.032, 3, 0 MiB, 81920 MiB, 0 %
2026/07/04 07:16:58.032, 4, 0 MiB, 81920 MiB, 0 %
2026/07/04 07:16:58.032, 5, 0 MiB, 81920 MiB, 0 %
2026/07/04 07:16:58.033, 6, 0 MiB, 81920 MiB, 0 %
2026/07/04 07:16:58.033, 7, 0 MiB, 81920 MiB, 0 %
2026/07/04 07:17:08.034, 0, 0 MiB, 81920 MiB, 0 %
2026/07/04 07:17:08.034, 1, 14959 MiB, 81920 MiB, 0 %
2026/07/04 07:17:08.034, 2, 0 MiB, 81920 MiB, 0 %
2026/07/04 07:17:08.035, 3, 0 MiB, 81920 MiB, 0 %
2026/07/04 07:17:08.035, 4, 0 MiB, 81920 MiB, 0 %
2026/07/04 07:17:08.035, 5, 0 MiB, 81920 MiB, 0 %
2026/07/04 07:17:08.036, 6, 0 MiB, 81920 MiB, 0 %
2026/07/04 07:17:08.036, 7, 0 MiB, 81920 MiB, 0 %
2026/07/04 07:17:18.037, 0, 0 MiB, 81920 MiB, 0 %
2026/07/04 07:17:18.037, 1, 14959 MiB, 81920 MiB, 0 %
2026/07/04 07:17:18.038, 2, 0 MiB, 81920 MiB, 0 %
2026/07/04 07:17:18.038, 3, 0 MiB, 81920 MiB, 0 %
2026/07/04 07:17:18.038, 4, 0 MiB, 81920 MiB, 0 %
2026/07/04 07:17:18.038, 5, 0 MiB, 81920 MiB, 0 %
2026/07/04 07:17:18.039, 6, 0 MiB, 81920 MiB, 0 %
2026/07/04 07:17:18.039, 7, 0 MiB, 81920 MiB, 0 %
2026/07/04 07:17:28.040, 0, 0 MiB, 81920 MiB, 0 %
2026/07/04 07:17:28.040, 1, 14959 MiB, 81920 MiB, 0 %
2026/07/04 07:17:28.041, 2, 0 MiB, 81920 MiB, 0 %
2026/07/04 07:17:28.041, 3, 0 MiB, 81920 MiB, 0 %
2026/07/04 07:17:28.041, 4, 0 MiB, 81920 MiB, 0 %
2026/07/04 07:17:28.041, 5, 0 MiB, 81920 MiB, 0 %
2026/07/04 07:17:28.042, 6, 0 MiB, 81920 MiB, 0 %
2026/07/04 07:17:28.042, 7, 0 MiB, 81920 MiB, 0 %
2026/07/04 07:17:38.043, 0, 0 MiB, 81920 MiB, 0 %
2026/07/04 07:17:38.043, 1, 14959 MiB, 81920 MiB, 0 %
2026/07/04 07:17:38.043, 2, 0 MiB, 81920 MiB, 0 %
2026/07/04 07:17:38.044, 3, 0 MiB, 81920 MiB, 0 %
2026/07/04 07:17:38.044, 4, 0 MiB, 81920 MiB, 0 %
2026/07/04 07:17:38.044, 5, 0 MiB, 81920 MiB, 0 %
2026/07/04 07:17:38.045, 6, 0 MiB, 81920 MiB, 0 %
2026/07/04 07:17:38.045, 7, 0 MiB, 81920 MiB, 0 %
2026/07/04 07:17:48.045, 0, 0 MiB, 81920 MiB, 0 %
2026/07/04 07:17:48.046, 1, 14959 MiB, 81920 MiB, 71 %
2026/07/04 07:17:48.046, 2, 0 MiB, 81920 MiB, 0 %
2026/07/04 07:17:48.047, 3, 0 MiB, 81920 MiB, 0 %
2026/07/04 07:17:48.047, 4, 0 MiB, 81920 MiB, 0 %
2026/07/04 07:17:48.047, 5, 0 MiB, 81920 MiB, 0 %
2026/07/04 07:17:48.047, 6, 0 MiB, 81920 MiB, 0 %
2026/07/04 07:17:48.048, 7, 0 MiB, 81920 MiB, 0 %
2026/07/04 07:17:58.049, 0, 0 MiB, 81920 MiB, 0 %
2026/07/04 07:17:58.049, 1, 14959 MiB, 81920 MiB, 0 %
2026/07/04 07:17:58.049, 2, 0 MiB, 81920 MiB, 0 %
2026/07/04 07:17:58.050, 3, 0 MiB, 81920 MiB, 0 %
2026/07/04 07:17:58.050, 4, 0 MiB, 81920 MiB, 0 %
2026/07/04 07:17:58.050, 5, 0 MiB, 81920 MiB, 0 %
2026/07/04 07:17:58.051, 6, 0 MiB, 81920 MiB, 0 %
2026/07/04 07:17:58.051, 7, 0 MiB, 81920 MiB, 0 %
2026/07/04 07:18:08.052, 0, 0 MiB, 81920 MiB, 0 %
2026/07/04 07:18:08.052, 1, 14959 MiB, 81920 MiB, 0 %
2026/07/04 07:18:08.053, 2, 0 MiB, 81920 MiB, 0 %
2026/07/04 07:18:08.053, 3, 0 MiB, 81920 MiB, 0 %
2026/07/04 07:18:08.053, 4, 0 MiB, 81920 MiB, 0 %
2026/07/04 07:18:08.054, 5, 0 MiB, 81920 MiB, 0 %
2026/07/04 07:18:08.054, 6, 0 MiB, 81920 MiB, 0 %
2026/07/04 07:18:08.054, 7, 0 MiB, 81920 MiB, 0 %
2026/07/04 07:18:18.055, 0, 0 MiB, 81920 MiB, 0 %
2026/07/04 07:18:18.056, 1, 14959 MiB, 81920 MiB, 51 %
2026/07/04 07:18:18.056, 2, 0 MiB, 81920 MiB, 0 %
2026/07/04 07:18:18.056, 3, 0 MiB, 81920 MiB, 0 %
2026/07/04 07:18:18.056, 4, 0 MiB, 81920 MiB, 0 %
2026/07/04 07:18:18.057, 5, 0 MiB, 81920 MiB, 0 %
2026/07/04 07:18:18.057, 6, 0 MiB, 81920 MiB, 0 %
2026/07/04 07:18:18.057, 7, 0 MiB, 81920 MiB, 0 %
2026/07/04 07:18:28.058, 0, 0 MiB, 81920 MiB, 0 %
2026/07/04 07:18:28.059, 1, 14959 MiB, 81920 MiB, 0 %
2026/07/04 07:18:28.059, 2, 0 MiB, 81920 MiB, 0 %
2026/07/04 07:18:28.059, 3, 0 MiB, 81920 MiB, 0 %
2026/07/04 07:18:28.060, 4, 0 MiB, 81920 MiB, 0 %
2026/07/04 07:18:28.060, 5, 0 MiB, 81920 MiB, 0 %
2026/07/04 07:18:28.060, 6, 0 MiB, 81920 MiB, 0 %
2026/07/04 07:18:28.060, 7, 0 MiB, 81920 MiB, 0 %
2026/07/04 07:18:38.061, 0, 0 MiB, 81920 MiB, 0 %
2026/07/04 07:18:38.062, 1, 14959 MiB, 81920 MiB, 0 %
2026/07/04 07:18:38.062, 2, 0 MiB, 81920 MiB, 0 %
2026/07/04 07:18:38.062, 3, 0 MiB, 81920 MiB, 0 %
2026/07/04 07:18:38.063, 4, 0 MiB, 81920 MiB, 0 %
2026/07/04 07:18:38.063, 5, 0 MiB, 81920 MiB, 0 %
2026/07/04 07:18:38.063, 6, 0 MiB, 81920 MiB, 0 %
2026/07/04 07:18:38.064, 7, 0 MiB, 81920 MiB, 0 %
2026/07/04 07:18:48.064, 0, 0 MiB, 81920 MiB, 0 %
2026/07/04 07:18:48.065, 1, 14959 MiB, 81920 MiB, 0 %
2026/07/04 07:18:48.065, 2, 0 MiB, 81920 MiB, 0 %
2026/07/04 07:18:48.065, 3, 0 MiB, 81920 MiB, 0 %
2026/07/04 07:18:48.066, 4, 0 MiB, 81920 MiB, 0 %
2026/07/04 07:18:48.066, 5, 0 MiB, 81920 MiB, 0 %
2026/07/04 07:18:48.066, 6, 0 MiB, 81920 MiB, 0 %
2026/07/04 07:18:48.067, 7, 0 MiB, 81920 MiB, 0 %
2026/07/04 07:18:58.067, 0, 0 MiB, 81920 MiB, 0 %
2026/07/04 07:18:58.068, 1, 14959 MiB, 81920 MiB, 0 %
2026/07/04 07:18:58.068, 2, 0 MiB, 81920 MiB, 0 %
2026/07/04 07:18:58.069, 3, 0 MiB, 81920 MiB, 0 %
2026/07/04 07:18:58.069, 4, 0 MiB, 81920 MiB, 0 %
2026/07/04 07:18:58.069, 5, 0 MiB, 81920 MiB, 0 %
2026/07/04 07:18:58.069, 6, 0 MiB, 81920 MiB, 0 %
2026/07/04 07:18:58.070, 7, 0 MiB, 81920 MiB, 0 %
2026/07/04 07:19:08.071, 0, 0 MiB, 81920 MiB, 0 %
2026/07/04 07:19:08.071, 1, 14959 MiB, 81920 MiB, 0 %
2026/07/04 07:19:08.071, 2, 0 MiB, 81920 MiB, 0 %
2026/07/04 07:19:08.072, 3, 0 MiB, 81920 MiB, 0 %
2026/07/04 07:19:08.072, 4, 0 MiB, 81920 MiB, 0 %
2026/07/04 07:19:08.072, 5, 0 MiB, 81920 MiB, 0 %
2026/07/04 07:19:08.073, 6, 0 MiB, 81920 MiB, 0 %
2026/07/04 07:19:08.073, 7, 0 MiB, 81920 MiB, 0 %
2026/07/04 07:19:18.074, 0, 0 MiB, 81920 MiB, 0 %
2026/07/04 07:19:18.074, 1, 14959 MiB, 81920 MiB, 0 %
2026/07/04 07:19:18.075, 2, 0 MiB, 81920 MiB, 0 %
2026/07/04 07:19:18.075, 3, 0 MiB, 81920 MiB, 0 %
2026/07/04 07:19:18.075, 4, 0 MiB, 81920 MiB, 0 %
2026/07/04 07:19:18.075, 5, 0 MiB, 81920 MiB, 0 %
2026/07/04 07:19:18.076, 6, 0 MiB, 81920 MiB, 0 %
2026/07/04 07:19:18.076, 7, 0 MiB, 81920 MiB, 0 %
2026/07/04 07:19:28.077, 0, 0 MiB, 81920 MiB, 0 %
2026/07/04 07:19:28.077, 1, 14959 MiB, 81920 MiB, 0 %
2026/07/04 07:19:28.078, 2, 0 MiB, 81920 MiB, 0 %
2026/07/04 07:19:28.078, 3, 0 MiB, 81920 MiB, 0 %
2026/07/04 07:19:28.078, 4, 0 MiB, 81920 MiB, 0 %
2026/07/04 07:19:28.078, 5, 0 MiB, 81920 MiB, 0 %
2026/07/04 07:19:28.079, 6, 0 MiB, 81920 MiB, 0 %
2026/07/04 07:19:28.079, 7, 0 MiB, 81920 MiB, 0 %
2026/07/04 07:19:38.080, 0, 0 MiB, 81920 MiB, 0 %
2026/07/04 07:19:38.080, 1, 14959 MiB, 81920 MiB, 0 %
2026/07/04 07:19:38.080, 2, 0 MiB, 81920 MiB, 0 %
2026/07/04 07:19:38.081, 3, 0 MiB, 81920 MiB, 0 %
2026/07/04 07:19:38.081, 4, 0 MiB, 81920 MiB, 0 %
2026/07/04 07:19:38.081, 5, 0 MiB, 81920 MiB, 0 %
2026/07/04 07:19:38.082, 6, 0 MiB, 81920 MiB, 0 %
2026/07/04 07:19:38.082, 7, 0 MiB, 81920 MiB, 0 %
2026/07/04 07:19:48.083, 0, 0 MiB, 81920 MiB, 0 %
2026/07/04 07:19:48.083, 1, 14959 MiB, 81920 MiB, 0 %
2026/07/04 07:19:48.083, 2, 0 MiB, 81920 MiB, 0 %
2026/07/04 07:19:48.084, 3, 0 MiB, 81920 MiB, 0 %
2026/07/04 07:19:48.084, 4, 0 MiB, 81920 MiB, 0 %
2026/07/04 07:19:48.084, 5, 0 MiB, 81920 MiB, 0 %
2026/07/04 07:19:48.085, 6, 0 MiB, 81920 MiB, 0 %
2026/07/04 07:19:48.085, 7, 0 MiB, 81920 MiB, 0 %
2026/07/04 07:19:58.086, 0, 0 MiB, 81920 MiB, 0 %
2026/07/04 07:19:58.086, 1, 14959 MiB, 81920 MiB, 0 %
2026/07/04 07:19:58.087, 2, 0 MiB, 81920 MiB, 0 %
2026/07/04 07:19:58.087, 3, 0 MiB, 81920 MiB, 0 %
2026/07/04 07:19:58.087, 4, 0 MiB, 81920 MiB, 0 %
2026/07/04 07:19:58.087, 5, 0 MiB, 81920 MiB, 0 %
2026/07/04 07:19:58.088, 6, 0 MiB, 81920 MiB, 0 %
2026/07/04 07:19:58.088, 7, 0 MiB, 81920 MiB, 0 %
2026/07/04 07:20:08.089, 0, 0 MiB, 81920 MiB, 0 %
2026/07/04 07:20:08.089, 1, 14959 MiB, 81920 MiB, 0 %
2026/07/04 07:20:08.090, 2, 0 MiB, 81920 MiB, 0 %
2026/07/04 07:20:08.090, 3, 0 MiB, 81920 MiB, 0 %
2026/07/04 07:20:08.090, 4, 0 MiB, 81920 MiB, 0 %
2026/07/04 07:20:08.091, 5, 0 MiB, 81920 MiB, 0 %
2026/07/04 07:20:08.091, 6, 0 MiB, 81920 MiB, 0 %
2026/07/04 07:20:08.091, 7, 0 MiB, 81920 MiB, 0 %
2026/07/04 07:20:18.092, 0, 0 MiB, 81920 MiB, 0 %
2026/07/04 07:20:18.092, 1, 14959 MiB, 81920 MiB, 0 %
2026/07/04 07:20:18.093, 2, 0 MiB, 81920 MiB, 0 %
2026/07/04 07:20:18.093, 3, 0 MiB, 81920 MiB, 0 %
2026/07/04 07:20:18.093, 4, 0 MiB, 81920 MiB, 0 %
2026/07/04 07:20:18.094, 5, 0 MiB, 81920 MiB, 0 %
2026/07/04 07:20:18.094, 6, 0 MiB, 81920 MiB, 0 %
2026/07/04 07:20:18.094, 7, 0 MiB, 81920 MiB, 0 %
2026/07/04 07:20:28.095, 0, 0 MiB, 81920 MiB, 0 %
2026/07/04 07:20:28.096, 1, 14959 MiB, 81920 MiB, 0 %
2026/07/04 07:20:28.096, 2, 0 MiB, 81920 MiB, 0 %
2026/07/04 07:20:28.096, 3, 0 MiB, 81920 MiB, 0 %
2026/07/04 07:20:28.097, 4, 0 MiB, 81920 MiB, 0 %
2026/07/04 07:20:28.097, 5, 0 MiB, 81920 MiB, 0 %
2026/07/04 07:20:28.097, 6, 0 MiB, 81920 MiB, 0 %
2026/07/04 07:20:28.097, 7, 0 MiB, 81920 MiB, 0 %
2026/07/04 07:20:38.098, 0, 0 MiB, 81920 MiB, 0 %
2026/07/04 07:20:38.099, 1, 14959 MiB, 81920 MiB, 0 %
2026/07/04 07:20:38.099, 2, 0 MiB, 81920 MiB, 0 %
2026/07/04 07:20:38.099, 3, 0 MiB, 81920 MiB, 0 %
2026/07/04 07:20:38.100, 4, 0 MiB, 81920 MiB, 0 %
2026/07/04 07:20:38.100, 5, 0 MiB, 81920 MiB, 0 %
2026/07/04 07:20:38.100, 6, 0 MiB, 81920 MiB, 0 %
2026/07/04 07:20:38.100, 7, 0 MiB, 81920 MiB, 0 %
2026/07/04 07:20:48.101, 0, 0 MiB, 81920 MiB, 0 %
2026/07/04 07:20:48.102, 1, 14959 MiB, 81920 MiB, 0 %
2026/07/04 07:20:48.102, 2, 0 MiB, 81920 MiB, 0 %
2026/07/04 07:20:48.102, 3, 0 MiB, 81920 MiB, 0 %
2026/07/04 07:20:48.103, 4, 0 MiB, 81920 MiB, 0 %
2026/07/04 07:20:48.103, 5, 0 MiB, 81920 MiB, 0 %
2026/07/04 07:20:48.103, 6, 0 MiB, 81920 MiB, 0 %
2026/07/04 07:20:48.104, 7, 0 MiB, 81920 MiB, 0 %
2026/07/04 07:20:58.104, 0, 0 MiB, 81920 MiB, 0 %
2026/07/04 07:20:58.105, 1, 14959 MiB, 81920 MiB, 72 %
2026/07/04 07:20:58.105, 2, 0 MiB, 81920 MiB, 0 %
2026/07/04 07:20:58.106, 3, 0 MiB, 81920 MiB, 0 %
2026/07/04 07:20:58.106, 4, 0 MiB, 81920 MiB, 0 %
2026/07/04 07:20:58.106, 5, 0 MiB, 81920 MiB, 0 %
2026/07/04 07:20:58.106, 6, 0 MiB, 81920 MiB, 0 %
2026/07/04 07:20:58.107, 7, 0 MiB, 81920 MiB, 0 %
2026/07/04 07:21:08.108, 0, 0 MiB, 81920 MiB, 0 %
2026/07/04 07:21:08.108, 1, 14959 MiB, 81920 MiB, 0 %
2026/07/04 07:21:08.109, 2, 0 MiB, 81920 MiB, 0 %
2026/07/04 07:21:08.109, 3, 0 MiB, 81920 MiB, 0 %
2026/07/04 07:21:08.109, 4, 0 MiB, 81920 MiB, 0 %
2026/07/04 07:21:08.109, 5, 0 MiB, 81920 MiB, 0 %
2026/07/04 07:21:08.110, 6, 0 MiB, 81920 MiB, 0 %
2026/07/04 07:21:08.110, 7, 0 MiB, 81920 MiB, 0 %
2026/07/04 07:21:18.111, 0, 0 MiB, 81920 MiB, 0 %
2026/07/04 07:21:18.111, 1, 14959 MiB, 81920 MiB, 0 %
2026/07/04 07:21:18.112, 2, 0 MiB, 81920 MiB, 0 %
2026/07/04 07:21:18.112, 3, 0 MiB, 81920 MiB, 0 %
2026/07/04 07:21:18.112, 4, 0 MiB, 81920 MiB, 0 %
2026/07/04 07:21:18.113, 5, 0 MiB, 81920 MiB, 0 %
2026/07/04 07:21:18.113, 6, 0 MiB, 81920 MiB, 0 %
2026/07/04 07:21:18.113, 7, 0 MiB, 81920 MiB, 0 %
2026/07/04 07:21:28.114, 0, 0 MiB, 81920 MiB, 0 %
2026/07/04 07:21:28.115, 1, 14959 MiB, 81920 MiB, 0 %
2026/07/04 07:21:28.115, 2, 0 MiB, 81920 MiB, 0 %
2026/07/04 07:21:28.115, 3, 0 MiB, 81920 MiB, 0 %
2026/07/04 07:21:28.116, 4, 0 MiB, 81920 MiB, 0 %
2026/07/04 07:21:28.116, 5, 0 MiB, 81920 MiB, 0 %
2026/07/04 07:21:28.116, 6, 0 MiB, 81920 MiB, 0 %
2026/07/04 07:21:28.116, 7, 0 MiB, 81920 MiB, 0 %
2026/07/04 07:21:38.117, 0, 0 MiB, 81920 MiB, 0 %
2026/07/04 07:21:38.118, 1, 14959 MiB, 81920 MiB, 10 %
2026/07/04 07:21:38.118, 2, 0 MiB, 81920 MiB, 0 %
2026/07/04 07:21:38.119, 3, 0 MiB, 81920 MiB, 0 %
2026/07/04 07:21:38.119, 4, 0 MiB, 81920 MiB, 0 %
2026/07/04 07:21:38.119, 5, 0 MiB, 81920 MiB, 0 %
2026/07/04 07:21:38.119, 6, 0 MiB, 81920 MiB, 0 %
2026/07/04 07:21:38.120, 7, 0 MiB, 81920 MiB, 0 %
2026/07/04 07:21:48.121, 0, 0 MiB, 81920 MiB, 0 %
2026/07/04 07:21:48.122, 1, 14959 MiB, 81920 MiB, 0 %
2026/07/04 07:21:48.122, 2, 0 MiB, 81920 MiB, 0 %
2026/07/04 07:21:48.122, 3, 0 MiB, 81920 MiB, 0 %
2026/07/04 07:21:48.123, 4, 0 MiB, 81920 MiB, 0 %
2026/07/04 07:21:48.123, 5, 0 MiB, 81920 MiB, 0 %
2026/07/04 07:21:48.123, 6, 0 MiB, 81920 MiB, 0 %
2026/07/04 07:21:48.123, 7, 0 MiB, 81920 MiB, 0 %
2026/07/04 07:21:58.124, 0, 0 MiB, 81920 MiB, 0 %
2026/07/04 07:21:58.125, 1, 14959 MiB, 81920 MiB, 0 %
2026/07/04 07:21:58.125, 2, 0 MiB, 81920 MiB, 0 %
2026/07/04 07:21:58.125, 3, 0 MiB, 81920 MiB, 0 %
2026/07/04 07:21:58.126, 4, 0 MiB, 81920 MiB, 0 %
2026/07/04 07:21:58.126, 5, 0 MiB, 81920 MiB, 0 %
2026/07/04 07:21:58.126, 6, 0 MiB, 81920 MiB, 0 %
2026/07/04 07:21:58.127, 7, 0 MiB, 81920 MiB, 0 %
2026/07/04 07:22:08.128, 0, 0 MiB, 81920 MiB, 0 %
2026/07/04 07:22:08.128, 1, 14959 MiB, 81920 MiB, 0 %
2026/07/04 07:22:08.128, 2, 0 MiB, 81920 MiB, 0 %
2026/07/04 07:22:08.129, 3, 0 MiB, 81920 MiB, 0 %
2026/07/04 07:22:08.129, 4, 0 MiB, 81920 MiB, 0 %
2026/07/04 07:22:08.129, 5, 0 MiB, 81920 MiB, 0 %
2026/07/04 07:22:08.130, 6, 0 MiB, 81920 MiB, 0 %
2026/07/04 07:22:08.130, 7, 0 MiB, 81920 MiB, 0 %
2026/07/04 07:22:18.131, 0, 0 MiB, 81920 MiB, 0 %
2026/07/04 07:22:18.132, 1, 14959 MiB, 81920 MiB, 0 %
2026/07/04 07:22:18.132, 2, 0 MiB, 81920 MiB, 0 %
2026/07/04 07:22:18.132, 3, 0 MiB, 81920 MiB, 0 %
2026/07/04 07:22:18.133, 4, 0 MiB, 81920 MiB, 0 %
2026/07/04 07:22:18.133, 5, 0 MiB, 81920 MiB, 0 %
2026/07/04 07:22:18.133, 6, 0 MiB, 81920 MiB, 0 %
2026/07/04 07:22:18.133, 7, 0 MiB, 81920 MiB, 0 %
2026/07/04 07:22:28.134, 0, 0 MiB, 81920 MiB, 0 %
2026/07/04 07:22:28.135, 1, 14959 MiB, 81920 MiB, 0 %
2026/07/04 07:22:28.135, 2, 0 MiB, 81920 MiB, 0 %
2026/07/04 07:22:28.136, 3, 0 MiB, 81920 MiB, 0 %
2026/07/04 07:22:28.136, 4, 0 MiB, 81920 MiB, 0 %
2026/07/04 07:22:28.136, 5, 0 MiB, 81920 MiB, 0 %
2026/07/04 07:22:28.136, 6, 0 MiB, 81920 MiB, 0 %
2026/07/04 07:22:28.137, 7, 0 MiB, 81920 MiB, 0 %
2026/07/04 07:22:38.138, 0, 0 MiB, 81920 MiB, 0 %
2026/07/04 07:22:38.138, 1, 14959 MiB, 81920 MiB, 0 %
2026/07/04 07:22:38.139, 2, 0 MiB, 81920 MiB, 0 %
2026/07/04 07:22:38.139, 3, 0 MiB, 81920 MiB, 0 %
2026/07/04 07:22:38.139, 4, 0 MiB, 81920 MiB, 0 %
2026/07/04 07:22:38.139, 5, 0 MiB, 81920 MiB, 0 %
2026/07/04 07:22:38.140, 6, 0 MiB, 81920 MiB, 0 %
2026/07/04 07:22:38.140, 7, 0 MiB, 81920 MiB, 0 %
2026/07/04 07:22:48.141, 0, 0 MiB, 81920 MiB, 0 %
2026/07/04 07:22:48.141, 1, 14959 MiB, 81920 MiB, 0 %
2026/07/04 07:22:48.142, 2, 0 MiB, 81920 MiB, 0 %
2026/07/04 07:22:48.142, 3, 0 MiB, 81920 MiB, 0 %
2026/07/04 07:22:48.142, 4, 0 MiB, 81920 MiB, 0 %
2026/07/04 07:22:48.143, 5, 0 MiB, 81920 MiB, 0 %
2026/07/04 07:22:48.143, 6, 0 MiB, 81920 MiB, 0 %
2026/07/04 07:22:48.143, 7, 0 MiB, 81920 MiB, 0 %
2026/07/04 07:22:58.144, 0, 0 MiB, 81920 MiB, 0 %
2026/07/04 07:22:58.145, 1, 14959 MiB, 81920 MiB, 0 %
2026/07/04 07:22:58.145, 2, 0 MiB, 81920 MiB, 0 %
2026/07/04 07:22:58.145, 3, 0 MiB, 81920 MiB, 0 %
2026/07/04 07:22:58.146, 4, 0 MiB, 81920 MiB, 0 %
2026/07/04 07:22:58.146, 5, 0 MiB, 81920 MiB, 0 %
2026/07/04 07:22:58.146, 6, 0 MiB, 81920 MiB, 0 %
2026/07/04 07:22:58.147, 7, 0 MiB, 81920 MiB, 0 %
2026/07/04 07:23:08.147, 0, 0 MiB, 81920 MiB, 0 %
2026/07/04 07:23:08.148, 1, 14959 MiB, 81920 MiB, 0 %
2026/07/04 07:23:08.148, 2, 0 MiB, 81920 MiB, 0 %
2026/07/04 07:23:08.149, 3, 0 MiB, 81920 MiB, 0 %
2026/07/04 07:23:08.149, 4, 0 MiB, 81920 MiB, 0 %
2026/07/04 07:23:08.149, 5, 0 MiB, 81920 MiB, 0 %
2026/07/04 07:23:08.150, 6, 0 MiB, 81920 MiB, 0 %
2026/07/04 07:23:08.150, 7, 0 MiB, 81920 MiB, 0 %
2026/07/04 07:23:18.151, 0, 0 MiB, 81920 MiB, 0 %
2026/07/04 07:23:18.151, 1, 14959 MiB, 81920 MiB, 0 %
2026/07/04 07:23:18.152, 2, 0 MiB, 81920 MiB, 0 %
2026/07/04 07:23:18.152, 3, 0 MiB, 81920 MiB, 0 %
2026/07/04 07:23:18.152, 4, 0 MiB, 81920 MiB, 0 %
2026/07/04 07:23:18.152, 5, 0 MiB, 81920 MiB, 0 %
2026/07/04 07:23:18.153, 6, 0 MiB, 81920 MiB, 0 %
2026/07/04 07:23:18.153, 7, 0 MiB, 81920 MiB, 0 %
2026/07/04 07:23:28.154, 0, 0 MiB, 81920 MiB, 0 %
2026/07/04 07:23:28.154, 1, 14959 MiB, 81920 MiB, 0 %
2026/07/04 07:23:28.155, 2, 0 MiB, 81920 MiB, 0 %
2026/07/04 07:23:28.155, 3, 0 MiB, 81920 MiB, 0 %
2026/07/04 07:23:28.156, 4, 0 MiB, 81920 MiB, 0 %
2026/07/04 07:23:28.156, 5, 0 MiB, 81920 MiB, 0 %
2026/07/04 07:23:28.156, 6, 0 MiB, 81920 MiB, 0 %
2026/07/04 07:23:28.156, 7, 0 MiB, 81920 MiB, 0 %
2026/07/04 07:23:38.157, 0, 0 MiB, 81920 MiB, 0 %
2026/07/04 07:23:38.158, 1, 14959 MiB, 81920 MiB, 0 %
2026/07/04 07:23:38.158, 2, 0 MiB, 81920 MiB, 0 %
2026/07/04 07:23:38.158, 3, 0 MiB, 81920 MiB, 0 %
2026/07/04 07:23:38.159, 4, 0 MiB, 81920 MiB, 0 %
2026/07/04 07:23:38.159, 5, 0 MiB, 81920 MiB, 0 %
2026/07/04 07:23:38.159, 6, 0 MiB, 81920 MiB, 0 %
2026/07/04 07:23:38.160, 7, 0 MiB, 81920 MiB, 0 %
2026/07/04 07:23:48.160, 0, 0 MiB, 81920 MiB, 0 %
2026/07/04 07:23:48.161, 1, 14959 MiB, 81920 MiB, 0 %
2026/07/04 07:23:48.161, 2, 0 MiB, 81920 MiB, 0 %
2026/07/04 07:23:48.162, 3, 0 MiB, 81920 MiB, 0 %
2026/07/04 07:23:48.162, 4, 0 MiB, 81920 MiB, 0 %
2026/07/04 07:23:48.162, 5, 0 MiB, 81920 MiB, 0 %
2026/07/04 07:23:48.163, 6, 0 MiB, 81920 MiB, 0 %
2026/07/04 07:23:48.163, 7, 0 MiB, 81920 MiB, 0 %
2026/07/04 07:23:58.164, 0, 0 MiB, 81920 MiB, 0 %
2026/07/04 07:23:58.164, 1, 14959 MiB, 81920 MiB, 0 %
2026/07/04 07:23:58.165, 2, 0 MiB, 81920 MiB, 0 %
2026/07/04 07:23:58.165, 3, 0 MiB, 81920 MiB, 0 %
2026/07/04 07:23:58.165, 4, 0 MiB, 81920 MiB, 0 %
2026/07/04 07:23:58.165, 5, 0 MiB, 81920 MiB, 0 %
2026/07/04 07:23:58.166, 6, 0 MiB, 81920 MiB, 0 %
2026/07/04 07:23:58.166, 7, 0 MiB, 81920 MiB, 0 %
2026/07/04 07:24:08.167, 0, 0 MiB, 81920 MiB, 0 %
2026/07/04 07:24:08.167, 1, 14959 MiB, 81920 MiB, 0 %
2026/07/04 07:24:08.168, 2, 0 MiB, 81920 MiB, 0 %
2026/07/04 07:24:08.168, 3, 0 MiB, 81920 MiB, 0 %
2026/07/04 07:24:08.168, 4, 0 MiB, 81920 MiB, 0 %
2026/07/04 07:24:08.169, 5, 0 MiB, 81920 MiB, 0 %
2026/07/04 07:24:08.169, 6, 0 MiB, 81920 MiB, 0 %
2026/07/04 07:24:08.169, 7, 0 MiB, 81920 MiB, 0 %
2026/07/04 07:24:18.170, 0, 0 MiB, 81920 MiB, 0 %
2026/07/04 07:24:18.171, 1, 14959 MiB, 81920 MiB, 0 %
2026/07/04 07:24:18.171, 2, 0 MiB, 81920 MiB, 0 %
2026/07/04 07:24:18.171, 3, 0 MiB, 81920 MiB, 0 %
2026/07/04 07:24:18.172, 4, 0 MiB, 81920 MiB, 0 %
2026/07/04 07:24:18.172, 5, 0 MiB, 81920 MiB, 0 %
2026/07/04 07:24:18.172, 6, 0 MiB, 81920 MiB, 0 %
2026/07/04 07:24:18.172, 7, 0 MiB, 81920 MiB, 0 %
2026/07/04 07:24:28.173, 0, 0 MiB, 81920 MiB, 0 %
2026/07/04 07:24:28.174, 1, 14959 MiB, 81920 MiB, 70 %
2026/07/04 07:24:28.174, 2, 0 MiB, 81920 MiB, 0 %
2026/07/04 07:24:28.174, 3, 0 MiB, 81920 MiB, 0 %
2026/07/04 07:24:28.175, 4, 0 MiB, 81920 MiB, 0 %
2026/07/04 07:24:28.175, 5, 0 MiB, 81920 MiB, 0 %
2026/07/04 07:24:28.175, 6, 0 MiB, 81920 MiB, 0 %
2026/07/04 07:24:28.176, 7, 0 MiB, 81920 MiB, 0 %
2026/07/04 07:24:38.177, 0, 0 MiB, 81920 MiB, 0 %
2026/07/04 07:24:38.177, 1, 14959 MiB, 81920 MiB, 0 %
2026/07/04 07:24:38.177, 2, 0 MiB, 81920 MiB, 0 %
2026/07/04 07:24:38.178, 3, 0 MiB, 81920 MiB, 0 %
2026/07/04 07:24:38.178, 4, 0 MiB, 81920 MiB, 0 %
2026/07/04 07:24:38.178, 5, 0 MiB, 81920 MiB, 0 %
2026/07/04 07:24:38.178, 6, 0 MiB, 81920 MiB, 0 %
2026/07/04 07:24:38.179, 7, 0 MiB, 81920 MiB, 0 %
2026/07/04 07:24:48.180, 0, 0 MiB, 81920 MiB, 0 %
2026/07/04 07:24:48.180, 1, 14959 MiB, 81920 MiB, 0 %
2026/07/04 07:24:48.181, 2, 0 MiB, 81920 MiB, 0 %
2026/07/04 07:24:48.181, 3, 0 MiB, 81920 MiB, 0 %
2026/07/04 07:24:48.181, 4, 0 MiB, 81920 MiB, 0 %
2026/07/04 07:24:48.182, 5, 0 MiB, 81920 MiB, 0 %
2026/07/04 07:24:48.182, 6, 0 MiB, 81920 MiB, 0 %
2026/07/04 07:24:48.182, 7, 0 MiB, 81920 MiB, 0 %
2026/07/04 07:24:58.183, 0, 0 MiB, 81920 MiB, 0 %
2026/07/04 07:24:58.184, 1, 14959 MiB, 81920 MiB, 0 %
2026/07/04 07:24:58.184, 2, 0 MiB, 81920 MiB, 0 %
2026/07/04 07:24:58.184, 3, 0 MiB, 81920 MiB, 0 %
2026/07/04 07:24:58.184, 4, 0 MiB, 81920 MiB, 0 %
2026/07/04 07:24:58.185, 5, 0 MiB, 81920 MiB, 0 %
2026/07/04 07:24:58.185, 6, 0 MiB, 81920 MiB, 0 %
2026/07/04 07:24:58.185, 7, 0 MiB, 81920 MiB, 0 %
2026/07/04 07:25:08.186, 0, 0 MiB, 81920 MiB, 0 %
2026/07/04 07:25:08.187, 1, 14959 MiB, 81920 MiB, 0 %
2026/07/04 07:25:08.187, 2, 0 MiB, 81920 MiB, 0 %
2026/07/04 07:25:08.188, 3, 0 MiB, 81920 MiB, 0 %
2026/07/04 07:25:08.188, 4, 0 MiB, 81920 MiB, 0 %
2026/07/04 07:25:08.188, 5, 0 MiB, 81920 MiB, 0 %
2026/07/04 07:25:08.188, 6, 0 MiB, 81920 MiB, 0 %
2026/07/04 07:25:08.189, 7, 0 MiB, 81920 MiB, 0 %
2026/07/04 07:25:18.190, 0, 0 MiB, 81920 MiB, 0 %
2026/07/04 07:25:18.190, 1, 14959 MiB, 81920 MiB, 0 %
2026/07/04 07:25:18.190, 2, 0 MiB, 81920 MiB, 0 %
2026/07/04 07:25:18.191, 3, 0 MiB, 81920 MiB, 0 %
2026/07/04 07:25:18.191, 4, 0 MiB, 81920 MiB, 0 %
2026/07/04 07:25:18.191, 5, 0 MiB, 81920 MiB, 0 %
2026/07/04 07:25:18.192, 6, 0 MiB, 81920 MiB, 0 %
2026/07/04 07:25:18.192, 7, 0 MiB, 81920 MiB, 0 %
2026/07/04 07:25:28.193, 0, 0 MiB, 81920 MiB, 0 %
2026/07/04 07:25:28.193, 1, 14959 MiB, 81920 MiB, 0 %
2026/07/04 07:25:28.194, 2, 0 MiB, 81920 MiB, 0 %
2026/07/04 07:25:28.194, 3, 0 MiB, 81920 MiB, 0 %
2026/07/04 07:25:28.194, 4, 0 MiB, 81920 MiB, 0 %
2026/07/04 07:25:28.194, 5, 0 MiB, 81920 MiB, 0 %
2026/07/04 07:25:28.195, 6, 0 MiB, 81920 MiB, 0 %
2026/07/04 07:25:28.195, 7, 0 MiB, 81920 MiB, 0 %
2026/07/04 07:25:38.196, 0, 0 MiB, 81920 MiB, 0 %
2026/07/04 07:25:38.197, 1, 14959 MiB, 81920 MiB, 0 %
2026/07/04 07:25:38.197, 2, 0 MiB, 81920 MiB, 0 %
2026/07/04 07:25:38.197, 3, 0 MiB, 81920 MiB, 0 %
2026/07/04 07:25:38.197, 4, 0 MiB, 81920 MiB, 0 %
2026/07/04 07:25:38.198, 5, 0 MiB, 81920 MiB, 0 %
2026/07/04 07:25:38.198, 6, 0 MiB, 81920 MiB, 0 %
2026/07/04 07:25:38.198, 7, 0 MiB, 81920 MiB, 0 %
2026/07/04 07:25:48.199, 0, 0 MiB, 81920 MiB, 0 %
2026/07/04 07:25:48.200, 1, 14959 MiB, 81920 MiB, 70 %
2026/07/04 07:25:48.200, 2, 0 MiB, 81920 MiB, 0 %
2026/07/04 07:25:48.200, 3, 0 MiB, 81920 MiB, 0 %
2026/07/04 07:25:48.201, 4, 0 MiB, 81920 MiB, 0 %
2026/07/04 07:25:48.201, 5, 0 MiB, 81920 MiB, 0 %
2026/07/04 07:25:48.201, 6, 0 MiB, 81920 MiB, 0 %
2026/07/04 07:25:48.202, 7, 0 MiB, 81920 MiB, 0 %
2026/07/04 07:25:58.203, 0, 0 MiB, 81920 MiB, 0 %
2026/07/04 07:25:58.203, 1, 14959 MiB, 81920 MiB, 0 %
2026/07/04 07:25:58.204, 2, 0 MiB, 81920 MiB, 0 %
2026/07/04 07:25:58.204, 3, 0 MiB, 81920 MiB, 0 %
2026/07/04 07:25:58.204, 4, 0 MiB, 81920 MiB, 0 %
2026/07/04 07:25:58.205, 5, 0 MiB, 81920 MiB, 0 %
2026/07/04 07:25:58.205, 6, 0 MiB, 81920 MiB, 0 %
2026/07/04 07:25:58.205, 7, 0 MiB, 81920 MiB, 0 %
2026/07/04 07:26:08.206, 0, 0 MiB, 81920 MiB, 0 %
2026/07/04 07:26:08.207, 1, 14959 MiB, 81920 MiB, 0 %
2026/07/04 07:26:08.207, 2, 0 MiB, 81920 MiB, 0 %
2026/07/04 07:26:08.207, 3, 0 MiB, 81920 MiB, 0 %
2026/07/04 07:26:08.208, 4, 0 MiB, 81920 MiB, 0 %
2026/07/04 07:26:08.208, 5, 0 MiB, 81920 MiB, 0 %
2026/07/04 07:26:08.208, 6, 0 MiB, 81920 MiB, 0 %
2026/07/04 07:26:08.209, 7, 0 MiB, 81920 MiB, 0 %
2026/07/04 07:26:18.209, 0, 0 MiB, 81920 MiB, 0 %
2026/07/04 07:26:18.210, 1, 14959 MiB, 81920 MiB, 0 %
2026/07/04 07:26:18.210, 2, 0 MiB, 81920 MiB, 0 %
2026/07/04 07:26:18.211, 3, 0 MiB, 81920 MiB, 0 %
2026/07/04 07:26:18.211, 4, 0 MiB, 81920 MiB, 0 %
2026/07/04 07:26:18.211, 5, 0 MiB, 81920 MiB, 0 %
2026/07/04 07:26:18.212, 6, 0 MiB, 81920 MiB, 0 %
2026/07/04 07:26:18.212, 7, 0 MiB, 81920 MiB, 0 %
2026/07/04 07:26:28.213, 0, 0 MiB, 81920 MiB, 0 %
2026/07/04 07:26:28.213, 1, 14959 MiB, 81920 MiB, 0 %
2026/07/04 07:26:28.213, 2, 0 MiB, 81920 MiB, 0 %
2026/07/04 07:26:28.214, 3, 0 MiB, 81920 MiB, 0 %
2026/07/04 07:26:28.214, 4, 0 MiB, 81920 MiB, 0 %
2026/07/04 07:26:28.214, 5, 0 MiB, 81920 MiB, 0 %
2026/07/04 07:26:28.215, 6, 0 MiB, 81920 MiB, 0 %
2026/07/04 07:26:28.215, 7, 0 MiB, 81920 MiB, 0 %
2026/07/04 07:26:38.216, 0, 0 MiB, 81920 MiB, 0 %
2026/07/04 07:26:38.217, 1, 14959 MiB, 81920 MiB, 0 %
2026/07/04 07:26:38.217, 2, 0 MiB, 81920 MiB, 0 %
2026/07/04 07:26:38.217, 3, 0 MiB, 81920 MiB, 0 %
2026/07/04 07:26:38.218, 4, 0 MiB, 81920 MiB, 0 %
2026/07/04 07:26:38.218, 5, 0 MiB, 81920 MiB, 0 %
2026/07/04 07:26:38.218, 6, 0 MiB, 81920 MiB, 0 %
2026/07/04 07:26:38.218, 7, 0 MiB, 81920 MiB, 0 %
2026/07/04 07:26:48.219, 0, 0 MiB, 81920 MiB, 0 %
2026/07/04 07:26:48.220, 1, 14959 MiB, 81920 MiB, 72 %
2026/07/04 07:26:48.220, 2, 0 MiB, 81920 MiB, 0 %
2026/07/04 07:26:48.220, 3, 0 MiB, 81920 MiB, 0 %
2026/07/04 07:26:48.221, 4, 0 MiB, 81920 MiB, 0 %
2026/07/04 07:26:48.221, 5, 0 MiB, 81920 MiB, 0 %
2026/07/04 07:26:48.221, 6, 0 MiB, 81920 MiB, 0 %
2026/07/04 07:26:48.222, 7, 0 MiB, 81920 MiB, 0 %
2026/07/04 07:26:58.222, 0, 0 MiB, 81920 MiB, 0 %
2026/07/04 07:26:58.223, 1, 14959 MiB, 81920 MiB, 0 %
2026/07/04 07:26:58.223, 2, 0 MiB, 81920 MiB, 0 %
2026/07/04 07:26:58.223, 3, 0 MiB, 81920 MiB, 0 %
2026/07/04 07:26:58.224, 4, 0 MiB, 81920 MiB, 0 %
2026/07/04 07:26:58.224, 5, 0 MiB, 81920 MiB, 0 %
2026/07/04 07:26:58.224, 6, 0 MiB, 81920 MiB, 0 %
2026/07/04 07:26:58.225, 7, 0 MiB, 81920 MiB, 0 %
2026/07/04 07:27:08.226, 0, 0 MiB, 81920 MiB, 0 %
2026/07/04 07:27:08.226, 1, 14959 MiB, 81920 MiB, 0 %
2026/07/04 07:27:08.227, 2, 0 MiB, 81920 MiB, 0 %
2026/07/04 07:27:08.227, 3, 0 MiB, 81920 MiB, 0 %
2026/07/04 07:27:08.227, 4, 0 MiB, 81920 MiB, 0 %
2026/07/04 07:27:08.227, 5, 0 MiB, 81920 MiB, 0 %
2026/07/04 07:27:08.228, 6, 0 MiB, 81920 MiB, 0 %
2026/07/04 07:27:08.228, 7, 0 MiB, 81920 MiB, 0 %
2026/07/04 07:27:18.229, 0, 0 MiB, 81920 MiB, 0 %
2026/07/04 07:27:18.229, 1, 14959 MiB, 81920 MiB, 0 %
2026/07/04 07:27:18.230, 2, 0 MiB, 81920 MiB, 0 %
2026/07/04 07:27:18.230, 3, 0 MiB, 81920 MiB, 0 %
2026/07/04 07:27:18.230, 4, 0 MiB, 81920 MiB, 0 %
2026/07/04 07:27:18.231, 5, 0 MiB, 81920 MiB, 0 %
2026/07/04 07:27:18.231, 6, 0 MiB, 81920 MiB, 0 %
2026/07/04 07:27:18.231, 7, 0 MiB, 81920 MiB, 0 %
2026/07/04 07:27:28.232, 0, 0 MiB, 81920 MiB, 0 %
2026/07/04 07:27:28.233, 1, 14959 MiB, 81920 MiB, 0 %
2026/07/04 07:27:28.233, 2, 0 MiB, 81920 MiB, 0 %
2026/07/04 07:27:28.233, 3, 0 MiB, 81920 MiB, 0 %
2026/07/04 07:27:28.233, 4, 0 MiB, 81920 MiB, 0 %
2026/07/04 07:27:28.234, 5, 0 MiB, 81920 MiB, 0 %
2026/07/04 07:27:28.234, 6, 0 MiB, 81920 MiB, 0 %
2026/07/04 07:27:28.234, 7, 0 MiB, 81920 MiB, 0 %
2026/07/04 07:27:38.235, 0, 0 MiB, 81920 MiB, 0 %
2026/07/04 07:27:38.236, 1, 14959 MiB, 81920 MiB, 71 %
2026/07/04 07:27:38.236, 2, 0 MiB, 81920 MiB, 0 %
2026/07/04 07:27:38.236, 3, 0 MiB, 81920 MiB, 0 %
2026/07/04 07:27:38.237, 4, 0 MiB, 81920 MiB, 0 %
2026/07/04 07:27:38.237, 5, 0 MiB, 81920 MiB, 0 %
2026/07/04 07:27:38.237, 6, 0 MiB, 81920 MiB, 0 %
2026/07/04 07:27:38.238, 7, 0 MiB, 81920 MiB, 0 %
2026/07/04 07:27:48.238, 0, 0 MiB, 81920 MiB, 0 %
2026/07/04 07:27:48.239, 1, 14959 MiB, 81920 MiB, 0 %
2026/07/04 07:27:48.239, 2, 0 MiB, 81920 MiB, 0 %
2026/07/04 07:27:48.240, 3, 0 MiB, 81920 MiB, 0 %
2026/07/04 07:27:48.240, 4, 0 MiB, 81920 MiB, 0 %
2026/07/04 07:27:48.240, 5, 0 MiB, 81920 MiB, 0 %
2026/07/04 07:27:48.240, 6, 0 MiB, 81920 MiB, 0 %
2026/07/04 07:27:48.241, 7, 0 MiB, 81920 MiB, 0 %
2026/07/04 07:27:58.242, 0, 0 MiB, 81920 MiB, 0 %
2026/07/04 07:27:58.242, 1, 14959 MiB, 81920 MiB, 0 %
2026/07/04 07:27:58.243, 2, 0 MiB, 81920 MiB, 0 %
2026/07/04 07:27:58.243, 3, 0 MiB, 81920 MiB, 0 %
2026/07/04 07:27:58.243, 4, 0 MiB, 81920 MiB, 0 %
2026/07/04 07:27:58.244, 5, 0 MiB, 81920 MiB, 0 %
2026/07/04 07:27:58.244, 6, 0 MiB, 81920 MiB, 0 %
2026/07/04 07:27:58.244, 7, 0 MiB, 81920 MiB, 0 %
2026/07/04 07:28:08.245, 0, 0 MiB, 81920 MiB, 0 %
2026/07/04 07:28:08.246, 1, 14959 MiB, 81920 MiB, 0 %
2026/07/04 07:28:08.246, 2, 0 MiB, 81920 MiB, 0 %
2026/07/04 07:28:08.246, 3, 0 MiB, 81920 MiB, 0 %
2026/07/04 07:28:08.247, 4, 0 MiB, 81920 MiB, 0 %
2026/07/04 07:28:08.247, 5, 0 MiB, 81920 MiB, 0 %
2026/07/04 07:28:08.247, 6, 0 MiB, 81920 MiB, 0 %
2026/07/04 07:28:08.247, 7, 0 MiB, 81920 MiB, 0 %
2026/07/04 07:28:18.248, 0, 0 MiB, 81920 MiB, 0 %
2026/07/04 07:28:18.249, 1, 14959 MiB, 81920 MiB, 0 %
2026/07/04 07:28:18.249, 2, 0 MiB, 81920 MiB, 0 %
2026/07/04 07:28:18.249, 3, 0 MiB, 81920 MiB, 0 %
2026/07/04 07:28:18.250, 4, 0 MiB, 81920 MiB, 0 %
2026/07/04 07:28:18.250, 5, 0 MiB, 81920 MiB, 0 %
2026/07/04 07:28:18.250, 6, 0 MiB, 81920 MiB, 0 %
2026/07/04 07:28:18.251, 7, 0 MiB, 81920 MiB, 0 %
2026/07/04 07:28:28.252, 0, 0 MiB, 81920 MiB, 0 %
2026/07/04 07:28:28.252, 1, 14959 MiB, 81920 MiB, 0 %
2026/07/04 07:28:28.252, 2, 0 MiB, 81920 MiB, 0 %
2026/07/04 07:28:28.253, 3, 0 MiB, 81920 MiB, 0 %
2026/07/04 07:28:28.253, 4, 0 MiB, 81920 MiB, 0 %
2026/07/04 07:28:28.253, 5, 0 MiB, 81920 MiB, 0 %
2026/07/04 07:28:28.253, 6, 0 MiB, 81920 MiB, 0 %
2026/07/04 07:28:28.254, 7, 0 MiB, 81920 MiB, 0 %
2026/07/04 07:28:38.255, 0, 0 MiB, 81920 MiB, 0 %
2026/07/04 07:28:38.255, 1, 14959 MiB, 81920 MiB, 0 %
2026/07/04 07:28:38.256, 2, 0 MiB, 81920 MiB, 0 %
2026/07/04 07:28:38.256, 3, 0 MiB, 81920 MiB, 0 %
2026/07/04 07:28:38.256, 4, 0 MiB, 81920 MiB, 0 %
2026/07/04 07:28:38.256, 5, 0 MiB, 81920 MiB, 0 %
2026/07/04 07:28:38.257, 6, 0 MiB, 81920 MiB, 0 %
2026/07/04 07:28:38.257, 7, 0 MiB, 81920 MiB, 0 %
2026/07/04 07:28:48.258, 0, 0 MiB, 81920 MiB, 0 %
2026/07/04 07:28:48.258, 1, 14959 MiB, 81920 MiB, 0 %
2026/07/04 07:28:48.259, 2, 0 MiB, 81920 MiB, 0 %
2026/07/04 07:28:48.259, 3, 0 MiB, 81920 MiB, 0 %
2026/07/04 07:28:48.259, 4, 0 MiB, 81920 MiB, 0 %
2026/07/04 07:28:48.260, 5, 0 MiB, 81920 MiB, 0 %
2026/07/04 07:28:48.260, 6, 0 MiB, 81920 MiB, 0 %
2026/07/04 07:28:48.260, 7, 0 MiB, 81920 MiB, 0 %
2026/07/04 07:28:58.261, 0, 0 MiB, 81920 MiB, 0 %
2026/07/04 07:28:58.262, 1, 14959 MiB, 81920 MiB, 0 %
2026/07/04 07:28:58.262, 2, 0 MiB, 81920 MiB, 0 %
2026/07/04 07:28:58.262, 3, 0 MiB, 81920 MiB, 0 %
2026/07/04 07:28:58.263, 4, 0 MiB, 81920 MiB, 0 %
2026/07/04 07:28:58.263, 5, 0 MiB, 81920 MiB, 0 %
2026/07/04 07:28:58.263, 6, 0 MiB, 81920 MiB, 0 %
2026/07/04 07:28:58.263, 7, 0 MiB, 81920 MiB, 0 %
2026/07/04 07:29:08.264, 0, 0 MiB, 81920 MiB, 0 %
2026/07/04 07:29:08.265, 1, 14959 MiB, 81920 MiB, 0 %
2026/07/04 07:29:08.265, 2, 0 MiB, 81920 MiB, 0 %
2026/07/04 07:29:08.266, 3, 0 MiB, 81920 MiB, 0 %
2026/07/04 07:29:08.266, 4, 0 MiB, 81920 MiB, 0 %
2026/07/04 07:29:08.266, 5, 0 MiB, 81920 MiB, 0 %
2026/07/04 07:29:08.266, 6, 0 MiB, 81920 MiB, 0 %
2026/07/04 07:29:08.267, 7, 0 MiB, 81920 MiB, 0 %
2026/07/04 07:29:18.268, 0, 0 MiB, 81920 MiB, 0 %
2026/07/04 07:29:18.268, 1, 14959 MiB, 81920 MiB, 0 %
2026/07/04 07:29:18.268, 2, 0 MiB, 81920 MiB, 0 %
2026/07/04 07:29:18.269, 3, 0 MiB, 81920 MiB, 0 %
2026/07/04 07:29:18.269, 4, 0 MiB, 81920 MiB, 0 %
2026/07/04 07:29:18.269, 5, 0 MiB, 81920 MiB, 0 %
2026/07/04 07:29:18.270, 6, 0 MiB, 81920 MiB, 0 %
2026/07/04 07:29:18.270, 7, 0 MiB, 81920 MiB, 0 %
2026/07/04 07:29:28.271, 0, 0 MiB, 81920 MiB, 0 %
2026/07/04 07:29:28.271, 1, 14959 MiB, 81920 MiB, 0 %
2026/07/04 07:29:28.272, 2, 0 MiB, 81920 MiB, 0 %
2026/07/04 07:29:28.272, 3, 0 MiB, 81920 MiB, 0 %
2026/07/04 07:29:28.272, 4, 0 MiB, 81920 MiB, 0 %
2026/07/04 07:29:28.273, 5, 0 MiB, 81920 MiB, 0 %
2026/07/04 07:29:28.273, 6, 0 MiB, 81920 MiB, 0 %
2026/07/04 07:29:28.273, 7, 0 MiB, 81920 MiB, 0 %
2026/07/04 07:29:38.274, 0, 0 MiB, 81920 MiB, 0 %
2026/07/04 07:29:38.275, 1, 14959 MiB, 81920 MiB, 62 %
2026/07/04 07:29:38.275, 2, 0 MiB, 81920 MiB, 0 %
2026/07/04 07:29:38.275, 3, 0 MiB, 81920 MiB, 0 %
2026/07/04 07:29:38.276, 4, 0 MiB, 81920 MiB, 0 %
2026/07/04 07:29:38.276, 5, 0 MiB, 81920 MiB, 0 %
2026/07/04 07:29:38.276, 6, 0 MiB, 81920 MiB, 0 %
2026/07/04 07:29:38.277, 7, 0 MiB, 81920 MiB, 0 %
2026/07/04 07:29:48.278, 0, 0 MiB, 81920 MiB, 0 %
2026/07/04 07:29:48.278, 1, 14959 MiB, 81920 MiB, 19 %
2026/07/04 07:29:48.278, 2, 0 MiB, 81920 MiB, 0 %
2026/07/04 07:29:48.279, 3, 0 MiB, 81920 MiB, 0 %
2026/07/04 07:29:48.279, 4, 0 MiB, 81920 MiB, 0 %
2026/07/04 07:29:48.279, 5, 0 MiB, 81920 MiB, 0 %
2026/07/04 07:29:48.280, 6, 0 MiB, 81920 MiB, 0 %
2026/07/04 07:29:48.280, 7, 0 MiB, 81920 MiB, 0 %
2026/07/04 07:29:58.281, 0, 0 MiB, 81920 MiB, 0 %
2026/07/04 07:29:58.281, 1, 14959 MiB, 81920 MiB, 0 %
2026/07/04 07:29:58.282, 2, 0 MiB, 81920 MiB, 0 %
2026/07/04 07:29:58.282, 3, 0 MiB, 81920 MiB, 0 %
2026/07/04 07:29:58.282, 4, 0 MiB, 81920 MiB, 0 %
2026/07/04 07:29:58.283, 5, 0 MiB, 81920 MiB, 0 %
2026/07/04 07:29:58.283, 6, 0 MiB, 81920 MiB, 0 %
2026/07/04 07:29:58.283, 7, 0 MiB, 81920 MiB, 0 %
2026/07/04 07:30:08.284, 0, 0 MiB, 81920 MiB, 0 %
2026/07/04 07:30:08.284, 1, 14959 MiB, 81920 MiB, 0 %
2026/07/04 07:30:08.285, 2, 0 MiB, 81920 MiB, 0 %
2026/07/04 07:30:08.285, 3, 0 MiB, 81920 MiB, 0 %
2026/07/04 07:30:08.285, 4, 0 MiB, 81920 MiB, 0 %
2026/07/04 07:30:08.286, 5, 0 MiB, 81920 MiB, 0 %
2026/07/04 07:30:08.286, 6, 0 MiB, 81920 MiB, 0 %
2026/07/04 07:30:08.286, 7, 0 MiB, 81920 MiB, 0 %
2026/07/04 07:30:18.287, 0, 0 MiB, 81920 MiB, 0 %
2026/07/04 07:30:18.288, 1, 14959 MiB, 81920 MiB, 0 %
2026/07/04 07:30:18.288, 2, 0 MiB, 81920 MiB, 0 %
2026/07/04 07:30:18.288, 3, 0 MiB, 81920 MiB, 0 %
2026/07/04 07:30:18.289, 4, 0 MiB, 81920 MiB, 0 %
2026/07/04 07:30:18.289, 5, 0 MiB, 81920 MiB, 0 %
2026/07/04 07:30:18.289, 6, 0 MiB, 81920 MiB, 0 %
2026/07/04 07:30:18.290, 7, 0 MiB, 81920 MiB, 0 %
2026/07/04 07:30:28.291, 0, 0 MiB, 81920 MiB, 0 %
2026/07/04 07:30:28.291, 1, 14959 MiB, 81920 MiB, 72 %
2026/07/04 07:30:28.292, 2, 0 MiB, 81920 MiB, 0 %
2026/07/04 07:30:28.292, 3, 0 MiB, 81920 MiB, 0 %
2026/07/04 07:30:28.292, 4, 0 MiB, 81920 MiB, 0 %
2026/07/04 07:30:28.292, 5, 0 MiB, 81920 MiB, 0 %
2026/07/04 07:30:28.293, 6, 0 MiB, 81920 MiB, 0 %
2026/07/04 07:30:28.293, 7, 0 MiB, 81920 MiB, 0 %
2026/07/04 07:30:38.294, 0, 0 MiB, 81920 MiB, 0 %
2026/07/04 07:30:38.294, 1, 14959 MiB, 81920 MiB, 0 %
2026/07/04 07:30:38.295, 2, 0 MiB, 81920 MiB, 0 %
2026/07/04 07:30:38.295, 3, 0 MiB, 81920 MiB, 0 %
2026/07/04 07:30:38.295, 4, 0 MiB, 81920 MiB, 0 %
2026/07/04 07:30:38.296, 5, 0 MiB, 81920 MiB, 0 %
2026/07/04 07:30:38.296, 6, 0 MiB, 81920 MiB, 0 %
2026/07/04 07:30:38.296, 7, 0 MiB, 81920 MiB, 0 %
2026/07/04 07:30:48.297, 0, 0 MiB, 81920 MiB, 0 %
2026/07/04 07:30:48.298, 1, 14959 MiB, 81920 MiB, 0 %
2026/07/04 07:30:48.298, 2, 0 MiB, 81920 MiB, 0 %
2026/07/04 07:30:48.298, 3, 0 MiB, 81920 MiB, 0 %
2026/07/04 07:30:48.299, 4, 0 MiB, 81920 MiB, 0 %
2026/07/04 07:30:48.299, 5, 0 MiB, 81920 MiB, 0 %
2026/07/04 07:30:48.299, 6, 0 MiB, 81920 MiB, 0 %
2026/07/04 07:30:48.300, 7, 0 MiB, 81920 MiB, 0 %
2026/07/04 07:30:58.301, 0, 0 MiB, 81920 MiB, 0 %
2026/07/04 07:30:58.301, 1, 14959 MiB, 81920 MiB, 0 %
2026/07/04 07:30:58.301, 2, 0 MiB, 81920 MiB, 0 %
2026/07/04 07:30:58.302, 3, 0 MiB, 81920 MiB, 0 %
2026/07/04 07:30:58.302, 4, 0 MiB, 81920 MiB, 0 %
2026/07/04 07:30:58.302, 5, 0 MiB, 81920 MiB, 0 %
2026/07/04 07:30:58.303, 6, 0 MiB, 81920 MiB, 0 %
2026/07/04 07:30:58.303, 7, 0 MiB, 81920 MiB, 0 %
2026/07/04 07:31:08.304, 0, 0 MiB, 81920 MiB, 0 %
2026/07/04 07:31:08.304, 1, 14959 MiB, 81920 MiB, 0 %
2026/07/04 07:31:08.305, 2, 0 MiB, 81920 MiB, 0 %
2026/07/04 07:31:08.305, 3, 0 MiB, 81920 MiB, 0 %
2026/07/04 07:31:08.305, 4, 0 MiB, 81920 MiB, 0 %
2026/07/04 07:31:08.305, 5, 0 MiB, 81920 MiB, 0 %
2026/07/04 07:31:08.306, 6, 0 MiB, 81920 MiB, 0 %
2026/07/04 07:31:08.306, 7, 0 MiB, 81920 MiB, 0 %
2026/07/04 07:31:18.307, 0, 0 MiB, 81920 MiB, 0 %
2026/07/04 07:31:18.307, 1, 14959 MiB, 81920 MiB, 100 %
2026/07/04 07:31:18.308, 2, 0 MiB, 81920 MiB, 0 %
2026/07/04 07:31:18.308, 3, 0 MiB, 81920 MiB, 0 %
2026/07/04 07:31:18.308, 4, 0 MiB, 81920 MiB, 0 %
2026/07/04 07:31:18.309, 5, 0 MiB, 81920 MiB, 0 %
2026/07/04 07:31:18.309, 6, 0 MiB, 81920 MiB, 0 %
2026/07/04 07:31:18.309, 7, 0 MiB, 81920 MiB, 0 %
2026/07/04 07:31:28.310, 0, 0 MiB, 81920 MiB, 0 %
2026/07/04 07:31:28.311, 1, 14959 MiB, 81920 MiB, 0 %
2026/07/04 07:31:28.311, 2, 0 MiB, 81920 MiB, 0 %
2026/07/04 07:31:28.311, 3, 0 MiB, 81920 MiB, 0 %
2026/07/04 07:31:28.311, 4, 0 MiB, 81920 MiB, 0 %
2026/07/04 07:31:28.312, 5, 0 MiB, 81920 MiB, 0 %
2026/07/04 07:31:28.312, 6, 0 MiB, 81920 MiB, 0 %
2026/07/04 07:31:28.312, 7, 0 MiB, 81920 MiB, 0 %
2026/07/04 07:31:38.314, 0, 0 MiB, 81920 MiB, 0 %
2026/07/04 07:31:38.314, 1, 14959 MiB, 81920 MiB, 0 %
2026/07/04 07:31:38.314, 2, 0 MiB, 81920 MiB, 0 %
2026/07/04 07:31:38.315, 3, 0 MiB, 81920 MiB, 0 %
2026/07/04 07:31:38.315, 4, 0 MiB, 81920 MiB, 0 %
2026/07/04 07:31:38.315, 5, 0 MiB, 81920 MiB, 0 %
2026/07/04 07:31:38.316, 6, 0 MiB, 81920 MiB, 0 %
2026/07/04 07:31:38.316, 7, 0 MiB, 81920 MiB, 0 %
2026/07/04 07:31:48.317, 0, 0 MiB, 81920 MiB, 0 %
2026/07/04 07:31:48.317, 1, 14959 MiB, 81920 MiB, 0 %
2026/07/04 07:31:48.318, 2, 0 MiB, 81920 MiB, 0 %
2026/07/04 07:31:48.318, 3, 0 MiB, 81920 MiB, 0 %
2026/07/04 07:31:48.318, 4, 0 MiB, 81920 MiB, 0 %
2026/07/04 07:31:48.318, 5, 0 MiB, 81920 MiB, 0 %
2026/07/04 07:31:48.319, 6, 0 MiB, 81920 MiB, 0 %
2026/07/04 07:31:48.319, 7, 0 MiB, 81920 MiB, 0 %
2026/07/04 07:31:58.320, 0, 0 MiB, 81920 MiB, 0 %
2026/07/04 07:31:58.320, 1, 14959 MiB, 81920 MiB, 0 %
2026/07/04 07:31:58.321, 2, 0 MiB, 81920 MiB, 0 %
2026/07/04 07:31:58.321, 3, 0 MiB, 81920 MiB, 0 %
2026/07/04 07:31:58.321, 4, 0 MiB, 81920 MiB, 0 %
2026/07/04 07:31:58.322, 5, 0 MiB, 81920 MiB, 0 %
2026/07/04 07:31:58.322, 6, 0 MiB, 81920 MiB, 0 %
2026/07/04 07:31:58.322, 7, 0 MiB, 81920 MiB, 0 %
2026/07/04 07:32:08.323, 0, 0 MiB, 81920 MiB, 0 %
2026/07/04 07:32:08.324, 1, 14959 MiB, 81920 MiB, 0 %
2026/07/04 07:32:08.324, 2, 0 MiB, 81920 MiB, 0 %
2026/07/04 07:32:08.324, 3, 0 MiB, 81920 MiB, 0 %
2026/07/04 07:32:08.324, 4, 0 MiB, 81920 MiB, 0 %
2026/07/04 07:32:08.325, 5, 0 MiB, 81920 MiB, 0 %
2026/07/04 07:32:08.325, 6, 0 MiB, 81920 MiB, 0 %
2026/07/04 07:32:08.325, 7, 0 MiB, 81920 MiB, 0 %
2026/07/04 07:32:18.326, 0, 0 MiB, 81920 MiB, 0 %
2026/07/04 07:32:18.327, 1, 14959 MiB, 81920 MiB, 0 %
2026/07/04 07:32:18.327, 2, 0 MiB, 81920 MiB, 0 %
2026/07/04 07:32:18.328, 3, 0 MiB, 81920 MiB, 0 %
2026/07/04 07:32:18.328, 4, 0 MiB, 81920 MiB, 0 %
2026/07/04 07:32:18.328, 5, 0 MiB, 81920 MiB, 0 %
2026/07/04 07:32:18.329, 6, 0 MiB, 81920 MiB, 0 %
2026/07/04 07:32:18.329, 7, 0 MiB, 81920 MiB, 0 %
2026/07/04 07:32:28.330, 0, 0 MiB, 81920 MiB, 0 %
2026/07/04 07:32:28.330, 1, 14959 MiB, 81920 MiB, 73 %
2026/07/04 07:32:28.331, 2, 0 MiB, 81920 MiB, 0 %
2026/07/04 07:32:28.331, 3, 0 MiB, 81920 MiB, 0 %
2026/07/04 07:32:28.331, 4, 0 MiB, 81920 MiB, 0 %
2026/07/04 07:32:28.331, 5, 0 MiB, 81920 MiB, 0 %
2026/07/04 07:32:28.332, 6, 0 MiB, 81920 MiB, 0 %
2026/07/04 07:32:28.332, 7, 0 MiB, 81920 MiB, 0 %
2026/07/04 07:32:38.333, 0, 0 MiB, 81920 MiB, 0 %
2026/07/04 07:32:38.333, 1, 14959 MiB, 81920 MiB, 0 %
2026/07/04 07:32:38.334, 2, 0 MiB, 81920 MiB, 0 %
2026/07/04 07:32:38.334, 3, 0 MiB, 81920 MiB, 0 %
2026/07/04 07:32:38.334, 4, 0 MiB, 81920 MiB, 0 %
2026/07/04 07:32:38.335, 5, 0 MiB, 81920 MiB, 0 %
2026/07/04 07:32:38.335, 6, 0 MiB, 81920 MiB, 0 %
2026/07/04 07:32:38.335, 7, 0 MiB, 81920 MiB, 0 %
2026/07/04 07:32:48.336, 0, 0 MiB, 81920 MiB, 0 %
2026/07/04 07:32:48.337, 1, 14959 MiB, 81920 MiB, 32 %
2026/07/04 07:32:48.337, 2, 0 MiB, 81920 MiB, 0 %
2026/07/04 07:32:48.338, 3, 0 MiB, 81920 MiB, 0 %
2026/07/04 07:32:48.338, 4, 0 MiB, 81920 MiB, 0 %
2026/07/04 07:32:48.338, 5, 0 MiB, 81920 MiB, 0 %
2026/07/04 07:32:48.338, 6, 0 MiB, 81920 MiB, 0 %
2026/07/04 07:32:48.339, 7, 0 MiB, 81920 MiB, 0 %
2026/07/04 07:32:58.339, 0, 0 MiB, 81920 MiB, 0 %
2026/07/04 07:32:58.340, 1, 14959 MiB, 81920 MiB, 73 %
2026/07/04 07:32:58.340, 2, 0 MiB, 81920 MiB, 0 %
2026/07/04 07:32:58.341, 3, 0 MiB, 81920 MiB, 0 %
2026/07/04 07:32:58.341, 4, 0 MiB, 81920 MiB, 0 %
2026/07/04 07:32:58.341, 5, 0 MiB, 81920 MiB, 0 %
2026/07/04 07:32:58.341, 6, 0 MiB, 81920 MiB, 0 %
2026/07/04 07:32:58.342, 7, 0 MiB, 81920 MiB, 0 %
2026/07/04 07:33:08.342, 0, 0 MiB, 81920 MiB, 0 %
2026/07/04 07:33:08.343, 1, 14959 MiB, 81920 MiB, 0 %
2026/07/04 07:33:08.343, 2, 0 MiB, 81920 MiB, 0 %
2026/07/04 07:33:08.344, 3, 0 MiB, 81920 MiB, 0 %
2026/07/04 07:33:08.344, 4, 0 MiB, 81920 MiB, 0 %
2026/07/04 07:33:08.344, 5, 0 MiB, 81920 MiB, 0 %
2026/07/04 07:33:08.344, 6, 0 MiB, 81920 MiB, 0 %
2026/07/04 07:33:08.345, 7, 0 MiB, 81920 MiB, 0 %
2026/07/04 07:33:18.346, 0, 0 MiB, 81920 MiB, 0 %
2026/07/04 07:33:18.346, 1, 14959 MiB, 81920 MiB, 0 %
2026/07/04 07:33:18.346, 2, 0 MiB, 81920 MiB, 0 %
2026/07/04 07:33:18.347, 3, 0 MiB, 81920 MiB, 0 %
2026/07/04 07:33:18.347, 4, 0 MiB, 81920 MiB, 0 %
2026/07/04 07:33:18.347, 5, 0 MiB, 81920 MiB, 0 %
2026/07/04 07:33:18.348, 6, 0 MiB, 81920 MiB, 0 %
2026/07/04 07:33:18.348, 7, 0 MiB, 81920 MiB, 0 %
2026/07/04 07:33:28.348, 0, 0 MiB, 81920 MiB, 0 %
2026/07/04 07:33:28.349, 1, 14959 MiB, 81920 MiB, 0 %
2026/07/04 07:33:28.349, 2, 0 MiB, 81920 MiB, 0 %
2026/07/04 07:33:28.350, 3, 0 MiB, 81920 MiB, 0 %
2026/07/04 07:33:28.350, 4, 0 MiB, 81920 MiB, 0 %
2026/07/04 07:33:28.350, 5, 0 MiB, 81920 MiB, 0 %
2026/07/04 07:33:28.350, 6, 0 MiB, 81920 MiB, 0 %
2026/07/04 07:33:28.351, 7, 0 MiB, 81920 MiB, 0 %
2026/07/04 07:33:38.351, 0, 0 MiB, 81920 MiB, 0 %
2026/07/04 07:33:38.352, 1, 14959 MiB, 81920 MiB, 90 %
2026/07/04 07:33:38.352, 2, 0 MiB, 81920 MiB, 0 %
2026/07/04 07:33:38.352, 3, 0 MiB, 81920 MiB, 0 %
2026/07/04 07:33:38.353, 4, 0 MiB, 81920 MiB, 0 %
2026/07/04 07:33:38.353, 5, 0 MiB, 81920 MiB, 0 %
2026/07/04 07:33:38.353, 6, 0 MiB, 81920 MiB, 0 %
2026/07/04 07:33:38.354, 7, 0 MiB, 81920 MiB, 0 %
2026/07/04 07:33:48.354, 0, 0 MiB, 81920 MiB, 0 %
2026/07/04 07:33:48.355, 1, 14959 MiB, 81920 MiB, 0 %
2026/07/04 07:33:48.355, 2, 0 MiB, 81920 MiB, 0 %
2026/07/04 07:33:48.355, 3, 0 MiB, 81920 MiB, 0 %
2026/07/04 07:33:48.355, 4, 0 MiB, 81920 MiB, 0 %
2026/07/04 07:33:48.356, 5, 0 MiB, 81920 MiB, 0 %
2026/07/04 07:33:48.356, 6, 0 MiB, 81920 MiB, 0 %
2026/07/04 07:33:48.356, 7, 0 MiB, 81920 MiB, 0 %
2026/07/04 07:33:58.356, 0, 0 MiB, 81920 MiB, 0 %
2026/07/04 07:33:58.357, 1, 14959 MiB, 81920 MiB, 0 %
2026/07/04 07:33:58.357, 2, 0 MiB, 81920 MiB, 0 %
2026/07/04 07:33:58.358, 3, 0 MiB, 81920 MiB, 0 %
2026/07/04 07:33:58.358, 4, 0 MiB, 81920 MiB, 0 %
2026/07/04 07:33:58.358, 5, 0 MiB, 81920 MiB, 0 %
2026/07/04 07:33:58.358, 6, 0 MiB, 81920 MiB, 0 %
2026/07/04 07:33:58.359, 7, 0 MiB, 81920 MiB, 0 %
2026/07/04 07:34:08.359, 0, 0 MiB, 81920 MiB, 0 %
2026/07/04 07:34:08.360, 1, 14959 MiB, 81920 MiB, 73 %
2026/07/04 07:34:08.360, 2, 0 MiB, 81920 MiB, 0 %
2026/07/04 07:34:08.360, 3, 0 MiB, 81920 MiB, 0 %
2026/07/04 07:34:08.361, 4, 0 MiB, 81920 MiB, 0 %
2026/07/04 07:34:08.361, 5, 0 MiB, 81920 MiB, 0 %
2026/07/04 07:34:08.361, 6, 0 MiB, 81920 MiB, 0 %
2026/07/04 07:34:08.362, 7, 0 MiB, 81920 MiB, 0 %
2026/07/04 07:34:18.363, 0, 0 MiB, 81920 MiB, 0 %
2026/07/04 07:34:18.363, 1, 14959 MiB, 81920 MiB, 0 %
2026/07/04 07:34:18.363, 2, 0 MiB, 81920 MiB, 0 %
2026/07/04 07:34:18.364, 3, 0 MiB, 81920 MiB, 0 %
2026/07/04 07:34:18.364, 4, 0 MiB, 81920 MiB, 0 %
2026/07/04 07:34:18.364, 5, 0 MiB, 81920 MiB, 0 %
2026/07/04 07:34:18.365, 6, 0 MiB, 81920 MiB, 0 %
2026/07/04 07:34:18.365, 7, 0 MiB, 81920 MiB, 0 %
2026/07/04 07:34:28.366, 0, 0 MiB, 81920 MiB, 0 %
2026/07/04 07:34:28.366, 1, 14959 MiB, 81920 MiB, 27 %
2026/07/04 07:34:28.367, 2, 0 MiB, 81920 MiB, 0 %
2026/07/04 07:34:28.367, 3, 0 MiB, 81920 MiB, 0 %
2026/07/04 07:34:28.367, 4, 0 MiB, 81920 MiB, 0 %
2026/07/04 07:34:28.368, 5, 0 MiB, 81920 MiB, 0 %
2026/07/04 07:34:28.368, 6, 0 MiB, 81920 MiB, 0 %
2026/07/04 07:34:28.368, 7, 0 MiB, 81920 MiB, 0 %
2026/07/04 07:34:38.369, 0, 0 MiB, 81920 MiB, 0 %
2026/07/04 07:34:38.369, 1, 14959 MiB, 81920 MiB, 3 %
2026/07/04 07:34:38.370, 2, 0 MiB, 81920 MiB, 0 %
2026/07/04 07:34:38.370, 3, 0 MiB, 81920 MiB, 0 %
2026/07/04 07:34:38.370, 4, 0 MiB, 81920 MiB, 0 %
2026/07/04 07:34:38.371, 5, 0 MiB, 81920 MiB, 0 %
2026/07/04 07:34:38.371, 6, 0 MiB, 81920 MiB, 0 %
2026/07/04 07:34:38.371, 7, 0 MiB, 81920 MiB, 0 %
2026/07/04 07:34:48.372, 0, 0 MiB, 81920 MiB, 0 %
2026/07/04 07:34:48.372, 1, 14959 MiB, 81920 MiB, 95 %
2026/07/04 07:34:48.373, 2, 0 MiB, 81920 MiB, 0 %
2026/07/04 07:34:48.373, 3, 0 MiB, 81920 MiB, 0 %
2026/07/04 07:34:48.373, 4, 0 MiB, 81920 MiB, 0 %
2026/07/04 07:34:48.374, 5, 0 MiB, 81920 MiB, 0 %
2026/07/04 07:34:48.374, 6, 0 MiB, 81920 MiB, 0 %
2026/07/04 07:34:48.374, 7, 0 MiB, 81920 MiB, 0 %
2026/07/04 07:34:58.375, 0, 0 MiB, 81920 MiB, 0 %
2026/07/04 07:34:58.375, 1, 14959 MiB, 81920 MiB, 28 %
2026/07/04 07:34:58.376, 2, 0 MiB, 81920 MiB, 0 %
2026/07/04 07:34:58.376, 3, 0 MiB, 81920 MiB, 0 %
2026/07/04 07:34:58.376, 4, 0 MiB, 81920 MiB, 0 %
2026/07/04 07:34:58.377, 5, 0 MiB, 81920 MiB, 0 %
2026/07/04 07:34:58.377, 6, 0 MiB, 81920 MiB, 0 %
2026/07/04 07:34:58.377, 7, 0 MiB, 81920 MiB, 0 %
2026/07/04 07:35:08.378, 0, 0 MiB, 81920 MiB, 0 %
2026/07/04 07:35:08.379, 1, 14959 MiB, 81920 MiB, 0 %
2026/07/04 07:35:08.379, 2, 0 MiB, 81920 MiB, 0 %
2026/07/04 07:35:08.380, 3, 0 MiB, 81920 MiB, 0 %
2026/07/04 07:35:08.380, 4, 0 MiB, 81920 MiB, 0 %
2026/07/04 07:35:08.380, 5, 0 MiB, 81920 MiB, 0 %
2026/07/04 07:35:08.380, 6, 0 MiB, 81920 MiB, 0 %
2026/07/04 07:35:08.381, 7, 0 MiB, 81920 MiB, 0 %
2026/07/04 07:35:18.382, 0, 0 MiB, 81920 MiB, 0 %
2026/07/04 07:35:18.382, 1, 14959 MiB, 81920 MiB, 60 %
2026/07/04 07:35:18.382, 2, 0 MiB, 81920 MiB, 0 %
2026/07/04 07:35:18.383, 3, 0 MiB, 81920 MiB, 0 %
2026/07/04 07:35:18.383, 4, 0 MiB, 81920 MiB, 0 %
2026/07/04 07:35:18.383, 5, 0 MiB, 81920 MiB, 0 %
2026/07/04 07:35:18.384, 6, 0 MiB, 81920 MiB, 0 %
2026/07/04 07:35:18.384, 7, 0 MiB, 81920 MiB, 0 %
2026/07/04 07:35:28.385, 0, 0 MiB, 81920 MiB, 0 %
2026/07/04 07:35:28.385, 1, 14959 MiB, 81920 MiB, 71 %
2026/07/04 07:35:28.386, 2, 0 MiB, 81920 MiB, 0 %
2026/07/04 07:35:28.386, 3, 0 MiB, 81920 MiB, 0 %
2026/07/04 07:35:28.386, 4, 0 MiB, 81920 MiB, 0 %
2026/07/04 07:35:28.387, 5, 0 MiB, 81920 MiB, 0 %
2026/07/04 07:35:28.387, 6, 0 MiB, 81920 MiB, 0 %
2026/07/04 07:35:28.387, 7, 0 MiB, 81920 MiB, 0 %
2026/07/04 07:35:38.388, 0, 0 MiB, 81920 MiB, 0 %
2026/07/04 07:35:38.389, 1, 14959 MiB, 81920 MiB, 0 %
2026/07/04 07:35:38.389, 2, 0 MiB, 81920 MiB, 0 %
2026/07/04 07:35:38.389, 3, 0 MiB, 81920 MiB, 0 %
2026/07/04 07:35:38.390, 4, 0 MiB, 81920 MiB, 0 %
2026/07/04 07:35:38.390, 5, 0 MiB, 81920 MiB, 0 %
2026/07/04 07:35:38.390, 6, 0 MiB, 81920 MiB, 0 %
2026/07/04 07:35:38.391, 7, 0 MiB, 81920 MiB, 0 %
2026/07/04 07:35:48.391, 0, 0 MiB, 81920 MiB, 0 %
2026/07/04 07:35:48.392, 1, 14959 MiB, 81920 MiB, 87 %
2026/07/04 07:35:48.392, 2, 0 MiB, 81920 MiB, 0 %
2026/07/04 07:35:48.392, 3, 0 MiB, 81920 MiB, 0 %
2026/07/04 07:35:48.393, 4, 0 MiB, 81920 MiB, 0 %
2026/07/04 07:35:48.393, 5, 0 MiB, 81920 MiB, 0 %
2026/07/04 07:35:48.393, 6, 0 MiB, 81920 MiB, 0 %
2026/07/04 07:35:48.394, 7, 0 MiB, 81920 MiB, 0 %
2026/07/04 07:35:58.394, 0, 0 MiB, 81920 MiB, 0 %
2026/07/04 07:35:58.395, 1, 14959 MiB, 81920 MiB, 0 %
2026/07/04 07:35:58.395, 2, 0 MiB, 81920 MiB, 0 %
2026/07/04 07:35:58.395, 3, 0 MiB, 81920 MiB, 0 %
2026/07/04 07:35:58.396, 4, 0 MiB, 81920 MiB, 0 %
2026/07/04 07:35:58.396, 5, 0 MiB, 81920 MiB, 0 %
2026/07/04 07:35:58.396, 6, 0 MiB, 81920 MiB, 0 %
2026/07/04 07:35:58.397, 7, 0 MiB, 81920 MiB, 0 %
2026/07/04 07:36:08.397, 0, 0 MiB, 81920 MiB, 0 %
2026/07/04 07:36:08.398, 1, 14959 MiB, 81920 MiB, 0 %
2026/07/04 07:36:08.398, 2, 0 MiB, 81920 MiB, 0 %
2026/07/04 07:36:08.398, 3, 0 MiB, 81920 MiB, 0 %
2026/07/04 07:36:08.399, 4, 0 MiB, 81920 MiB, 0 %
2026/07/04 07:36:08.399, 5, 0 MiB, 81920 MiB, 0 %
2026/07/04 07:36:08.399, 6, 0 MiB, 81920 MiB, 0 %
2026/07/04 07:36:08.400, 7, 0 MiB, 81920 MiB, 0 %
2026/07/04 07:36:18.400, 0, 0 MiB, 81920 MiB, 0 %
2026/07/04 07:36:18.401, 1, 14959 MiB, 81920 MiB, 0 %
2026/07/04 07:36:18.401, 2, 0 MiB, 81920 MiB, 0 %
2026/07/04 07:36:18.402, 3, 0 MiB, 81920 MiB, 0 %
2026/07/04 07:36:18.402, 4, 0 MiB, 81920 MiB, 0 %
2026/07/04 07:36:18.402, 5, 0 MiB, 81920 MiB, 0 %
2026/07/04 07:36:18.403, 6, 0 MiB, 81920 MiB, 0 %
2026/07/04 07:36:18.403, 7, 0 MiB, 81920 MiB, 0 %
2026/07/04 07:36:28.403, 0, 0 MiB, 81920 MiB, 0 %
2026/07/04 07:36:28.404, 1, 14959 MiB, 81920 MiB, 66 %
2026/07/04 07:36:28.404, 2, 0 MiB, 81920 MiB, 0 %
2026/07/04 07:36:28.405, 3, 0 MiB, 81920 MiB, 0 %
2026/07/04 07:36:28.405, 4, 0 MiB, 81920 MiB, 0 %
2026/07/04 07:36:28.405, 5, 0 MiB, 81920 MiB, 0 %
2026/07/04 07:36:28.405, 6, 0 MiB, 81920 MiB, 0 %
2026/07/04 07:36:28.406, 7, 0 MiB, 81920 MiB, 0 %
2026/07/04 07:36:38.406, 0, 0 MiB, 81920 MiB, 0 %
2026/07/04 07:36:38.407, 1, 14959 MiB, 81920 MiB, 71 %
2026/07/04 07:36:38.407, 2, 0 MiB, 81920 MiB, 0 %
2026/07/04 07:36:38.407, 3, 0 MiB, 81920 MiB, 0 %
2026/07/04 07:36:38.408, 4, 0 MiB, 81920 MiB, 0 %
2026/07/04 07:36:38.408, 5, 0 MiB, 81920 MiB, 0 %
2026/07/04 07:36:38.408, 6, 0 MiB, 81920 MiB, 0 %
2026/07/04 07:36:38.409, 7, 0 MiB, 81920 MiB, 0 %
2026/07/04 07:36:48.409, 0, 0 MiB, 81920 MiB, 0 %
2026/07/04 07:36:48.410, 1, 14959 MiB, 81920 MiB, 72 %
2026/07/04 07:36:48.410, 2, 0 MiB, 81920 MiB, 0 %
2026/07/04 07:36:48.410, 3, 0 MiB, 81920 MiB, 0 %
2026/07/04 07:36:48.411, 4, 0 MiB, 81920 MiB, 0 %
2026/07/04 07:36:48.411, 5, 0 MiB, 81920 MiB, 0 %
2026/07/04 07:36:48.411, 6, 0 MiB, 81920 MiB, 0 %
2026/07/04 07:36:48.412, 7, 0 MiB, 81920 MiB, 0 %
2026/07/04 07:36:58.412, 0, 0 MiB, 81920 MiB, 0 %
2026/07/04 07:36:58.413, 1, 14959 MiB, 81920 MiB, 64 %
2026/07/04 07:36:58.413, 2, 0 MiB, 81920 MiB, 0 %
2026/07/04 07:36:58.413, 3, 0 MiB, 81920 MiB, 0 %
2026/07/04 07:36:58.413, 4, 0 MiB, 81920 MiB, 0 %
2026/07/04 07:36:58.414, 5, 0 MiB, 81920 MiB, 0 %
2026/07/04 07:36:58.414, 6, 0 MiB, 81920 MiB, 0 %
2026/07/04 07:36:58.414, 7, 0 MiB, 81920 MiB, 0 %
2026/07/04 07:37:08.415, 0, 0 MiB, 81920 MiB, 0 %
2026/07/04 07:37:08.415, 1, 14959 MiB, 81920 MiB, 76 %
2026/07/04 07:37:08.416, 2, 0 MiB, 81920 MiB, 0 %
2026/07/04 07:37:08.416, 3, 0 MiB, 81920 MiB, 0 %
2026/07/04 07:37:08.416, 4, 0 MiB, 81920 MiB, 0 %
2026/07/04 07:37:08.417, 5, 0 MiB, 81920 MiB, 0 %
2026/07/04 07:37:08.417, 6, 0 MiB, 81920 MiB, 0 %
2026/07/04 07:37:08.417, 7, 0 MiB, 81920 MiB, 0 %
2026/07/04 07:37:18.418, 0, 0 MiB, 81920 MiB, 0 %
2026/07/04 07:37:18.418, 1, 14959 MiB, 81920 MiB, 0 %
2026/07/04 07:37:18.419, 2, 0 MiB, 81920 MiB, 0 %
2026/07/04 07:37:18.419, 3, 0 MiB, 81920 MiB, 0 %
2026/07/04 07:37:18.419, 4, 0 MiB, 81920 MiB, 0 %
2026/07/04 07:37:18.419, 5, 0 MiB, 81920 MiB, 0 %
2026/07/04 07:37:18.420, 6, 0 MiB, 81920 MiB, 0 %
2026/07/04 07:37:18.420, 7, 0 MiB, 81920 MiB, 0 %
2026/07/04 07:37:28.421, 0, 0 MiB, 81920 MiB, 0 %
2026/07/04 07:37:28.421, 1, 14959 MiB, 81920 MiB, 65 %
2026/07/04 07:37:28.421, 2, 0 MiB, 81920 MiB, 0 %
2026/07/04 07:37:28.422, 3, 0 MiB, 81920 MiB, 0 %
2026/07/04 07:37:28.422, 4, 0 MiB, 81920 MiB, 0 %
2026/07/04 07:37:28.422, 5, 0 MiB, 81920 MiB, 0 %
2026/07/04 07:37:28.423, 6, 0 MiB, 81920 MiB, 0 %
2026/07/04 07:37:28.423, 7, 0 MiB, 81920 MiB, 0 %
2026/07/04 07:37:38.424, 0, 0 MiB, 81920 MiB, 0 %
2026/07/04 07:37:38.424, 1, 14959 MiB, 81920 MiB, 72 %
2026/07/04 07:37:38.424, 2, 0 MiB, 81920 MiB, 0 %
2026/07/04 07:37:38.425, 3, 0 MiB, 81920 MiB, 0 %
2026/07/04 07:37:38.425, 4, 0 MiB, 81920 MiB, 0 %
2026/07/04 07:37:38.425, 5, 0 MiB, 81920 MiB, 0 %
2026/07/04 07:37:38.426, 6, 0 MiB, 81920 MiB, 0 %
2026/07/04 07:37:38.426, 7, 0 MiB, 81920 MiB, 0 %
2026/07/04 07:37:48.426, 0, 0 MiB, 81920 MiB, 0 %
2026/07/04 07:37:48.427, 1, 14959 MiB, 81920 MiB, 0 %
2026/07/04 07:37:48.427, 2, 0 MiB, 81920 MiB, 0 %
2026/07/04 07:37:48.428, 3, 0 MiB, 81920 MiB, 0 %
2026/07/04 07:37:48.428, 4, 0 MiB, 81920 MiB, 0 %
2026/07/04 07:37:48.428, 5, 0 MiB, 81920 MiB, 0 %
2026/07/04 07:37:48.428, 6, 0 MiB, 81920 MiB, 0 %
2026/07/04 07:37:48.429, 7, 0 MiB, 81920 MiB, 0 %
2026/07/04 07:37:58.430, 0, 0 MiB, 81920 MiB, 0 %
2026/07/04 07:37:58.430, 1, 14959 MiB, 81920 MiB, 71 %
2026/07/04 07:37:58.430, 2, 0 MiB, 81920 MiB, 0 %
2026/07/04 07:37:58.431, 3, 0 MiB, 81920 MiB, 0 %
2026/07/04 07:37:58.431, 4, 0 MiB, 81920 MiB, 0 %
2026/07/04 07:37:58.431, 5, 0 MiB, 81920 MiB, 0 %
2026/07/04 07:37:58.431, 6, 0 MiB, 81920 MiB, 0 %
2026/07/04 07:37:58.432, 7, 0 MiB, 81920 MiB, 0 %
2026/07/04 07:38:08.433, 0, 0 MiB, 81920 MiB, 0 %
2026/07/04 07:38:08.433, 1, 14959 MiB, 81920 MiB, 71 %
2026/07/04 07:38:08.433, 2, 0 MiB, 81920 MiB, 0 %
2026/07/04 07:38:08.434, 3, 0 MiB, 81920 MiB, 0 %
2026/07/04 07:38:08.434, 4, 0 MiB, 81920 MiB, 0 %
2026/07/04 07:38:08.434, 5, 0 MiB, 81920 MiB, 0 %
2026/07/04 07:38:08.435, 6, 0 MiB, 81920 MiB, 0 %
2026/07/04 07:38:08.435, 7, 0 MiB, 81920 MiB, 0 %
2026/07/04 07:38:18.436, 0, 0 MiB, 81920 MiB, 0 %
2026/07/04 07:38:18.436, 1, 14959 MiB, 81920 MiB, 0 %
2026/07/04 07:38:18.436, 2, 0 MiB, 81920 MiB, 0 %
2026/07/04 07:38:18.437, 3, 0 MiB, 81920 MiB, 0 %
2026/07/04 07:38:18.437, 4, 0 MiB, 81920 MiB, 0 %
2026/07/04 07:38:18.437, 5, 0 MiB, 81920 MiB, 0 %
2026/07/04 07:38:18.438, 6, 0 MiB, 81920 MiB, 0 %
2026/07/04 07:38:18.438, 7, 0 MiB, 81920 MiB, 0 %
2026/07/04 07:38:28.439, 0, 0 MiB, 81920 MiB, 0 %
2026/07/04 07:38:28.439, 1, 14959 MiB, 81920 MiB, 0 %
2026/07/04 07:38:28.439, 2, 0 MiB, 81920 MiB, 0 %
2026/07/04 07:38:28.440, 3, 0 MiB, 81920 MiB, 0 %
2026/07/04 07:38:28.440, 4, 0 MiB, 81920 MiB, 0 %
2026/07/04 07:38:28.440, 5, 0 MiB, 81920 MiB, 0 %
2026/07/04 07:38:28.441, 6, 0 MiB, 81920 MiB, 0 %
2026/07/04 07:38:28.441, 7, 0 MiB, 81920 MiB, 0 %
2026/07/04 07:38:38.442, 0, 0 MiB, 81920 MiB, 0 %
2026/07/04 07:38:38.442, 1, 14959 MiB, 81920 MiB, 71 %
2026/07/04 07:38:38.443, 2, 0 MiB, 81920 MiB, 0 %
2026/07/04 07:38:38.443, 3, 0 MiB, 81920 MiB, 0 %
2026/07/04 07:38:38.443, 4, 0 MiB, 81920 MiB, 0 %
2026/07/04 07:38:38.443, 5, 0 MiB, 81920 MiB, 0 %
2026/07/04 07:38:38.444, 6, 0 MiB, 81920 MiB, 0 %
2026/07/04 07:38:38.444, 7, 0 MiB, 81920 MiB, 0 %
2026/07/04 07:38:48.445, 0, 0 MiB, 81920 MiB, 0 %
2026/07/04 07:38:48.445, 1, 14959 MiB, 81920 MiB, 72 %
2026/07/04 07:38:48.446, 2, 0 MiB, 81920 MiB, 0 %
2026/07/04 07:38:48.446, 3, 0 MiB, 81920 MiB, 0 %
2026/07/04 07:38:48.446, 4, 0 MiB, 81920 MiB, 0 %
2026/07/04 07:38:48.447, 5, 0 MiB, 81920 MiB, 0 %
2026/07/04 07:38:48.447, 6, 0 MiB, 81920 MiB, 0 %
2026/07/04 07:38:48.447, 7, 0 MiB, 81920 MiB, 0 %
2026/07/04 07:38:58.448, 0, 0 MiB, 81920 MiB, 0 %
2026/07/04 07:38:58.449, 1, 14959 MiB, 81920 MiB, 0 %
2026/07/04 07:38:58.449, 2, 0 MiB, 81920 MiB, 0 %
2026/07/04 07:38:58.449, 3, 0 MiB, 81920 MiB, 0 %
2026/07/04 07:38:58.450, 4, 0 MiB, 81920 MiB, 0 %
2026/07/04 07:38:58.450, 5, 0 MiB, 81920 MiB, 0 %
2026/07/04 07:38:58.450, 6, 0 MiB, 81920 MiB, 0 %
2026/07/04 07:38:58.451, 7, 0 MiB, 81920 MiB, 0 %
2026/07/04 07:39:08.451, 0, 0 MiB, 81920 MiB, 0 %
2026/07/04 07:39:08.452, 1, 14959 MiB, 81920 MiB, 55 %
2026/07/04 07:39:08.452, 2, 0 MiB, 81920 MiB, 0 %
2026/07/04 07:39:08.452, 3, 0 MiB, 81920 MiB, 0 %
2026/07/04 07:39:08.453, 4, 0 MiB, 81920 MiB, 0 %
2026/07/04 07:39:08.453, 5, 0 MiB, 81920 MiB, 0 %
2026/07/04 07:39:08.453, 6, 0 MiB, 81920 MiB, 0 %
2026/07/04 07:39:08.454, 7, 0 MiB, 81920 MiB, 0 %
2026/07/04 07:39:18.454, 0, 0 MiB, 81920 MiB, 0 %
2026/07/04 07:39:18.455, 1, 14959 MiB, 81920 MiB, 76 %
2026/07/04 07:39:18.455, 2, 0 MiB, 81920 MiB, 0 %
2026/07/04 07:39:18.455, 3, 0 MiB, 81920 MiB, 0 %
2026/07/04 07:39:18.456, 4, 0 MiB, 81920 MiB, 0 %
2026/07/04 07:39:18.456, 5, 0 MiB, 81920 MiB, 0 %
2026/07/04 07:39:18.456, 6, 0 MiB, 81920 MiB, 0 %
2026/07/04 07:39:18.457, 7, 0 MiB, 81920 MiB, 0 %
2026/07/04 07:39:28.457, 0, 0 MiB, 81920 MiB, 0 %
2026/07/04 07:39:28.458, 1, 14959 MiB, 81920 MiB, 34 %
2026/07/04 07:39:28.458, 2, 0 MiB, 81920 MiB, 0 %
2026/07/04 07:39:28.458, 3, 0 MiB, 81920 MiB, 0 %
2026/07/04 07:39:28.459, 4, 0 MiB, 81920 MiB, 0 %
2026/07/04 07:39:28.459, 5, 0 MiB, 81920 MiB, 0 %
2026/07/04 07:39:28.459, 6, 0 MiB, 81920 MiB, 0 %
2026/07/04 07:39:28.460, 7, 0 MiB, 81920 MiB, 0 %
2026/07/04 07:39:38.460, 0, 0 MiB, 81920 MiB, 0 %
2026/07/04 07:39:38.461, 1, 14959 MiB, 81920 MiB, 76 %
2026/07/04 07:39:38.461, 2, 0 MiB, 81920 MiB, 0 %
2026/07/04 07:39:38.461, 3, 0 MiB, 81920 MiB, 0 %
2026/07/04 07:39:38.462, 4, 0 MiB, 81920 MiB, 0 %
2026/07/04 07:39:38.462, 5, 0 MiB, 81920 MiB, 0 %
2026/07/04 07:39:38.462, 6, 0 MiB, 81920 MiB, 0 %
2026/07/04 07:39:38.463, 7, 0 MiB, 81920 MiB, 0 %
2026/07/04 07:39:48.463, 0, 0 MiB, 81920 MiB, 0 %
2026/07/04 07:39:48.464, 1, 14959 MiB, 81920 MiB, 0 %
2026/07/04 07:39:48.464, 2, 0 MiB, 81920 MiB, 0 %
2026/07/04 07:39:48.464, 3, 0 MiB, 81920 MiB, 0 %
2026/07/04 07:39:48.464, 4, 0 MiB, 81920 MiB, 0 %
2026/07/04 07:39:48.465, 5, 0 MiB, 81920 MiB, 0 %
2026/07/04 07:39:48.465, 6, 0 MiB, 81920 MiB, 0 %
2026/07/04 07:39:48.465, 7, 0 MiB, 81920 MiB, 0 %
2026/07/04 07:39:58.466, 0, 0 MiB, 81920 MiB, 0 %
2026/07/04 07:39:58.467, 1, 14959 MiB, 81920 MiB, 72 %
2026/07/04 07:39:58.467, 2, 0 MiB, 81920 MiB, 0 %
2026/07/04 07:39:58.467, 3, 0 MiB, 81920 MiB, 0 %
2026/07/04 07:39:58.468, 4, 0 MiB, 81920 MiB, 0 %
2026/07/04 07:39:58.468, 5, 0 MiB, 81920 MiB, 0 %
2026/07/04 07:39:58.468, 6, 0 MiB, 81920 MiB, 0 %
2026/07/04 07:39:58.469, 7, 0 MiB, 81920 MiB, 0 %
2026/07/04 07:40:08.469, 0, 0 MiB, 81920 MiB, 0 %
2026/07/04 07:40:08.469, 1, 14959 MiB, 81920 MiB, 4 %
2026/07/04 07:40:08.470, 2, 0 MiB, 81920 MiB, 0 %
2026/07/04 07:40:08.470, 3, 0 MiB, 81920 MiB, 0 %
2026/07/04 07:40:08.470, 4, 0 MiB, 81920 MiB, 0 %
2026/07/04 07:40:08.470, 5, 0 MiB, 81920 MiB, 0 %
2026/07/04 07:40:08.471, 6, 0 MiB, 81920 MiB, 0 %
2026/07/04 07:40:08.471, 7, 0 MiB, 81920 MiB, 0 %
2026/07/04 07:40:18.472, 0, 0 MiB, 81920 MiB, 0 %
2026/07/04 07:40:18.473, 1, 14959 MiB, 81920 MiB, 32 %
2026/07/04 07:40:18.473, 2, 0 MiB, 81920 MiB, 0 %
2026/07/04 07:40:18.473, 3, 0 MiB, 81920 MiB, 0 %
2026/07/04 07:40:18.473, 4, 0 MiB, 81920 MiB, 0 %
2026/07/04 07:40:18.474, 5, 0 MiB, 81920 MiB, 0 %
2026/07/04 07:40:18.474, 6, 0 MiB, 81920 MiB, 0 %
2026/07/04 07:40:18.474, 7, 0 MiB, 81920 MiB, 0 %
2026/07/04 07:40:28.474, 0, 0 MiB, 81920 MiB, 0 %
2026/07/04 07:40:28.475, 1, 14959 MiB, 81920 MiB, 73 %
2026/07/04 07:40:28.475, 2, 0 MiB, 81920 MiB, 0 %
2026/07/04 07:40:28.476, 3, 0 MiB, 81920 MiB, 0 %
2026/07/04 07:40:28.476, 4, 0 MiB, 81920 MiB, 0 %
2026/07/04 07:40:28.476, 5, 0 MiB, 81920 MiB, 0 %
2026/07/04 07:40:28.476, 6, 0 MiB, 81920 MiB, 0 %
2026/07/04 07:40:28.477, 7, 0 MiB, 81920 MiB, 0 %
2026/07/04 07:40:38.478, 0, 0 MiB, 81920 MiB, 0 %
2026/07/04 07:40:38.478, 1, 14959 MiB, 81920 MiB, 73 %
2026/07/04 07:40:38.478, 2, 0 MiB, 81920 MiB, 0 %
2026/07/04 07:40:38.479, 3, 0 MiB, 81920 MiB, 0 %
2026/07/04 07:40:38.479, 4, 0 MiB, 81920 MiB, 0 %
2026/07/04 07:40:38.479, 5, 0 MiB, 81920 MiB, 0 %
2026/07/04 07:40:38.480, 6, 0 MiB, 81920 MiB, 0 %
2026/07/04 07:40:38.480, 7, 0 MiB, 81920 MiB, 0 %
2026/07/04 07:40:48.481, 0, 0 MiB, 81920 MiB, 0 %
2026/07/04 07:40:48.481, 1, 14959 MiB, 81920 MiB, 0 %
2026/07/04 07:40:48.482, 2, 0 MiB, 81920 MiB, 0 %
2026/07/04 07:40:48.482, 3, 0 MiB, 81920 MiB, 0 %
2026/07/04 07:40:48.482, 4, 0 MiB, 81920 MiB, 0 %
2026/07/04 07:40:48.483, 5, 0 MiB, 81920 MiB, 0 %
2026/07/04 07:40:48.483, 6, 0 MiB, 81920 MiB, 0 %
2026/07/04 07:40:48.483, 7, 0 MiB, 81920 MiB, 0 %
2026/07/04 07:40:58.484, 0, 0 MiB, 81920 MiB, 0 %
2026/07/04 07:40:58.484, 1, 14959 MiB, 81920 MiB, 0 %
2026/07/04 07:40:58.485, 2, 0 MiB, 81920 MiB, 0 %
2026/07/04 07:40:58.485, 3, 0 MiB, 81920 MiB, 0 %
2026/07/04 07:40:58.485, 4, 0 MiB, 81920 MiB, 0 %
2026/07/04 07:40:58.486, 5, 0 MiB, 81920 MiB, 0 %
2026/07/04 07:40:58.486, 6, 0 MiB, 81920 MiB, 0 %
2026/07/04 07:40:58.486, 7, 0 MiB, 81920 MiB, 0 %
2026/07/04 07:41:08.487, 0, 0 MiB, 81920 MiB, 0 %
2026/07/04 07:41:08.487, 1, 14959 MiB, 81920 MiB, 0 %
2026/07/04 07:41:08.488, 2, 0 MiB, 81920 MiB, 0 %
2026/07/04 07:41:08.488, 3, 0 MiB, 81920 MiB, 0 %
2026/07/04 07:41:08.488, 4, 0 MiB, 81920 MiB, 0 %
2026/07/04 07:41:08.488, 5, 0 MiB, 81920 MiB, 0 %
2026/07/04 07:41:08.488, 6, 0 MiB, 81920 MiB, 0 %
2026/07/04 07:41:08.488, 7, 0 MiB, 81920 MiB, 0 %
2026/07/04 07:41:18.489, 0, 0 MiB, 81920 MiB, 0 %
2026/07/04 07:41:18.489, 1, 14959 MiB, 81920 MiB, 100 %
2026/07/04 07:41:18.490, 2, 0 MiB, 81920 MiB, 0 %
2026/07/04 07:41:18.490, 3, 0 MiB, 81920 MiB, 0 %
2026/07/04 07:41:18.490, 4, 0 MiB, 81920 MiB, 0 %
2026/07/04 07:41:18.490, 5, 0 MiB, 81920 MiB, 0 %
2026/07/04 07:41:18.491, 6, 0 MiB, 81920 MiB, 0 %
2026/07/04 07:41:18.491, 7, 0 MiB, 81920 MiB, 0 %
2026/07/04 07:41:28.492, 0, 0 MiB, 81920 MiB, 0 %
2026/07/04 07:41:28.492, 1, 14959 MiB, 81920 MiB, 62 %
2026/07/04 07:41:28.493, 2, 0 MiB, 81920 MiB, 0 %
2026/07/04 07:41:28.493, 3, 0 MiB, 81920 MiB, 0 %
2026/07/04 07:41:28.493, 4, 0 MiB, 81920 MiB, 0 %
2026/07/04 07:41:28.493, 5, 0 MiB, 81920 MiB, 0 %
2026/07/04 07:41:28.494, 6, 0 MiB, 81920 MiB, 0 %
2026/07/04 07:41:28.494, 7, 0 MiB, 81920 MiB, 0 %
2026/07/04 07:41:38.495, 0, 0 MiB, 81920 MiB, 0 %
2026/07/04 07:41:38.495, 1, 14959 MiB, 81920 MiB, 0 %
2026/07/04 07:41:38.496, 2, 0 MiB, 81920 MiB, 0 %
2026/07/04 07:41:38.496, 3, 0 MiB, 81920 MiB, 0 %
2026/07/04 07:41:38.496, 4, 0 MiB, 81920 MiB, 0 %
2026/07/04 07:41:38.496, 5, 0 MiB, 81920 MiB, 0 %
2026/07/04 07:41:38.497, 6, 0 MiB, 81920 MiB, 0 %
2026/07/04 07:41:38.497, 7, 0 MiB, 81920 MiB, 0 %
2026/07/04 07:41:48.498, 0, 0 MiB, 81920 MiB, 0 %
2026/07/04 07:41:48.498, 1, 14959 MiB, 81920 MiB, 59 %
2026/07/04 07:41:48.499, 2, 0 MiB, 81920 MiB, 0 %
2026/07/04 07:41:48.499, 3, 0 MiB, 81920 MiB, 0 %
2026/07/04 07:41:48.499, 4, 0 MiB, 81920 MiB, 0 %
2026/07/04 07:41:48.500, 5, 0 MiB, 81920 MiB, 0 %
2026/07/04 07:41:48.500, 6, 0 MiB, 81920 MiB, 0 %
2026/07/04 07:41:48.500, 7, 0 MiB, 81920 MiB, 0 %
2026/07/04 07:41:58.501, 0, 0 MiB, 81920 MiB, 0 %
2026/07/04 07:41:58.501, 1, 14959 MiB, 81920 MiB, 75 %
2026/07/04 07:41:58.502, 2, 0 MiB, 81920 MiB, 0 %
2026/07/04 07:41:58.502, 3, 0 MiB, 81920 MiB, 0 %
2026/07/04 07:41:58.502, 4, 0 MiB, 81920 MiB, 0 %
2026/07/04 07:41:58.502, 5, 0 MiB, 81920 MiB, 0 %
2026/07/04 07:41:58.503, 6, 0 MiB, 81920 MiB, 0 %
2026/07/04 07:41:58.503, 7, 0 MiB, 81920 MiB, 0 %
2026/07/04 07:42:08.504, 0, 0 MiB, 81920 MiB, 0 %
2026/07/04 07:42:08.504, 1, 14959 MiB, 81920 MiB, 0 %
2026/07/04 07:42:08.505, 2, 0 MiB, 81920 MiB, 0 %
2026/07/04 07:42:08.505, 3, 0 MiB, 81920 MiB, 0 %
2026/07/04 07:42:08.505, 4, 0 MiB, 81920 MiB, 0 %
2026/07/04 07:42:08.506, 5, 0 MiB, 81920 MiB, 0 %
2026/07/04 07:42:08.506, 6, 0 MiB, 81920 MiB, 0 %
2026/07/04 07:42:08.506, 7, 0 MiB, 81920 MiB, 0 %
2026/07/04 07:42:18.507, 0, 0 MiB, 81920 MiB, 0 %
2026/07/04 07:42:18.507, 1, 14959 MiB, 81920 MiB, 0 %
2026/07/04 07:42:18.508, 2, 0 MiB, 81920 MiB, 0 %
2026/07/04 07:42:18.508, 3, 0 MiB, 81920 MiB, 0 %
2026/07/04 07:42:18.508, 4, 0 MiB, 81920 MiB, 0 %
2026/07/04 07:42:18.508, 5, 0 MiB, 81920 MiB, 0 %
2026/07/04 07:42:18.509, 6, 0 MiB, 81920 MiB, 0 %
2026/07/04 07:42:18.509, 7, 0 MiB, 81920 MiB, 0 %
2026/07/04 07:42:28.510, 0, 0 MiB, 81920 MiB, 0 %
2026/07/04 07:42:28.510, 1, 14959 MiB, 81920 MiB, 0 %
2026/07/04 07:42:28.511, 2, 0 MiB, 81920 MiB, 0 %
2026/07/04 07:42:28.511, 3, 0 MiB, 81920 MiB, 0 %
2026/07/04 07:42:28.511, 4, 0 MiB, 81920 MiB, 0 %
2026/07/04 07:42:28.511, 5, 0 MiB, 81920 MiB, 0 %
2026/07/04 07:42:28.512, 6, 0 MiB, 81920 MiB, 0 %
2026/07/04 07:42:28.512, 7, 0 MiB, 81920 MiB, 0 %
2026/07/04 07:42:38.513, 0, 0 MiB, 81920 MiB, 0 %
2026/07/04 07:42:38.513, 1, 14959 MiB, 81920 MiB, 2 %
2026/07/04 07:42:38.514, 2, 0 MiB, 81920 MiB, 0 %
2026/07/04 07:42:38.514, 3, 0 MiB, 81920 MiB, 0 %
2026/07/04 07:42:38.514, 4, 0 MiB, 81920 MiB, 0 %
2026/07/04 07:42:38.515, 5, 0 MiB, 81920 MiB, 0 %
2026/07/04 07:42:38.515, 6, 0 MiB, 81920 MiB, 0 %
2026/07/04 07:42:38.515, 7, 0 MiB, 81920 MiB, 0 %
