timestamp, index, memory.used [MiB], memory.total [MiB], utilization.gpu [%]
2026/07/03 18:10:38.808, 0, 0 MiB, 81920 MiB, 0 %
2026/07/03 18:10:38.813, 1, 0 MiB, 81920 MiB, 0 %
2026/07/03 18:10:38.818, 2, 0 MiB, 81920 MiB, 0 %
2026/07/03 18:10:38.821, 3, 0 MiB, 81920 MiB, 0 %
2026/07/03 18:10:38.826, 4, 0 MiB, 81920 MiB, 0 %
2026/07/03 18:10:38.831, 5, 0 MiB, 81920 MiB, 0 %
2026/07/03 18:10:38.837, 6, 0 MiB, 81920 MiB, 0 %
2026/07/03 18:10:38.842, 7, 0 MiB, 81920 MiB, 0 %
2026/07/03 18:10:48.847, 0, 0 MiB, 81920 MiB, 0 %
2026/07/03 18:10:48.913, 1, 0 MiB, 81920 MiB, 0 %
2026/07/03 18:10:48.914, 2, 0 MiB, 81920 MiB, 0 %
2026/07/03 18:10:48.914, 3, 0 MiB, 81920 MiB, 0 %
2026/07/03 18:10:48.914, 4, 0 MiB, 81920 MiB, 0 %
2026/07/03 18:10:48.915, 5, 0 MiB, 81920 MiB, 0 %
2026/07/03 18:10:48.915, 6, 0 MiB, 81920 MiB, 0 %
2026/07/03 18:10:48.916, 7, 0 MiB, 81920 MiB, 0 %
2026/07/03 18:10:58.917, 0, 7723 MiB, 81920 MiB, 60 %
2026/07/03 18:10:58.917, 1, 0 MiB, 81920 MiB, 0 %
2026/07/03 18:10:58.918, 2, 0 MiB, 81920 MiB, 0 %
2026/07/03 18:10:58.918, 3, 0 MiB, 81920 MiB, 0 %
2026/07/03 18:10:58.918, 4, 0 MiB, 81920 MiB, 0 %
2026/07/03 18:10:58.919, 5, 0 MiB, 81920 MiB, 0 %
2026/07/03 18:10:58.919, 6, 0 MiB, 81920 MiB, 0 %
2026/07/03 18:10:58.919, 7, 0 MiB, 81920 MiB, 0 %
2026/07/03 18:11:08.920, 0, 7723 MiB, 81920 MiB, 0 %
2026/07/03 18:11:08.920, 1, 0 MiB, 81920 MiB, 0 %
2026/07/03 18:11:08.921, 2, 0 MiB, 81920 MiB, 0 %
2026/07/03 18:11:08.921, 3, 0 MiB, 81920 MiB, 0 %
2026/07/03 18:11:08.921, 4, 0 MiB, 81920 MiB, 0 %
2026/07/03 18:11:08.921, 5, 0 MiB, 81920 MiB, 0 %
2026/07/03 18:11:08.922, 6, 0 MiB, 81920 MiB, 0 %
2026/07/03 18:11:08.922, 7, 0 MiB, 81920 MiB, 0 %
2026/07/03 18:11:18.923, 0, 7723 MiB, 81920 MiB, 0 %
2026/07/03 18:11:18.923, 1, 0 MiB, 81920 MiB, 0 %
2026/07/03 18:11:18.923, 2, 0 MiB, 81920 MiB, 0 %
2026/07/03 18:11:18.924, 3, 0 MiB, 81920 MiB, 0 %
2026/07/03 18:11:18.924, 4, 0 MiB, 81920 MiB, 0 %
2026/07/03 18:11:18.924, 5, 0 MiB, 81920 MiB, 0 %
2026/07/03 18:11:18.924, 6, 0 MiB, 81920 MiB, 0 %
2026/07/03 18:11:18.925, 7, 0 MiB, 81920 MiB, 0 %
2026/07/03 18:11:28.925, 0, 7723 MiB, 81920 MiB, 0 %
2026/07/03 18:11:28.926, 1, 0 MiB, 81920 MiB, 0 %
2026/07/03 18:11:28.926, 2, 0 MiB, 81920 MiB, 0 %
2026/07/03 18:11:28.926, 3, 0 MiB, 81920 MiB, 0 %
2026/07/03 18:11:28.927, 4, 0 MiB, 81920 MiB, 0 %
2026/07/03 18:11:28.927, 5, 0 MiB, 81920 MiB, 0 %
2026/07/03 18:11:28.927, 6, 0 MiB, 81920 MiB, 0 %
2026/07/03 18:11:28.927, 7, 0 MiB, 81920 MiB, 0 %
2026/07/03 18:11:38.928, 0, 7723 MiB, 81920 MiB, 0 %
2026/07/03 18:11:38.929, 1, 0 MiB, 81920 MiB, 0 %
2026/07/03 18:11:38.929, 2, 0 MiB, 81920 MiB, 0 %
2026/07/03 18:11:38.929, 3, 0 MiB, 81920 MiB, 0 %
2026/07/03 18:11:38.930, 4, 0 MiB, 81920 MiB, 0 %
2026/07/03 18:11:38.930, 5, 0 MiB, 81920 MiB, 0 %
2026/07/03 18:11:38.930, 6, 0 MiB, 81920 MiB, 0 %
2026/07/03 18:11:38.930, 7, 0 MiB, 81920 MiB, 0 %
2026/07/03 18:11:48.931, 0, 7723 MiB, 81920 MiB, 0 %
2026/07/03 18:11:48.932, 1, 0 MiB, 81920 MiB, 0 %
2026/07/03 18:11:48.932, 2, 0 MiB, 81920 MiB, 0 %
2026/07/03 18:11:48.933, 3, 0 MiB, 81920 MiB, 0 %
2026/07/03 18:11:48.933, 4, 0 MiB, 81920 MiB, 0 %
2026/07/03 18:11:48.933, 5, 0 MiB, 81920 MiB, 0 %
2026/07/03 18:11:48.933, 6, 0 MiB, 81920 MiB, 0 %
2026/07/03 18:11:48.934, 7, 0 MiB, 81920 MiB, 0 %
2026/07/03 18:11:58.934, 0, 7725 MiB, 81920 MiB, 61 %
2026/07/03 18:11:58.935, 1, 0 MiB, 81920 MiB, 0 %
2026/07/03 18:11:58.935, 2, 0 MiB, 81920 MiB, 0 %
2026/07/03 18:11:58.935, 3, 0 MiB, 81920 MiB, 0 %
2026/07/03 18:11:58.936, 4, 0 MiB, 81920 MiB, 0 %
2026/07/03 18:11:58.936, 5, 0 MiB, 81920 MiB, 0 %
2026/07/03 18:11:58.936, 6, 0 MiB, 81920 MiB, 0 %
2026/07/03 18:11:58.937, 7, 0 MiB, 81920 MiB, 0 %
2026/07/03 18:12:08.937, 0, 7725 MiB, 81920 MiB, 0 %
2026/07/03 18:12:08.938, 1, 0 MiB, 81920 MiB, 0 %
2026/07/03 18:12:08.938, 2, 0 MiB, 81920 MiB, 0 %
2026/07/03 18:12:08.938, 3, 0 MiB, 81920 MiB, 0 %
2026/07/03 18:12:08.939, 4, 0 MiB, 81920 MiB, 0 %
2026/07/03 18:12:08.939, 5, 0 MiB, 81920 MiB, 0 %
2026/07/03 18:12:08.939, 6, 0 MiB, 81920 MiB, 0 %
2026/07/03 18:12:08.940, 7, 0 MiB, 81920 MiB, 0 %
2026/07/03 18:12:18.940, 0, 7731 MiB, 81920 MiB, 0 %
2026/07/03 18:12:18.941, 1, 0 MiB, 81920 MiB, 0 %
2026/07/03 18:12:18.941, 2, 0 MiB, 81920 MiB, 0 %
2026/07/03 18:12:18.941, 3, 0 MiB, 81920 MiB, 0 %
2026/07/03 18:12:18.942, 4, 0 MiB, 81920 MiB, 0 %
2026/07/03 18:12:18.942, 5, 0 MiB, 81920 MiB, 0 %
2026/07/03 18:12:18.942, 6, 0 MiB, 81920 MiB, 0 %
2026/07/03 18:12:18.943, 7, 0 MiB, 81920 MiB, 0 %
2026/07/03 18:12:28.943, 0, 7731 MiB, 81920 MiB, 0 %
2026/07/03 18:12:28.944, 1, 0 MiB, 81920 MiB, 0 %
2026/07/03 18:12:28.944, 2, 0 MiB, 81920 MiB, 0 %
2026/07/03 18:12:28.944, 3, 0 MiB, 81920 MiB, 0 %
2026/07/03 18:12:28.945, 4, 0 MiB, 81920 MiB, 0 %
2026/07/03 18:12:28.945, 5, 0 MiB, 81920 MiB, 0 %
2026/07/03 18:12:28.945, 6, 0 MiB, 81920 MiB, 0 %
2026/07/03 18:12:28.946, 7, 0 MiB, 81920 MiB, 0 %
2026/07/03 18:12:38.946, 0, 7731 MiB, 81920 MiB, 0 %
2026/07/03 18:12:38.947, 1, 0 MiB, 81920 MiB, 0 %
2026/07/03 18:12:38.947, 2, 0 MiB, 81920 MiB, 0 %
2026/07/03 18:12:38.947, 3, 0 MiB, 81920 MiB, 0 %
2026/07/03 18:12:38.948, 4, 0 MiB, 81920 MiB, 0 %
2026/07/03 18:12:38.948, 5, 0 MiB, 81920 MiB, 0 %
2026/07/03 18:12:38.948, 6, 0 MiB, 81920 MiB, 0 %
2026/07/03 18:12:38.948, 7, 0 MiB, 81920 MiB, 0 %
2026/07/03 18:12:48.949, 0, 7731 MiB, 81920 MiB, 0 %
2026/07/03 18:12:48.950, 1, 0 MiB, 81920 MiB, 0 %
2026/07/03 18:12:48.950, 2, 0 MiB, 81920 MiB, 0 %
2026/07/03 18:12:48.950, 3, 0 MiB, 81920 MiB, 0 %
2026/07/03 18:12:48.951, 4, 0 MiB, 81920 MiB, 0 %
2026/07/03 18:12:48.951, 5, 0 MiB, 81920 MiB, 0 %
2026/07/03 18:12:48.951, 6, 0 MiB, 81920 MiB, 0 %
2026/07/03 18:12:48.952, 7, 0 MiB, 81920 MiB, 0 %
2026/07/03 18:12:58.952, 0, 7731 MiB, 81920 MiB, 53 %
2026/07/03 18:12:58.953, 1, 0 MiB, 81920 MiB, 0 %
2026/07/03 18:12:58.953, 2, 0 MiB, 81920 MiB, 0 %
2026/07/03 18:12:58.953, 3, 0 MiB, 81920 MiB, 0 %
2026/07/03 18:12:58.954, 4, 0 MiB, 81920 MiB, 0 %
2026/07/03 18:12:58.954, 5, 0 MiB, 81920 MiB, 0 %
2026/07/03 18:12:58.954, 6, 0 MiB, 81920 MiB, 0 %
2026/07/03 18:12:58.955, 7, 0 MiB, 81920 MiB, 0 %
2026/07/03 18:13:08.955, 0, 7731 MiB, 81920 MiB, 0 %
2026/07/03 18:13:08.956, 1, 0 MiB, 81920 MiB, 0 %
2026/07/03 18:13:08.956, 2, 0 MiB, 81920 MiB, 0 %
2026/07/03 18:13:08.956, 3, 0 MiB, 81920 MiB, 0 %
2026/07/03 18:13:08.957, 4, 0 MiB, 81920 MiB, 0 %
2026/07/03 18:13:08.957, 5, 0 MiB, 81920 MiB, 0 %
2026/07/03 18:13:08.957, 6, 0 MiB, 81920 MiB, 0 %
2026/07/03 18:13:08.958, 7, 0 MiB, 81920 MiB, 0 %
2026/07/03 18:13:18.958, 0, 7731 MiB, 81920 MiB, 51 %
2026/07/03 18:13:18.959, 1, 0 MiB, 81920 MiB, 0 %
2026/07/03 18:13:18.959, 2, 0 MiB, 81920 MiB, 0 %
2026/07/03 18:13:18.959, 3, 0 MiB, 81920 MiB, 0 %
2026/07/03 18:13:18.960, 4, 0 MiB, 81920 MiB, 0 %
2026/07/03 18:13:18.960, 5, 0 MiB, 81920 MiB, 0 %
2026/07/03 18:13:18.960, 6, 0 MiB, 81920 MiB, 0 %
2026/07/03 18:13:18.960, 7, 0 MiB, 81920 MiB, 0 %
2026/07/03 18:13:28.961, 0, 7731 MiB, 81920 MiB, 0 %
2026/07/03 18:13:28.962, 1, 0 MiB, 81920 MiB, 0 %
2026/07/03 18:13:28.962, 2, 0 MiB, 81920 MiB, 0 %
2026/07/03 18:13:28.962, 3, 0 MiB, 81920 MiB, 0 %
2026/07/03 18:13:28.963, 4, 0 MiB, 81920 MiB, 0 %
2026/07/03 18:13:28.963, 5, 0 MiB, 81920 MiB, 0 %
2026/07/03 18:13:28.963, 6, 0 MiB, 81920 MiB, 0 %
2026/07/03 18:13:28.963, 7, 0 MiB, 81920 MiB, 0 %
2026/07/03 18:13:38.964, 0, 7731 MiB, 81920 MiB, 0 %
2026/07/03 18:13:38.965, 1, 0 MiB, 81920 MiB, 0 %
2026/07/03 18:13:38.965, 2, 0 MiB, 81920 MiB, 0 %
2026/07/03 18:13:38.965, 3, 0 MiB, 81920 MiB, 0 %
2026/07/03 18:13:38.966, 4, 0 MiB, 81920 MiB, 0 %
2026/07/03 18:13:38.966, 5, 0 MiB, 81920 MiB, 0 %
2026/07/03 18:13:38.966, 6, 0 MiB, 81920 MiB, 0 %
2026/07/03 18:13:38.967, 7, 0 MiB, 81920 MiB, 0 %
2026/07/03 18:13:48.967, 0, 7731 MiB, 81920 MiB, 0 %
2026/07/03 18:13:48.968, 1, 0 MiB, 81920 MiB, 0 %
2026/07/03 18:13:48.968, 2, 0 MiB, 81920 MiB, 0 %
2026/07/03 18:13:48.968, 3, 0 MiB, 81920 MiB, 0 %
2026/07/03 18:13:48.968, 4, 0 MiB, 81920 MiB, 0 %
2026/07/03 18:13:48.969, 5, 0 MiB, 81920 MiB, 0 %
2026/07/03 18:13:48.969, 6, 0 MiB, 81920 MiB, 0 %
2026/07/03 18:13:48.969, 7, 0 MiB, 81920 MiB, 0 %
2026/07/03 18:13:58.970, 0, 7731 MiB, 81920 MiB, 0 %
2026/07/03 18:13:58.970, 1, 0 MiB, 81920 MiB, 0 %
2026/07/03 18:13:58.971, 2, 0 MiB, 81920 MiB, 0 %
2026/07/03 18:13:58.971, 3, 0 MiB, 81920 MiB, 0 %
2026/07/03 18:13:58.971, 4, 0 MiB, 81920 MiB, 0 %
2026/07/03 18:13:58.972, 5, 0 MiB, 81920 MiB, 0 %
2026/07/03 18:13:58.972, 6, 0 MiB, 81920 MiB, 0 %
2026/07/03 18:13:58.972, 7, 0 MiB, 81920 MiB, 0 %
2026/07/03 18:14:08.973, 0, 7731 MiB, 81920 MiB, 2 %
2026/07/03 18:14:08.974, 1, 0 MiB, 81920 MiB, 0 %
2026/07/03 18:14:08.974, 2, 0 MiB, 81920 MiB, 0 %
2026/07/03 18:14:08.974, 3, 0 MiB, 81920 MiB, 0 %
2026/07/03 18:14:08.975, 4, 0 MiB, 81920 MiB, 0 %
2026/07/03 18:14:08.975, 5, 0 MiB, 81920 MiB, 0 %
2026/07/03 18:14:08.975, 6, 0 MiB, 81920 MiB, 0 %
2026/07/03 18:14:08.976, 7, 0 MiB, 81920 MiB, 0 %
2026/07/03 18:14:18.977, 0, 7731 MiB, 81920 MiB, 0 %
2026/07/03 18:14:18.977, 1, 0 MiB, 81920 MiB, 0 %
2026/07/03 18:14:18.977, 2, 0 MiB, 81920 MiB, 0 %
2026/07/03 18:14:18.978, 3, 0 MiB, 81920 MiB, 0 %
2026/07/03 18:14:18.978, 4, 0 MiB, 81920 MiB, 0 %
2026/07/03 18:14:18.978, 5, 0 MiB, 81920 MiB, 0 %
2026/07/03 18:14:18.979, 6, 0 MiB, 81920 MiB, 0 %
2026/07/03 18:14:18.979, 7, 0 MiB, 81920 MiB, 0 %
2026/07/03 18:14:28.980, 0, 7731 MiB, 81920 MiB, 0 %
2026/07/03 18:14:28.980, 1, 0 MiB, 81920 MiB, 0 %
2026/07/03 18:14:28.981, 2, 0 MiB, 81920 MiB, 0 %
2026/07/03 18:14:28.981, 3, 0 MiB, 81920 MiB, 0 %
2026/07/03 18:14:28.981, 4, 0 MiB, 81920 MiB, 0 %
2026/07/03 18:14:28.982, 5, 0 MiB, 81920 MiB, 0 %
2026/07/03 18:14:28.982, 6, 0 MiB, 81920 MiB, 0 %
2026/07/03 18:14:28.982, 7, 0 MiB, 81920 MiB, 0 %
2026/07/03 18:14:38.983, 0, 7731 MiB, 81920 MiB, 0 %
2026/07/03 18:14:38.984, 1, 0 MiB, 81920 MiB, 0 %
2026/07/03 18:14:38.984, 2, 0 MiB, 81920 MiB, 0 %
2026/07/03 18:14:38.984, 3, 0 MiB, 81920 MiB, 0 %
2026/07/03 18:14:38.985, 4, 0 MiB, 81920 MiB, 0 %
2026/07/03 18:14:38.985, 5, 0 MiB, 81920 MiB, 0 %
2026/07/03 18:14:38.985, 6, 0 MiB, 81920 MiB, 0 %
2026/07/03 18:14:38.986, 7, 0 MiB, 81920 MiB, 0 %
2026/07/03 18:14:48.986, 0, 7731 MiB, 81920 MiB, 49 %
2026/07/03 18:14:48.987, 1, 0 MiB, 81920 MiB, 0 %
2026/07/03 18:14:48.987, 2, 0 MiB, 81920 MiB, 0 %
2026/07/03 18:14:48.988, 3, 0 MiB, 81920 MiB, 0 %
2026/07/03 18:14:48.988, 4, 0 MiB, 81920 MiB, 0 %
2026/07/03 18:14:48.988, 5, 0 MiB, 81920 MiB, 0 %
2026/07/03 18:14:48.989, 6, 0 MiB, 81920 MiB, 0 %
2026/07/03 18:14:48.989, 7, 0 MiB, 81920 MiB, 0 %
2026/07/03 18:14:58.990, 0, 7731 MiB, 81920 MiB, 0 %
2026/07/03 18:14:58.990, 1, 0 MiB, 81920 MiB, 0 %
2026/07/03 18:14:58.991, 2, 0 MiB, 81920 MiB, 0 %
2026/07/03 18:14:58.991, 3, 0 MiB, 81920 MiB, 0 %
2026/07/03 18:14:58.991, 4, 0 MiB, 81920 MiB, 0 %
2026/07/03 18:14:58.992, 5, 0 MiB, 81920 MiB, 0 %
2026/07/03 18:14:58.992, 6, 0 MiB, 81920 MiB, 0 %
2026/07/03 18:14:58.992, 7, 0 MiB, 81920 MiB, 0 %
2026/07/03 18:15:08.993, 0, 7731 MiB, 81920 MiB, 0 %
2026/07/03 18:15:08.994, 1, 0 MiB, 81920 MiB, 0 %
2026/07/03 18:15:08.994, 2, 0 MiB, 81920 MiB, 0 %
2026/07/03 18:15:08.994, 3, 0 MiB, 81920 MiB, 0 %
2026/07/03 18:15:08.995, 4, 0 MiB, 81920 MiB, 0 %
2026/07/03 18:15:08.995, 5, 0 MiB, 81920 MiB, 0 %
2026/07/03 18:15:08.995, 6, 0 MiB, 81920 MiB, 0 %
2026/07/03 18:15:08.996, 7, 0 MiB, 81920 MiB, 0 %
2026/07/03 18:15:18.997, 0, 7731 MiB, 81920 MiB, 0 %
2026/07/03 18:15:18.998, 1, 0 MiB, 81920 MiB, 0 %
2026/07/03 18:15:18.998, 2, 0 MiB, 81920 MiB, 0 %
2026/07/03 18:15:18.998, 3, 0 MiB, 81920 MiB, 0 %
2026/07/03 18:15:18.998, 4, 0 MiB, 81920 MiB, 0 %
2026/07/03 18:15:18.999, 5, 0 MiB, 81920 MiB, 0 %
2026/07/03 18:15:18.999, 6, 0 MiB, 81920 MiB, 0 %
2026/07/03 18:15:18.999, 7, 0 MiB, 81920 MiB, 0 %
2026/07/03 18:15:29.001, 0, 7731 MiB, 81920 MiB, 0 %
2026/07/03 18:15:29.001, 1, 0 MiB, 81920 MiB, 0 %
2026/07/03 18:15:29.001, 2, 0 MiB, 81920 MiB, 0 %
2026/07/03 18:15:29.002, 3, 0 MiB, 81920 MiB, 0 %
2026/07/03 18:15:29.002, 4, 0 MiB, 81920 MiB, 0 %
2026/07/03 18:15:29.002, 5, 0 MiB, 81920 MiB, 0 %
2026/07/03 18:15:29.002, 6, 0 MiB, 81920 MiB, 0 %
2026/07/03 18:15:29.003, 7, 0 MiB, 81920 MiB, 0 %
2026/07/03 18:15:39.003, 0, 7731 MiB, 81920 MiB, 0 %
2026/07/03 18:15:39.003, 1, 0 MiB, 81920 MiB, 0 %
2026/07/03 18:15:39.004, 2, 0 MiB, 81920 MiB, 0 %
2026/07/03 18:15:39.004, 3, 0 MiB, 81920 MiB, 0 %
2026/07/03 18:15:39.004, 4, 0 MiB, 81920 MiB, 0 %
2026/07/03 18:15:39.005, 5, 0 MiB, 81920 MiB, 0 %
2026/07/03 18:15:39.005, 6, 0 MiB, 81920 MiB, 0 %
2026/07/03 18:15:39.005, 7, 0 MiB, 81920 MiB, 0 %
2026/07/03 18:15:49.006, 0, 7731 MiB, 81920 MiB, 0 %
2026/07/03 18:15:49.006, 1, 0 MiB, 81920 MiB, 0 %
2026/07/03 18:15:49.007, 2, 0 MiB, 81920 MiB, 0 %
2026/07/03 18:15:49.007, 3, 0 MiB, 81920 MiB, 0 %
2026/07/03 18:15:49.007, 4, 0 MiB, 81920 MiB, 0 %
2026/07/03 18:15:49.008, 5, 0 MiB, 81920 MiB, 0 %
2026/07/03 18:15:49.008, 6, 0 MiB, 81920 MiB, 0 %
2026/07/03 18:15:49.008, 7, 0 MiB, 81920 MiB, 0 %
2026/07/03 18:15:59.009, 0, 7731 MiB, 81920 MiB, 0 %
2026/07/03 18:15:59.009, 1, 0 MiB, 81920 MiB, 0 %
2026/07/03 18:15:59.010, 2, 0 MiB, 81920 MiB, 0 %
2026/07/03 18:15:59.010, 3, 0 MiB, 81920 MiB, 0 %
2026/07/03 18:15:59.010, 4, 0 MiB, 81920 MiB, 0 %
2026/07/03 18:15:59.011, 5, 0 MiB, 81920 MiB, 0 %
2026/07/03 18:15:59.011, 6, 0 MiB, 81920 MiB, 0 %
2026/07/03 18:15:59.011, 7, 0 MiB, 81920 MiB, 0 %
2026/07/03 18:16:09.012, 0, 7731 MiB, 81920 MiB, 55 %
2026/07/03 18:16:09.012, 1, 0 MiB, 81920 MiB, 0 %
2026/07/03 18:16:09.013, 2, 0 MiB, 81920 MiB, 0 %
2026/07/03 18:16:09.013, 3, 0 MiB, 81920 MiB, 0 %
2026/07/03 18:16:09.013, 4, 0 MiB, 81920 MiB, 0 %
2026/07/03 18:16:09.013, 5, 0 MiB, 81920 MiB, 0 %
2026/07/03 18:16:09.014, 6, 0 MiB, 81920 MiB, 0 %
2026/07/03 18:16:09.014, 7, 0 MiB, 81920 MiB, 0 %
2026/07/03 18:16:19.015, 0, 7731 MiB, 81920 MiB, 0 %
2026/07/03 18:16:19.015, 1, 0 MiB, 81920 MiB, 0 %
2026/07/03 18:16:19.016, 2, 0 MiB, 81920 MiB, 0 %
2026/07/03 18:16:19.016, 3, 0 MiB, 81920 MiB, 0 %
2026/07/03 18:16:19.016, 4, 0 MiB, 81920 MiB, 0 %
2026/07/03 18:16:19.016, 5, 0 MiB, 81920 MiB, 0 %
2026/07/03 18:16:19.017, 6, 0 MiB, 81920 MiB, 0 %
2026/07/03 18:16:19.017, 7, 0 MiB, 81920 MiB, 0 %
2026/07/03 18:16:29.018, 0, 7731 MiB, 81920 MiB, 0 %
2026/07/03 18:16:29.018, 1, 0 MiB, 81920 MiB, 0 %
2026/07/03 18:16:29.018, 2, 0 MiB, 81920 MiB, 0 %
2026/07/03 18:16:29.019, 3, 0 MiB, 81920 MiB, 0 %
2026/07/03 18:16:29.019, 4, 0 MiB, 81920 MiB, 0 %
2026/07/03 18:16:29.019, 5, 0 MiB, 81920 MiB, 0 %
2026/07/03 18:16:29.019, 6, 0 MiB, 81920 MiB, 0 %
2026/07/03 18:16:29.019, 7, 0 MiB, 81920 MiB, 0 %
2026/07/03 18:16:39.020, 0, 7731 MiB, 81920 MiB, 0 %
2026/07/03 18:16:39.021, 1, 0 MiB, 81920 MiB, 0 %
2026/07/03 18:16:39.021, 2, 0 MiB, 81920 MiB, 0 %
2026/07/03 18:16:39.021, 3, 0 MiB, 81920 MiB, 0 %
2026/07/03 18:16:39.022, 4, 0 MiB, 81920 MiB, 0 %
2026/07/03 18:16:39.022, 5, 0 MiB, 81920 MiB, 0 %
2026/07/03 18:16:39.022, 6, 0 MiB, 81920 MiB, 0 %
2026/07/03 18:16:39.022, 7, 0 MiB, 81920 MiB, 0 %
2026/07/03 18:16:49.024, 0, 7731 MiB, 81920 MiB, 0 %
2026/07/03 18:16:49.024, 1, 0 MiB, 81920 MiB, 0 %
2026/07/03 18:16:49.025, 2, 0 MiB, 81920 MiB, 0 %
2026/07/03 18:16:49.025, 3, 0 MiB, 81920 MiB, 0 %
2026/07/03 18:16:49.025, 4, 0 MiB, 81920 MiB, 0 %
2026/07/03 18:16:49.025, 5, 0 MiB, 81920 MiB, 0 %
2026/07/03 18:16:49.026, 6, 0 MiB, 81920 MiB, 0 %
2026/07/03 18:16:49.026, 7, 0 MiB, 81920 MiB, 0 %
2026/07/03 18:16:59.027, 0, 7731 MiB, 81920 MiB, 60 %
2026/07/03 18:16:59.027, 1, 0 MiB, 81920 MiB, 0 %
2026/07/03 18:16:59.027, 2, 0 MiB, 81920 MiB, 0 %
2026/07/03 18:16:59.028, 3, 0 MiB, 81920 MiB, 0 %
2026/07/03 18:16:59.028, 4, 0 MiB, 81920 MiB, 0 %
2026/07/03 18:16:59.028, 5, 0 MiB, 81920 MiB, 0 %
2026/07/03 18:16:59.028, 6, 0 MiB, 81920 MiB, 0 %
2026/07/03 18:16:59.029, 7, 0 MiB, 81920 MiB, 0 %
2026/07/03 18:17:09.030, 0, 7731 MiB, 81920 MiB, 0 %
2026/07/03 18:17:09.030, 1, 0 MiB, 81920 MiB, 0 %
2026/07/03 18:17:09.030, 2, 0 MiB, 81920 MiB, 0 %
2026/07/03 18:17:09.031, 3, 0 MiB, 81920 MiB, 0 %
2026/07/03 18:17:09.031, 4, 0 MiB, 81920 MiB, 0 %
2026/07/03 18:17:09.031, 5, 0 MiB, 81920 MiB, 0 %
2026/07/03 18:17:09.032, 6, 0 MiB, 81920 MiB, 0 %
2026/07/03 18:17:09.032, 7, 0 MiB, 81920 MiB, 0 %
2026/07/03 18:17:19.033, 0, 7731 MiB, 81920 MiB, 62 %
2026/07/03 18:17:19.033, 1, 0 MiB, 81920 MiB, 0 %
2026/07/03 18:17:19.033, 2, 0 MiB, 81920 MiB, 0 %
2026/07/03 18:17:19.034, 3, 0 MiB, 81920 MiB, 0 %
2026/07/03 18:17:19.034, 4, 0 MiB, 81920 MiB, 0 %
2026/07/03 18:17:19.034, 5, 0 MiB, 81920 MiB, 0 %
2026/07/03 18:17:19.035, 6, 0 MiB, 81920 MiB, 0 %
2026/07/03 18:17:19.035, 7, 0 MiB, 81920 MiB, 0 %
2026/07/03 18:17:29.036, 0, 7731 MiB, 81920 MiB, 61 %
2026/07/03 18:17:29.036, 1, 0 MiB, 81920 MiB, 0 %
2026/07/03 18:17:29.037, 2, 0 MiB, 81920 MiB, 0 %
2026/07/03 18:17:29.037, 3, 0 MiB, 81920 MiB, 0 %
2026/07/03 18:17:29.037, 4, 0 MiB, 81920 MiB, 0 %
2026/07/03 18:17:29.037, 5, 0 MiB, 81920 MiB, 0 %
2026/07/03 18:17:29.038, 6, 0 MiB, 81920 MiB, 0 %
2026/07/03 18:17:29.038, 7, 0 MiB, 81920 MiB, 0 %
2026/07/03 18:17:39.039, 0, 7731 MiB, 81920 MiB, 0 %
2026/07/03 18:17:39.039, 1, 0 MiB, 81920 MiB, 0 %
2026/07/03 18:17:39.040, 2, 0 MiB, 81920 MiB, 0 %
2026/07/03 18:17:39.040, 3, 0 MiB, 81920 MiB, 0 %
2026/07/03 18:17:39.040, 4, 0 MiB, 81920 MiB, 0 %
2026/07/03 18:17:39.040, 5, 0 MiB, 81920 MiB, 0 %
2026/07/03 18:17:39.041, 6, 0 MiB, 81920 MiB, 0 %
2026/07/03 18:17:39.041, 7, 0 MiB, 81920 MiB, 0 %
2026/07/03 18:17:49.042, 0, 7731 MiB, 81920 MiB, 0 %
2026/07/03 18:17:49.042, 1, 0 MiB, 81920 MiB, 0 %
2026/07/03 18:17:49.043, 2, 0 MiB, 81920 MiB, 0 %
2026/07/03 18:17:49.043, 3, 0 MiB, 81920 MiB, 0 %
2026/07/03 18:17:49.043, 4, 0 MiB, 81920 MiB, 0 %
2026/07/03 18:17:49.043, 5, 0 MiB, 81920 MiB, 0 %
2026/07/03 18:17:49.044, 6, 0 MiB, 81920 MiB, 0 %
2026/07/03 18:17:49.044, 7, 0 MiB, 81920 MiB, 0 %
2026/07/03 18:17:59.045, 0, 7731 MiB, 81920 MiB, 0 %
2026/07/03 18:17:59.045, 1, 0 MiB, 81920 MiB, 0 %
2026/07/03 18:17:59.046, 2, 0 MiB, 81920 MiB, 0 %
2026/07/03 18:17:59.046, 3, 0 MiB, 81920 MiB, 0 %
2026/07/03 18:17:59.046, 4, 0 MiB, 81920 MiB, 0 %
2026/07/03 18:17:59.046, 5, 0 MiB, 81920 MiB, 0 %
2026/07/03 18:17:59.047, 6, 0 MiB, 81920 MiB, 0 %
2026/07/03 18:17:59.047, 7, 0 MiB, 81920 MiB, 0 %
2026/07/03 18:18:09.048, 0, 7733 MiB, 81920 MiB, 0 %
2026/07/03 18:18:09.049, 1, 0 MiB, 81920 MiB, 0 %
2026/07/03 18:18:09.049, 2, 0 MiB, 81920 MiB, 0 %
2026/07/03 18:18:09.049, 3, 0 MiB, 81920 MiB, 0 %
2026/07/03 18:18:09.050, 4, 0 MiB, 81920 MiB, 0 %
2026/07/03 18:18:09.050, 5, 0 MiB, 81920 MiB, 0 %
2026/07/03 18:18:09.050, 6, 0 MiB, 81920 MiB, 0 %
2026/07/03 18:18:09.051, 7, 0 MiB, 81920 MiB, 0 %
2026/07/03 18:18:19.052, 0, 7733 MiB, 81920 MiB, 0 %
2026/07/03 18:18:19.052, 1, 0 MiB, 81920 MiB, 0 %
2026/07/03 18:18:19.052, 2, 0 MiB, 81920 MiB, 0 %
2026/07/03 18:18:19.053, 3, 0 MiB, 81920 MiB, 0 %
2026/07/03 18:18:19.053, 4, 0 MiB, 81920 MiB, 0 %
2026/07/03 18:18:19.053, 5, 0 MiB, 81920 MiB, 0 %
2026/07/03 18:18:19.054, 6, 0 MiB, 81920 MiB, 0 %
2026/07/03 18:18:19.054, 7, 0 MiB, 81920 MiB, 0 %
2026/07/03 18:18:29.055, 0, 7733 MiB, 81920 MiB, 0 %
2026/07/03 18:18:29.056, 1, 0 MiB, 81920 MiB, 0 %
2026/07/03 18:18:29.056, 2, 0 MiB, 81920 MiB, 0 %
2026/07/03 18:18:29.056, 3, 0 MiB, 81920 MiB, 0 %
2026/07/03 18:18:29.056, 4, 0 MiB, 81920 MiB, 0 %
2026/07/03 18:18:29.057, 5, 0 MiB, 81920 MiB, 0 %
2026/07/03 18:18:29.057, 6, 0 MiB, 81920 MiB, 0 %
2026/07/03 18:18:29.057, 7, 0 MiB, 81920 MiB, 0 %
2026/07/03 18:18:39.058, 0, 7733 MiB, 81920 MiB, 0 %
2026/07/03 18:18:39.059, 1, 0 MiB, 81920 MiB, 0 %
2026/07/03 18:18:39.059, 2, 0 MiB, 81920 MiB, 0 %
2026/07/03 18:18:39.059, 3, 0 MiB, 81920 MiB, 0 %
2026/07/03 18:18:39.060, 4, 0 MiB, 81920 MiB, 0 %
2026/07/03 18:18:39.060, 5, 0 MiB, 81920 MiB, 0 %
2026/07/03 18:18:39.060, 6, 0 MiB, 81920 MiB, 0 %
2026/07/03 18:18:39.061, 7, 0 MiB, 81920 MiB, 0 %
2026/07/03 18:18:49.061, 0, 7733 MiB, 81920 MiB, 0 %
2026/07/03 18:18:49.062, 1, 0 MiB, 81920 MiB, 0 %
2026/07/03 18:18:49.062, 2, 0 MiB, 81920 MiB, 0 %
2026/07/03 18:18:49.062, 3, 0 MiB, 81920 MiB, 0 %
2026/07/03 18:18:49.063, 4, 0 MiB, 81920 MiB, 0 %
2026/07/03 18:18:49.063, 5, 0 MiB, 81920 MiB, 0 %
2026/07/03 18:18:49.063, 6, 0 MiB, 81920 MiB, 0 %
2026/07/03 18:18:49.063, 7, 0 MiB, 81920 MiB, 0 %
2026/07/03 18:18:59.064, 0, 7733 MiB, 81920 MiB, 0 %
2026/07/03 18:18:59.065, 1, 0 MiB, 81920 MiB, 0 %
2026/07/03 18:18:59.065, 2, 0 MiB, 81920 MiB, 0 %
2026/07/03 18:18:59.065, 3, 0 MiB, 81920 MiB, 0 %
2026/07/03 18:18:59.065, 4, 0 MiB, 81920 MiB, 0 %
2026/07/03 18:18:59.066, 5, 0 MiB, 81920 MiB, 0 %
2026/07/03 18:18:59.066, 6, 0 MiB, 81920 MiB, 0 %
2026/07/03 18:18:59.066, 7, 0 MiB, 81920 MiB, 0 %
2026/07/03 18:19:09.067, 0, 7733 MiB, 81920 MiB, 0 %
2026/07/03 18:19:09.067, 1, 0 MiB, 81920 MiB, 0 %
2026/07/03 18:19:09.068, 2, 0 MiB, 81920 MiB, 0 %
2026/07/03 18:19:09.068, 3, 0 MiB, 81920 MiB, 0 %
2026/07/03 18:19:09.068, 4, 0 MiB, 81920 MiB, 0 %
2026/07/03 18:19:09.068, 5, 0 MiB, 81920 MiB, 0 %
2026/07/03 18:19:09.069, 6, 0 MiB, 81920 MiB, 0 %
2026/07/03 18:19:09.069, 7, 0 MiB, 81920 MiB, 0 %
2026/07/03 18:19:19.070, 0, 7733 MiB, 81920 MiB, 60 %
2026/07/03 18:19:19.070, 1, 0 MiB, 81920 MiB, 0 %
2026/07/03 18:19:19.071, 2, 0 MiB, 81920 MiB, 0 %
2026/07/03 18:19:19.071, 3, 0 MiB, 81920 MiB, 0 %
2026/07/03 18:19:19.071, 4, 0 MiB, 81920 MiB, 0 %
2026/07/03 18:19:19.072, 5, 0 MiB, 81920 MiB, 0 %
2026/07/03 18:19:19.072, 6, 0 MiB, 81920 MiB, 0 %
2026/07/03 18:19:19.072, 7, 0 MiB, 81920 MiB, 0 %
2026/07/03 18:19:29.073, 0, 7733 MiB, 81920 MiB, 0 %
2026/07/03 18:19:29.073, 1, 0 MiB, 81920 MiB, 0 %
2026/07/03 18:19:29.074, 2, 0 MiB, 81920 MiB, 0 %
2026/07/03 18:19:29.074, 3, 0 MiB, 81920 MiB, 0 %
2026/07/03 18:19:29.074, 4, 0 MiB, 81920 MiB, 0 %
2026/07/03 18:19:29.074, 5, 0 MiB, 81920 MiB, 0 %
2026/07/03 18:19:29.075, 6, 0 MiB, 81920 MiB, 0 %
2026/07/03 18:19:29.075, 7, 0 MiB, 81920 MiB, 0 %
2026/07/03 18:19:39.075, 0, 7733 MiB, 81920 MiB, 0 %
2026/07/03 18:19:39.076, 1, 0 MiB, 81920 MiB, 0 %
2026/07/03 18:19:39.076, 2, 0 MiB, 81920 MiB, 0 %
2026/07/03 18:19:39.076, 3, 0 MiB, 81920 MiB, 0 %
2026/07/03 18:19:39.077, 4, 0 MiB, 81920 MiB, 0 %
2026/07/03 18:19:39.077, 5, 0 MiB, 81920 MiB, 0 %
2026/07/03 18:19:39.077, 6, 0 MiB, 81920 MiB, 0 %
2026/07/03 18:19:39.077, 7, 0 MiB, 81920 MiB, 0 %
2026/07/03 18:19:49.078, 0, 7733 MiB, 81920 MiB, 0 %
2026/07/03 18:19:49.079, 1, 0 MiB, 81920 MiB, 0 %
2026/07/03 18:19:49.079, 2, 0 MiB, 81920 MiB, 0 %
2026/07/03 18:19:49.079, 3, 0 MiB, 81920 MiB, 0 %
2026/07/03 18:19:49.080, 4, 0 MiB, 81920 MiB, 0 %
2026/07/03 18:19:49.080, 5, 0 MiB, 81920 MiB, 0 %
2026/07/03 18:19:49.080, 6, 0 MiB, 81920 MiB, 0 %
2026/07/03 18:19:49.080, 7, 0 MiB, 81920 MiB, 0 %
2026/07/03 18:19:59.081, 0, 7733 MiB, 81920 MiB, 0 %
2026/07/03 18:19:59.082, 1, 0 MiB, 81920 MiB, 0 %
2026/07/03 18:19:59.082, 2, 0 MiB, 81920 MiB, 0 %
2026/07/03 18:19:59.082, 3, 0 MiB, 81920 MiB, 0 %
2026/07/03 18:19:59.083, 4, 0 MiB, 81920 MiB, 0 %
2026/07/03 18:19:59.083, 5, 0 MiB, 81920 MiB, 0 %
2026/07/03 18:19:59.083, 6, 0 MiB, 81920 MiB, 0 %
2026/07/03 18:19:59.083, 7, 0 MiB, 81920 MiB, 0 %
2026/07/03 18:20:09.084, 0, 7733 MiB, 81920 MiB, 7 %
2026/07/03 18:20:09.085, 1, 0 MiB, 81920 MiB, 0 %
2026/07/03 18:20:09.085, 2, 0 MiB, 81920 MiB, 0 %
2026/07/03 18:20:09.085, 3, 0 MiB, 81920 MiB, 0 %
2026/07/03 18:20:09.086, 4, 0 MiB, 81920 MiB, 0 %
2026/07/03 18:20:09.086, 5, 0 MiB, 81920 MiB, 0 %
2026/07/03 18:20:09.086, 6, 0 MiB, 81920 MiB, 0 %
2026/07/03 18:20:09.086, 7, 0 MiB, 81920 MiB, 0 %
2026/07/03 18:20:19.087, 0, 7733 MiB, 81920 MiB, 0 %
2026/07/03 18:20:19.088, 1, 0 MiB, 81920 MiB, 0 %
2026/07/03 18:20:19.088, 2, 0 MiB, 81920 MiB, 0 %
2026/07/03 18:20:19.088, 3, 0 MiB, 81920 MiB, 0 %
2026/07/03 18:20:19.089, 4, 0 MiB, 81920 MiB, 0 %
2026/07/03 18:20:19.089, 5, 0 MiB, 81920 MiB, 0 %
2026/07/03 18:20:19.089, 6, 0 MiB, 81920 MiB, 0 %
2026/07/03 18:20:19.089, 7, 0 MiB, 81920 MiB, 0 %
2026/07/03 18:20:29.090, 0, 7733 MiB, 81920 MiB, 0 %
2026/07/03 18:20:29.091, 1, 0 MiB, 81920 MiB, 0 %
2026/07/03 18:20:29.091, 2, 0 MiB, 81920 MiB, 0 %
2026/07/03 18:20:29.091, 3, 0 MiB, 81920 MiB, 0 %
2026/07/03 18:20:29.092, 4, 0 MiB, 81920 MiB, 0 %
2026/07/03 18:20:29.092, 5, 0 MiB, 81920 MiB, 0 %
2026/07/03 18:20:29.092, 6, 0 MiB, 81920 MiB, 0 %
2026/07/03 18:20:29.092, 7, 0 MiB, 81920 MiB, 0 %
2026/07/03 18:20:39.093, 0, 7733 MiB, 81920 MiB, 0 %
2026/07/03 18:20:39.094, 1, 0 MiB, 81920 MiB, 0 %
2026/07/03 18:20:39.094, 2, 0 MiB, 81920 MiB, 0 %
2026/07/03 18:20:39.094, 3, 0 MiB, 81920 MiB, 0 %
2026/07/03 18:20:39.094, 4, 0 MiB, 81920 MiB, 0 %
2026/07/03 18:20:39.095, 5, 0 MiB, 81920 MiB, 0 %
2026/07/03 18:20:39.095, 6, 0 MiB, 81920 MiB, 0 %
2026/07/03 18:20:39.095, 7, 0 MiB, 81920 MiB, 0 %
2026/07/03 18:20:49.096, 0, 7733 MiB, 81920 MiB, 54 %
2026/07/03 18:20:49.097, 1, 0 MiB, 81920 MiB, 0 %
2026/07/03 18:20:49.097, 2, 0 MiB, 81920 MiB, 0 %
2026/07/03 18:20:49.097, 3, 0 MiB, 81920 MiB, 0 %
2026/07/03 18:20:49.098, 4, 0 MiB, 81920 MiB, 0 %
2026/07/03 18:20:49.098, 5, 0 MiB, 81920 MiB, 0 %
2026/07/03 18:20:49.098, 6, 0 MiB, 81920 MiB, 0 %
2026/07/03 18:20:49.098, 7, 0 MiB, 81920 MiB, 0 %
2026/07/03 18:20:59.099, 0, 7733 MiB, 81920 MiB, 0 %
2026/07/03 18:20:59.100, 1, 0 MiB, 81920 MiB, 0 %
2026/07/03 18:20:59.100, 2, 0 MiB, 81920 MiB, 0 %
2026/07/03 18:20:59.100, 3, 0 MiB, 81920 MiB, 0 %
2026/07/03 18:20:59.101, 4, 0 MiB, 81920 MiB, 0 %
2026/07/03 18:20:59.101, 5, 0 MiB, 81920 MiB, 0 %
2026/07/03 18:20:59.101, 6, 0 MiB, 81920 MiB, 0 %
2026/07/03 18:20:59.101, 7, 0 MiB, 81920 MiB, 0 %
2026/07/03 18:21:09.102, 0, 7733 MiB, 81920 MiB, 0 %
2026/07/03 18:21:09.103, 1, 0 MiB, 81920 MiB, 0 %
2026/07/03 18:21:09.103, 2, 0 MiB, 81920 MiB, 0 %
2026/07/03 18:21:09.103, 3, 0 MiB, 81920 MiB, 0 %
2026/07/03 18:21:09.104, 4, 0 MiB, 81920 MiB, 0 %
2026/07/03 18:21:09.104, 5, 0 MiB, 81920 MiB, 0 %
2026/07/03 18:21:09.104, 6, 0 MiB, 81920 MiB, 0 %
2026/07/03 18:21:09.104, 7, 0 MiB, 81920 MiB, 0 %
2026/07/03 18:21:19.105, 0, 7733 MiB, 81920 MiB, 0 %
2026/07/03 18:21:19.106, 1, 0 MiB, 81920 MiB, 0 %
2026/07/03 18:21:19.106, 2, 0 MiB, 81920 MiB, 0 %
2026/07/03 18:21:19.106, 3, 0 MiB, 81920 MiB, 0 %
2026/07/03 18:21:19.106, 4, 0 MiB, 81920 MiB, 0 %
2026/07/03 18:21:19.107, 5, 0 MiB, 81920 MiB, 0 %
2026/07/03 18:21:19.107, 6, 0 MiB, 81920 MiB, 0 %
2026/07/03 18:21:19.107, 7, 0 MiB, 81920 MiB, 0 %
2026/07/03 18:21:29.108, 0, 7733 MiB, 81920 MiB, 0 %
2026/07/03 18:21:29.109, 1, 0 MiB, 81920 MiB, 0 %
2026/07/03 18:21:29.109, 2, 0 MiB, 81920 MiB, 0 %
2026/07/03 18:21:29.109, 3, 0 MiB, 81920 MiB, 0 %
2026/07/03 18:21:29.109, 4, 0 MiB, 81920 MiB, 0 %
2026/07/03 18:21:29.110, 5, 0 MiB, 81920 MiB, 0 %
2026/07/03 18:21:29.110, 6, 0 MiB, 81920 MiB, 0 %
2026/07/03 18:21:29.110, 7, 0 MiB, 81920 MiB, 0 %
2026/07/03 18:21:39.111, 0, 7733 MiB, 81920 MiB, 0 %
2026/07/03 18:21:39.112, 1, 0 MiB, 81920 MiB, 0 %
2026/07/03 18:21:39.112, 2, 0 MiB, 81920 MiB, 0 %
2026/07/03 18:21:39.112, 3, 0 MiB, 81920 MiB, 0 %
2026/07/03 18:21:39.112, 4, 0 MiB, 81920 MiB, 0 %
2026/07/03 18:21:39.113, 5, 0 MiB, 81920 MiB, 0 %
2026/07/03 18:21:39.113, 6, 0 MiB, 81920 MiB, 0 %
2026/07/03 18:21:39.113, 7, 0 MiB, 81920 MiB, 0 %
2026/07/03 18:21:49.114, 0, 7733 MiB, 81920 MiB, 0 %
2026/07/03 18:21:49.115, 1, 0 MiB, 81920 MiB, 0 %
2026/07/03 18:21:49.115, 2, 0 MiB, 81920 MiB, 0 %
2026/07/03 18:21:49.115, 3, 0 MiB, 81920 MiB, 0 %
2026/07/03 18:21:49.115, 4, 0 MiB, 81920 MiB, 0 %
2026/07/03 18:21:49.116, 5, 0 MiB, 81920 MiB, 0 %
2026/07/03 18:21:49.116, 6, 0 MiB, 81920 MiB, 0 %
2026/07/03 18:21:49.116, 7, 0 MiB, 81920 MiB, 0 %
2026/07/03 18:21:59.117, 0, 7733 MiB, 81920 MiB, 48 %
2026/07/03 18:21:59.118, 1, 0 MiB, 81920 MiB, 0 %
2026/07/03 18:21:59.118, 2, 0 MiB, 81920 MiB, 0 %
2026/07/03 18:21:59.118, 3, 0 MiB, 81920 MiB, 0 %
2026/07/03 18:21:59.118, 4, 0 MiB, 81920 MiB, 0 %
2026/07/03 18:21:59.119, 5, 0 MiB, 81920 MiB, 0 %
2026/07/03 18:21:59.119, 6, 0 MiB, 81920 MiB, 0 %
2026/07/03 18:21:59.119, 7, 0 MiB, 81920 MiB, 0 %
2026/07/03 18:22:09.120, 0, 7733 MiB, 81920 MiB, 0 %
2026/07/03 18:22:09.121, 1, 0 MiB, 81920 MiB, 0 %
2026/07/03 18:22:09.121, 2, 0 MiB, 81920 MiB, 0 %
2026/07/03 18:22:09.121, 3, 0 MiB, 81920 MiB, 0 %
2026/07/03 18:22:09.121, 4, 0 MiB, 81920 MiB, 0 %
2026/07/03 18:22:09.122, 5, 0 MiB, 81920 MiB, 0 %
2026/07/03 18:22:09.122, 6, 0 MiB, 81920 MiB, 0 %
2026/07/03 18:22:09.122, 7, 0 MiB, 81920 MiB, 0 %
2026/07/03 18:22:19.123, 0, 7733 MiB, 81920 MiB, 0 %
2026/07/03 18:22:19.124, 1, 0 MiB, 81920 MiB, 0 %
2026/07/03 18:22:19.124, 2, 0 MiB, 81920 MiB, 0 %
2026/07/03 18:22:19.124, 3, 0 MiB, 81920 MiB, 0 %
2026/07/03 18:22:19.124, 4, 0 MiB, 81920 MiB, 0 %
2026/07/03 18:22:19.125, 5, 0 MiB, 81920 MiB, 0 %
2026/07/03 18:22:19.125, 6, 0 MiB, 81920 MiB, 0 %
2026/07/03 18:22:19.125, 7, 0 MiB, 81920 MiB, 0 %
2026/07/03 18:22:29.126, 0, 7733 MiB, 81920 MiB, 0 %
2026/07/03 18:22:29.127, 1, 0 MiB, 81920 MiB, 0 %
2026/07/03 18:22:29.127, 2, 0 MiB, 81920 MiB, 0 %
2026/07/03 18:22:29.127, 3, 0 MiB, 81920 MiB, 0 %
2026/07/03 18:22:29.127, 4, 0 MiB, 81920 MiB, 0 %
2026/07/03 18:22:29.128, 5, 0 MiB, 81920 MiB, 0 %
2026/07/03 18:22:29.128, 6, 0 MiB, 81920 MiB, 0 %
2026/07/03 18:22:29.128, 7, 0 MiB, 81920 MiB, 0 %
2026/07/03 18:22:39.129, 0, 7733 MiB, 81920 MiB, 0 %
2026/07/03 18:22:39.129, 1, 0 MiB, 81920 MiB, 0 %
2026/07/03 18:22:39.130, 2, 0 MiB, 81920 MiB, 0 %
2026/07/03 18:22:39.130, 3, 0 MiB, 81920 MiB, 0 %
2026/07/03 18:22:39.130, 4, 0 MiB, 81920 MiB, 0 %
2026/07/03 18:22:39.131, 5, 0 MiB, 81920 MiB, 0 %
2026/07/03 18:22:39.131, 6, 0 MiB, 81920 MiB, 0 %
2026/07/03 18:22:39.131, 7, 0 MiB, 81920 MiB, 0 %
2026/07/03 18:22:49.132, 0, 7733 MiB, 81920 MiB, 0 %
2026/07/03 18:22:49.132, 1, 0 MiB, 81920 MiB, 0 %
2026/07/03 18:22:49.133, 2, 0 MiB, 81920 MiB, 0 %
2026/07/03 18:22:49.133, 3, 0 MiB, 81920 MiB, 0 %
2026/07/03 18:22:49.133, 4, 0 MiB, 81920 MiB, 0 %
2026/07/03 18:22:49.134, 5, 0 MiB, 81920 MiB, 0 %
2026/07/03 18:22:49.134, 6, 0 MiB, 81920 MiB, 0 %
2026/07/03 18:22:49.134, 7, 0 MiB, 81920 MiB, 0 %
2026/07/03 18:22:59.135, 0, 7733 MiB, 81920 MiB, 0 %
2026/07/03 18:22:59.135, 1, 0 MiB, 81920 MiB, 0 %
2026/07/03 18:22:59.136, 2, 0 MiB, 81920 MiB, 0 %
2026/07/03 18:22:59.136, 3, 0 MiB, 81920 MiB, 0 %
2026/07/03 18:22:59.136, 4, 0 MiB, 81920 MiB, 0 %
2026/07/03 18:22:59.136, 5, 0 MiB, 81920 MiB, 0 %
2026/07/03 18:22:59.137, 6, 0 MiB, 81920 MiB, 0 %
2026/07/03 18:22:59.137, 7, 0 MiB, 81920 MiB, 0 %
2026/07/03 18:23:09.138, 0, 7733 MiB, 81920 MiB, 0 %
2026/07/03 18:23:09.138, 1, 0 MiB, 81920 MiB, 0 %
2026/07/03 18:23:09.138, 2, 0 MiB, 81920 MiB, 0 %
2026/07/03 18:23:09.139, 3, 0 MiB, 81920 MiB, 0 %
2026/07/03 18:23:09.139, 4, 0 MiB, 81920 MiB, 0 %
2026/07/03 18:23:09.139, 5, 0 MiB, 81920 MiB, 0 %
2026/07/03 18:23:09.140, 6, 0 MiB, 81920 MiB, 0 %
2026/07/03 18:23:09.140, 7, 0 MiB, 81920 MiB, 0 %
2026/07/03 18:23:19.141, 0, 7733 MiB, 81920 MiB, 60 %
2026/07/03 18:23:19.141, 1, 0 MiB, 81920 MiB, 0 %
2026/07/03 18:23:19.142, 2, 0 MiB, 81920 MiB, 0 %
2026/07/03 18:23:19.142, 3, 0 MiB, 81920 MiB, 0 %
2026/07/03 18:23:19.142, 4, 0 MiB, 81920 MiB, 0 %
2026/07/03 18:23:19.142, 5, 0 MiB, 81920 MiB, 0 %
2026/07/03 18:23:19.143, 6, 0 MiB, 81920 MiB, 0 %
2026/07/03 18:23:19.143, 7, 0 MiB, 81920 MiB, 0 %
2026/07/03 18:23:29.144, 0, 7733 MiB, 81920 MiB, 0 %
2026/07/03 18:23:29.144, 1, 0 MiB, 81920 MiB, 0 %
2026/07/03 18:23:29.145, 2, 0 MiB, 81920 MiB, 0 %
2026/07/03 18:23:29.145, 3, 0 MiB, 81920 MiB, 0 %
2026/07/03 18:23:29.145, 4, 0 MiB, 81920 MiB, 0 %
2026/07/03 18:23:29.145, 5, 0 MiB, 81920 MiB, 0 %
2026/07/03 18:23:29.146, 6, 0 MiB, 81920 MiB, 0 %
2026/07/03 18:23:29.146, 7, 0 MiB, 81920 MiB, 0 %
2026/07/03 18:23:39.147, 0, 7733 MiB, 81920 MiB, 60 %
2026/07/03 18:23:39.147, 1, 0 MiB, 81920 MiB, 0 %
2026/07/03 18:23:39.148, 2, 0 MiB, 81920 MiB, 0 %
2026/07/03 18:23:39.148, 3, 0 MiB, 81920 MiB, 0 %
2026/07/03 18:23:39.148, 4, 0 MiB, 81920 MiB, 0 %
2026/07/03 18:23:39.149, 5, 0 MiB, 81920 MiB, 0 %
2026/07/03 18:23:39.149, 6, 0 MiB, 81920 MiB, 0 %
2026/07/03 18:23:39.149, 7, 0 MiB, 81920 MiB, 0 %
2026/07/03 18:23:49.150, 0, 7733 MiB, 81920 MiB, 0 %
2026/07/03 18:23:49.150, 1, 0 MiB, 81920 MiB, 0 %
2026/07/03 18:23:49.151, 2, 0 MiB, 81920 MiB, 0 %
2026/07/03 18:23:49.151, 3, 0 MiB, 81920 MiB, 0 %
2026/07/03 18:23:49.151, 4, 0 MiB, 81920 MiB, 0 %
2026/07/03 18:23:49.151, 5, 0 MiB, 81920 MiB, 0 %
2026/07/03 18:23:49.152, 6, 0 MiB, 81920 MiB, 0 %
2026/07/03 18:23:49.152, 7, 0 MiB, 81920 MiB, 0 %
2026/07/03 18:23:59.153, 0, 7733 MiB, 81920 MiB, 0 %
2026/07/03 18:23:59.154, 1, 0 MiB, 81920 MiB, 0 %
2026/07/03 18:23:59.154, 2, 0 MiB, 81920 MiB, 0 %
2026/07/03 18:23:59.154, 3, 0 MiB, 81920 MiB, 0 %
2026/07/03 18:23:59.154, 4, 0 MiB, 81920 MiB, 0 %
2026/07/03 18:23:59.155, 5, 0 MiB, 81920 MiB, 0 %
2026/07/03 18:23:59.155, 6, 0 MiB, 81920 MiB, 0 %
2026/07/03 18:23:59.155, 7, 0 MiB, 81920 MiB, 0 %
2026/07/03 18:24:09.156, 0, 7733 MiB, 81920 MiB, 0 %
2026/07/03 18:24:09.157, 1, 0 MiB, 81920 MiB, 0 %
2026/07/03 18:24:09.157, 2, 0 MiB, 81920 MiB, 0 %
2026/07/03 18:24:09.157, 3, 0 MiB, 81920 MiB, 0 %
2026/07/03 18:24:09.157, 4, 0 MiB, 81920 MiB, 0 %
2026/07/03 18:24:09.158, 5, 0 MiB, 81920 MiB, 0 %
2026/07/03 18:24:09.158, 6, 0 MiB, 81920 MiB, 0 %
2026/07/03 18:24:09.158, 7, 0 MiB, 81920 MiB, 0 %
2026/07/03 18:24:19.159, 0, 7733 MiB, 81920 MiB, 0 %
2026/07/03 18:24:19.160, 1, 0 MiB, 81920 MiB, 0 %
2026/07/03 18:24:19.160, 2, 0 MiB, 81920 MiB, 0 %
2026/07/03 18:24:19.160, 3, 0 MiB, 81920 MiB, 0 %
2026/07/03 18:24:19.160, 4, 0 MiB, 81920 MiB, 0 %
2026/07/03 18:24:19.161, 5, 0 MiB, 81920 MiB, 0 %
2026/07/03 18:24:19.161, 6, 0 MiB, 81920 MiB, 0 %
2026/07/03 18:24:19.161, 7, 0 MiB, 81920 MiB, 0 %
2026/07/03 18:24:29.162, 0, 7733 MiB, 81920 MiB, 0 %
2026/07/03 18:24:29.162, 1, 0 MiB, 81920 MiB, 0 %
2026/07/03 18:24:29.162, 2, 0 MiB, 81920 MiB, 0 %
2026/07/03 18:24:29.163, 3, 0 MiB, 81920 MiB, 0 %
2026/07/03 18:24:29.163, 4, 0 MiB, 81920 MiB, 0 %
2026/07/03 18:24:29.163, 5, 0 MiB, 81920 MiB, 0 %
2026/07/03 18:24:29.164, 6, 0 MiB, 81920 MiB, 0 %
2026/07/03 18:24:29.164, 7, 0 MiB, 81920 MiB, 0 %
2026/07/03 18:24:39.164, 0, 7733 MiB, 81920 MiB, 61 %
2026/07/03 18:24:39.165, 1, 0 MiB, 81920 MiB, 0 %
2026/07/03 18:24:39.165, 2, 0 MiB, 81920 MiB, 0 %
2026/07/03 18:24:39.165, 3, 0 MiB, 81920 MiB, 0 %
2026/07/03 18:24:39.166, 4, 0 MiB, 81920 MiB, 0 %
2026/07/03 18:24:39.166, 5, 0 MiB, 81920 MiB, 0 %
2026/07/03 18:24:39.166, 6, 0 MiB, 81920 MiB, 0 %
2026/07/03 18:24:39.166, 7, 0 MiB, 81920 MiB, 0 %
2026/07/03 18:24:49.167, 0, 7733 MiB, 81920 MiB, 0 %
2026/07/03 18:24:49.168, 1, 0 MiB, 81920 MiB, 0 %
2026/07/03 18:24:49.168, 2, 0 MiB, 81920 MiB, 0 %
2026/07/03 18:24:49.168, 3, 0 MiB, 81920 MiB, 0 %
2026/07/03 18:24:49.169, 4, 0 MiB, 81920 MiB, 0 %
2026/07/03 18:24:49.169, 5, 0 MiB, 81920 MiB, 0 %
2026/07/03 18:24:49.169, 6, 0 MiB, 81920 MiB, 0 %
2026/07/03 18:24:49.169, 7, 0 MiB, 81920 MiB, 0 %
2026/07/03 18:24:59.170, 0, 7733 MiB, 81920 MiB, 0 %
2026/07/03 18:24:59.171, 1, 0 MiB, 81920 MiB, 0 %
2026/07/03 18:24:59.171, 2, 0 MiB, 81920 MiB, 0 %
2026/07/03 18:24:59.171, 3, 0 MiB, 81920 MiB, 0 %
2026/07/03 18:24:59.172, 4, 0 MiB, 81920 MiB, 0 %
2026/07/03 18:24:59.172, 5, 0 MiB, 81920 MiB, 0 %
2026/07/03 18:24:59.172, 6, 0 MiB, 81920 MiB, 0 %
2026/07/03 18:24:59.172, 7, 0 MiB, 81920 MiB, 0 %
2026/07/03 18:25:09.173, 0, 7733 MiB, 81920 MiB, 0 %
2026/07/03 18:25:09.174, 1, 0 MiB, 81920 MiB, 0 %
2026/07/03 18:25:09.174, 2, 0 MiB, 81920 MiB, 0 %
2026/07/03 18:25:09.174, 3, 0 MiB, 81920 MiB, 0 %
2026/07/03 18:25:09.175, 4, 0 MiB, 81920 MiB, 0 %
2026/07/03 18:25:09.175, 5, 0 MiB, 81920 MiB, 0 %
2026/07/03 18:25:09.175, 6, 0 MiB, 81920 MiB, 0 %
2026/07/03 18:25:09.175, 7, 0 MiB, 81920 MiB, 0 %
2026/07/03 18:25:19.176, 0, 7733 MiB, 81920 MiB, 0 %
2026/07/03 18:25:19.177, 1, 0 MiB, 81920 MiB, 0 %
2026/07/03 18:25:19.177, 2, 0 MiB, 81920 MiB, 0 %
2026/07/03 18:25:19.177, 3, 0 MiB, 81920 MiB, 0 %
2026/07/03 18:25:19.177, 4, 0 MiB, 81920 MiB, 0 %
2026/07/03 18:25:19.178, 5, 0 MiB, 81920 MiB, 0 %
2026/07/03 18:25:19.178, 6, 0 MiB, 81920 MiB, 0 %
2026/07/03 18:25:19.178, 7, 0 MiB, 81920 MiB, 0 %
2026/07/03 18:25:29.179, 0, 7733 MiB, 81920 MiB, 0 %
2026/07/03 18:25:29.180, 1, 0 MiB, 81920 MiB, 0 %
2026/07/03 18:25:29.180, 2, 0 MiB, 81920 MiB, 0 %
2026/07/03 18:25:29.180, 3, 0 MiB, 81920 MiB, 0 %
2026/07/03 18:25:29.180, 4, 0 MiB, 81920 MiB, 0 %
2026/07/03 18:25:29.181, 5, 0 MiB, 81920 MiB, 0 %
2026/07/03 18:25:29.181, 6, 0 MiB, 81920 MiB, 0 %
2026/07/03 18:25:29.181, 7, 0 MiB, 81920 MiB, 0 %
2026/07/03 18:25:39.182, 0, 7733 MiB, 81920 MiB, 0 %
2026/07/03 18:25:39.182, 1, 0 MiB, 81920 MiB, 0 %
2026/07/03 18:25:39.183, 2, 0 MiB, 81920 MiB, 0 %
2026/07/03 18:25:39.183, 3, 0 MiB, 81920 MiB, 0 %
2026/07/03 18:25:39.183, 4, 0 MiB, 81920 MiB, 0 %
2026/07/03 18:25:39.184, 5, 0 MiB, 81920 MiB, 0 %
2026/07/03 18:25:39.184, 6, 0 MiB, 81920 MiB, 0 %
2026/07/03 18:25:39.184, 7, 0 MiB, 81920 MiB, 0 %
2026/07/03 18:25:49.185, 0, 7733 MiB, 81920 MiB, 62 %
2026/07/03 18:25:49.186, 1, 0 MiB, 81920 MiB, 0 %
2026/07/03 18:25:49.186, 2, 0 MiB, 81920 MiB, 0 %
2026/07/03 18:25:49.186, 3, 0 MiB, 81920 MiB, 0 %
2026/07/03 18:25:49.186, 4, 0 MiB, 81920 MiB, 0 %
2026/07/03 18:25:49.186, 5, 0 MiB, 81920 MiB, 0 %
2026/07/03 18:25:49.186, 6, 0 MiB, 81920 MiB, 0 %
2026/07/03 18:25:49.186, 7, 0 MiB, 81920 MiB, 0 %
2026/07/03 18:25:59.187, 0, 7733 MiB, 81920 MiB, 0 %
2026/07/03 18:25:59.188, 1, 0 MiB, 81920 MiB, 0 %
2026/07/03 18:25:59.188, 2, 0 MiB, 81920 MiB, 0 %
2026/07/03 18:25:59.188, 3, 0 MiB, 81920 MiB, 0 %
2026/07/03 18:25:59.188, 4, 0 MiB, 81920 MiB, 0 %
2026/07/03 18:25:59.189, 5, 0 MiB, 81920 MiB, 0 %
2026/07/03 18:25:59.189, 6, 0 MiB, 81920 MiB, 0 %
2026/07/03 18:25:59.189, 7, 0 MiB, 81920 MiB, 0 %
2026/07/03 18:26:09.190, 0, 7733 MiB, 81920 MiB, 0 %
2026/07/03 18:26:09.191, 1, 0 MiB, 81920 MiB, 0 %
2026/07/03 18:26:09.191, 2, 0 MiB, 81920 MiB, 0 %
2026/07/03 18:26:09.191, 3, 0 MiB, 81920 MiB, 0 %
2026/07/03 18:26:09.191, 4, 0 MiB, 81920 MiB, 0 %
2026/07/03 18:26:09.192, 5, 0 MiB, 81920 MiB, 0 %
2026/07/03 18:26:09.192, 6, 0 MiB, 81920 MiB, 0 %
2026/07/03 18:26:09.192, 7, 0 MiB, 81920 MiB, 0 %
2026/07/03 18:26:19.193, 0, 7733 MiB, 81920 MiB, 0 %
2026/07/03 18:26:19.194, 1, 0 MiB, 81920 MiB, 0 %
2026/07/03 18:26:19.194, 2, 0 MiB, 81920 MiB, 0 %
2026/07/03 18:26:19.194, 3, 0 MiB, 81920 MiB, 0 %
2026/07/03 18:26:19.194, 4, 0 MiB, 81920 MiB, 0 %
2026/07/03 18:26:19.195, 5, 0 MiB, 81920 MiB, 0 %
2026/07/03 18:26:19.195, 6, 0 MiB, 81920 MiB, 0 %
2026/07/03 18:26:19.195, 7, 0 MiB, 81920 MiB, 0 %
2026/07/03 18:26:29.196, 0, 7733 MiB, 81920 MiB, 0 %
2026/07/03 18:26:29.197, 1, 0 MiB, 81920 MiB, 0 %
2026/07/03 18:26:29.197, 2, 0 MiB, 81920 MiB, 0 %
2026/07/03 18:26:29.197, 3, 0 MiB, 81920 MiB, 0 %
2026/07/03 18:26:29.197, 4, 0 MiB, 81920 MiB, 0 %
2026/07/03 18:26:29.198, 5, 0 MiB, 81920 MiB, 0 %
2026/07/03 18:26:29.198, 6, 0 MiB, 81920 MiB, 0 %
2026/07/03 18:26:29.198, 7, 0 MiB, 81920 MiB, 0 %
2026/07/03 18:26:39.199, 0, 7733 MiB, 81920 MiB, 0 %
2026/07/03 18:26:39.199, 1, 0 MiB, 81920 MiB, 0 %
2026/07/03 18:26:39.200, 2, 0 MiB, 81920 MiB, 0 %
2026/07/03 18:26:39.200, 3, 0 MiB, 81920 MiB, 0 %
2026/07/03 18:26:39.200, 4, 0 MiB, 81920 MiB, 0 %
2026/07/03 18:26:39.201, 5, 0 MiB, 81920 MiB, 0 %
2026/07/03 18:26:39.201, 6, 0 MiB, 81920 MiB, 0 %
2026/07/03 18:26:39.201, 7, 0 MiB, 81920 MiB, 0 %
2026/07/03 18:26:49.202, 0, 7733 MiB, 81920 MiB, 47 %
2026/07/03 18:26:49.202, 1, 0 MiB, 81920 MiB, 0 %
2026/07/03 18:26:49.203, 2, 0 MiB, 81920 MiB, 0 %
2026/07/03 18:26:49.203, 3, 0 MiB, 81920 MiB, 0 %
2026/07/03 18:26:49.203, 4, 0 MiB, 81920 MiB, 0 %
2026/07/03 18:26:49.204, 5, 0 MiB, 81920 MiB, 0 %
2026/07/03 18:26:49.204, 6, 0 MiB, 81920 MiB, 0 %
2026/07/03 18:26:49.204, 7, 0 MiB, 81920 MiB, 0 %
2026/07/03 18:26:59.205, 0, 7733 MiB, 81920 MiB, 9 %
2026/07/03 18:26:59.205, 1, 0 MiB, 81920 MiB, 0 %
2026/07/03 18:26:59.206, 2, 0 MiB, 81920 MiB, 0 %
2026/07/03 18:26:59.206, 3, 0 MiB, 81920 MiB, 0 %
2026/07/03 18:26:59.206, 4, 0 MiB, 81920 MiB, 0 %
2026/07/03 18:26:59.207, 5, 0 MiB, 81920 MiB, 0 %
2026/07/03 18:26:59.207, 6, 0 MiB, 81920 MiB, 0 %
2026/07/03 18:26:59.207, 7, 0 MiB, 81920 MiB, 0 %
2026/07/03 18:27:09.208, 0, 7733 MiB, 81920 MiB, 0 %
2026/07/03 18:27:09.209, 1, 0 MiB, 81920 MiB, 0 %
2026/07/03 18:27:09.209, 2, 0 MiB, 81920 MiB, 0 %
2026/07/03 18:27:09.209, 3, 0 MiB, 81920 MiB, 0 %
2026/07/03 18:27:09.209, 4, 0 MiB, 81920 MiB, 0 %
2026/07/03 18:27:09.210, 5, 0 MiB, 81920 MiB, 0 %
2026/07/03 18:27:09.210, 6, 0 MiB, 81920 MiB, 0 %
2026/07/03 18:27:09.210, 7, 0 MiB, 81920 MiB, 0 %
2026/07/03 18:27:19.211, 0, 7733 MiB, 81920 MiB, 0 %
2026/07/03 18:27:19.212, 1, 0 MiB, 81920 MiB, 0 %
2026/07/03 18:27:19.212, 2, 0 MiB, 81920 MiB, 0 %
2026/07/03 18:27:19.212, 3, 0 MiB, 81920 MiB, 0 %
2026/07/03 18:27:19.212, 4, 0 MiB, 81920 MiB, 0 %
2026/07/03 18:27:19.213, 5, 0 MiB, 81920 MiB, 0 %
2026/07/03 18:27:19.213, 6, 0 MiB, 81920 MiB, 0 %
2026/07/03 18:27:19.213, 7, 0 MiB, 81920 MiB, 0 %
2026/07/03 18:27:29.214, 0, 7733 MiB, 81920 MiB, 54 %
2026/07/03 18:27:29.215, 1, 0 MiB, 81920 MiB, 0 %
2026/07/03 18:27:29.215, 2, 0 MiB, 81920 MiB, 0 %
2026/07/03 18:27:29.215, 3, 0 MiB, 81920 MiB, 0 %
2026/07/03 18:27:29.216, 4, 0 MiB, 81920 MiB, 0 %
2026/07/03 18:27:29.216, 5, 0 MiB, 81920 MiB, 0 %
2026/07/03 18:27:29.216, 6, 0 MiB, 81920 MiB, 0 %
2026/07/03 18:27:29.216, 7, 0 MiB, 81920 MiB, 0 %
2026/07/03 18:27:39.217, 0, 7733 MiB, 81920 MiB, 0 %
2026/07/03 18:27:39.218, 1, 0 MiB, 81920 MiB, 0 %
2026/07/03 18:27:39.218, 2, 0 MiB, 81920 MiB, 0 %
2026/07/03 18:27:39.219, 3, 0 MiB, 81920 MiB, 0 %
2026/07/03 18:27:39.219, 4, 0 MiB, 81920 MiB, 0 %
2026/07/03 18:27:39.219, 5, 0 MiB, 81920 MiB, 0 %
2026/07/03 18:27:39.220, 6, 0 MiB, 81920 MiB, 0 %
2026/07/03 18:27:39.220, 7, 0 MiB, 81920 MiB, 0 %
2026/07/03 18:27:49.221, 0, 7733 MiB, 81920 MiB, 0 %
2026/07/03 18:27:49.222, 1, 0 MiB, 81920 MiB, 0 %
2026/07/03 18:27:49.222, 2, 0 MiB, 81920 MiB, 0 %
2026/07/03 18:27:49.222, 3, 0 MiB, 81920 MiB, 0 %
2026/07/03 18:27:49.223, 4, 0 MiB, 81920 MiB, 0 %
2026/07/03 18:27:49.223, 5, 0 MiB, 81920 MiB, 0 %
2026/07/03 18:27:49.223, 6, 0 MiB, 81920 MiB, 0 %
2026/07/03 18:27:49.223, 7, 0 MiB, 81920 MiB, 0 %
2026/07/03 18:27:59.224, 0, 7733 MiB, 81920 MiB, 60 %
2026/07/03 18:27:59.225, 1, 0 MiB, 81920 MiB, 0 %
2026/07/03 18:27:59.225, 2, 0 MiB, 81920 MiB, 0 %
2026/07/03 18:27:59.226, 3, 0 MiB, 81920 MiB, 0 %
2026/07/03 18:27:59.226, 4, 0 MiB, 81920 MiB, 0 %
2026/07/03 18:27:59.226, 5, 0 MiB, 81920 MiB, 0 %
2026/07/03 18:27:59.226, 6, 0 MiB, 81920 MiB, 0 %
2026/07/03 18:27:59.227, 7, 0 MiB, 81920 MiB, 0 %
2026/07/03 18:28:09.228, 0, 7733 MiB, 81920 MiB, 0 %
2026/07/03 18:28:09.228, 1, 0 MiB, 81920 MiB, 0 %
2026/07/03 18:28:09.228, 2, 0 MiB, 81920 MiB, 0 %
2026/07/03 18:28:09.229, 3, 0 MiB, 81920 MiB, 0 %
2026/07/03 18:28:09.229, 4, 0 MiB, 81920 MiB, 0 %
2026/07/03 18:28:09.229, 5, 0 MiB, 81920 MiB, 0 %
2026/07/03 18:28:09.230, 6, 0 MiB, 81920 MiB, 0 %
2026/07/03 18:28:09.230, 7, 0 MiB, 81920 MiB, 0 %
2026/07/03 18:28:19.231, 0, 7733 MiB, 81920 MiB, 0 %
2026/07/03 18:28:19.231, 1, 0 MiB, 81920 MiB, 0 %
2026/07/03 18:28:19.232, 2, 0 MiB, 81920 MiB, 0 %
2026/07/03 18:28:19.232, 3, 0 MiB, 81920 MiB, 0 %
2026/07/03 18:28:19.232, 4, 0 MiB, 81920 MiB, 0 %
2026/07/03 18:28:19.233, 5, 0 MiB, 81920 MiB, 0 %
2026/07/03 18:28:19.233, 6, 0 MiB, 81920 MiB, 0 %
2026/07/03 18:28:19.233, 7, 0 MiB, 81920 MiB, 0 %
2026/07/03 18:28:29.234, 0, 7733 MiB, 81920 MiB, 0 %
2026/07/03 18:28:29.235, 1, 0 MiB, 81920 MiB, 0 %
2026/07/03 18:28:29.235, 2, 0 MiB, 81920 MiB, 0 %
2026/07/03 18:28:29.235, 3, 0 MiB, 81920 MiB, 0 %
2026/07/03 18:28:29.235, 4, 0 MiB, 81920 MiB, 0 %
2026/07/03 18:28:29.236, 5, 0 MiB, 81920 MiB, 0 %
2026/07/03 18:28:29.236, 6, 0 MiB, 81920 MiB, 0 %
2026/07/03 18:28:29.236, 7, 0 MiB, 81920 MiB, 0 %
2026/07/03 18:28:39.237, 0, 7733 MiB, 81920 MiB, 0 %
2026/07/03 18:28:39.238, 1, 0 MiB, 81920 MiB, 0 %
2026/07/03 18:28:39.238, 2, 0 MiB, 81920 MiB, 0 %
2026/07/03 18:28:39.238, 3, 0 MiB, 81920 MiB, 0 %
2026/07/03 18:28:39.239, 4, 0 MiB, 81920 MiB, 0 %
2026/07/03 18:28:39.239, 5, 0 MiB, 81920 MiB, 0 %
2026/07/03 18:28:39.239, 6, 0 MiB, 81920 MiB, 0 %
2026/07/03 18:28:39.239, 7, 0 MiB, 81920 MiB, 0 %
2026/07/03 18:28:49.240, 0, 7733 MiB, 81920 MiB, 0 %
2026/07/03 18:28:49.241, 1, 0 MiB, 81920 MiB, 0 %
2026/07/03 18:28:49.241, 2, 0 MiB, 81920 MiB, 0 %
2026/07/03 18:28:49.241, 3, 0 MiB, 81920 MiB, 0 %
2026/07/03 18:28:49.242, 4, 0 MiB, 81920 MiB, 0 %
2026/07/03 18:28:49.242, 5, 0 MiB, 81920 MiB, 0 %
2026/07/03 18:28:49.242, 6, 0 MiB, 81920 MiB, 0 %
2026/07/03 18:28:49.243, 7, 0 MiB, 81920 MiB, 0 %
2026/07/03 18:28:59.244, 0, 7733 MiB, 81920 MiB, 0 %
2026/07/03 18:28:59.244, 1, 0 MiB, 81920 MiB, 0 %
2026/07/03 18:28:59.244, 2, 0 MiB, 81920 MiB, 0 %
2026/07/03 18:28:59.244, 3, 0 MiB, 81920 MiB, 0 %
2026/07/03 18:28:59.245, 4, 0 MiB, 81920 MiB, 0 %
2026/07/03 18:28:59.245, 5, 0 MiB, 81920 MiB, 0 %
2026/07/03 18:28:59.245, 6, 0 MiB, 81920 MiB, 0 %
2026/07/03 18:28:59.246, 7, 0 MiB, 81920 MiB, 0 %
2026/07/03 18:29:09.247, 0, 7733 MiB, 81920 MiB, 0 %
2026/07/03 18:29:09.247, 1, 0 MiB, 81920 MiB, 0 %
2026/07/03 18:29:09.247, 2, 0 MiB, 81920 MiB, 0 %
2026/07/03 18:29:09.247, 3, 0 MiB, 81920 MiB, 0 %
2026/07/03 18:29:09.248, 4, 0 MiB, 81920 MiB, 0 %
2026/07/03 18:29:09.248, 5, 0 MiB, 81920 MiB, 0 %
2026/07/03 18:29:09.248, 6, 0 MiB, 81920 MiB, 0 %
2026/07/03 18:29:09.249, 7, 0 MiB, 81920 MiB, 0 %
2026/07/03 18:29:19.250, 0, 7733 MiB, 81920 MiB, 0 %
2026/07/03 18:29:19.250, 1, 0 MiB, 81920 MiB, 0 %
2026/07/03 18:29:19.250, 2, 0 MiB, 81920 MiB, 0 %
2026/07/03 18:29:19.251, 3, 0 MiB, 81920 MiB, 0 %
2026/07/03 18:29:19.251, 4, 0 MiB, 81920 MiB, 0 %
2026/07/03 18:29:19.251, 5, 0 MiB, 81920 MiB, 0 %
2026/07/03 18:29:19.251, 6, 0 MiB, 81920 MiB, 0 %
2026/07/03 18:29:19.252, 7, 0 MiB, 81920 MiB, 0 %
2026/07/03 18:29:29.253, 0, 7733 MiB, 81920 MiB, 0 %
2026/07/03 18:29:29.253, 1, 0 MiB, 81920 MiB, 0 %
2026/07/03 18:29:29.253, 2, 0 MiB, 81920 MiB, 0 %
2026/07/03 18:29:29.254, 3, 0 MiB, 81920 MiB, 0 %
2026/07/03 18:29:29.254, 4, 0 MiB, 81920 MiB, 0 %
2026/07/03 18:29:29.254, 5, 0 MiB, 81920 MiB, 0 %
2026/07/03 18:29:29.254, 6, 0 MiB, 81920 MiB, 0 %
2026/07/03 18:29:29.255, 7, 0 MiB, 81920 MiB, 0 %
2026/07/03 18:29:39.256, 0, 7733 MiB, 81920 MiB, 61 %
2026/07/03 18:29:39.256, 1, 0 MiB, 81920 MiB, 0 %
2026/07/03 18:29:39.257, 2, 0 MiB, 81920 MiB, 0 %
2026/07/03 18:29:39.257, 3, 0 MiB, 81920 MiB, 0 %
2026/07/03 18:29:39.257, 4, 0 MiB, 81920 MiB, 0 %
2026/07/03 18:29:39.257, 5, 0 MiB, 81920 MiB, 0 %
2026/07/03 18:29:39.258, 6, 0 MiB, 81920 MiB, 0 %
2026/07/03 18:29:39.258, 7, 0 MiB, 81920 MiB, 0 %
2026/07/03 18:29:49.259, 0, 7733 MiB, 81920 MiB, 0 %
2026/07/03 18:29:49.259, 1, 0 MiB, 81920 MiB, 0 %
2026/07/03 18:29:49.260, 2, 0 MiB, 81920 MiB, 0 %
2026/07/03 18:29:49.260, 3, 0 MiB, 81920 MiB, 0 %
2026/07/03 18:29:49.260, 4, 0 MiB, 81920 MiB, 0 %
2026/07/03 18:29:49.261, 5, 0 MiB, 81920 MiB, 0 %
2026/07/03 18:29:49.261, 6, 0 MiB, 81920 MiB, 0 %
2026/07/03 18:29:49.261, 7, 0 MiB, 81920 MiB, 0 %
2026/07/03 18:29:59.262, 0, 7733 MiB, 81920 MiB, 0 %
2026/07/03 18:29:59.262, 1, 0 MiB, 81920 MiB, 0 %
2026/07/03 18:29:59.263, 2, 0 MiB, 81920 MiB, 0 %
2026/07/03 18:29:59.263, 3, 0 MiB, 81920 MiB, 0 %
2026/07/03 18:29:59.263, 4, 0 MiB, 81920 MiB, 0 %
2026/07/03 18:29:59.264, 5, 0 MiB, 81920 MiB, 0 %
2026/07/03 18:29:59.264, 6, 0 MiB, 81920 MiB, 0 %
2026/07/03 18:29:59.264, 7, 0 MiB, 81920 MiB, 0 %
2026/07/03 18:30:09.265, 0, 7733 MiB, 81920 MiB, 0 %
2026/07/03 18:30:09.265, 1, 0 MiB, 81920 MiB, 0 %
2026/07/03 18:30:09.266, 2, 0 MiB, 81920 MiB, 0 %
2026/07/03 18:30:09.266, 3, 0 MiB, 81920 MiB, 0 %
2026/07/03 18:30:09.266, 4, 0 MiB, 81920 MiB, 0 %
2026/07/03 18:30:09.267, 5, 0 MiB, 81920 MiB, 0 %
2026/07/03 18:30:09.267, 6, 0 MiB, 81920 MiB, 0 %
2026/07/03 18:30:09.267, 7, 0 MiB, 81920 MiB, 0 %
2026/07/03 18:30:19.268, 0, 7733 MiB, 81920 MiB, 0 %
2026/07/03 18:30:19.269, 1, 0 MiB, 81920 MiB, 0 %
2026/07/03 18:30:19.269, 2, 0 MiB, 81920 MiB, 0 %
2026/07/03 18:30:19.269, 3, 0 MiB, 81920 MiB, 0 %
2026/07/03 18:30:19.269, 4, 0 MiB, 81920 MiB, 0 %
2026/07/03 18:30:19.270, 5, 0 MiB, 81920 MiB, 0 %
2026/07/03 18:30:19.270, 6, 0 MiB, 81920 MiB, 0 %
2026/07/03 18:30:19.270, 7, 0 MiB, 81920 MiB, 0 %
2026/07/03 18:30:29.271, 0, 7733 MiB, 81920 MiB, 0 %
2026/07/03 18:30:29.272, 1, 0 MiB, 81920 MiB, 0 %
2026/07/03 18:30:29.272, 2, 0 MiB, 81920 MiB, 0 %
2026/07/03 18:30:29.272, 3, 0 MiB, 81920 MiB, 0 %
2026/07/03 18:30:29.273, 4, 0 MiB, 81920 MiB, 0 %
2026/07/03 18:30:29.273, 5, 0 MiB, 81920 MiB, 0 %
2026/07/03 18:30:29.273, 6, 0 MiB, 81920 MiB, 0 %
2026/07/03 18:30:29.273, 7, 0 MiB, 81920 MiB, 0 %
2026/07/03 18:30:39.274, 0, 7733 MiB, 81920 MiB, 0 %
2026/07/03 18:30:39.275, 1, 0 MiB, 81920 MiB, 0 %
2026/07/03 18:30:39.275, 2, 0 MiB, 81920 MiB, 0 %
2026/07/03 18:30:39.275, 3, 0 MiB, 81920 MiB, 0 %
2026/07/03 18:30:39.276, 4, 0 MiB, 81920 MiB, 0 %
2026/07/03 18:30:39.276, 5, 0 MiB, 81920 MiB, 0 %
2026/07/03 18:30:39.276, 6, 0 MiB, 81920 MiB, 0 %
2026/07/03 18:30:39.277, 7, 0 MiB, 81920 MiB, 0 %
2026/07/03 18:30:49.277, 0, 7733 MiB, 81920 MiB, 0 %
2026/07/03 18:30:49.278, 1, 0 MiB, 81920 MiB, 0 %
2026/07/03 18:30:49.278, 2, 0 MiB, 81920 MiB, 0 %
2026/07/03 18:30:49.278, 3, 0 MiB, 81920 MiB, 0 %
2026/07/03 18:30:49.279, 4, 0 MiB, 81920 MiB, 0 %
2026/07/03 18:30:49.279, 5, 0 MiB, 81920 MiB, 0 %
2026/07/03 18:30:49.279, 6, 0 MiB, 81920 MiB, 0 %
2026/07/03 18:30:49.280, 7, 0 MiB, 81920 MiB, 0 %
2026/07/03 18:30:59.281, 0, 7733 MiB, 81920 MiB, 0 %
2026/07/03 18:30:59.281, 1, 0 MiB, 81920 MiB, 0 %
2026/07/03 18:30:59.281, 2, 0 MiB, 81920 MiB, 0 %
2026/07/03 18:30:59.282, 3, 0 MiB, 81920 MiB, 0 %
2026/07/03 18:30:59.282, 4, 0 MiB, 81920 MiB, 0 %
2026/07/03 18:30:59.282, 5, 0 MiB, 81920 MiB, 0 %
2026/07/03 18:30:59.283, 6, 0 MiB, 81920 MiB, 0 %
2026/07/03 18:30:59.283, 7, 0 MiB, 81920 MiB, 0 %
2026/07/03 18:31:09.283, 0, 7733 MiB, 81920 MiB, 0 %
2026/07/03 18:31:09.284, 1, 0 MiB, 81920 MiB, 0 %
2026/07/03 18:31:09.284, 2, 0 MiB, 81920 MiB, 0 %
2026/07/03 18:31:09.285, 3, 0 MiB, 81920 MiB, 0 %
2026/07/03 18:31:09.285, 4, 0 MiB, 81920 MiB, 0 %
2026/07/03 18:31:09.285, 5, 0 MiB, 81920 MiB, 0 %
2026/07/03 18:31:09.285, 6, 0 MiB, 81920 MiB, 0 %
2026/07/03 18:31:09.286, 7, 0 MiB, 81920 MiB, 0 %
2026/07/03 18:31:19.286, 0, 7733 MiB, 81920 MiB, 0 %
2026/07/03 18:31:19.287, 1, 0 MiB, 81920 MiB, 0 %
2026/07/03 18:31:19.287, 2, 0 MiB, 81920 MiB, 0 %
2026/07/03 18:31:19.288, 3, 0 MiB, 81920 MiB, 0 %
2026/07/03 18:31:19.288, 4, 0 MiB, 81920 MiB, 0 %
2026/07/03 18:31:19.288, 5, 0 MiB, 81920 MiB, 0 %
2026/07/03 18:31:19.288, 6, 0 MiB, 81920 MiB, 0 %
2026/07/03 18:31:19.289, 7, 0 MiB, 81920 MiB, 0 %
2026/07/03 18:31:29.289, 0, 7733 MiB, 81920 MiB, 0 %
2026/07/03 18:31:29.290, 1, 0 MiB, 81920 MiB, 0 %
2026/07/03 18:31:29.290, 2, 0 MiB, 81920 MiB, 0 %
2026/07/03 18:31:29.290, 3, 0 MiB, 81920 MiB, 0 %
2026/07/03 18:31:29.291, 4, 0 MiB, 81920 MiB, 0 %
2026/07/03 18:31:29.291, 5, 0 MiB, 81920 MiB, 0 %
2026/07/03 18:31:29.291, 6, 0 MiB, 81920 MiB, 0 %
2026/07/03 18:31:29.292, 7, 0 MiB, 81920 MiB, 0 %
2026/07/03 18:31:39.292, 0, 7733 MiB, 81920 MiB, 0 %
2026/07/03 18:31:39.293, 1, 0 MiB, 81920 MiB, 0 %
2026/07/03 18:31:39.293, 2, 0 MiB, 81920 MiB, 0 %
2026/07/03 18:31:39.293, 3, 0 MiB, 81920 MiB, 0 %
2026/07/03 18:31:39.294, 4, 0 MiB, 81920 MiB, 0 %
2026/07/03 18:31:39.294, 5, 0 MiB, 81920 MiB, 0 %
2026/07/03 18:31:39.294, 6, 0 MiB, 81920 MiB, 0 %
2026/07/03 18:31:39.295, 7, 0 MiB, 81920 MiB, 0 %
2026/07/03 18:31:49.295, 0, 7733 MiB, 81920 MiB, 0 %
2026/07/03 18:31:49.296, 1, 0 MiB, 81920 MiB, 0 %
2026/07/03 18:31:49.296, 2, 0 MiB, 81920 MiB, 0 %
2026/07/03 18:31:49.296, 3, 0 MiB, 81920 MiB, 0 %
2026/07/03 18:31:49.297, 4, 0 MiB, 81920 MiB, 0 %
2026/07/03 18:31:49.297, 5, 0 MiB, 81920 MiB, 0 %
2026/07/03 18:31:49.297, 6, 0 MiB, 81920 MiB, 0 %
2026/07/03 18:31:49.298, 7, 0 MiB, 81920 MiB, 0 %
2026/07/03 18:31:59.299, 0, 7733 MiB, 81920 MiB, 0 %
2026/07/03 18:31:59.299, 1, 0 MiB, 81920 MiB, 0 %
2026/07/03 18:31:59.299, 2, 0 MiB, 81920 MiB, 0 %
2026/07/03 18:31:59.300, 3, 0 MiB, 81920 MiB, 0 %
2026/07/03 18:31:59.300, 4, 0 MiB, 81920 MiB, 0 %
2026/07/03 18:31:59.300, 5, 0 MiB, 81920 MiB, 0 %
2026/07/03 18:31:59.300, 6, 0 MiB, 81920 MiB, 0 %
2026/07/03 18:31:59.301, 7, 0 MiB, 81920 MiB, 0 %
2026/07/03 18:32:09.302, 0, 7733 MiB, 81920 MiB, 0 %
2026/07/03 18:32:09.302, 1, 0 MiB, 81920 MiB, 0 %
2026/07/03 18:32:09.302, 2, 0 MiB, 81920 MiB, 0 %
2026/07/03 18:32:09.303, 3, 0 MiB, 81920 MiB, 0 %
2026/07/03 18:32:09.303, 4, 0 MiB, 81920 MiB, 0 %
2026/07/03 18:32:09.303, 5, 0 MiB, 81920 MiB, 0 %
2026/07/03 18:32:09.303, 6, 0 MiB, 81920 MiB, 0 %
2026/07/03 18:32:09.304, 7, 0 MiB, 81920 MiB, 0 %
2026/07/03 18:32:19.304, 0, 7733 MiB, 81920 MiB, 0 %
2026/07/03 18:32:19.305, 1, 0 MiB, 81920 MiB, 0 %
2026/07/03 18:32:19.305, 2, 0 MiB, 81920 MiB, 0 %
2026/07/03 18:32:19.305, 3, 0 MiB, 81920 MiB, 0 %
2026/07/03 18:32:19.306, 4, 0 MiB, 81920 MiB, 0 %
2026/07/03 18:32:19.306, 5, 0 MiB, 81920 MiB, 0 %
2026/07/03 18:32:19.306, 6, 0 MiB, 81920 MiB, 0 %
2026/07/03 18:32:19.307, 7, 0 MiB, 81920 MiB, 0 %
2026/07/03 18:32:29.308, 0, 7733 MiB, 81920 MiB, 0 %
2026/07/03 18:32:29.308, 1, 0 MiB, 81920 MiB, 0 %
2026/07/03 18:32:29.308, 2, 0 MiB, 81920 MiB, 0 %
2026/07/03 18:32:29.309, 3, 0 MiB, 81920 MiB, 0 %
2026/07/03 18:32:29.309, 4, 0 MiB, 81920 MiB, 0 %
2026/07/03 18:32:29.309, 5, 0 MiB, 81920 MiB, 0 %
2026/07/03 18:32:29.309, 6, 0 MiB, 81920 MiB, 0 %
2026/07/03 18:32:29.310, 7, 0 MiB, 81920 MiB, 0 %
2026/07/03 18:32:39.311, 0, 7733 MiB, 81920 MiB, 0 %
2026/07/03 18:32:39.311, 1, 0 MiB, 81920 MiB, 0 %
2026/07/03 18:32:39.312, 2, 0 MiB, 81920 MiB, 0 %
2026/07/03 18:32:39.312, 3, 0 MiB, 81920 MiB, 0 %
2026/07/03 18:32:39.312, 4, 0 MiB, 81920 MiB, 0 %
2026/07/03 18:32:39.313, 5, 0 MiB, 81920 MiB, 0 %
2026/07/03 18:32:39.313, 6, 0 MiB, 81920 MiB, 0 %
2026/07/03 18:32:39.313, 7, 0 MiB, 81920 MiB, 0 %
2026/07/03 18:32:49.313, 0, 7733 MiB, 81920 MiB, 0 %
2026/07/03 18:32:49.314, 1, 0 MiB, 81920 MiB, 0 %
2026/07/03 18:32:49.314, 2, 0 MiB, 81920 MiB, 0 %
2026/07/03 18:32:49.315, 3, 0 MiB, 81920 MiB, 0 %
2026/07/03 18:32:49.315, 4, 0 MiB, 81920 MiB, 0 %
2026/07/03 18:32:49.315, 5, 0 MiB, 81920 MiB, 0 %
2026/07/03 18:32:49.315, 6, 0 MiB, 81920 MiB, 0 %
2026/07/03 18:32:49.316, 7, 0 MiB, 81920 MiB, 0 %
2026/07/03 18:32:59.317, 0, 7733 MiB, 81920 MiB, 63 %
2026/07/03 18:32:59.318, 1, 0 MiB, 81920 MiB, 0 %
2026/07/03 18:32:59.318, 2, 0 MiB, 81920 MiB, 0 %
2026/07/03 18:32:59.318, 3, 0 MiB, 81920 MiB, 0 %
2026/07/03 18:32:59.318, 4, 0 MiB, 81920 MiB, 0 %
2026/07/03 18:32:59.319, 5, 0 MiB, 81920 MiB, 0 %
2026/07/03 18:32:59.319, 6, 0 MiB, 81920 MiB, 0 %
2026/07/03 18:32:59.319, 7, 0 MiB, 81920 MiB, 0 %
2026/07/03 18:33:09.321, 0, 7733 MiB, 81920 MiB, 0 %
2026/07/03 18:33:09.321, 1, 0 MiB, 81920 MiB, 0 %
2026/07/03 18:33:09.321, 2, 0 MiB, 81920 MiB, 0 %
2026/07/03 18:33:09.322, 3, 0 MiB, 81920 MiB, 0 %
2026/07/03 18:33:09.322, 4, 0 MiB, 81920 MiB, 0 %
2026/07/03 18:33:09.322, 5, 0 MiB, 81920 MiB, 0 %
2026/07/03 18:33:09.322, 6, 0 MiB, 81920 MiB, 0 %
2026/07/03 18:33:09.323, 7, 0 MiB, 81920 MiB, 0 %
2026/07/03 18:33:19.324, 0, 7733 MiB, 81920 MiB, 0 %
2026/07/03 18:33:19.324, 1, 0 MiB, 81920 MiB, 0 %
2026/07/03 18:33:19.325, 2, 0 MiB, 81920 MiB, 0 %
2026/07/03 18:33:19.325, 3, 0 MiB, 81920 MiB, 0 %
2026/07/03 18:33:19.325, 4, 0 MiB, 81920 MiB, 0 %
2026/07/03 18:33:19.326, 5, 0 MiB, 81920 MiB, 0 %
2026/07/03 18:33:19.326, 6, 0 MiB, 81920 MiB, 0 %
2026/07/03 18:33:19.326, 7, 0 MiB, 81920 MiB, 0 %
2026/07/03 18:33:29.327, 0, 7733 MiB, 81920 MiB, 0 %
2026/07/03 18:33:29.328, 1, 0 MiB, 81920 MiB, 0 %
2026/07/03 18:33:29.328, 2, 0 MiB, 81920 MiB, 0 %
2026/07/03 18:33:29.328, 3, 0 MiB, 81920 MiB, 0 %
2026/07/03 18:33:29.329, 4, 0 MiB, 81920 MiB, 0 %
2026/07/03 18:33:29.329, 5, 0 MiB, 81920 MiB, 0 %
2026/07/03 18:33:29.329, 6, 0 MiB, 81920 MiB, 0 %
2026/07/03 18:33:29.330, 7, 0 MiB, 81920 MiB, 0 %
2026/07/03 18:33:39.330, 0, 7733 MiB, 81920 MiB, 0 %
2026/07/03 18:33:39.330, 1, 0 MiB, 81920 MiB, 0 %
2026/07/03 18:33:39.331, 2, 0 MiB, 81920 MiB, 0 %
2026/07/03 18:33:39.331, 3, 0 MiB, 81920 MiB, 0 %
2026/07/03 18:33:39.331, 4, 0 MiB, 81920 MiB, 0 %
2026/07/03 18:33:39.332, 5, 0 MiB, 81920 MiB, 0 %
2026/07/03 18:33:39.332, 6, 0 MiB, 81920 MiB, 0 %
2026/07/03 18:33:39.332, 7, 0 MiB, 81920 MiB, 0 %
2026/07/03 18:33:49.333, 0, 7733 MiB, 81920 MiB, 37 %
2026/07/03 18:33:49.333, 1, 0 MiB, 81920 MiB, 0 %
2026/07/03 18:33:49.333, 2, 0 MiB, 81920 MiB, 0 %
2026/07/03 18:33:49.333, 3, 0 MiB, 81920 MiB, 0 %
2026/07/03 18:33:49.333, 4, 0 MiB, 81920 MiB, 0 %
2026/07/03 18:33:49.334, 5, 0 MiB, 81920 MiB, 0 %
2026/07/03 18:33:49.334, 6, 0 MiB, 81920 MiB, 0 %
2026/07/03 18:33:49.334, 7, 0 MiB, 81920 MiB, 0 %
2026/07/03 18:33:59.335, 0, 7733 MiB, 81920 MiB, 0 %
2026/07/03 18:33:59.335, 1, 0 MiB, 81920 MiB, 0 %
2026/07/03 18:33:59.335, 2, 0 MiB, 81920 MiB, 0 %
2026/07/03 18:33:59.336, 3, 0 MiB, 81920 MiB, 0 %
2026/07/03 18:33:59.336, 4, 0 MiB, 81920 MiB, 0 %
2026/07/03 18:33:59.336, 5, 0 MiB, 81920 MiB, 0 %
2026/07/03 18:33:59.336, 6, 0 MiB, 81920 MiB, 0 %
2026/07/03 18:33:59.336, 7, 0 MiB, 81920 MiB, 0 %
2026/07/03 18:34:09.337, 0, 7733 MiB, 81920 MiB, 0 %
2026/07/03 18:34:09.338, 1, 0 MiB, 81920 MiB, 0 %
2026/07/03 18:34:09.338, 2, 0 MiB, 81920 MiB, 0 %
2026/07/03 18:34:09.338, 3, 0 MiB, 81920 MiB, 0 %
2026/07/03 18:34:09.338, 4, 0 MiB, 81920 MiB, 0 %
2026/07/03 18:34:09.339, 5, 0 MiB, 81920 MiB, 0 %
2026/07/03 18:34:09.339, 6, 0 MiB, 81920 MiB, 0 %
2026/07/03 18:34:09.339, 7, 0 MiB, 81920 MiB, 0 %
2026/07/03 18:34:19.340, 0, 7733 MiB, 81920 MiB, 0 %
2026/07/03 18:34:19.341, 1, 0 MiB, 81920 MiB, 0 %
2026/07/03 18:34:19.341, 2, 0 MiB, 81920 MiB, 0 %
2026/07/03 18:34:19.341, 3, 0 MiB, 81920 MiB, 0 %
2026/07/03 18:34:19.341, 4, 0 MiB, 81920 MiB, 0 %
2026/07/03 18:34:19.342, 5, 0 MiB, 81920 MiB, 0 %
2026/07/03 18:34:19.342, 6, 0 MiB, 81920 MiB, 0 %
2026/07/03 18:34:19.342, 7, 0 MiB, 81920 MiB, 0 %
2026/07/03 18:34:29.343, 0, 7733 MiB, 81920 MiB, 0 %
2026/07/03 18:34:29.343, 1, 0 MiB, 81920 MiB, 0 %
2026/07/03 18:34:29.344, 2, 0 MiB, 81920 MiB, 0 %
2026/07/03 18:34:29.344, 3, 0 MiB, 81920 MiB, 0 %
2026/07/03 18:34:29.344, 4, 0 MiB, 81920 MiB, 0 %
2026/07/03 18:34:29.345, 5, 0 MiB, 81920 MiB, 0 %
2026/07/03 18:34:29.345, 6, 0 MiB, 81920 MiB, 0 %
2026/07/03 18:34:29.345, 7, 0 MiB, 81920 MiB, 0 %
2026/07/03 18:34:39.346, 0, 7733 MiB, 81920 MiB, 0 %
2026/07/03 18:34:39.346, 1, 0 MiB, 81920 MiB, 0 %
2026/07/03 18:34:39.347, 2, 0 MiB, 81920 MiB, 0 %
2026/07/03 18:34:39.347, 3, 0 MiB, 81920 MiB, 0 %
2026/07/03 18:34:39.347, 4, 0 MiB, 81920 MiB, 0 %
2026/07/03 18:34:39.348, 5, 0 MiB, 81920 MiB, 0 %
2026/07/03 18:34:39.348, 6, 0 MiB, 81920 MiB, 0 %
2026/07/03 18:34:39.348, 7, 0 MiB, 81920 MiB, 0 %
2026/07/03 18:34:49.349, 0, 7733 MiB, 81920 MiB, 0 %
2026/07/03 18:34:49.350, 1, 0 MiB, 81920 MiB, 0 %
2026/07/03 18:34:49.350, 2, 0 MiB, 81920 MiB, 0 %
2026/07/03 18:34:49.350, 3, 0 MiB, 81920 MiB, 0 %
2026/07/03 18:34:49.351, 4, 0 MiB, 81920 MiB, 0 %
2026/07/03 18:34:49.351, 5, 0 MiB, 81920 MiB, 0 %
2026/07/03 18:34:49.351, 6, 0 MiB, 81920 MiB, 0 %
2026/07/03 18:34:49.351, 7, 0 MiB, 81920 MiB, 0 %
2026/07/03 18:34:59.352, 0, 7733 MiB, 81920 MiB, 0 %
2026/07/03 18:34:59.353, 1, 0 MiB, 81920 MiB, 0 %
2026/07/03 18:34:59.353, 2, 0 MiB, 81920 MiB, 0 %
2026/07/03 18:34:59.353, 3, 0 MiB, 81920 MiB, 0 %
2026/07/03 18:34:59.353, 4, 0 MiB, 81920 MiB, 0 %
2026/07/03 18:34:59.354, 5, 0 MiB, 81920 MiB, 0 %
2026/07/03 18:34:59.354, 6, 0 MiB, 81920 MiB, 0 %
2026/07/03 18:34:59.354, 7, 0 MiB, 81920 MiB, 0 %
2026/07/03 18:35:09.355, 0, 7733 MiB, 81920 MiB, 61 %
2026/07/03 18:35:09.356, 1, 0 MiB, 81920 MiB, 0 %
2026/07/03 18:35:09.356, 2, 0 MiB, 81920 MiB, 0 %
2026/07/03 18:35:09.357, 3, 0 MiB, 81920 MiB, 0 %
2026/07/03 18:35:09.357, 4, 0 MiB, 81920 MiB, 0 %
2026/07/03 18:35:09.357, 5, 0 MiB, 81920 MiB, 0 %
2026/07/03 18:35:09.357, 6, 0 MiB, 81920 MiB, 0 %
2026/07/03 18:35:09.358, 7, 0 MiB, 81920 MiB, 0 %
2026/07/03 18:35:19.359, 0, 7733 MiB, 81920 MiB, 0 %
2026/07/03 18:35:19.359, 1, 0 MiB, 81920 MiB, 0 %
2026/07/03 18:35:19.360, 2, 0 MiB, 81920 MiB, 0 %
2026/07/03 18:35:19.360, 3, 0 MiB, 81920 MiB, 0 %
2026/07/03 18:35:19.360, 4, 0 MiB, 81920 MiB, 0 %
2026/07/03 18:35:19.361, 5, 0 MiB, 81920 MiB, 0 %
2026/07/03 18:35:19.361, 6, 0 MiB, 81920 MiB, 0 %
2026/07/03 18:35:19.361, 7, 0 MiB, 81920 MiB, 0 %
2026/07/03 18:35:29.362, 0, 7733 MiB, 81920 MiB, 0 %
2026/07/03 18:35:29.363, 1, 0 MiB, 81920 MiB, 0 %
2026/07/03 18:35:29.363, 2, 0 MiB, 81920 MiB, 0 %
2026/07/03 18:35:29.363, 3, 0 MiB, 81920 MiB, 0 %
2026/07/03 18:35:29.364, 4, 0 MiB, 81920 MiB, 0 %
2026/07/03 18:35:29.364, 5, 0 MiB, 81920 MiB, 0 %
2026/07/03 18:35:29.364, 6, 0 MiB, 81920 MiB, 0 %
2026/07/03 18:35:29.364, 7, 0 MiB, 81920 MiB, 0 %
2026/07/03 18:35:39.366, 0, 7733 MiB, 81920 MiB, 0 %
2026/07/03 18:35:39.366, 1, 0 MiB, 81920 MiB, 0 %
2026/07/03 18:35:39.366, 2, 0 MiB, 81920 MiB, 0 %
2026/07/03 18:35:39.367, 3, 0 MiB, 81920 MiB, 0 %
2026/07/03 18:35:39.367, 4, 0 MiB, 81920 MiB, 0 %
2026/07/03 18:35:39.367, 5, 0 MiB, 81920 MiB, 0 %
2026/07/03 18:35:39.367, 6, 0 MiB, 81920 MiB, 0 %
2026/07/03 18:35:39.368, 7, 0 MiB, 81920 MiB, 0 %
2026/07/03 18:35:49.368, 0, 7733 MiB, 81920 MiB, 0 %
2026/07/03 18:35:49.369, 1, 0 MiB, 81920 MiB, 0 %
2026/07/03 18:35:49.369, 2, 0 MiB, 81920 MiB, 0 %
2026/07/03 18:35:49.369, 3, 0 MiB, 81920 MiB, 0 %
2026/07/03 18:35:49.370, 4, 0 MiB, 81920 MiB, 0 %
2026/07/03 18:35:49.370, 5, 0 MiB, 81920 MiB, 0 %
2026/07/03 18:35:49.370, 6, 0 MiB, 81920 MiB, 0 %
2026/07/03 18:35:49.370, 7, 0 MiB, 81920 MiB, 0 %
2026/07/03 18:35:59.371, 0, 7733 MiB, 81920 MiB, 0 %
2026/07/03 18:35:59.372, 1, 0 MiB, 81920 MiB, 0 %
2026/07/03 18:35:59.372, 2, 0 MiB, 81920 MiB, 0 %
2026/07/03 18:35:59.372, 3, 0 MiB, 81920 MiB, 0 %
2026/07/03 18:35:59.373, 4, 0 MiB, 81920 MiB, 0 %
2026/07/03 18:35:59.373, 5, 0 MiB, 81920 MiB, 0 %
2026/07/03 18:35:59.373, 6, 0 MiB, 81920 MiB, 0 %
2026/07/03 18:35:59.373, 7, 0 MiB, 81920 MiB, 0 %
2026/07/03 18:36:09.375, 0, 7733 MiB, 81920 MiB, 0 %
2026/07/03 18:36:09.375, 1, 0 MiB, 81920 MiB, 0 %
2026/07/03 18:36:09.375, 2, 0 MiB, 81920 MiB, 0 %
2026/07/03 18:36:09.376, 3, 0 MiB, 81920 MiB, 0 %
2026/07/03 18:36:09.376, 4, 0 MiB, 81920 MiB, 0 %
2026/07/03 18:36:09.376, 5, 0 MiB, 81920 MiB, 0 %
2026/07/03 18:36:09.376, 6, 0 MiB, 81920 MiB, 0 %
2026/07/03 18:36:09.377, 7, 0 MiB, 81920 MiB, 0 %
2026/07/03 18:36:19.378, 0, 7733 MiB, 81920 MiB, 0 %
2026/07/03 18:36:19.378, 1, 0 MiB, 81920 MiB, 0 %
2026/07/03 18:36:19.379, 2, 0 MiB, 81920 MiB, 0 %
2026/07/03 18:36:19.379, 3, 0 MiB, 81920 MiB, 0 %
2026/07/03 18:36:19.379, 4, 0 MiB, 81920 MiB, 0 %
2026/07/03 18:36:19.379, 5, 0 MiB, 81920 MiB, 0 %
2026/07/03 18:36:19.380, 6, 0 MiB, 81920 MiB, 0 %
2026/07/03 18:36:19.380, 7, 0 MiB, 81920 MiB, 0 %
2026/07/03 18:36:29.381, 0, 7733 MiB, 81920 MiB, 61 %
2026/07/03 18:36:29.382, 1, 0 MiB, 81920 MiB, 0 %
2026/07/03 18:36:29.382, 2, 0 MiB, 81920 MiB, 0 %
2026/07/03 18:36:29.382, 3, 0 MiB, 81920 MiB, 0 %
2026/07/03 18:36:29.383, 4, 0 MiB, 81920 MiB, 0 %
2026/07/03 18:36:29.383, 5, 0 MiB, 81920 MiB, 0 %
2026/07/03 18:36:29.383, 6, 0 MiB, 81920 MiB, 0 %
2026/07/03 18:36:29.383, 7, 0 MiB, 81920 MiB, 0 %
2026/07/03 18:36:39.385, 0, 7733 MiB, 81920 MiB, 0 %
2026/07/03 18:36:39.385, 1, 0 MiB, 81920 MiB, 0 %
2026/07/03 18:36:39.385, 2, 0 MiB, 81920 MiB, 0 %
2026/07/03 18:36:39.386, 3, 0 MiB, 81920 MiB, 0 %
2026/07/03 18:36:39.386, 4, 0 MiB, 81920 MiB, 0 %
2026/07/03 18:36:39.386, 5, 0 MiB, 81920 MiB, 0 %
2026/07/03 18:36:39.386, 6, 0 MiB, 81920 MiB, 0 %
2026/07/03 18:36:39.387, 7, 0 MiB, 81920 MiB, 0 %
2026/07/03 18:36:49.388, 0, 7733 MiB, 81920 MiB, 0 %
2026/07/03 18:36:49.388, 1, 0 MiB, 81920 MiB, 0 %
2026/07/03 18:36:49.389, 2, 0 MiB, 81920 MiB, 0 %
2026/07/03 18:36:49.389, 3, 0 MiB, 81920 MiB, 0 %
2026/07/03 18:36:49.389, 4, 0 MiB, 81920 MiB, 0 %
2026/07/03 18:36:49.390, 5, 0 MiB, 81920 MiB, 0 %
2026/07/03 18:36:49.390, 6, 0 MiB, 81920 MiB, 0 %
2026/07/03 18:36:49.390, 7, 0 MiB, 81920 MiB, 0 %
2026/07/03 18:36:59.391, 0, 7733 MiB, 81920 MiB, 0 %
2026/07/03 18:36:59.392, 1, 0 MiB, 81920 MiB, 0 %
2026/07/03 18:36:59.392, 2, 0 MiB, 81920 MiB, 0 %
2026/07/03 18:36:59.392, 3, 0 MiB, 81920 MiB, 0 %
2026/07/03 18:36:59.393, 4, 0 MiB, 81920 MiB, 0 %
2026/07/03 18:36:59.393, 5, 0 MiB, 81920 MiB, 0 %
2026/07/03 18:36:59.393, 6, 0 MiB, 81920 MiB, 0 %
2026/07/03 18:36:59.394, 7, 0 MiB, 81920 MiB, 0 %
2026/07/03 18:37:09.394, 0, 7733 MiB, 81920 MiB, 0 %
2026/07/03 18:37:09.395, 1, 0 MiB, 81920 MiB, 0 %
2026/07/03 18:37:09.395, 2, 0 MiB, 81920 MiB, 0 %
2026/07/03 18:37:09.395, 3, 0 MiB, 81920 MiB, 0 %
2026/07/03 18:37:09.395, 4, 0 MiB, 81920 MiB, 0 %
2026/07/03 18:37:09.396, 5, 0 MiB, 81920 MiB, 0 %
2026/07/03 18:37:09.396, 6, 0 MiB, 81920 MiB, 0 %
2026/07/03 18:37:09.396, 7, 0 MiB, 81920 MiB, 0 %
2026/07/03 18:37:19.397, 0, 7733 MiB, 81920 MiB, 67 %
2026/07/03 18:37:19.398, 1, 0 MiB, 81920 MiB, 0 %
2026/07/03 18:37:19.398, 2, 0 MiB, 81920 MiB, 0 %
2026/07/03 18:37:19.398, 3, 0 MiB, 81920 MiB, 0 %
2026/07/03 18:37:19.398, 4, 0 MiB, 81920 MiB, 0 %
2026/07/03 18:37:19.399, 5, 0 MiB, 81920 MiB, 0 %
2026/07/03 18:37:19.399, 6, 0 MiB, 81920 MiB, 0 %
2026/07/03 18:37:19.399, 7, 0 MiB, 81920 MiB, 0 %
2026/07/03 18:37:29.400, 0, 7733 MiB, 81920 MiB, 0 %
2026/07/03 18:37:29.400, 1, 0 MiB, 81920 MiB, 0 %
2026/07/03 18:37:29.400, 2, 0 MiB, 81920 MiB, 0 %
2026/07/03 18:37:29.401, 3, 0 MiB, 81920 MiB, 0 %
2026/07/03 18:37:29.401, 4, 0 MiB, 81920 MiB, 0 %
2026/07/03 18:37:29.401, 5, 0 MiB, 81920 MiB, 0 %
2026/07/03 18:37:29.401, 6, 0 MiB, 81920 MiB, 0 %
2026/07/03 18:37:29.402, 7, 0 MiB, 81920 MiB, 0 %
2026/07/03 18:37:39.403, 0, 7733 MiB, 81920 MiB, 50 %
2026/07/03 18:37:39.403, 1, 0 MiB, 81920 MiB, 0 %
2026/07/03 18:37:39.404, 2, 0 MiB, 81920 MiB, 0 %
2026/07/03 18:37:39.404, 3, 0 MiB, 81920 MiB, 0 %
2026/07/03 18:37:39.404, 4, 0 MiB, 81920 MiB, 0 %
2026/07/03 18:37:39.404, 5, 0 MiB, 81920 MiB, 0 %
2026/07/03 18:37:39.405, 6, 0 MiB, 81920 MiB, 0 %
2026/07/03 18:37:39.405, 7, 0 MiB, 81920 MiB, 0 %
2026/07/03 18:37:49.406, 0, 7733 MiB, 81920 MiB, 60 %
2026/07/03 18:37:49.407, 1, 0 MiB, 81920 MiB, 0 %
2026/07/03 18:37:49.407, 2, 0 MiB, 81920 MiB, 0 %
2026/07/03 18:37:49.407, 3, 0 MiB, 81920 MiB, 0 %
2026/07/03 18:37:49.407, 4, 0 MiB, 81920 MiB, 0 %
2026/07/03 18:37:49.408, 5, 0 MiB, 81920 MiB, 0 %
2026/07/03 18:37:49.408, 6, 0 MiB, 81920 MiB, 0 %
2026/07/03 18:37:49.408, 7, 0 MiB, 81920 MiB, 0 %
2026/07/03 18:37:59.409, 0, 7733 MiB, 81920 MiB, 0 %
2026/07/03 18:37:59.410, 1, 0 MiB, 81920 MiB, 0 %
2026/07/03 18:37:59.410, 2, 0 MiB, 81920 MiB, 0 %
2026/07/03 18:37:59.410, 3, 0 MiB, 81920 MiB, 0 %
2026/07/03 18:37:59.410, 4, 0 MiB, 81920 MiB, 0 %
2026/07/03 18:37:59.411, 5, 0 MiB, 81920 MiB, 0 %
2026/07/03 18:37:59.411, 6, 0 MiB, 81920 MiB, 0 %
2026/07/03 18:37:59.411, 7, 0 MiB, 81920 MiB, 0 %
2026/07/03 18:38:09.412, 0, 7733 MiB, 81920 MiB, 0 %
2026/07/03 18:38:09.412, 1, 0 MiB, 81920 MiB, 0 %
2026/07/03 18:38:09.413, 2, 0 MiB, 81920 MiB, 0 %
2026/07/03 18:38:09.413, 3, 0 MiB, 81920 MiB, 0 %
2026/07/03 18:38:09.413, 4, 0 MiB, 81920 MiB, 0 %
2026/07/03 18:38:09.413, 5, 0 MiB, 81920 MiB, 0 %
2026/07/03 18:38:09.414, 6, 0 MiB, 81920 MiB, 0 %
2026/07/03 18:38:09.414, 7, 0 MiB, 81920 MiB, 0 %
2026/07/03 18:38:19.414, 0, 7733 MiB, 81920 MiB, 0 %
2026/07/03 18:38:19.415, 1, 0 MiB, 81920 MiB, 0 %
2026/07/03 18:38:19.415, 2, 0 MiB, 81920 MiB, 0 %
2026/07/03 18:38:19.416, 3, 0 MiB, 81920 MiB, 0 %
2026/07/03 18:38:19.416, 4, 0 MiB, 81920 MiB, 0 %
2026/07/03 18:38:19.416, 5, 0 MiB, 81920 MiB, 0 %
2026/07/03 18:38:19.416, 6, 0 MiB, 81920 MiB, 0 %
2026/07/03 18:38:19.417, 7, 0 MiB, 81920 MiB, 0 %
2026/07/03 18:38:29.417, 0, 7733 MiB, 81920 MiB, 0 %
2026/07/03 18:38:29.418, 1, 0 MiB, 81920 MiB, 0 %
2026/07/03 18:38:29.418, 2, 0 MiB, 81920 MiB, 0 %
2026/07/03 18:38:29.418, 3, 0 MiB, 81920 MiB, 0 %
2026/07/03 18:38:29.419, 4, 0 MiB, 81920 MiB, 0 %
2026/07/03 18:38:29.419, 5, 0 MiB, 81920 MiB, 0 %
2026/07/03 18:38:29.419, 6, 0 MiB, 81920 MiB, 0 %
2026/07/03 18:38:29.419, 7, 0 MiB, 81920 MiB, 0 %
2026/07/03 18:38:39.420, 0, 7733 MiB, 81920 MiB, 0 %
2026/07/03 18:38:39.421, 1, 0 MiB, 81920 MiB, 0 %
2026/07/03 18:38:39.421, 2, 0 MiB, 81920 MiB, 0 %
2026/07/03 18:38:39.421, 3, 0 MiB, 81920 MiB, 0 %
2026/07/03 18:38:39.421, 4, 0 MiB, 81920 MiB, 0 %
2026/07/03 18:38:39.422, 5, 0 MiB, 81920 MiB, 0 %
2026/07/03 18:38:39.422, 6, 0 MiB, 81920 MiB, 0 %
2026/07/03 18:38:39.422, 7, 0 MiB, 81920 MiB, 0 %
2026/07/03 18:38:49.423, 0, 7733 MiB, 81920 MiB, 0 %
2026/07/03 18:38:49.423, 1, 0 MiB, 81920 MiB, 0 %
2026/07/03 18:38:49.423, 2, 0 MiB, 81920 MiB, 0 %
2026/07/03 18:38:49.424, 3, 0 MiB, 81920 MiB, 0 %
2026/07/03 18:38:49.424, 4, 0 MiB, 81920 MiB, 0 %
2026/07/03 18:38:49.424, 5, 0 MiB, 81920 MiB, 0 %
2026/07/03 18:38:49.424, 6, 0 MiB, 81920 MiB, 0 %
2026/07/03 18:38:49.425, 7, 0 MiB, 81920 MiB, 0 %
2026/07/03 18:38:59.425, 0, 7733 MiB, 81920 MiB, 60 %
2026/07/03 18:38:59.426, 1, 0 MiB, 81920 MiB, 0 %
2026/07/03 18:38:59.426, 2, 0 MiB, 81920 MiB, 0 %
2026/07/03 18:38:59.427, 3, 0 MiB, 81920 MiB, 0 %
2026/07/03 18:38:59.427, 4, 0 MiB, 81920 MiB, 0 %
2026/07/03 18:38:59.427, 5, 0 MiB, 81920 MiB, 0 %
2026/07/03 18:38:59.427, 6, 0 MiB, 81920 MiB, 0 %
2026/07/03 18:38:59.428, 7, 0 MiB, 81920 MiB, 0 %
2026/07/03 18:39:09.428, 0, 7733 MiB, 81920 MiB, 0 %
2026/07/03 18:39:09.429, 1, 0 MiB, 81920 MiB, 0 %
2026/07/03 18:39:09.429, 2, 0 MiB, 81920 MiB, 0 %
2026/07/03 18:39:09.429, 3, 0 MiB, 81920 MiB, 0 %
2026/07/03 18:39:09.430, 4, 0 MiB, 81920 MiB, 0 %
2026/07/03 18:39:09.430, 5, 0 MiB, 81920 MiB, 0 %
2026/07/03 18:39:09.430, 6, 0 MiB, 81920 MiB, 0 %
2026/07/03 18:39:09.430, 7, 0 MiB, 81920 MiB, 0 %
2026/07/03 18:39:19.431, 0, 7733 MiB, 81920 MiB, 0 %
2026/07/03 18:39:19.431, 1, 0 MiB, 81920 MiB, 0 %
2026/07/03 18:39:19.432, 2, 0 MiB, 81920 MiB, 0 %
2026/07/03 18:39:19.432, 3, 0 MiB, 81920 MiB, 0 %
2026/07/03 18:39:19.432, 4, 0 MiB, 81920 MiB, 0 %
2026/07/03 18:39:19.433, 5, 0 MiB, 81920 MiB, 0 %
2026/07/03 18:39:19.433, 6, 0 MiB, 81920 MiB, 0 %
2026/07/03 18:39:19.433, 7, 0 MiB, 81920 MiB, 0 %
2026/07/03 18:39:29.434, 0, 7733 MiB, 81920 MiB, 0 %
2026/07/03 18:39:29.434, 1, 0 MiB, 81920 MiB, 0 %
2026/07/03 18:39:29.434, 2, 0 MiB, 81920 MiB, 0 %
2026/07/03 18:39:29.435, 3, 0 MiB, 81920 MiB, 0 %
2026/07/03 18:39:29.435, 4, 0 MiB, 81920 MiB, 0 %
2026/07/03 18:39:29.435, 5, 0 MiB, 81920 MiB, 0 %
2026/07/03 18:39:29.436, 6, 0 MiB, 81920 MiB, 0 %
2026/07/03 18:39:29.436, 7, 0 MiB, 81920 MiB, 0 %
2026/07/03 18:39:39.437, 0, 7733 MiB, 81920 MiB, 0 %
2026/07/03 18:39:39.437, 1, 0 MiB, 81920 MiB, 0 %
2026/07/03 18:39:39.437, 2, 0 MiB, 81920 MiB, 0 %
2026/07/03 18:39:39.438, 3, 0 MiB, 81920 MiB, 0 %
2026/07/03 18:39:39.438, 4, 0 MiB, 81920 MiB, 0 %
2026/07/03 18:39:39.438, 5, 0 MiB, 81920 MiB, 0 %
2026/07/03 18:39:39.438, 6, 0 MiB, 81920 MiB, 0 %
2026/07/03 18:39:39.439, 7, 0 MiB, 81920 MiB, 0 %
2026/07/03 18:39:49.439, 0, 7733 MiB, 81920 MiB, 53 %
2026/07/03 18:39:49.440, 1, 0 MiB, 81920 MiB, 0 %
2026/07/03 18:39:49.440, 2, 0 MiB, 81920 MiB, 0 %
2026/07/03 18:39:49.440, 3, 0 MiB, 81920 MiB, 0 %
2026/07/03 18:39:49.441, 4, 0 MiB, 81920 MiB, 0 %
2026/07/03 18:39:49.441, 5, 0 MiB, 81920 MiB, 0 %
2026/07/03 18:39:49.441, 6, 0 MiB, 81920 MiB, 0 %
2026/07/03 18:39:49.441, 7, 0 MiB, 81920 MiB, 0 %
2026/07/03 18:39:59.442, 0, 7733 MiB, 81920 MiB, 0 %
2026/07/03 18:39:59.443, 1, 0 MiB, 81920 MiB, 0 %
2026/07/03 18:39:59.443, 2, 0 MiB, 81920 MiB, 0 %
2026/07/03 18:39:59.443, 3, 0 MiB, 81920 MiB, 0 %
2026/07/03 18:39:59.443, 4, 0 MiB, 81920 MiB, 0 %
2026/07/03 18:39:59.444, 5, 0 MiB, 81920 MiB, 0 %
2026/07/03 18:39:59.444, 6, 0 MiB, 81920 MiB, 0 %
2026/07/03 18:39:59.444, 7, 0 MiB, 81920 MiB, 0 %
2026/07/03 18:40:09.445, 0, 7733 MiB, 81920 MiB, 0 %
2026/07/03 18:40:09.445, 1, 0 MiB, 81920 MiB, 0 %
2026/07/03 18:40:09.446, 2, 0 MiB, 81920 MiB, 0 %
2026/07/03 18:40:09.446, 3, 0 MiB, 81920 MiB, 0 %
2026/07/03 18:40:09.446, 4, 0 MiB, 81920 MiB, 0 %
2026/07/03 18:40:09.447, 5, 0 MiB, 81920 MiB, 0 %
2026/07/03 18:40:09.447, 6, 0 MiB, 81920 MiB, 0 %
2026/07/03 18:40:09.447, 7, 0 MiB, 81920 MiB, 0 %
2026/07/03 18:40:19.448, 0, 7733 MiB, 81920 MiB, 61 %
2026/07/03 18:40:19.448, 1, 0 MiB, 81920 MiB, 0 %
2026/07/03 18:40:19.449, 2, 0 MiB, 81920 MiB, 0 %
2026/07/03 18:40:19.449, 3, 0 MiB, 81920 MiB, 0 %
2026/07/03 18:40:19.449, 4, 0 MiB, 81920 MiB, 0 %
2026/07/03 18:40:19.449, 5, 0 MiB, 81920 MiB, 0 %
2026/07/03 18:40:19.450, 6, 0 MiB, 81920 MiB, 0 %
2026/07/03 18:40:19.450, 7, 0 MiB, 81920 MiB, 0 %
2026/07/03 18:40:29.451, 0, 7733 MiB, 81920 MiB, 0 %
2026/07/03 18:40:29.451, 1, 0 MiB, 81920 MiB, 0 %
2026/07/03 18:40:29.451, 2, 0 MiB, 81920 MiB, 0 %
2026/07/03 18:40:29.452, 3, 0 MiB, 81920 MiB, 0 %
2026/07/03 18:40:29.452, 4, 0 MiB, 81920 MiB, 0 %
2026/07/03 18:40:29.452, 5, 0 MiB, 81920 MiB, 0 %
2026/07/03 18:40:29.452, 6, 0 MiB, 81920 MiB, 0 %
2026/07/03 18:40:29.453, 7, 0 MiB, 81920 MiB, 0 %
2026/07/03 18:40:39.454, 0, 7733 MiB, 81920 MiB, 0 %
2026/07/03 18:40:39.454, 1, 0 MiB, 81920 MiB, 0 %
2026/07/03 18:40:39.455, 2, 0 MiB, 81920 MiB, 0 %
2026/07/03 18:40:39.455, 3, 0 MiB, 81920 MiB, 0 %
2026/07/03 18:40:39.455, 4, 0 MiB, 81920 MiB, 0 %
2026/07/03 18:40:39.456, 5, 0 MiB, 81920 MiB, 0 %
2026/07/03 18:40:39.456, 6, 0 MiB, 81920 MiB, 0 %
2026/07/03 18:40:39.456, 7, 0 MiB, 81920 MiB, 0 %
2026/07/03 18:40:49.457, 0, 7733 MiB, 81920 MiB, 0 %
2026/07/03 18:40:49.458, 1, 0 MiB, 81920 MiB, 0 %
2026/07/03 18:40:49.458, 2, 0 MiB, 81920 MiB, 0 %
2026/07/03 18:40:49.459, 3, 0 MiB, 81920 MiB, 0 %
2026/07/03 18:40:49.459, 4, 0 MiB, 81920 MiB, 0 %
2026/07/03 18:40:49.459, 5, 0 MiB, 81920 MiB, 0 %
2026/07/03 18:40:49.459, 6, 0 MiB, 81920 MiB, 0 %
2026/07/03 18:40:49.460, 7, 0 MiB, 81920 MiB, 0 %
2026/07/03 18:40:59.460, 0, 7733 MiB, 81920 MiB, 53 %
2026/07/03 18:40:59.461, 1, 0 MiB, 81920 MiB, 0 %
2026/07/03 18:40:59.461, 2, 0 MiB, 81920 MiB, 0 %
2026/07/03 18:40:59.461, 3, 0 MiB, 81920 MiB, 0 %
2026/07/03 18:40:59.461, 4, 0 MiB, 81920 MiB, 0 %
2026/07/03 18:40:59.462, 5, 0 MiB, 81920 MiB, 0 %
2026/07/03 18:40:59.462, 6, 0 MiB, 81920 MiB, 0 %
2026/07/03 18:40:59.462, 7, 0 MiB, 81920 MiB, 0 %
2026/07/03 18:41:09.463, 0, 7733 MiB, 81920 MiB, 62 %
2026/07/03 18:41:09.463, 1, 0 MiB, 81920 MiB, 0 %
2026/07/03 18:41:09.464, 2, 0 MiB, 81920 MiB, 0 %
2026/07/03 18:41:09.464, 3, 0 MiB, 81920 MiB, 0 %
2026/07/03 18:41:09.464, 4, 0 MiB, 81920 MiB, 0 %
2026/07/03 18:41:09.464, 5, 0 MiB, 81920 MiB, 0 %
2026/07/03 18:41:09.465, 6, 0 MiB, 81920 MiB, 0 %
2026/07/03 18:41:09.465, 7, 0 MiB, 81920 MiB, 0 %
2026/07/03 18:41:19.466, 0, 7733 MiB, 81920 MiB, 0 %
2026/07/03 18:41:19.467, 1, 0 MiB, 81920 MiB, 0 %
2026/07/03 18:41:19.467, 2, 0 MiB, 81920 MiB, 0 %
2026/07/03 18:41:19.467, 3, 0 MiB, 81920 MiB, 0 %
2026/07/03 18:41:19.468, 4, 0 MiB, 81920 MiB, 0 %
2026/07/03 18:41:19.468, 5, 0 MiB, 81920 MiB, 0 %
2026/07/03 18:41:19.468, 6, 0 MiB, 81920 MiB, 0 %
2026/07/03 18:41:19.468, 7, 0 MiB, 81920 MiB, 0 %
2026/07/03 18:41:29.470, 0, 7733 MiB, 81920 MiB, 53 %
2026/07/03 18:41:29.470, 1, 0 MiB, 81920 MiB, 0 %
2026/07/03 18:41:29.471, 2, 0 MiB, 81920 MiB, 0 %
2026/07/03 18:41:29.471, 3, 0 MiB, 81920 MiB, 0 %
2026/07/03 18:41:29.471, 4, 0 MiB, 81920 MiB, 0 %
2026/07/03 18:41:29.471, 5, 0 MiB, 81920 MiB, 0 %
2026/07/03 18:41:29.472, 6, 0 MiB, 81920 MiB, 0 %
2026/07/03 18:41:29.472, 7, 0 MiB, 81920 MiB, 0 %
2026/07/03 18:41:39.472, 0, 7733 MiB, 81920 MiB, 38 %
2026/07/03 18:41:39.473, 1, 0 MiB, 81920 MiB, 0 %
2026/07/03 18:41:39.473, 2, 0 MiB, 81920 MiB, 0 %
2026/07/03 18:41:39.474, 3, 0 MiB, 81920 MiB, 0 %
2026/07/03 18:41:39.474, 4, 0 MiB, 81920 MiB, 0 %
2026/07/03 18:41:39.474, 5, 0 MiB, 81920 MiB, 0 %
2026/07/03 18:41:39.474, 6, 0 MiB, 81920 MiB, 0 %
2026/07/03 18:41:39.475, 7, 0 MiB, 81920 MiB, 0 %
2026/07/03 18:41:49.475, 0, 7733 MiB, 81920 MiB, 0 %
2026/07/03 18:41:49.476, 1, 0 MiB, 81920 MiB, 0 %
2026/07/03 18:41:49.476, 2, 0 MiB, 81920 MiB, 0 %
2026/07/03 18:41:49.476, 3, 0 MiB, 81920 MiB, 0 %
2026/07/03 18:41:49.477, 4, 0 MiB, 81920 MiB, 0 %
2026/07/03 18:41:49.477, 5, 0 MiB, 81920 MiB, 0 %
2026/07/03 18:41:49.477, 6, 0 MiB, 81920 MiB, 0 %
2026/07/03 18:41:49.477, 7, 0 MiB, 81920 MiB, 0 %
2026/07/03 18:41:59.479, 0, 7733 MiB, 81920 MiB, 0 %
2026/07/03 18:41:59.479, 1, 0 MiB, 81920 MiB, 0 %
2026/07/03 18:41:59.479, 2, 0 MiB, 81920 MiB, 0 %
2026/07/03 18:41:59.480, 3, 0 MiB, 81920 MiB, 0 %
2026/07/03 18:41:59.480, 4, 0 MiB, 81920 MiB, 0 %
2026/07/03 18:41:59.480, 5, 0 MiB, 81920 MiB, 0 %
2026/07/03 18:41:59.481, 6, 0 MiB, 81920 MiB, 0 %
2026/07/03 18:41:59.481, 7, 0 MiB, 81920 MiB, 0 %
2026/07/03 18:42:09.482, 0, 7733 MiB, 81920 MiB, 0 %
2026/07/03 18:42:09.483, 1, 0 MiB, 81920 MiB, 0 %
2026/07/03 18:42:09.483, 2, 0 MiB, 81920 MiB, 0 %
2026/07/03 18:42:09.483, 3, 0 MiB, 81920 MiB, 0 %
2026/07/03 18:42:09.484, 4, 0 MiB, 81920 MiB, 0 %
2026/07/03 18:42:09.484, 5, 0 MiB, 81920 MiB, 0 %
2026/07/03 18:42:09.484, 6, 0 MiB, 81920 MiB, 0 %
2026/07/03 18:42:09.484, 7, 0 MiB, 81920 MiB, 0 %
2026/07/03 18:42:19.485, 0, 7733 MiB, 81920 MiB, 0 %
2026/07/03 18:42:19.485, 1, 0 MiB, 81920 MiB, 0 %
2026/07/03 18:42:19.486, 2, 0 MiB, 81920 MiB, 0 %
2026/07/03 18:42:19.486, 3, 0 MiB, 81920 MiB, 0 %
2026/07/03 18:42:19.486, 4, 0 MiB, 81920 MiB, 0 %
2026/07/03 18:42:19.487, 5, 0 MiB, 81920 MiB, 0 %
2026/07/03 18:42:19.487, 6, 0 MiB, 81920 MiB, 0 %
2026/07/03 18:42:19.487, 7, 0 MiB, 81920 MiB, 0 %
2026/07/03 18:42:29.488, 0, 7733 MiB, 81920 MiB, 0 %
2026/07/03 18:42:29.489, 1, 0 MiB, 81920 MiB, 0 %
2026/07/03 18:42:29.489, 2, 0 MiB, 81920 MiB, 0 %
2026/07/03 18:42:29.489, 3, 0 MiB, 81920 MiB, 0 %
2026/07/03 18:42:29.489, 4, 0 MiB, 81920 MiB, 0 %
2026/07/03 18:42:29.490, 5, 0 MiB, 81920 MiB, 0 %
2026/07/03 18:42:29.490, 6, 0 MiB, 81920 MiB, 0 %
2026/07/03 18:42:29.490, 7, 0 MiB, 81920 MiB, 0 %
2026/07/03 18:42:39.491, 0, 7733 MiB, 81920 MiB, 0 %
2026/07/03 18:42:39.492, 1, 0 MiB, 81920 MiB, 0 %
2026/07/03 18:42:39.492, 2, 0 MiB, 81920 MiB, 0 %
2026/07/03 18:42:39.492, 3, 0 MiB, 81920 MiB, 0 %
2026/07/03 18:42:39.493, 4, 0 MiB, 81920 MiB, 0 %
2026/07/03 18:42:39.493, 5, 0 MiB, 81920 MiB, 0 %
2026/07/03 18:42:39.493, 6, 0 MiB, 81920 MiB, 0 %
2026/07/03 18:42:39.494, 7, 0 MiB, 81920 MiB, 0 %
2026/07/03 18:42:49.494, 0, 7733 MiB, 81920 MiB, 0 %
2026/07/03 18:42:49.495, 1, 0 MiB, 81920 MiB, 0 %
2026/07/03 18:42:49.495, 2, 0 MiB, 81920 MiB, 0 %
2026/07/03 18:42:49.495, 3, 0 MiB, 81920 MiB, 0 %
2026/07/03 18:42:49.495, 4, 0 MiB, 81920 MiB, 0 %
2026/07/03 18:42:49.496, 5, 0 MiB, 81920 MiB, 0 %
2026/07/03 18:42:49.496, 6, 0 MiB, 81920 MiB, 0 %
2026/07/03 18:42:49.496, 7, 0 MiB, 81920 MiB, 0 %
2026/07/03 18:42:59.497, 0, 7733 MiB, 81920 MiB, 0 %
2026/07/03 18:42:59.498, 1, 0 MiB, 81920 MiB, 0 %
2026/07/03 18:42:59.498, 2, 0 MiB, 81920 MiB, 0 %
2026/07/03 18:42:59.498, 3, 0 MiB, 81920 MiB, 0 %
2026/07/03 18:42:59.499, 4, 0 MiB, 81920 MiB, 0 %
2026/07/03 18:42:59.499, 5, 0 MiB, 81920 MiB, 0 %
2026/07/03 18:42:59.499, 6, 0 MiB, 81920 MiB, 0 %
2026/07/03 18:42:59.499, 7, 0 MiB, 81920 MiB, 0 %
2026/07/03 18:43:09.500, 0, 7733 MiB, 81920 MiB, 0 %
2026/07/03 18:43:09.501, 1, 0 MiB, 81920 MiB, 0 %
2026/07/03 18:43:09.501, 2, 0 MiB, 81920 MiB, 0 %
2026/07/03 18:43:09.501, 3, 0 MiB, 81920 MiB, 0 %
2026/07/03 18:43:09.501, 4, 0 MiB, 81920 MiB, 0 %
2026/07/03 18:43:09.502, 5, 0 MiB, 81920 MiB, 0 %
2026/07/03 18:43:09.502, 6, 0 MiB, 81920 MiB, 0 %
2026/07/03 18:43:09.502, 7, 0 MiB, 81920 MiB, 0 %
2026/07/03 18:43:19.503, 0, 7733 MiB, 81920 MiB, 0 %
2026/07/03 18:43:19.504, 1, 0 MiB, 81920 MiB, 0 %
2026/07/03 18:43:19.504, 2, 0 MiB, 81920 MiB, 0 %
2026/07/03 18:43:19.504, 3, 0 MiB, 81920 MiB, 0 %
2026/07/03 18:43:19.504, 4, 0 MiB, 81920 MiB, 0 %
2026/07/03 18:43:19.505, 5, 0 MiB, 81920 MiB, 0 %
2026/07/03 18:43:19.505, 6, 0 MiB, 81920 MiB, 0 %
2026/07/03 18:43:19.505, 7, 0 MiB, 81920 MiB, 0 %
2026/07/03 18:43:29.506, 0, 7733 MiB, 81920 MiB, 0 %
2026/07/03 18:43:29.506, 1, 0 MiB, 81920 MiB, 0 %
2026/07/03 18:43:29.507, 2, 0 MiB, 81920 MiB, 0 %
2026/07/03 18:43:29.507, 3, 0 MiB, 81920 MiB, 0 %
2026/07/03 18:43:29.507, 4, 0 MiB, 81920 MiB, 0 %
2026/07/03 18:43:29.507, 5, 0 MiB, 81920 MiB, 0 %
2026/07/03 18:43:29.508, 6, 0 MiB, 81920 MiB, 0 %
2026/07/03 18:43:29.508, 7, 0 MiB, 81920 MiB, 0 %
2026/07/03 18:43:39.509, 0, 7733 MiB, 81920 MiB, 0 %
2026/07/03 18:43:39.510, 1, 0 MiB, 81920 MiB, 0 %
2026/07/03 18:43:39.510, 2, 0 MiB, 81920 MiB, 0 %
2026/07/03 18:43:39.510, 3, 0 MiB, 81920 MiB, 0 %
2026/07/03 18:43:39.511, 4, 0 MiB, 81920 MiB, 0 %
2026/07/03 18:43:39.511, 5, 0 MiB, 81920 MiB, 0 %
2026/07/03 18:43:39.511, 6, 0 MiB, 81920 MiB, 0 %
2026/07/03 18:43:39.511, 7, 0 MiB, 81920 MiB, 0 %
2026/07/03 18:43:49.512, 0, 7733 MiB, 81920 MiB, 0 %
2026/07/03 18:43:49.512, 1, 0 MiB, 81920 MiB, 0 %
2026/07/03 18:43:49.513, 2, 0 MiB, 81920 MiB, 0 %
2026/07/03 18:43:49.513, 3, 0 MiB, 81920 MiB, 0 %
2026/07/03 18:43:49.513, 4, 0 MiB, 81920 MiB, 0 %
2026/07/03 18:43:49.514, 5, 0 MiB, 81920 MiB, 0 %
2026/07/03 18:43:49.514, 6, 0 MiB, 81920 MiB, 0 %
2026/07/03 18:43:49.514, 7, 0 MiB, 81920 MiB, 0 %
2026/07/03 18:43:59.515, 0, 7733 MiB, 81920 MiB, 54 %
2026/07/03 18:43:59.515, 1, 0 MiB, 81920 MiB, 0 %
2026/07/03 18:43:59.515, 2, 0 MiB, 81920 MiB, 0 %
2026/07/03 18:43:59.516, 3, 0 MiB, 81920 MiB, 0 %
2026/07/03 18:43:59.516, 4, 0 MiB, 81920 MiB, 0 %
2026/07/03 18:43:59.516, 5, 0 MiB, 81920 MiB, 0 %
2026/07/03 18:43:59.517, 6, 0 MiB, 81920 MiB, 0 %
2026/07/03 18:43:59.517, 7, 0 MiB, 81920 MiB, 0 %
2026/07/03 18:44:09.518, 0, 7733 MiB, 81920 MiB, 0 %
2026/07/03 18:44:09.519, 1, 0 MiB, 81920 MiB, 0 %
2026/07/03 18:44:09.519, 2, 0 MiB, 81920 MiB, 0 %
2026/07/03 18:44:09.519, 3, 0 MiB, 81920 MiB, 0 %
2026/07/03 18:44:09.519, 4, 0 MiB, 81920 MiB, 0 %
2026/07/03 18:44:09.520, 5, 0 MiB, 81920 MiB, 0 %
2026/07/03 18:44:09.520, 6, 0 MiB, 81920 MiB, 0 %
2026/07/03 18:44:09.520, 7, 0 MiB, 81920 MiB, 0 %
2026/07/03 18:44:19.520, 0, 7733 MiB, 81920 MiB, 0 %
2026/07/03 18:44:19.521, 1, 0 MiB, 81920 MiB, 0 %
2026/07/03 18:44:19.521, 2, 0 MiB, 81920 MiB, 0 %
2026/07/03 18:44:19.522, 3, 0 MiB, 81920 MiB, 0 %
2026/07/03 18:44:19.522, 4, 0 MiB, 81920 MiB, 0 %
2026/07/03 18:44:19.522, 5, 0 MiB, 81920 MiB, 0 %
2026/07/03 18:44:19.522, 6, 0 MiB, 81920 MiB, 0 %
2026/07/03 18:44:19.523, 7, 0 MiB, 81920 MiB, 0 %
2026/07/03 18:44:29.523, 0, 7733 MiB, 81920 MiB, 0 %
2026/07/03 18:44:29.524, 1, 0 MiB, 81920 MiB, 0 %
2026/07/03 18:44:29.524, 2, 0 MiB, 81920 MiB, 0 %
2026/07/03 18:44:29.524, 3, 0 MiB, 81920 MiB, 0 %
2026/07/03 18:44:29.525, 4, 0 MiB, 81920 MiB, 0 %
2026/07/03 18:44:29.525, 5, 0 MiB, 81920 MiB, 0 %
2026/07/03 18:44:29.525, 6, 0 MiB, 81920 MiB, 0 %
2026/07/03 18:44:29.525, 7, 0 MiB, 81920 MiB, 0 %
2026/07/03 18:44:39.526, 0, 7733 MiB, 81920 MiB, 73 %
2026/07/03 18:44:39.527, 1, 0 MiB, 81920 MiB, 0 %
2026/07/03 18:44:39.527, 2, 0 MiB, 81920 MiB, 0 %
2026/07/03 18:44:39.527, 3, 0 MiB, 81920 MiB, 0 %
2026/07/03 18:44:39.528, 4, 0 MiB, 81920 MiB, 0 %
2026/07/03 18:44:39.528, 5, 0 MiB, 81920 MiB, 0 %
2026/07/03 18:44:39.528, 6, 0 MiB, 81920 MiB, 0 %
2026/07/03 18:44:39.528, 7, 0 MiB, 81920 MiB, 0 %
2026/07/03 18:44:49.529, 0, 7733 MiB, 81920 MiB, 0 %
2026/07/03 18:44:49.529, 1, 0 MiB, 81920 MiB, 0 %
2026/07/03 18:44:49.530, 2, 0 MiB, 81920 MiB, 0 %
2026/07/03 18:44:49.530, 3, 0 MiB, 81920 MiB, 0 %
2026/07/03 18:44:49.530, 4, 0 MiB, 81920 MiB, 0 %
2026/07/03 18:44:49.531, 5, 0 MiB, 81920 MiB, 0 %
2026/07/03 18:44:49.531, 6, 0 MiB, 81920 MiB, 0 %
2026/07/03 18:44:49.531, 7, 0 MiB, 81920 MiB, 0 %
2026/07/03 18:44:59.532, 0, 7733 MiB, 81920 MiB, 0 %
2026/07/03 18:44:59.532, 1, 0 MiB, 81920 MiB, 0 %
2026/07/03 18:44:59.533, 2, 0 MiB, 81920 MiB, 0 %
2026/07/03 18:44:59.533, 3, 0 MiB, 81920 MiB, 0 %
2026/07/03 18:44:59.533, 4, 0 MiB, 81920 MiB, 0 %
2026/07/03 18:44:59.534, 5, 0 MiB, 81920 MiB, 0 %
2026/07/03 18:44:59.534, 6, 0 MiB, 81920 MiB, 0 %
2026/07/03 18:44:59.534, 7, 0 MiB, 81920 MiB, 0 %
2026/07/03 18:45:09.535, 0, 7733 MiB, 81920 MiB, 0 %
2026/07/03 18:45:09.536, 1, 0 MiB, 81920 MiB, 0 %
2026/07/03 18:45:09.536, 2, 0 MiB, 81920 MiB, 0 %
2026/07/03 18:45:09.536, 3, 0 MiB, 81920 MiB, 0 %
2026/07/03 18:45:09.537, 4, 0 MiB, 81920 MiB, 0 %
2026/07/03 18:45:09.537, 5, 0 MiB, 81920 MiB, 0 %
2026/07/03 18:45:09.537, 6, 0 MiB, 81920 MiB, 0 %
2026/07/03 18:45:09.537, 7, 0 MiB, 81920 MiB, 0 %
2026/07/03 18:45:19.538, 0, 7733 MiB, 81920 MiB, 0 %
2026/07/03 18:45:19.539, 1, 0 MiB, 81920 MiB, 0 %
2026/07/03 18:45:19.539, 2, 0 MiB, 81920 MiB, 0 %
2026/07/03 18:45:19.539, 3, 0 MiB, 81920 MiB, 0 %
2026/07/03 18:45:19.539, 4, 0 MiB, 81920 MiB, 0 %
2026/07/03 18:45:19.540, 5, 0 MiB, 81920 MiB, 0 %
2026/07/03 18:45:19.540, 6, 0 MiB, 81920 MiB, 0 %
2026/07/03 18:45:19.540, 7, 0 MiB, 81920 MiB, 0 %
2026/07/03 18:45:29.541, 0, 7733 MiB, 81920 MiB, 0 %
2026/07/03 18:45:29.541, 1, 0 MiB, 81920 MiB, 0 %
2026/07/03 18:45:29.542, 2, 0 MiB, 81920 MiB, 0 %
2026/07/03 18:45:29.542, 3, 0 MiB, 81920 MiB, 0 %
2026/07/03 18:45:29.542, 4, 0 MiB, 81920 MiB, 0 %
2026/07/03 18:45:29.542, 5, 0 MiB, 81920 MiB, 0 %
2026/07/03 18:45:29.543, 6, 0 MiB, 81920 MiB, 0 %
2026/07/03 18:45:29.543, 7, 0 MiB, 81920 MiB, 0 %
2026/07/03 18:45:39.544, 0, 7733 MiB, 81920 MiB, 61 %
2026/07/03 18:45:39.545, 1, 0 MiB, 81920 MiB, 0 %
2026/07/03 18:45:39.545, 2, 0 MiB, 81920 MiB, 0 %
2026/07/03 18:45:39.545, 3, 0 MiB, 81920 MiB, 0 %
2026/07/03 18:45:39.545, 4, 0 MiB, 81920 MiB, 0 %
2026/07/03 18:45:39.545, 5, 0 MiB, 81920 MiB, 0 %
2026/07/03 18:45:39.545, 6, 0 MiB, 81920 MiB, 0 %
2026/07/03 18:45:39.546, 7, 0 MiB, 81920 MiB, 0 %
2026/07/03 18:45:49.546, 0, 7733 MiB, 81920 MiB, 0 %
2026/07/03 18:45:49.546, 1, 0 MiB, 81920 MiB, 0 %
2026/07/03 18:45:49.547, 2, 0 MiB, 81920 MiB, 0 %
2026/07/03 18:45:49.547, 3, 0 MiB, 81920 MiB, 0 %
2026/07/03 18:45:49.547, 4, 0 MiB, 81920 MiB, 0 %
2026/07/03 18:45:49.547, 5, 0 MiB, 81920 MiB, 0 %
2026/07/03 18:45:49.547, 6, 0 MiB, 81920 MiB, 0 %
2026/07/03 18:45:49.548, 7, 0 MiB, 81920 MiB, 0 %
2026/07/03 18:45:59.549, 0, 7733 MiB, 81920 MiB, 0 %
2026/07/03 18:45:59.549, 1, 0 MiB, 81920 MiB, 0 %
2026/07/03 18:45:59.550, 2, 0 MiB, 81920 MiB, 0 %
2026/07/03 18:45:59.550, 3, 0 MiB, 81920 MiB, 0 %
2026/07/03 18:45:59.550, 4, 0 MiB, 81920 MiB, 0 %
2026/07/03 18:45:59.550, 5, 0 MiB, 81920 MiB, 0 %
2026/07/03 18:45:59.551, 6, 0 MiB, 81920 MiB, 0 %
2026/07/03 18:45:59.551, 7, 0 MiB, 81920 MiB, 0 %
2026/07/03 18:46:09.552, 0, 7733 MiB, 81920 MiB, 0 %
2026/07/03 18:46:09.553, 1, 0 MiB, 81920 MiB, 0 %
2026/07/03 18:46:09.553, 2, 0 MiB, 81920 MiB, 0 %
2026/07/03 18:46:09.553, 3, 0 MiB, 81920 MiB, 0 %
2026/07/03 18:46:09.554, 4, 0 MiB, 81920 MiB, 0 %
2026/07/03 18:46:09.554, 5, 0 MiB, 81920 MiB, 0 %
2026/07/03 18:46:09.554, 6, 0 MiB, 81920 MiB, 0 %
2026/07/03 18:46:09.554, 7, 0 MiB, 81920 MiB, 0 %
2026/07/03 18:46:19.556, 0, 7733 MiB, 81920 MiB, 0 %
2026/07/03 18:46:19.556, 1, 0 MiB, 81920 MiB, 0 %
2026/07/03 18:46:19.556, 2, 0 MiB, 81920 MiB, 0 %
2026/07/03 18:46:19.557, 3, 0 MiB, 81920 MiB, 0 %
2026/07/03 18:46:19.557, 4, 0 MiB, 81920 MiB, 0 %
2026/07/03 18:46:19.557, 5, 0 MiB, 81920 MiB, 0 %
2026/07/03 18:46:19.558, 6, 0 MiB, 81920 MiB, 0 %
2026/07/03 18:46:19.558, 7, 0 MiB, 81920 MiB, 0 %
2026/07/03 18:46:29.559, 0, 7733 MiB, 81920 MiB, 0 %
2026/07/03 18:46:29.559, 1, 0 MiB, 81920 MiB, 0 %
2026/07/03 18:46:29.560, 2, 0 MiB, 81920 MiB, 0 %
2026/07/03 18:46:29.560, 3, 0 MiB, 81920 MiB, 0 %
2026/07/03 18:46:29.560, 4, 0 MiB, 81920 MiB, 0 %
2026/07/03 18:46:29.561, 5, 0 MiB, 81920 MiB, 0 %
2026/07/03 18:46:29.561, 6, 0 MiB, 81920 MiB, 0 %
2026/07/03 18:46:29.561, 7, 0 MiB, 81920 MiB, 0 %
2026/07/03 18:46:39.562, 0, 7733 MiB, 81920 MiB, 0 %
2026/07/03 18:46:39.563, 1, 0 MiB, 81920 MiB, 0 %
2026/07/03 18:46:39.563, 2, 0 MiB, 81920 MiB, 0 %
2026/07/03 18:46:39.563, 3, 0 MiB, 81920 MiB, 0 %
2026/07/03 18:46:39.564, 4, 0 MiB, 81920 MiB, 0 %
2026/07/03 18:46:39.564, 5, 0 MiB, 81920 MiB, 0 %
2026/07/03 18:46:39.564, 6, 0 MiB, 81920 MiB, 0 %
2026/07/03 18:46:39.564, 7, 0 MiB, 81920 MiB, 0 %
2026/07/03 18:46:49.565, 0, 7733 MiB, 81920 MiB, 0 %
2026/07/03 18:46:49.566, 1, 0 MiB, 81920 MiB, 0 %
2026/07/03 18:46:49.566, 2, 0 MiB, 81920 MiB, 0 %
2026/07/03 18:46:49.566, 3, 0 MiB, 81920 MiB, 0 %
2026/07/03 18:46:49.566, 4, 0 MiB, 81920 MiB, 0 %
2026/07/03 18:46:49.567, 5, 0 MiB, 81920 MiB, 0 %
2026/07/03 18:46:49.567, 6, 0 MiB, 81920 MiB, 0 %
2026/07/03 18:46:49.567, 7, 0 MiB, 81920 MiB, 0 %
2026/07/03 18:46:59.568, 0, 7733 MiB, 81920 MiB, 0 %
2026/07/03 18:46:59.568, 1, 0 MiB, 81920 MiB, 0 %
2026/07/03 18:46:59.569, 2, 0 MiB, 81920 MiB, 0 %
2026/07/03 18:46:59.569, 3, 0 MiB, 81920 MiB, 0 %
2026/07/03 18:46:59.569, 4, 0 MiB, 81920 MiB, 0 %
2026/07/03 18:46:59.569, 5, 0 MiB, 81920 MiB, 0 %
2026/07/03 18:46:59.569, 6, 0 MiB, 81920 MiB, 0 %
2026/07/03 18:46:59.569, 7, 0 MiB, 81920 MiB, 0 %
2026/07/03 18:47:09.570, 0, 7733 MiB, 81920 MiB, 47 %
2026/07/03 18:47:09.570, 1, 0 MiB, 81920 MiB, 0 %
2026/07/03 18:47:09.570, 2, 0 MiB, 81920 MiB, 0 %
2026/07/03 18:47:09.571, 3, 0 MiB, 81920 MiB, 0 %
2026/07/03 18:47:09.571, 4, 0 MiB, 81920 MiB, 0 %
2026/07/03 18:47:09.571, 5, 0 MiB, 81920 MiB, 0 %
2026/07/03 18:47:09.572, 6, 0 MiB, 81920 MiB, 0 %
2026/07/03 18:47:09.572, 7, 0 MiB, 81920 MiB, 0 %
2026/07/03 18:47:19.573, 0, 7733 MiB, 81920 MiB, 0 %
2026/07/03 18:47:19.573, 1, 0 MiB, 81920 MiB, 0 %
2026/07/03 18:47:19.573, 2, 0 MiB, 81920 MiB, 0 %
2026/07/03 18:47:19.574, 3, 0 MiB, 81920 MiB, 0 %
2026/07/03 18:47:19.574, 4, 0 MiB, 81920 MiB, 0 %
2026/07/03 18:47:19.574, 5, 0 MiB, 81920 MiB, 0 %
2026/07/03 18:47:19.574, 6, 0 MiB, 81920 MiB, 0 %
2026/07/03 18:47:19.575, 7, 0 MiB, 81920 MiB, 0 %
2026/07/03 18:47:29.576, 0, 7733 MiB, 81920 MiB, 0 %
2026/07/03 18:47:29.576, 1, 0 MiB, 81920 MiB, 0 %
2026/07/03 18:47:29.576, 2, 0 MiB, 81920 MiB, 0 %
2026/07/03 18:47:29.577, 3, 0 MiB, 81920 MiB, 0 %
2026/07/03 18:47:29.577, 4, 0 MiB, 81920 MiB, 0 %
2026/07/03 18:47:29.577, 5, 0 MiB, 81920 MiB, 0 %
2026/07/03 18:47:29.577, 6, 0 MiB, 81920 MiB, 0 %
2026/07/03 18:47:29.578, 7, 0 MiB, 81920 MiB, 0 %
2026/07/03 18:47:39.578, 0, 7733 MiB, 81920 MiB, 60 %
2026/07/03 18:47:39.579, 1, 0 MiB, 81920 MiB, 0 %
2026/07/03 18:47:39.579, 2, 0 MiB, 81920 MiB, 0 %
2026/07/03 18:47:39.579, 3, 0 MiB, 81920 MiB, 0 %
2026/07/03 18:47:39.580, 4, 0 MiB, 81920 MiB, 0 %
2026/07/03 18:47:39.580, 5, 0 MiB, 81920 MiB, 0 %
2026/07/03 18:47:39.580, 6, 0 MiB, 81920 MiB, 0 %
2026/07/03 18:47:39.580, 7, 0 MiB, 81920 MiB, 0 %
2026/07/03 18:47:49.581, 0, 7733 MiB, 81920 MiB, 0 %
2026/07/03 18:47:49.582, 1, 0 MiB, 81920 MiB, 0 %
2026/07/03 18:47:49.582, 2, 0 MiB, 81920 MiB, 0 %
2026/07/03 18:47:49.583, 3, 0 MiB, 81920 MiB, 0 %
2026/07/03 18:47:49.583, 4, 0 MiB, 81920 MiB, 0 %
2026/07/03 18:47:49.583, 5, 0 MiB, 81920 MiB, 0 %
2026/07/03 18:47:49.583, 6, 0 MiB, 81920 MiB, 0 %
2026/07/03 18:47:49.584, 7, 0 MiB, 81920 MiB, 0 %
2026/07/03 18:47:59.585, 0, 7733 MiB, 81920 MiB, 0 %
2026/07/03 18:47:59.585, 1, 0 MiB, 81920 MiB, 0 %
2026/07/03 18:47:59.586, 2, 0 MiB, 81920 MiB, 0 %
2026/07/03 18:47:59.586, 3, 0 MiB, 81920 MiB, 0 %
2026/07/03 18:47:59.586, 4, 0 MiB, 81920 MiB, 0 %
2026/07/03 18:47:59.587, 5, 0 MiB, 81920 MiB, 0 %
2026/07/03 18:47:59.587, 6, 0 MiB, 81920 MiB, 0 %
2026/07/03 18:47:59.587, 7, 0 MiB, 81920 MiB, 0 %
2026/07/03 18:48:09.588, 0, 7733 MiB, 81920 MiB, 0 %
2026/07/03 18:48:09.588, 1, 0 MiB, 81920 MiB, 0 %
2026/07/03 18:48:09.588, 2, 0 MiB, 81920 MiB, 0 %
2026/07/03 18:48:09.589, 3, 0 MiB, 81920 MiB, 0 %
2026/07/03 18:48:09.589, 4, 0 MiB, 81920 MiB, 0 %
2026/07/03 18:48:09.589, 5, 0 MiB, 81920 MiB, 0 %
2026/07/03 18:48:09.590, 6, 0 MiB, 81920 MiB, 0 %
2026/07/03 18:48:09.590, 7, 0 MiB, 81920 MiB, 0 %
2026/07/03 18:48:19.591, 0, 7733 MiB, 81920 MiB, 0 %
2026/07/03 18:48:19.591, 1, 0 MiB, 81920 MiB, 0 %
2026/07/03 18:48:19.592, 2, 0 MiB, 81920 MiB, 0 %
2026/07/03 18:48:19.592, 3, 0 MiB, 81920 MiB, 0 %
2026/07/03 18:48:19.592, 4, 0 MiB, 81920 MiB, 0 %
2026/07/03 18:48:19.592, 5, 0 MiB, 81920 MiB, 0 %
2026/07/03 18:48:19.593, 6, 0 MiB, 81920 MiB, 0 %
2026/07/03 18:48:19.593, 7, 0 MiB, 81920 MiB, 0 %
2026/07/03 18:48:29.594, 0, 7733 MiB, 81920 MiB, 0 %
2026/07/03 18:48:29.594, 1, 0 MiB, 81920 MiB, 0 %
2026/07/03 18:48:29.595, 2, 0 MiB, 81920 MiB, 0 %
2026/07/03 18:48:29.595, 3, 0 MiB, 81920 MiB, 0 %
2026/07/03 18:48:29.595, 4, 0 MiB, 81920 MiB, 0 %
2026/07/03 18:48:29.595, 5, 0 MiB, 81920 MiB, 0 %
2026/07/03 18:48:29.596, 6, 0 MiB, 81920 MiB, 0 %
2026/07/03 18:48:29.596, 7, 0 MiB, 81920 MiB, 0 %
2026/07/03 18:48:39.596, 0, 7733 MiB, 81920 MiB, 0 %
2026/07/03 18:48:39.597, 1, 0 MiB, 81920 MiB, 0 %
2026/07/03 18:48:39.597, 2, 0 MiB, 81920 MiB, 0 %
2026/07/03 18:48:39.598, 3, 0 MiB, 81920 MiB, 0 %
2026/07/03 18:48:39.598, 4, 0 MiB, 81920 MiB, 0 %
2026/07/03 18:48:39.598, 5, 0 MiB, 81920 MiB, 0 %
2026/07/03 18:48:39.599, 6, 0 MiB, 81920 MiB, 0 %
2026/07/03 18:48:39.599, 7, 0 MiB, 81920 MiB, 0 %
2026/07/03 18:48:49.600, 0, 7733 MiB, 81920 MiB, 0 %
2026/07/03 18:48:49.600, 1, 0 MiB, 81920 MiB, 0 %
2026/07/03 18:48:49.601, 2, 0 MiB, 81920 MiB, 0 %
2026/07/03 18:48:49.601, 3, 0 MiB, 81920 MiB, 0 %
2026/07/03 18:48:49.601, 4, 0 MiB, 81920 MiB, 0 %
2026/07/03 18:48:49.602, 5, 0 MiB, 81920 MiB, 0 %
2026/07/03 18:48:49.602, 6, 0 MiB, 81920 MiB, 0 %
2026/07/03 18:48:49.602, 7, 0 MiB, 81920 MiB, 0 %
2026/07/03 18:48:59.603, 0, 7733 MiB, 81920 MiB, 0 %
2026/07/03 18:48:59.604, 1, 0 MiB, 81920 MiB, 0 %
2026/07/03 18:48:59.604, 2, 0 MiB, 81920 MiB, 0 %
2026/07/03 18:48:59.604, 3, 0 MiB, 81920 MiB, 0 %
2026/07/03 18:48:59.605, 4, 0 MiB, 81920 MiB, 0 %
2026/07/03 18:48:59.605, 5, 0 MiB, 81920 MiB, 0 %
2026/07/03 18:48:59.605, 6, 0 MiB, 81920 MiB, 0 %
2026/07/03 18:48:59.605, 7, 0 MiB, 81920 MiB, 0 %
2026/07/03 18:49:09.607, 0, 7733 MiB, 81920 MiB, 0 %
2026/07/03 18:49:09.607, 1, 0 MiB, 81920 MiB, 0 %
2026/07/03 18:49:09.607, 2, 0 MiB, 81920 MiB, 0 %
2026/07/03 18:49:09.608, 3, 0 MiB, 81920 MiB, 0 %
2026/07/03 18:49:09.608, 4, 0 MiB, 81920 MiB, 0 %
2026/07/03 18:49:09.608, 5, 0 MiB, 81920 MiB, 0 %
2026/07/03 18:49:09.609, 6, 0 MiB, 81920 MiB, 0 %
2026/07/03 18:49:09.609, 7, 0 MiB, 81920 MiB, 0 %
2026/07/03 18:49:19.610, 0, 7733 MiB, 81920 MiB, 0 %
2026/07/03 18:49:19.610, 1, 0 MiB, 81920 MiB, 0 %
2026/07/03 18:49:19.611, 2, 0 MiB, 81920 MiB, 0 %
2026/07/03 18:49:19.611, 3, 0 MiB, 81920 MiB, 0 %
2026/07/03 18:49:19.611, 4, 0 MiB, 81920 MiB, 0 %
2026/07/03 18:49:19.612, 5, 0 MiB, 81920 MiB, 0 %
2026/07/03 18:49:19.612, 6, 0 MiB, 81920 MiB, 0 %
2026/07/03 18:49:19.612, 7, 0 MiB, 81920 MiB, 0 %
2026/07/03 18:49:29.613, 0, 7733 MiB, 81920 MiB, 0 %
2026/07/03 18:49:29.614, 1, 0 MiB, 81920 MiB, 0 %
2026/07/03 18:49:29.614, 2, 0 MiB, 81920 MiB, 0 %
2026/07/03 18:49:29.614, 3, 0 MiB, 81920 MiB, 0 %
2026/07/03 18:49:29.615, 4, 0 MiB, 81920 MiB, 0 %
2026/07/03 18:49:29.615, 5, 0 MiB, 81920 MiB, 0 %
2026/07/03 18:49:29.615, 6, 0 MiB, 81920 MiB, 0 %
2026/07/03 18:49:29.615, 7, 0 MiB, 81920 MiB, 0 %
2026/07/03 18:49:39.617, 0, 7733 MiB, 81920 MiB, 54 %
2026/07/03 18:49:39.617, 1, 0 MiB, 81920 MiB, 0 %
2026/07/03 18:49:39.617, 2, 0 MiB, 81920 MiB, 0 %
2026/07/03 18:49:39.618, 3, 0 MiB, 81920 MiB, 0 %
2026/07/03 18:49:39.618, 4, 0 MiB, 81920 MiB, 0 %
2026/07/03 18:49:39.618, 5, 0 MiB, 81920 MiB, 0 %
2026/07/03 18:49:39.619, 6, 0 MiB, 81920 MiB, 0 %
2026/07/03 18:49:39.619, 7, 0 MiB, 81920 MiB, 0 %
2026/07/03 18:49:49.619, 0, 7733 MiB, 81920 MiB, 0 %
2026/07/03 18:49:49.620, 1, 0 MiB, 81920 MiB, 0 %
2026/07/03 18:49:49.620, 2, 0 MiB, 81920 MiB, 0 %
2026/07/03 18:49:49.621, 3, 0 MiB, 81920 MiB, 0 %
2026/07/03 18:49:49.621, 4, 0 MiB, 81920 MiB, 0 %
2026/07/03 18:49:49.621, 5, 0 MiB, 81920 MiB, 0 %
2026/07/03 18:49:49.621, 6, 0 MiB, 81920 MiB, 0 %
2026/07/03 18:49:49.622, 7, 0 MiB, 81920 MiB, 0 %
2026/07/03 18:49:59.623, 0, 7733 MiB, 81920 MiB, 7 %
2026/07/03 18:49:59.623, 1, 0 MiB, 81920 MiB, 0 %
2026/07/03 18:49:59.623, 2, 0 MiB, 81920 MiB, 0 %
2026/07/03 18:49:59.624, 3, 0 MiB, 81920 MiB, 0 %
2026/07/03 18:49:59.624, 4, 0 MiB, 81920 MiB, 0 %
2026/07/03 18:49:59.624, 5, 0 MiB, 81920 MiB, 0 %
2026/07/03 18:49:59.624, 6, 0 MiB, 81920 MiB, 0 %
2026/07/03 18:49:59.625, 7, 0 MiB, 81920 MiB, 0 %
2026/07/03 18:50:09.625, 0, 7733 MiB, 81920 MiB, 61 %
2026/07/03 18:50:09.626, 1, 0 MiB, 81920 MiB, 0 %
2026/07/03 18:50:09.626, 2, 0 MiB, 81920 MiB, 0 %
2026/07/03 18:50:09.626, 3, 0 MiB, 81920 MiB, 0 %
2026/07/03 18:50:09.627, 4, 0 MiB, 81920 MiB, 0 %
2026/07/03 18:50:09.627, 5, 0 MiB, 81920 MiB, 0 %
2026/07/03 18:50:09.627, 6, 0 MiB, 81920 MiB, 0 %
2026/07/03 18:50:09.627, 7, 0 MiB, 81920 MiB, 0 %
2026/07/03 18:50:19.628, 0, 7733 MiB, 81920 MiB, 51 %
2026/07/03 18:50:19.629, 1, 0 MiB, 81920 MiB, 0 %
2026/07/03 18:50:19.629, 2, 0 MiB, 81920 MiB, 0 %
2026/07/03 18:50:19.629, 3, 0 MiB, 81920 MiB, 0 %
2026/07/03 18:50:19.630, 4, 0 MiB, 81920 MiB, 0 %
2026/07/03 18:50:19.630, 5, 0 MiB, 81920 MiB, 0 %
2026/07/03 18:50:19.630, 6, 0 MiB, 81920 MiB, 0 %
2026/07/03 18:50:19.631, 7, 0 MiB, 81920 MiB, 0 %
2026/07/03 18:50:29.631, 0, 7733 MiB, 81920 MiB, 0 %
2026/07/03 18:50:29.632, 1, 0 MiB, 81920 MiB, 0 %
2026/07/03 18:50:29.632, 2, 0 MiB, 81920 MiB, 0 %
2026/07/03 18:50:29.632, 3, 0 MiB, 81920 MiB, 0 %
2026/07/03 18:50:29.633, 4, 0 MiB, 81920 MiB, 0 %
2026/07/03 18:50:29.633, 5, 0 MiB, 81920 MiB, 0 %
2026/07/03 18:50:29.633, 6, 0 MiB, 81920 MiB, 0 %
2026/07/03 18:50:29.634, 7, 0 MiB, 81920 MiB, 0 %
2026/07/03 18:50:39.635, 0, 7733 MiB, 81920 MiB, 0 %
2026/07/03 18:50:39.635, 1, 0 MiB, 81920 MiB, 0 %
2026/07/03 18:50:39.635, 2, 0 MiB, 81920 MiB, 0 %
2026/07/03 18:50:39.636, 3, 0 MiB, 81920 MiB, 0 %
2026/07/03 18:50:39.636, 4, 0 MiB, 81920 MiB, 0 %
2026/07/03 18:50:39.636, 5, 0 MiB, 81920 MiB, 0 %
2026/07/03 18:50:39.636, 6, 0 MiB, 81920 MiB, 0 %
2026/07/03 18:50:39.637, 7, 0 MiB, 81920 MiB, 0 %
2026/07/03 18:50:49.637, 0, 7733 MiB, 81920 MiB, 0 %
2026/07/03 18:50:49.638, 1, 0 MiB, 81920 MiB, 0 %
2026/07/03 18:50:49.638, 2, 0 MiB, 81920 MiB, 0 %
2026/07/03 18:50:49.638, 3, 0 MiB, 81920 MiB, 0 %
2026/07/03 18:50:49.639, 4, 0 MiB, 81920 MiB, 0 %
2026/07/03 18:50:49.639, 5, 0 MiB, 81920 MiB, 0 %
2026/07/03 18:50:49.639, 6, 0 MiB, 81920 MiB, 0 %
2026/07/03 18:50:49.640, 7, 0 MiB, 81920 MiB, 0 %
2026/07/03 18:50:59.640, 0, 7733 MiB, 81920 MiB, 0 %
2026/07/03 18:50:59.641, 1, 0 MiB, 81920 MiB, 0 %
2026/07/03 18:50:59.641, 2, 0 MiB, 81920 MiB, 0 %
2026/07/03 18:50:59.641, 3, 0 MiB, 81920 MiB, 0 %
2026/07/03 18:50:59.642, 4, 0 MiB, 81920 MiB, 0 %
2026/07/03 18:50:59.642, 5, 0 MiB, 81920 MiB, 0 %
2026/07/03 18:50:59.642, 6, 0 MiB, 81920 MiB, 0 %
2026/07/03 18:50:59.642, 7, 0 MiB, 81920 MiB, 0 %
2026/07/03 18:51:09.643, 0, 7733 MiB, 81920 MiB, 59 %
2026/07/03 18:51:09.644, 1, 0 MiB, 81920 MiB, 0 %
2026/07/03 18:51:09.644, 2, 0 MiB, 81920 MiB, 0 %
2026/07/03 18:51:09.644, 3, 0 MiB, 81920 MiB, 0 %
2026/07/03 18:51:09.644, 4, 0 MiB, 81920 MiB, 0 %
2026/07/03 18:51:09.645, 5, 0 MiB, 81920 MiB, 0 %
2026/07/03 18:51:09.645, 6, 0 MiB, 81920 MiB, 0 %
2026/07/03 18:51:09.645, 7, 0 MiB, 81920 MiB, 0 %
2026/07/03 18:51:19.646, 0, 7733 MiB, 81920 MiB, 0 %
2026/07/03 18:51:19.647, 1, 0 MiB, 81920 MiB, 0 %
2026/07/03 18:51:19.647, 2, 0 MiB, 81920 MiB, 0 %
2026/07/03 18:51:19.647, 3, 0 MiB, 81920 MiB, 0 %
2026/07/03 18:51:19.648, 4, 0 MiB, 81920 MiB, 0 %
2026/07/03 18:51:19.648, 5, 0 MiB, 81920 MiB, 0 %
2026/07/03 18:51:19.648, 6, 0 MiB, 81920 MiB, 0 %
2026/07/03 18:51:19.648, 7, 0 MiB, 81920 MiB, 0 %
2026/07/03 18:51:29.649, 0, 7733 MiB, 81920 MiB, 0 %
2026/07/03 18:51:29.650, 1, 0 MiB, 81920 MiB, 0 %
2026/07/03 18:51:29.650, 2, 0 MiB, 81920 MiB, 0 %
2026/07/03 18:51:29.650, 3, 0 MiB, 81920 MiB, 0 %
2026/07/03 18:51:29.650, 4, 0 MiB, 81920 MiB, 0 %
2026/07/03 18:51:29.651, 5, 0 MiB, 81920 MiB, 0 %
2026/07/03 18:51:29.651, 6, 0 MiB, 81920 MiB, 0 %
2026/07/03 18:51:29.651, 7, 0 MiB, 81920 MiB, 0 %
2026/07/03 18:51:39.652, 0, 7733 MiB, 81920 MiB, 68 %
2026/07/03 18:51:39.652, 1, 0 MiB, 81920 MiB, 0 %
2026/07/03 18:51:39.653, 2, 0 MiB, 81920 MiB, 0 %
2026/07/03 18:51:39.653, 3, 0 MiB, 81920 MiB, 0 %
2026/07/03 18:51:39.653, 4, 0 MiB, 81920 MiB, 0 %
2026/07/03 18:51:39.654, 5, 0 MiB, 81920 MiB, 0 %
2026/07/03 18:51:39.654, 6, 0 MiB, 81920 MiB, 0 %
2026/07/03 18:51:39.654, 7, 0 MiB, 81920 MiB, 0 %
2026/07/03 18:51:49.655, 0, 7733 MiB, 81920 MiB, 0 %
2026/07/03 18:51:49.655, 1, 0 MiB, 81920 MiB, 0 %
2026/07/03 18:51:49.655, 2, 0 MiB, 81920 MiB, 0 %
2026/07/03 18:51:49.656, 3, 0 MiB, 81920 MiB, 0 %
2026/07/03 18:51:49.656, 4, 0 MiB, 81920 MiB, 0 %
2026/07/03 18:51:49.656, 5, 0 MiB, 81920 MiB, 0 %
2026/07/03 18:51:49.657, 6, 0 MiB, 81920 MiB, 0 %
2026/07/03 18:51:49.657, 7, 0 MiB, 81920 MiB, 0 %
2026/07/03 18:51:59.658, 0, 7733 MiB, 81920 MiB, 0 %
2026/07/03 18:51:59.658, 1, 0 MiB, 81920 MiB, 0 %
2026/07/03 18:51:59.658, 2, 0 MiB, 81920 MiB, 0 %
2026/07/03 18:51:59.659, 3, 0 MiB, 81920 MiB, 0 %
2026/07/03 18:51:59.659, 4, 0 MiB, 81920 MiB, 0 %
2026/07/03 18:51:59.659, 5, 0 MiB, 81920 MiB, 0 %
2026/07/03 18:51:59.659, 6, 0 MiB, 81920 MiB, 0 %
2026/07/03 18:51:59.660, 7, 0 MiB, 81920 MiB, 0 %
2026/07/03 18:52:09.661, 0, 7733 MiB, 81920 MiB, 61 %
2026/07/03 18:52:09.661, 1, 0 MiB, 81920 MiB, 0 %
2026/07/03 18:52:09.661, 2, 0 MiB, 81920 MiB, 0 %
2026/07/03 18:52:09.662, 3, 0 MiB, 81920 MiB, 0 %
2026/07/03 18:52:09.662, 4, 0 MiB, 81920 MiB, 0 %
2026/07/03 18:52:09.662, 5, 0 MiB, 81920 MiB, 0 %
2026/07/03 18:52:09.662, 6, 0 MiB, 81920 MiB, 0 %
2026/07/03 18:52:09.663, 7, 0 MiB, 81920 MiB, 0 %
2026/07/03 18:52:19.663, 0, 7733 MiB, 81920 MiB, 0 %
2026/07/03 18:52:19.664, 1, 0 MiB, 81920 MiB, 0 %
2026/07/03 18:52:19.664, 2, 0 MiB, 81920 MiB, 0 %
2026/07/03 18:52:19.664, 3, 0 MiB, 81920 MiB, 0 %
2026/07/03 18:52:19.665, 4, 0 MiB, 81920 MiB, 0 %
2026/07/03 18:52:19.665, 5, 0 MiB, 81920 MiB, 0 %
2026/07/03 18:52:19.665, 6, 0 MiB, 81920 MiB, 0 %
2026/07/03 18:52:19.665, 7, 0 MiB, 81920 MiB, 0 %
2026/07/03 18:52:29.666, 0, 7733 MiB, 81920 MiB, 0 %
2026/07/03 18:52:29.667, 1, 0 MiB, 81920 MiB, 0 %
2026/07/03 18:52:29.667, 2, 0 MiB, 81920 MiB, 0 %
2026/07/03 18:52:29.667, 3, 0 MiB, 81920 MiB, 0 %
2026/07/03 18:52:29.668, 4, 0 MiB, 81920 MiB, 0 %
2026/07/03 18:52:29.668, 5, 0 MiB, 81920 MiB, 0 %
2026/07/03 18:52:29.668, 6, 0 MiB, 81920 MiB, 0 %
2026/07/03 18:52:29.668, 7, 0 MiB, 81920 MiB, 0 %
2026/07/03 18:52:39.669, 0, 7733 MiB, 81920 MiB, 0 %
2026/07/03 18:52:39.670, 1, 0 MiB, 81920 MiB, 0 %
2026/07/03 18:52:39.670, 2, 0 MiB, 81920 MiB, 0 %
2026/07/03 18:52:39.670, 3, 0 MiB, 81920 MiB, 0 %
2026/07/03 18:52:39.670, 4, 0 MiB, 81920 MiB, 0 %
2026/07/03 18:52:39.671, 5, 0 MiB, 81920 MiB, 0 %
2026/07/03 18:52:39.671, 6, 0 MiB, 81920 MiB, 0 %
2026/07/03 18:52:39.671, 7, 0 MiB, 81920 MiB, 0 %
2026/07/03 18:52:49.672, 0, 7733 MiB, 81920 MiB, 47 %
2026/07/03 18:52:49.673, 1, 0 MiB, 81920 MiB, 0 %
2026/07/03 18:52:49.673, 2, 0 MiB, 81920 MiB, 0 %
2026/07/03 18:52:49.673, 3, 0 MiB, 81920 MiB, 0 %
2026/07/03 18:52:49.673, 4, 0 MiB, 81920 MiB, 0 %
2026/07/03 18:52:49.674, 5, 0 MiB, 81920 MiB, 0 %
2026/07/03 18:52:49.674, 6, 0 MiB, 81920 MiB, 0 %
2026/07/03 18:52:49.674, 7, 0 MiB, 81920 MiB, 0 %
2026/07/03 18:52:59.676, 0, 7733 MiB, 81920 MiB, 0 %
2026/07/03 18:52:59.676, 1, 0 MiB, 81920 MiB, 0 %
2026/07/03 18:52:59.676, 2, 0 MiB, 81920 MiB, 0 %
2026/07/03 18:52:59.677, 3, 0 MiB, 81920 MiB, 0 %
2026/07/03 18:52:59.677, 4, 0 MiB, 81920 MiB, 0 %
2026/07/03 18:52:59.677, 5, 0 MiB, 81920 MiB, 0 %
2026/07/03 18:52:59.677, 6, 0 MiB, 81920 MiB, 0 %
2026/07/03 18:52:59.678, 7, 0 MiB, 81920 MiB, 0 %
2026/07/03 18:53:09.678, 0, 7733 MiB, 81920 MiB, 0 %
2026/07/03 18:53:09.679, 1, 0 MiB, 81920 MiB, 0 %
2026/07/03 18:53:09.679, 2, 0 MiB, 81920 MiB, 0 %
2026/07/03 18:53:09.680, 3, 0 MiB, 81920 MiB, 0 %
2026/07/03 18:53:09.680, 4, 0 MiB, 81920 MiB, 0 %
2026/07/03 18:53:09.680, 5, 0 MiB, 81920 MiB, 0 %
2026/07/03 18:53:09.680, 6, 0 MiB, 81920 MiB, 0 %
2026/07/03 18:53:09.681, 7, 0 MiB, 81920 MiB, 0 %
2026/07/03 18:53:19.682, 0, 7733 MiB, 81920 MiB, 0 %
2026/07/03 18:53:19.682, 1, 0 MiB, 81920 MiB, 0 %
2026/07/03 18:53:19.682, 2, 0 MiB, 81920 MiB, 0 %
2026/07/03 18:53:19.683, 3, 0 MiB, 81920 MiB, 0 %
2026/07/03 18:53:19.683, 4, 0 MiB, 81920 MiB, 0 %
2026/07/03 18:53:19.683, 5, 0 MiB, 81920 MiB, 0 %
2026/07/03 18:53:19.683, 6, 0 MiB, 81920 MiB, 0 %
2026/07/03 18:53:19.684, 7, 0 MiB, 81920 MiB, 0 %
2026/07/03 18:53:29.684, 0, 7733 MiB, 81920 MiB, 0 %
2026/07/03 18:53:29.685, 1, 0 MiB, 81920 MiB, 0 %
2026/07/03 18:53:29.685, 2, 0 MiB, 81920 MiB, 0 %
2026/07/03 18:53:29.685, 3, 0 MiB, 81920 MiB, 0 %
2026/07/03 18:53:29.686, 4, 0 MiB, 81920 MiB, 0 %
2026/07/03 18:53:29.686, 5, 0 MiB, 81920 MiB, 0 %
2026/07/03 18:53:29.686, 6, 0 MiB, 81920 MiB, 0 %
2026/07/03 18:53:29.687, 7, 0 MiB, 81920 MiB, 0 %
2026/07/03 18:53:39.687, 0, 7733 MiB, 81920 MiB, 0 %
2026/07/03 18:53:39.688, 1, 0 MiB, 81920 MiB, 0 %
2026/07/03 18:53:39.688, 2, 0 MiB, 81920 MiB, 0 %
2026/07/03 18:53:39.688, 3, 0 MiB, 81920 MiB, 0 %
2026/07/03 18:53:39.689, 4, 0 MiB, 81920 MiB, 0 %
2026/07/03 18:53:39.689, 5, 0 MiB, 81920 MiB, 0 %
2026/07/03 18:53:39.689, 6, 0 MiB, 81920 MiB, 0 %
2026/07/03 18:53:39.690, 7, 0 MiB, 81920 MiB, 0 %
2026/07/03 18:53:49.690, 0, 7733 MiB, 81920 MiB, 0 %
2026/07/03 18:53:49.690, 1, 0 MiB, 81920 MiB, 0 %
2026/07/03 18:53:49.691, 2, 0 MiB, 81920 MiB, 0 %
2026/07/03 18:53:49.691, 3, 0 MiB, 81920 MiB, 0 %
2026/07/03 18:53:49.691, 4, 0 MiB, 81920 MiB, 0 %
2026/07/03 18:53:49.692, 5, 0 MiB, 81920 MiB, 0 %
2026/07/03 18:53:49.692, 6, 0 MiB, 81920 MiB, 0 %
2026/07/03 18:53:49.692, 7, 0 MiB, 81920 MiB, 0 %
2026/07/03 18:53:59.693, 0, 7733 MiB, 81920 MiB, 56 %
2026/07/03 18:53:59.694, 1, 0 MiB, 81920 MiB, 0 %
2026/07/03 18:53:59.694, 2, 0 MiB, 81920 MiB, 0 %
2026/07/03 18:53:59.695, 3, 0 MiB, 81920 MiB, 0 %
2026/07/03 18:53:59.695, 4, 0 MiB, 81920 MiB, 0 %
2026/07/03 18:53:59.695, 5, 0 MiB, 81920 MiB, 0 %
2026/07/03 18:53:59.695, 6, 0 MiB, 81920 MiB, 0 %
2026/07/03 18:53:59.696, 7, 0 MiB, 81920 MiB, 0 %
2026/07/03 18:54:09.697, 0, 7733 MiB, 81920 MiB, 0 %
2026/07/03 18:54:09.697, 1, 0 MiB, 81920 MiB, 0 %
2026/07/03 18:54:09.698, 2, 0 MiB, 81920 MiB, 0 %
2026/07/03 18:54:09.698, 3, 0 MiB, 81920 MiB, 0 %
2026/07/03 18:54:09.698, 4, 0 MiB, 81920 MiB, 0 %
2026/07/03 18:54:09.698, 5, 0 MiB, 81920 MiB, 0 %
2026/07/03 18:54:09.699, 6, 0 MiB, 81920 MiB, 0 %
2026/07/03 18:54:09.699, 7, 0 MiB, 81920 MiB, 0 %
2026/07/03 18:54:19.700, 0, 7733 MiB, 81920 MiB, 0 %
2026/07/03 18:54:19.700, 1, 0 MiB, 81920 MiB, 0 %
2026/07/03 18:54:19.701, 2, 0 MiB, 81920 MiB, 0 %
2026/07/03 18:54:19.701, 3, 0 MiB, 81920 MiB, 0 %
2026/07/03 18:54:19.701, 4, 0 MiB, 81920 MiB, 0 %
2026/07/03 18:54:19.701, 5, 0 MiB, 81920 MiB, 0 %
2026/07/03 18:54:19.702, 6, 0 MiB, 81920 MiB, 0 %
2026/07/03 18:54:19.702, 7, 0 MiB, 81920 MiB, 0 %
2026/07/03 18:54:29.703, 0, 7733 MiB, 81920 MiB, 0 %
2026/07/03 18:54:29.703, 1, 0 MiB, 81920 MiB, 0 %
2026/07/03 18:54:29.704, 2, 0 MiB, 81920 MiB, 0 %
2026/07/03 18:54:29.704, 3, 0 MiB, 81920 MiB, 0 %
2026/07/03 18:54:29.704, 4, 0 MiB, 81920 MiB, 0 %
2026/07/03 18:54:29.704, 5, 0 MiB, 81920 MiB, 0 %
2026/07/03 18:54:29.705, 6, 0 MiB, 81920 MiB, 0 %
2026/07/03 18:54:29.705, 7, 0 MiB, 81920 MiB, 0 %
2026/07/03 18:54:39.706, 0, 7733 MiB, 81920 MiB, 0 %
2026/07/03 18:54:39.706, 1, 0 MiB, 81920 MiB, 0 %
2026/07/03 18:54:39.707, 2, 0 MiB, 81920 MiB, 0 %
2026/07/03 18:54:39.707, 3, 0 MiB, 81920 MiB, 0 %
2026/07/03 18:54:39.707, 4, 0 MiB, 81920 MiB, 0 %
2026/07/03 18:54:39.707, 5, 0 MiB, 81920 MiB, 0 %
2026/07/03 18:54:39.708, 6, 0 MiB, 81920 MiB, 0 %
2026/07/03 18:54:39.708, 7, 0 MiB, 81920 MiB, 0 %
2026/07/03 18:54:49.708, 0, 7733 MiB, 81920 MiB, 0 %
2026/07/03 18:54:49.709, 1, 0 MiB, 81920 MiB, 0 %
2026/07/03 18:54:49.709, 2, 0 MiB, 81920 MiB, 0 %
2026/07/03 18:54:49.709, 3, 0 MiB, 81920 MiB, 0 %
2026/07/03 18:54:49.710, 4, 0 MiB, 81920 MiB, 0 %
2026/07/03 18:54:49.710, 5, 0 MiB, 81920 MiB, 0 %
2026/07/03 18:54:49.710, 6, 0 MiB, 81920 MiB, 0 %
2026/07/03 18:54:49.710, 7, 0 MiB, 81920 MiB, 0 %
2026/07/03 18:54:59.712, 0, 7733 MiB, 81920 MiB, 0 %
2026/07/03 18:54:59.712, 1, 0 MiB, 81920 MiB, 0 %
2026/07/03 18:54:59.712, 2, 0 MiB, 81920 MiB, 0 %
2026/07/03 18:54:59.713, 3, 0 MiB, 81920 MiB, 0 %
2026/07/03 18:54:59.713, 4, 0 MiB, 81920 MiB, 0 %
2026/07/03 18:54:59.713, 5, 0 MiB, 81920 MiB, 0 %
2026/07/03 18:54:59.714, 6, 0 MiB, 81920 MiB, 0 %
2026/07/03 18:54:59.714, 7, 0 MiB, 81920 MiB, 0 %
2026/07/03 18:55:09.715, 0, 7733 MiB, 81920 MiB, 0 %
2026/07/03 18:55:09.716, 1, 0 MiB, 81920 MiB, 0 %
2026/07/03 18:55:09.716, 2, 0 MiB, 81920 MiB, 0 %
2026/07/03 18:55:09.716, 3, 0 MiB, 81920 MiB, 0 %
2026/07/03 18:55:09.716, 4, 0 MiB, 81920 MiB, 0 %
2026/07/03 18:55:09.717, 5, 0 MiB, 81920 MiB, 0 %
2026/07/03 18:55:09.717, 6, 0 MiB, 81920 MiB, 0 %
2026/07/03 18:55:09.717, 7, 0 MiB, 81920 MiB, 0 %
2026/07/03 18:55:19.718, 0, 7733 MiB, 81920 MiB, 0 %
2026/07/03 18:55:19.718, 1, 0 MiB, 81920 MiB, 0 %
2026/07/03 18:55:19.719, 2, 0 MiB, 81920 MiB, 0 %
2026/07/03 18:55:19.719, 3, 0 MiB, 81920 MiB, 0 %
2026/07/03 18:55:19.719, 4, 0 MiB, 81920 MiB, 0 %
2026/07/03 18:55:19.720, 5, 0 MiB, 81920 MiB, 0 %
2026/07/03 18:55:19.720, 6, 0 MiB, 81920 MiB, 0 %
2026/07/03 18:55:19.720, 7, 0 MiB, 81920 MiB, 0 %
2026/07/03 18:55:29.721, 0, 7733 MiB, 81920 MiB, 0 %
2026/07/03 18:55:29.721, 1, 0 MiB, 81920 MiB, 0 %
2026/07/03 18:55:29.722, 2, 0 MiB, 81920 MiB, 0 %
2026/07/03 18:55:29.722, 3, 0 MiB, 81920 MiB, 0 %
2026/07/03 18:55:29.722, 4, 0 MiB, 81920 MiB, 0 %
2026/07/03 18:55:29.722, 5, 0 MiB, 81920 MiB, 0 %
2026/07/03 18:55:29.723, 6, 0 MiB, 81920 MiB, 0 %
2026/07/03 18:55:29.723, 7, 0 MiB, 81920 MiB, 0 %
2026/07/03 18:55:39.724, 0, 7733 MiB, 81920 MiB, 0 %
2026/07/03 18:55:39.724, 1, 0 MiB, 81920 MiB, 0 %
2026/07/03 18:55:39.724, 2, 0 MiB, 81920 MiB, 0 %
2026/07/03 18:55:39.725, 3, 0 MiB, 81920 MiB, 0 %
2026/07/03 18:55:39.725, 4, 0 MiB, 81920 MiB, 0 %
2026/07/03 18:55:39.725, 5, 0 MiB, 81920 MiB, 0 %
2026/07/03 18:55:39.726, 6, 0 MiB, 81920 MiB, 0 %
2026/07/03 18:55:39.726, 7, 0 MiB, 81920 MiB, 0 %
2026/07/03 18:55:49.727, 0, 7733 MiB, 81920 MiB, 0 %
2026/07/03 18:55:49.727, 1, 0 MiB, 81920 MiB, 0 %
2026/07/03 18:55:49.728, 2, 0 MiB, 81920 MiB, 0 %
2026/07/03 18:55:49.728, 3, 0 MiB, 81920 MiB, 0 %
2026/07/03 18:55:49.728, 4, 0 MiB, 81920 MiB, 0 %
2026/07/03 18:55:49.728, 5, 0 MiB, 81920 MiB, 0 %
2026/07/03 18:55:49.729, 6, 0 MiB, 81920 MiB, 0 %
2026/07/03 18:55:49.729, 7, 0 MiB, 81920 MiB, 0 %
2026/07/03 18:55:59.730, 0, 7733 MiB, 81920 MiB, 61 %
2026/07/03 18:55:59.730, 1, 0 MiB, 81920 MiB, 0 %
2026/07/03 18:55:59.730, 2, 0 MiB, 81920 MiB, 0 %
2026/07/03 18:55:59.731, 3, 0 MiB, 81920 MiB, 0 %
2026/07/03 18:55:59.731, 4, 0 MiB, 81920 MiB, 0 %
2026/07/03 18:55:59.731, 5, 0 MiB, 81920 MiB, 0 %
2026/07/03 18:55:59.731, 6, 0 MiB, 81920 MiB, 0 %
2026/07/03 18:55:59.732, 7, 0 MiB, 81920 MiB, 0 %
2026/07/03 18:56:09.732, 0, 7733 MiB, 81920 MiB, 0 %
2026/07/03 18:56:09.733, 1, 0 MiB, 81920 MiB, 0 %
2026/07/03 18:56:09.733, 2, 0 MiB, 81920 MiB, 0 %
2026/07/03 18:56:09.733, 3, 0 MiB, 81920 MiB, 0 %
2026/07/03 18:56:09.734, 4, 0 MiB, 81920 MiB, 0 %
2026/07/03 18:56:09.734, 5, 0 MiB, 81920 MiB, 0 %
2026/07/03 18:56:09.734, 6, 0 MiB, 81920 MiB, 0 %
2026/07/03 18:56:09.735, 7, 0 MiB, 81920 MiB, 0 %
2026/07/03 18:56:19.736, 0, 7733 MiB, 81920 MiB, 0 %
2026/07/03 18:56:19.736, 1, 0 MiB, 81920 MiB, 0 %
2026/07/03 18:56:19.736, 2, 0 MiB, 81920 MiB, 0 %
2026/07/03 18:56:19.737, 3, 0 MiB, 81920 MiB, 0 %
2026/07/03 18:56:19.737, 4, 0 MiB, 81920 MiB, 0 %
2026/07/03 18:56:19.737, 5, 0 MiB, 81920 MiB, 0 %
2026/07/03 18:56:19.738, 6, 0 MiB, 81920 MiB, 0 %
2026/07/03 18:56:19.738, 7, 0 MiB, 81920 MiB, 0 %
2026/07/03 18:56:29.739, 0, 7733 MiB, 81920 MiB, 0 %
2026/07/03 18:56:29.739, 1, 0 MiB, 81920 MiB, 0 %
2026/07/03 18:56:29.739, 2, 0 MiB, 81920 MiB, 0 %
2026/07/03 18:56:29.740, 3, 0 MiB, 81920 MiB, 0 %
2026/07/03 18:56:29.740, 4, 0 MiB, 81920 MiB, 0 %
2026/07/03 18:56:29.740, 5, 0 MiB, 81920 MiB, 0 %
2026/07/03 18:56:29.740, 6, 0 MiB, 81920 MiB, 0 %
2026/07/03 18:56:29.741, 7, 0 MiB, 81920 MiB, 0 %
2026/07/03 18:56:39.741, 0, 7733 MiB, 81920 MiB, 0 %
2026/07/03 18:56:39.742, 1, 0 MiB, 81920 MiB, 0 %
2026/07/03 18:56:39.742, 2, 0 MiB, 81920 MiB, 0 %
2026/07/03 18:56:39.742, 3, 0 MiB, 81920 MiB, 0 %
2026/07/03 18:56:39.743, 4, 0 MiB, 81920 MiB, 0 %
2026/07/03 18:56:39.743, 5, 0 MiB, 81920 MiB, 0 %
2026/07/03 18:56:39.743, 6, 0 MiB, 81920 MiB, 0 %
2026/07/03 18:56:39.744, 7, 0 MiB, 81920 MiB, 0 %
2026/07/03 18:56:49.745, 0, 7733 MiB, 81920 MiB, 0 %
2026/07/03 18:56:49.745, 1, 0 MiB, 81920 MiB, 0 %
2026/07/03 18:56:49.745, 2, 0 MiB, 81920 MiB, 0 %
2026/07/03 18:56:49.746, 3, 0 MiB, 81920 MiB, 0 %
2026/07/03 18:56:49.746, 4, 0 MiB, 81920 MiB, 0 %
2026/07/03 18:56:49.746, 5, 0 MiB, 81920 MiB, 0 %
2026/07/03 18:56:49.747, 6, 0 MiB, 81920 MiB, 0 %
2026/07/03 18:56:49.747, 7, 0 MiB, 81920 MiB, 0 %
2026/07/03 18:56:59.748, 0, 7733 MiB, 81920 MiB, 0 %
2026/07/03 18:56:59.749, 1, 0 MiB, 81920 MiB, 0 %
2026/07/03 18:56:59.749, 2, 0 MiB, 81920 MiB, 0 %
2026/07/03 18:56:59.749, 3, 0 MiB, 81920 MiB, 0 %
2026/07/03 18:56:59.749, 4, 0 MiB, 81920 MiB, 0 %
2026/07/03 18:56:59.750, 5, 0 MiB, 81920 MiB, 0 %
2026/07/03 18:56:59.750, 6, 0 MiB, 81920 MiB, 0 %
2026/07/03 18:56:59.750, 7, 0 MiB, 81920 MiB, 0 %
2026/07/03 18:57:09.751, 0, 7733 MiB, 81920 MiB, 0 %
2026/07/03 18:57:09.751, 1, 0 MiB, 81920 MiB, 0 %
2026/07/03 18:57:09.752, 2, 0 MiB, 81920 MiB, 0 %
2026/07/03 18:57:09.752, 3, 0 MiB, 81920 MiB, 0 %
2026/07/03 18:57:09.752, 4, 0 MiB, 81920 MiB, 0 %
2026/07/03 18:57:09.753, 5, 0 MiB, 81920 MiB, 0 %
2026/07/03 18:57:09.753, 6, 0 MiB, 81920 MiB, 0 %
2026/07/03 18:57:09.753, 7, 0 MiB, 81920 MiB, 0 %
2026/07/03 18:57:19.754, 0, 7733 MiB, 81920 MiB, 52 %
2026/07/03 18:57:19.754, 1, 0 MiB, 81920 MiB, 0 %
2026/07/03 18:57:19.754, 2, 0 MiB, 81920 MiB, 0 %
2026/07/03 18:57:19.755, 3, 0 MiB, 81920 MiB, 0 %
2026/07/03 18:57:19.755, 4, 0 MiB, 81920 MiB, 0 %
2026/07/03 18:57:19.755, 5, 0 MiB, 81920 MiB, 0 %
2026/07/03 18:57:19.755, 6, 0 MiB, 81920 MiB, 0 %
2026/07/03 18:57:19.756, 7, 0 MiB, 81920 MiB, 0 %
2026/07/03 18:57:29.757, 0, 7733 MiB, 81920 MiB, 61 %
2026/07/03 18:57:29.758, 1, 0 MiB, 81920 MiB, 0 %
2026/07/03 18:57:29.758, 2, 0 MiB, 81920 MiB, 0 %
2026/07/03 18:57:29.758, 3, 0 MiB, 81920 MiB, 0 %
2026/07/03 18:57:29.758, 4, 0 MiB, 81920 MiB, 0 %
2026/07/03 18:57:29.759, 5, 0 MiB, 81920 MiB, 0 %
2026/07/03 18:57:29.759, 6, 0 MiB, 81920 MiB, 0 %
2026/07/03 18:57:29.759, 7, 0 MiB, 81920 MiB, 0 %
2026/07/03 18:57:39.761, 0, 7733 MiB, 81920 MiB, 0 %
2026/07/03 18:57:39.761, 1, 0 MiB, 81920 MiB, 0 %
2026/07/03 18:57:39.761, 2, 0 MiB, 81920 MiB, 0 %
2026/07/03 18:57:39.762, 3, 0 MiB, 81920 MiB, 0 %
2026/07/03 18:57:39.762, 4, 0 MiB, 81920 MiB, 0 %
2026/07/03 18:57:39.762, 5, 0 MiB, 81920 MiB, 0 %
2026/07/03 18:57:39.762, 6, 0 MiB, 81920 MiB, 0 %
2026/07/03 18:57:39.763, 7, 0 MiB, 81920 MiB, 0 %
2026/07/03 18:57:49.764, 0, 7733 MiB, 81920 MiB, 0 %
2026/07/03 18:57:49.764, 1, 0 MiB, 81920 MiB, 0 %
2026/07/03 18:57:49.765, 2, 0 MiB, 81920 MiB, 0 %
2026/07/03 18:57:49.765, 3, 0 MiB, 81920 MiB, 0 %
2026/07/03 18:57:49.765, 4, 0 MiB, 81920 MiB, 0 %
2026/07/03 18:57:49.766, 5, 0 MiB, 81920 MiB, 0 %
2026/07/03 18:57:49.766, 6, 0 MiB, 81920 MiB, 0 %
2026/07/03 18:57:49.766, 7, 0 MiB, 81920 MiB, 0 %
2026/07/03 18:57:59.767, 0, 7733 MiB, 81920 MiB, 0 %
2026/07/03 18:57:59.767, 1, 0 MiB, 81920 MiB, 0 %
2026/07/03 18:57:59.768, 2, 0 MiB, 81920 MiB, 0 %
2026/07/03 18:57:59.768, 3, 0 MiB, 81920 MiB, 0 %
2026/07/03 18:57:59.768, 4, 0 MiB, 81920 MiB, 0 %
2026/07/03 18:57:59.769, 5, 0 MiB, 81920 MiB, 0 %
2026/07/03 18:57:59.769, 6, 0 MiB, 81920 MiB, 0 %
2026/07/03 18:57:59.769, 7, 0 MiB, 81920 MiB, 0 %
2026/07/03 18:58:09.770, 0, 7733 MiB, 81920 MiB, 0 %
2026/07/03 18:58:09.770, 1, 0 MiB, 81920 MiB, 0 %
2026/07/03 18:58:09.771, 2, 0 MiB, 81920 MiB, 0 %
2026/07/03 18:58:09.771, 3, 0 MiB, 81920 MiB, 0 %
2026/07/03 18:58:09.771, 4, 0 MiB, 81920 MiB, 0 %
2026/07/03 18:58:09.771, 5, 0 MiB, 81920 MiB, 0 %
2026/07/03 18:58:09.772, 6, 0 MiB, 81920 MiB, 0 %
2026/07/03 18:58:09.772, 7, 0 MiB, 81920 MiB, 0 %
2026/07/03 18:58:19.773, 0, 7733 MiB, 81920 MiB, 0 %
2026/07/03 18:58:19.773, 1, 0 MiB, 81920 MiB, 0 %
2026/07/03 18:58:19.773, 2, 0 MiB, 81920 MiB, 0 %
2026/07/03 18:58:19.774, 3, 0 MiB, 81920 MiB, 0 %
2026/07/03 18:58:19.774, 4, 0 MiB, 81920 MiB, 0 %
2026/07/03 18:58:19.774, 5, 0 MiB, 81920 MiB, 0 %
2026/07/03 18:58:19.775, 6, 0 MiB, 81920 MiB, 0 %
2026/07/03 18:58:19.775, 7, 0 MiB, 81920 MiB, 0 %
2026/07/03 18:58:29.775, 0, 7733 MiB, 81920 MiB, 0 %
2026/07/03 18:58:29.776, 1, 0 MiB, 81920 MiB, 0 %
2026/07/03 18:58:29.776, 2, 0 MiB, 81920 MiB, 0 %
2026/07/03 18:58:29.776, 3, 0 MiB, 81920 MiB, 0 %
2026/07/03 18:58:29.777, 4, 0 MiB, 81920 MiB, 0 %
2026/07/03 18:58:29.777, 5, 0 MiB, 81920 MiB, 0 %
2026/07/03 18:58:29.777, 6, 0 MiB, 81920 MiB, 0 %
2026/07/03 18:58:29.777, 7, 0 MiB, 81920 MiB, 0 %
2026/07/03 18:58:39.778, 0, 7733 MiB, 81920 MiB, 0 %
2026/07/03 18:58:39.779, 1, 0 MiB, 81920 MiB, 0 %
2026/07/03 18:58:39.779, 2, 0 MiB, 81920 MiB, 0 %
2026/07/03 18:58:39.779, 3, 0 MiB, 81920 MiB, 0 %
2026/07/03 18:58:39.779, 4, 0 MiB, 81920 MiB, 0 %
2026/07/03 18:58:39.780, 5, 0 MiB, 81920 MiB, 0 %
2026/07/03 18:58:39.780, 6, 0 MiB, 81920 MiB, 0 %
2026/07/03 18:58:39.780, 7, 0 MiB, 81920 MiB, 0 %
2026/07/03 18:58:49.781, 0, 7733 MiB, 81920 MiB, 0 %
2026/07/03 18:58:49.781, 1, 0 MiB, 81920 MiB, 0 %
2026/07/03 18:58:49.782, 2, 0 MiB, 81920 MiB, 0 %
2026/07/03 18:58:49.782, 3, 0 MiB, 81920 MiB, 0 %
2026/07/03 18:58:49.782, 4, 0 MiB, 81920 MiB, 0 %
2026/07/03 18:58:49.783, 5, 0 MiB, 81920 MiB, 0 %
2026/07/03 18:58:49.783, 6, 0 MiB, 81920 MiB, 0 %
2026/07/03 18:58:49.783, 7, 0 MiB, 81920 MiB, 0 %
2026/07/03 18:58:59.784, 0, 7733 MiB, 81920 MiB, 0 %
2026/07/03 18:58:59.784, 1, 0 MiB, 81920 MiB, 0 %
2026/07/03 18:58:59.785, 2, 0 MiB, 81920 MiB, 0 %
2026/07/03 18:58:59.785, 3, 0 MiB, 81920 MiB, 0 %
2026/07/03 18:58:59.785, 4, 0 MiB, 81920 MiB, 0 %
2026/07/03 18:58:59.785, 5, 0 MiB, 81920 MiB, 0 %
2026/07/03 18:58:59.786, 6, 0 MiB, 81920 MiB, 0 %
2026/07/03 18:58:59.786, 7, 0 MiB, 81920 MiB, 0 %
2026/07/03 18:59:09.787, 0, 7733 MiB, 81920 MiB, 60 %
2026/07/03 18:59:09.788, 1, 0 MiB, 81920 MiB, 0 %
2026/07/03 18:59:09.788, 2, 0 MiB, 81920 MiB, 0 %
2026/07/03 18:59:09.788, 3, 0 MiB, 81920 MiB, 0 %
2026/07/03 18:59:09.789, 4, 0 MiB, 81920 MiB, 0 %
2026/07/03 18:59:09.789, 5, 0 MiB, 81920 MiB, 0 %
2026/07/03 18:59:09.789, 6, 0 MiB, 81920 MiB, 0 %
2026/07/03 18:59:09.789, 7, 0 MiB, 81920 MiB, 0 %
2026/07/03 18:59:19.791, 0, 7733 MiB, 81920 MiB, 62 %
2026/07/03 18:59:19.791, 1, 0 MiB, 81920 MiB, 0 %
2026/07/03 18:59:19.792, 2, 0 MiB, 81920 MiB, 0 %
2026/07/03 18:59:19.792, 3, 0 MiB, 81920 MiB, 0 %
2026/07/03 18:59:19.792, 4, 0 MiB, 81920 MiB, 0 %
2026/07/03 18:59:19.792, 5, 0 MiB, 81920 MiB, 0 %
2026/07/03 18:59:19.793, 6, 0 MiB, 81920 MiB, 0 %
2026/07/03 18:59:19.793, 7, 0 MiB, 81920 MiB, 0 %
2026/07/03 18:59:29.794, 0, 7733 MiB, 81920 MiB, 0 %
2026/07/03 18:59:29.795, 1, 0 MiB, 81920 MiB, 0 %
2026/07/03 18:59:29.795, 2, 0 MiB, 81920 MiB, 0 %
2026/07/03 18:59:29.795, 3, 0 MiB, 81920 MiB, 0 %
2026/07/03 18:59:29.796, 4, 0 MiB, 81920 MiB, 0 %
2026/07/03 18:59:29.796, 5, 0 MiB, 81920 MiB, 0 %
2026/07/03 18:59:29.796, 6, 0 MiB, 81920 MiB, 0 %
2026/07/03 18:59:29.796, 7, 0 MiB, 81920 MiB, 0 %
2026/07/03 18:59:39.798, 0, 7733 MiB, 81920 MiB, 0 %
2026/07/03 18:59:39.798, 1, 0 MiB, 81920 MiB, 0 %
2026/07/03 18:59:39.798, 2, 0 MiB, 81920 MiB, 0 %
2026/07/03 18:59:39.799, 3, 0 MiB, 81920 MiB, 0 %
2026/07/03 18:59:39.799, 4, 0 MiB, 81920 MiB, 0 %
2026/07/03 18:59:39.799, 5, 0 MiB, 81920 MiB, 0 %
2026/07/03 18:59:39.799, 6, 0 MiB, 81920 MiB, 0 %
2026/07/03 18:59:39.800, 7, 0 MiB, 81920 MiB, 0 %
2026/07/03 18:59:49.801, 0, 7733 MiB, 81920 MiB, 0 %
2026/07/03 18:59:49.801, 1, 0 MiB, 81920 MiB, 0 %
2026/07/03 18:59:49.802, 2, 0 MiB, 81920 MiB, 0 %
2026/07/03 18:59:49.802, 3, 0 MiB, 81920 MiB, 0 %
2026/07/03 18:59:49.802, 4, 0 MiB, 81920 MiB, 0 %
2026/07/03 18:59:49.803, 5, 0 MiB, 81920 MiB, 0 %
2026/07/03 18:59:49.803, 6, 0 MiB, 81920 MiB, 0 %
2026/07/03 18:59:49.803, 7, 0 MiB, 81920 MiB, 0 %
2026/07/03 18:59:59.804, 0, 7733 MiB, 81920 MiB, 0 %
2026/07/03 18:59:59.804, 1, 0 MiB, 81920 MiB, 0 %
2026/07/03 18:59:59.804, 2, 0 MiB, 81920 MiB, 0 %
2026/07/03 18:59:59.805, 3, 0 MiB, 81920 MiB, 0 %
2026/07/03 18:59:59.805, 4, 0 MiB, 81920 MiB, 0 %
2026/07/03 18:59:59.805, 5, 0 MiB, 81920 MiB, 0 %
2026/07/03 18:59:59.805, 6, 0 MiB, 81920 MiB, 0 %
2026/07/03 18:59:59.806, 7, 0 MiB, 81920 MiB, 0 %
2026/07/03 19:00:09.807, 0, 7733 MiB, 81920 MiB, 0 %
2026/07/03 19:00:09.808, 1, 0 MiB, 81920 MiB, 0 %
2026/07/03 19:00:09.808, 2, 0 MiB, 81920 MiB, 0 %
2026/07/03 19:00:09.808, 3, 0 MiB, 81920 MiB, 0 %
2026/07/03 19:00:09.808, 4, 0 MiB, 81920 MiB, 0 %
2026/07/03 19:00:09.809, 5, 0 MiB, 81920 MiB, 0 %
2026/07/03 19:00:09.809, 6, 0 MiB, 81920 MiB, 0 %
2026/07/03 19:00:09.809, 7, 0 MiB, 81920 MiB, 0 %
2026/07/03 19:00:19.810, 0, 7733 MiB, 81920 MiB, 0 %
2026/07/03 19:00:19.810, 1, 0 MiB, 81920 MiB, 0 %
2026/07/03 19:00:19.810, 2, 0 MiB, 81920 MiB, 0 %
2026/07/03 19:00:19.811, 3, 0 MiB, 81920 MiB, 0 %
2026/07/03 19:00:19.811, 4, 0 MiB, 81920 MiB, 0 %
2026/07/03 19:00:19.811, 5, 0 MiB, 81920 MiB, 0 %
2026/07/03 19:00:19.811, 6, 0 MiB, 81920 MiB, 0 %
2026/07/03 19:00:19.812, 7, 0 MiB, 81920 MiB, 0 %
2026/07/03 19:00:29.812, 0, 7733 MiB, 81920 MiB, 0 %
2026/07/03 19:00:29.813, 1, 0 MiB, 81920 MiB, 0 %
2026/07/03 19:00:29.813, 2, 0 MiB, 81920 MiB, 0 %
2026/07/03 19:00:29.813, 3, 0 MiB, 81920 MiB, 0 %
2026/07/03 19:00:29.813, 4, 0 MiB, 81920 MiB, 0 %
2026/07/03 19:00:29.814, 5, 0 MiB, 81920 MiB, 0 %
2026/07/03 19:00:29.814, 6, 0 MiB, 81920 MiB, 0 %
2026/07/03 19:00:29.814, 7, 0 MiB, 81920 MiB, 0 %
2026/07/03 19:00:39.815, 0, 7733 MiB, 81920 MiB, 0 %
2026/07/03 19:00:39.815, 1, 0 MiB, 81920 MiB, 0 %
2026/07/03 19:00:39.815, 2, 0 MiB, 81920 MiB, 0 %
2026/07/03 19:00:39.816, 3, 0 MiB, 81920 MiB, 0 %
2026/07/03 19:00:39.816, 4, 0 MiB, 81920 MiB, 0 %
2026/07/03 19:00:39.816, 5, 0 MiB, 81920 MiB, 0 %
2026/07/03 19:00:39.817, 6, 0 MiB, 81920 MiB, 0 %
2026/07/03 19:00:39.817, 7, 0 MiB, 81920 MiB, 0 %
2026/07/03 19:00:49.817, 0, 7733 MiB, 81920 MiB, 0 %
2026/07/03 19:00:49.818, 1, 0 MiB, 81920 MiB, 0 %
2026/07/03 19:00:49.818, 2, 0 MiB, 81920 MiB, 0 %
2026/07/03 19:00:49.819, 3, 0 MiB, 81920 MiB, 0 %
2026/07/03 19:00:49.819, 4, 0 MiB, 81920 MiB, 0 %
2026/07/03 19:00:49.819, 5, 0 MiB, 81920 MiB, 0 %
2026/07/03 19:00:49.819, 6, 0 MiB, 81920 MiB, 0 %
2026/07/03 19:00:49.820, 7, 0 MiB, 81920 MiB, 0 %
2026/07/03 19:00:59.820, 0, 7733 MiB, 81920 MiB, 0 %
2026/07/03 19:00:59.821, 1, 0 MiB, 81920 MiB, 0 %
2026/07/03 19:00:59.821, 2, 0 MiB, 81920 MiB, 0 %
2026/07/03 19:00:59.821, 3, 0 MiB, 81920 MiB, 0 %
2026/07/03 19:00:59.822, 4, 0 MiB, 81920 MiB, 0 %
2026/07/03 19:00:59.822, 5, 0 MiB, 81920 MiB, 0 %
2026/07/03 19:00:59.822, 6, 0 MiB, 81920 MiB, 0 %
2026/07/03 19:00:59.822, 7, 0 MiB, 81920 MiB, 0 %
2026/07/03 19:01:09.823, 0, 7733 MiB, 81920 MiB, 0 %
2026/07/03 19:01:09.823, 1, 0 MiB, 81920 MiB, 0 %
2026/07/03 19:01:09.824, 2, 0 MiB, 81920 MiB, 0 %
2026/07/03 19:01:09.824, 3, 0 MiB, 81920 MiB, 0 %
2026/07/03 19:01:09.824, 4, 0 MiB, 81920 MiB, 0 %
2026/07/03 19:01:09.824, 5, 0 MiB, 81920 MiB, 0 %
2026/07/03 19:01:09.825, 6, 0 MiB, 81920 MiB, 0 %
2026/07/03 19:01:09.825, 7, 0 MiB, 81920 MiB, 0 %
2026/07/03 19:01:19.826, 0, 7733 MiB, 81920 MiB, 0 %
2026/07/03 19:01:19.826, 1, 0 MiB, 81920 MiB, 0 %
2026/07/03 19:01:19.826, 2, 0 MiB, 81920 MiB, 0 %
2026/07/03 19:01:19.827, 3, 0 MiB, 81920 MiB, 0 %
2026/07/03 19:01:19.827, 4, 0 MiB, 81920 MiB, 0 %
2026/07/03 19:01:19.827, 5, 0 MiB, 81920 MiB, 0 %
2026/07/03 19:01:19.827, 6, 0 MiB, 81920 MiB, 0 %
2026/07/03 19:01:19.828, 7, 0 MiB, 81920 MiB, 0 %
2026/07/03 19:01:29.828, 0, 7733 MiB, 81920 MiB, 0 %
2026/07/03 19:01:29.829, 1, 0 MiB, 81920 MiB, 0 %
2026/07/03 19:01:29.829, 2, 0 MiB, 81920 MiB, 0 %
2026/07/03 19:01:29.829, 3, 0 MiB, 81920 MiB, 0 %
2026/07/03 19:01:29.829, 4, 0 MiB, 81920 MiB, 0 %
2026/07/03 19:01:29.830, 5, 0 MiB, 81920 MiB, 0 %
2026/07/03 19:01:29.830, 6, 0 MiB, 81920 MiB, 0 %
2026/07/03 19:01:29.830, 7, 0 MiB, 81920 MiB, 0 %
2026/07/03 19:01:39.831, 0, 7733 MiB, 81920 MiB, 0 %
2026/07/03 19:01:39.831, 1, 0 MiB, 81920 MiB, 0 %
2026/07/03 19:01:39.832, 2, 0 MiB, 81920 MiB, 0 %
2026/07/03 19:01:39.832, 3, 0 MiB, 81920 MiB, 0 %
2026/07/03 19:01:39.832, 4, 0 MiB, 81920 MiB, 0 %
2026/07/03 19:01:39.833, 5, 0 MiB, 81920 MiB, 0 %
2026/07/03 19:01:39.833, 6, 0 MiB, 81920 MiB, 0 %
2026/07/03 19:01:39.833, 7, 0 MiB, 81920 MiB, 0 %
2026/07/03 19:01:49.834, 0, 7733 MiB, 81920 MiB, 0 %
2026/07/03 19:01:49.834, 1, 0 MiB, 81920 MiB, 0 %
2026/07/03 19:01:49.835, 2, 0 MiB, 81920 MiB, 0 %
2026/07/03 19:01:49.835, 3, 0 MiB, 81920 MiB, 0 %
2026/07/03 19:01:49.835, 4, 0 MiB, 81920 MiB, 0 %
2026/07/03 19:01:49.835, 5, 0 MiB, 81920 MiB, 0 %
2026/07/03 19:01:49.836, 6, 0 MiB, 81920 MiB, 0 %
2026/07/03 19:01:49.836, 7, 0 MiB, 81920 MiB, 0 %
2026/07/03 19:01:59.837, 0, 7733 MiB, 81920 MiB, 0 %
2026/07/03 19:01:59.837, 1, 0 MiB, 81920 MiB, 0 %
2026/07/03 19:01:59.837, 2, 0 MiB, 81920 MiB, 0 %
2026/07/03 19:01:59.838, 3, 0 MiB, 81920 MiB, 0 %
2026/07/03 19:01:59.838, 4, 0 MiB, 81920 MiB, 0 %
2026/07/03 19:01:59.838, 5, 0 MiB, 81920 MiB, 0 %
2026/07/03 19:01:59.839, 6, 0 MiB, 81920 MiB, 0 %
2026/07/03 19:01:59.839, 7, 0 MiB, 81920 MiB, 0 %
2026/07/03 19:02:09.840, 0, 7733 MiB, 81920 MiB, 0 %
2026/07/03 19:02:09.840, 1, 0 MiB, 81920 MiB, 0 %
2026/07/03 19:02:09.840, 2, 0 MiB, 81920 MiB, 0 %
2026/07/03 19:02:09.841, 3, 0 MiB, 81920 MiB, 0 %
2026/07/03 19:02:09.841, 4, 0 MiB, 81920 MiB, 0 %
2026/07/03 19:02:09.841, 5, 0 MiB, 81920 MiB, 0 %
2026/07/03 19:02:09.842, 6, 0 MiB, 81920 MiB, 0 %
2026/07/03 19:02:09.842, 7, 0 MiB, 81920 MiB, 0 %
2026/07/03 19:02:19.843, 0, 7733 MiB, 81920 MiB, 0 %
2026/07/03 19:02:19.843, 1, 0 MiB, 81920 MiB, 0 %
2026/07/03 19:02:19.843, 2, 0 MiB, 81920 MiB, 0 %
2026/07/03 19:02:19.844, 3, 0 MiB, 81920 MiB, 0 %
2026/07/03 19:02:19.844, 4, 0 MiB, 81920 MiB, 0 %
2026/07/03 19:02:19.844, 5, 0 MiB, 81920 MiB, 0 %
2026/07/03 19:02:19.845, 6, 0 MiB, 81920 MiB, 0 %
2026/07/03 19:02:19.845, 7, 0 MiB, 81920 MiB, 0 %
2026/07/03 19:02:29.846, 0, 7733 MiB, 81920 MiB, 0 %
2026/07/03 19:02:29.847, 1, 0 MiB, 81920 MiB, 0 %
2026/07/03 19:02:29.847, 2, 0 MiB, 81920 MiB, 0 %
2026/07/03 19:02:29.847, 3, 0 MiB, 81920 MiB, 0 %
2026/07/03 19:02:29.847, 4, 0 MiB, 81920 MiB, 0 %
2026/07/03 19:02:29.848, 5, 0 MiB, 81920 MiB, 0 %
2026/07/03 19:02:29.848, 6, 0 MiB, 81920 MiB, 0 %
2026/07/03 19:02:29.848, 7, 0 MiB, 81920 MiB, 0 %
2026/07/03 19:02:39.849, 0, 7733 MiB, 81920 MiB, 0 %
2026/07/03 19:02:39.849, 1, 0 MiB, 81920 MiB, 0 %
2026/07/03 19:02:39.850, 2, 0 MiB, 81920 MiB, 0 %
2026/07/03 19:02:39.850, 3, 0 MiB, 81920 MiB, 0 %
2026/07/03 19:02:39.850, 4, 0 MiB, 81920 MiB, 0 %
2026/07/03 19:02:39.851, 5, 0 MiB, 81920 MiB, 0 %
2026/07/03 19:02:39.851, 6, 0 MiB, 81920 MiB, 0 %
2026/07/03 19:02:39.851, 7, 0 MiB, 81920 MiB, 0 %
2026/07/03 19:02:49.852, 0, 7733 MiB, 81920 MiB, 0 %
2026/07/03 19:02:49.852, 1, 0 MiB, 81920 MiB, 0 %
2026/07/03 19:02:49.852, 2, 0 MiB, 81920 MiB, 0 %
2026/07/03 19:02:49.853, 3, 0 MiB, 81920 MiB, 0 %
2026/07/03 19:02:49.853, 4, 0 MiB, 81920 MiB, 0 %
2026/07/03 19:02:49.853, 5, 0 MiB, 81920 MiB, 0 %
2026/07/03 19:02:49.854, 6, 0 MiB, 81920 MiB, 0 %
2026/07/03 19:02:49.854, 7, 0 MiB, 81920 MiB, 0 %
2026/07/03 19:02:59.855, 0, 7733 MiB, 81920 MiB, 0 %
2026/07/03 19:02:59.855, 1, 0 MiB, 81920 MiB, 0 %
2026/07/03 19:02:59.855, 2, 0 MiB, 81920 MiB, 0 %
2026/07/03 19:02:59.856, 3, 0 MiB, 81920 MiB, 0 %
2026/07/03 19:02:59.856, 4, 0 MiB, 81920 MiB, 0 %
2026/07/03 19:02:59.856, 5, 0 MiB, 81920 MiB, 0 %
2026/07/03 19:02:59.857, 6, 0 MiB, 81920 MiB, 0 %
2026/07/03 19:02:59.857, 7, 0 MiB, 81920 MiB, 0 %
2026/07/03 19:03:09.858, 0, 7733 MiB, 81920 MiB, 0 %
2026/07/03 19:03:09.859, 1, 0 MiB, 81920 MiB, 0 %
2026/07/03 19:03:09.859, 2, 0 MiB, 81920 MiB, 0 %
2026/07/03 19:03:09.859, 3, 0 MiB, 81920 MiB, 0 %
2026/07/03 19:03:09.859, 4, 0 MiB, 81920 MiB, 0 %
2026/07/03 19:03:09.860, 5, 0 MiB, 81920 MiB, 0 %
2026/07/03 19:03:09.860, 6, 0 MiB, 81920 MiB, 0 %
2026/07/03 19:03:09.860, 7, 0 MiB, 81920 MiB, 0 %
2026/07/03 19:03:19.861, 0, 7733 MiB, 81920 MiB, 0 %
2026/07/03 19:03:19.861, 1, 0 MiB, 81920 MiB, 0 %
2026/07/03 19:03:19.862, 2, 0 MiB, 81920 MiB, 0 %
2026/07/03 19:03:19.862, 3, 0 MiB, 81920 MiB, 0 %
2026/07/03 19:03:19.862, 4, 0 MiB, 81920 MiB, 0 %
2026/07/03 19:03:19.863, 5, 0 MiB, 81920 MiB, 0 %
2026/07/03 19:03:19.863, 6, 0 MiB, 81920 MiB, 0 %
2026/07/03 19:03:19.863, 7, 0 MiB, 81920 MiB, 0 %
2026/07/03 19:03:29.864, 0, 7733 MiB, 81920 MiB, 0 %
2026/07/03 19:03:29.864, 1, 0 MiB, 81920 MiB, 0 %
2026/07/03 19:03:29.865, 2, 0 MiB, 81920 MiB, 0 %
2026/07/03 19:03:29.865, 3, 0 MiB, 81920 MiB, 0 %
2026/07/03 19:03:29.865, 4, 0 MiB, 81920 MiB, 0 %
2026/07/03 19:03:29.865, 5, 0 MiB, 81920 MiB, 0 %
2026/07/03 19:03:29.866, 6, 0 MiB, 81920 MiB, 0 %
2026/07/03 19:03:29.866, 7, 0 MiB, 81920 MiB, 0 %
2026/07/03 19:03:39.867, 0, 7733 MiB, 81920 MiB, 0 %
2026/07/03 19:03:39.867, 1, 0 MiB, 81920 MiB, 0 %
2026/07/03 19:03:39.868, 2, 0 MiB, 81920 MiB, 0 %
2026/07/03 19:03:39.868, 3, 0 MiB, 81920 MiB, 0 %
2026/07/03 19:03:39.868, 4, 0 MiB, 81920 MiB, 0 %
2026/07/03 19:03:39.868, 5, 0 MiB, 81920 MiB, 0 %
2026/07/03 19:03:39.869, 6, 0 MiB, 81920 MiB, 0 %
2026/07/03 19:03:39.869, 7, 0 MiB, 81920 MiB, 0 %
2026/07/03 19:03:49.870, 0, 7733 MiB, 81920 MiB, 0 %
2026/07/03 19:03:49.870, 1, 0 MiB, 81920 MiB, 0 %
2026/07/03 19:03:49.870, 2, 0 MiB, 81920 MiB, 0 %
2026/07/03 19:03:49.871, 3, 0 MiB, 81920 MiB, 0 %
2026/07/03 19:03:49.871, 4, 0 MiB, 81920 MiB, 0 %
2026/07/03 19:03:49.871, 5, 0 MiB, 81920 MiB, 0 %
2026/07/03 19:03:49.872, 6, 0 MiB, 81920 MiB, 0 %
2026/07/03 19:03:49.872, 7, 0 MiB, 81920 MiB, 0 %
2026/07/03 19:03:59.873, 0, 7733 MiB, 81920 MiB, 56 %
2026/07/03 19:03:59.873, 1, 0 MiB, 81920 MiB, 0 %
2026/07/03 19:03:59.873, 2, 0 MiB, 81920 MiB, 0 %
2026/07/03 19:03:59.874, 3, 0 MiB, 81920 MiB, 0 %
2026/07/03 19:03:59.874, 4, 0 MiB, 81920 MiB, 0 %
2026/07/03 19:03:59.874, 5, 0 MiB, 81920 MiB, 0 %
2026/07/03 19:03:59.874, 6, 0 MiB, 81920 MiB, 0 %
2026/07/03 19:03:59.875, 7, 0 MiB, 81920 MiB, 0 %
2026/07/03 19:04:09.876, 0, 7733 MiB, 81920 MiB, 0 %
2026/07/03 19:04:09.876, 1, 0 MiB, 81920 MiB, 0 %
2026/07/03 19:04:09.876, 2, 0 MiB, 81920 MiB, 0 %
2026/07/03 19:04:09.877, 3, 0 MiB, 81920 MiB, 0 %
2026/07/03 19:04:09.877, 4, 0 MiB, 81920 MiB, 0 %
2026/07/03 19:04:09.877, 5, 0 MiB, 81920 MiB, 0 %
2026/07/03 19:04:09.877, 6, 0 MiB, 81920 MiB, 0 %
2026/07/03 19:04:09.878, 7, 0 MiB, 81920 MiB, 0 %
2026/07/03 19:04:19.879, 0, 7733 MiB, 81920 MiB, 0 %
2026/07/03 19:04:19.879, 1, 0 MiB, 81920 MiB, 0 %
2026/07/03 19:04:19.879, 2, 0 MiB, 81920 MiB, 0 %
2026/07/03 19:04:19.880, 3, 0 MiB, 81920 MiB, 0 %
2026/07/03 19:04:19.880, 4, 0 MiB, 81920 MiB, 0 %
2026/07/03 19:04:19.880, 5, 0 MiB, 81920 MiB, 0 %
2026/07/03 19:04:19.880, 6, 0 MiB, 81920 MiB, 0 %
2026/07/03 19:04:19.881, 7, 0 MiB, 81920 MiB, 0 %
2026/07/03 19:04:29.882, 0, 7733 MiB, 81920 MiB, 0 %
2026/07/03 19:04:29.882, 1, 0 MiB, 81920 MiB, 0 %
2026/07/03 19:04:29.882, 2, 0 MiB, 81920 MiB, 0 %
2026/07/03 19:04:29.882, 3, 0 MiB, 81920 MiB, 0 %
2026/07/03 19:04:29.883, 4, 0 MiB, 81920 MiB, 0 %
2026/07/03 19:04:29.883, 5, 0 MiB, 81920 MiB, 0 %
2026/07/03 19:04:29.883, 6, 0 MiB, 81920 MiB, 0 %
2026/07/03 19:04:29.884, 7, 0 MiB, 81920 MiB, 0 %
2026/07/03 19:04:39.884, 0, 7733 MiB, 81920 MiB, 0 %
2026/07/03 19:04:39.885, 1, 0 MiB, 81920 MiB, 0 %
2026/07/03 19:04:39.885, 2, 0 MiB, 81920 MiB, 0 %
2026/07/03 19:04:39.885, 3, 0 MiB, 81920 MiB, 0 %
2026/07/03 19:04:39.886, 4, 0 MiB, 81920 MiB, 0 %
2026/07/03 19:04:39.886, 5, 0 MiB, 81920 MiB, 0 %
2026/07/03 19:04:39.886, 6, 0 MiB, 81920 MiB, 0 %
2026/07/03 19:04:39.887, 7, 0 MiB, 81920 MiB, 0 %
2026/07/03 19:04:49.887, 0, 7733 MiB, 81920 MiB, 0 %
2026/07/03 19:04:49.888, 1, 0 MiB, 81920 MiB, 0 %
2026/07/03 19:04:49.888, 2, 0 MiB, 81920 MiB, 0 %
2026/07/03 19:04:49.888, 3, 0 MiB, 81920 MiB, 0 %
2026/07/03 19:04:49.889, 4, 0 MiB, 81920 MiB, 0 %
2026/07/03 19:04:49.889, 5, 0 MiB, 81920 MiB, 0 %
2026/07/03 19:04:49.889, 6, 0 MiB, 81920 MiB, 0 %
2026/07/03 19:04:49.889, 7, 0 MiB, 81920 MiB, 0 %
2026/07/03 19:04:59.890, 0, 7733 MiB, 81920 MiB, 0 %
2026/07/03 19:04:59.891, 1, 0 MiB, 81920 MiB, 0 %
2026/07/03 19:04:59.891, 2, 0 MiB, 81920 MiB, 0 %
2026/07/03 19:04:59.891, 3, 0 MiB, 81920 MiB, 0 %
2026/07/03 19:04:59.892, 4, 0 MiB, 81920 MiB, 0 %
2026/07/03 19:04:59.892, 5, 0 MiB, 81920 MiB, 0 %
2026/07/03 19:04:59.892, 6, 0 MiB, 81920 MiB, 0 %
2026/07/03 19:04:59.893, 7, 0 MiB, 81920 MiB, 0 %
2026/07/03 19:05:09.894, 0, 7733 MiB, 81920 MiB, 0 %
2026/07/03 19:05:09.894, 1, 0 MiB, 81920 MiB, 0 %
2026/07/03 19:05:09.894, 2, 0 MiB, 81920 MiB, 0 %
2026/07/03 19:05:09.895, 3, 0 MiB, 81920 MiB, 0 %
2026/07/03 19:05:09.895, 4, 0 MiB, 81920 MiB, 0 %
2026/07/03 19:05:09.895, 5, 0 MiB, 81920 MiB, 0 %
2026/07/03 19:05:09.896, 6, 0 MiB, 81920 MiB, 0 %
2026/07/03 19:05:09.896, 7, 0 MiB, 81920 MiB, 0 %
2026/07/03 19:05:19.897, 0, 7733 MiB, 81920 MiB, 0 %
2026/07/03 19:05:19.897, 1, 0 MiB, 81920 MiB, 0 %
2026/07/03 19:05:19.898, 2, 0 MiB, 81920 MiB, 0 %
2026/07/03 19:05:19.898, 3, 0 MiB, 81920 MiB, 0 %
2026/07/03 19:05:19.898, 4, 0 MiB, 81920 MiB, 0 %
2026/07/03 19:05:19.899, 5, 0 MiB, 81920 MiB, 0 %
2026/07/03 19:05:19.899, 6, 0 MiB, 81920 MiB, 0 %
2026/07/03 19:05:19.899, 7, 0 MiB, 81920 MiB, 0 %
2026/07/03 19:05:29.900, 0, 7733 MiB, 81920 MiB, 0 %
2026/07/03 19:05:29.900, 1, 0 MiB, 81920 MiB, 0 %
2026/07/03 19:05:29.901, 2, 0 MiB, 81920 MiB, 0 %
2026/07/03 19:05:29.901, 3, 0 MiB, 81920 MiB, 0 %
2026/07/03 19:05:29.901, 4, 0 MiB, 81920 MiB, 0 %
2026/07/03 19:05:29.902, 5, 0 MiB, 81920 MiB, 0 %
2026/07/03 19:05:29.902, 6, 0 MiB, 81920 MiB, 0 %
2026/07/03 19:05:29.902, 7, 0 MiB, 81920 MiB, 0 %
2026/07/03 19:05:39.903, 0, 7733 MiB, 81920 MiB, 0 %
2026/07/03 19:05:39.903, 1, 0 MiB, 81920 MiB, 0 %
2026/07/03 19:05:39.904, 2, 0 MiB, 81920 MiB, 0 %
2026/07/03 19:05:39.904, 3, 0 MiB, 81920 MiB, 0 %
2026/07/03 19:05:39.904, 4, 0 MiB, 81920 MiB, 0 %
2026/07/03 19:05:39.905, 5, 0 MiB, 81920 MiB, 0 %
2026/07/03 19:05:39.905, 6, 0 MiB, 81920 MiB, 0 %
2026/07/03 19:05:39.905, 7, 0 MiB, 81920 MiB, 0 %
2026/07/03 19:05:49.906, 0, 7733 MiB, 81920 MiB, 0 %
2026/07/03 19:05:49.906, 1, 0 MiB, 81920 MiB, 0 %
2026/07/03 19:05:49.907, 2, 0 MiB, 81920 MiB, 0 %
2026/07/03 19:05:49.907, 3, 0 MiB, 81920 MiB, 0 %
2026/07/03 19:05:49.907, 4, 0 MiB, 81920 MiB, 0 %
2026/07/03 19:05:49.908, 5, 0 MiB, 81920 MiB, 0 %
2026/07/03 19:05:49.908, 6, 0 MiB, 81920 MiB, 0 %
2026/07/03 19:05:49.908, 7, 0 MiB, 81920 MiB, 0 %
2026/07/03 19:05:59.909, 0, 7733 MiB, 81920 MiB, 0 %
2026/07/03 19:05:59.910, 1, 0 MiB, 81920 MiB, 0 %
2026/07/03 19:05:59.910, 2, 0 MiB, 81920 MiB, 0 %
2026/07/03 19:05:59.910, 3, 0 MiB, 81920 MiB, 0 %
2026/07/03 19:05:59.910, 4, 0 MiB, 81920 MiB, 0 %
2026/07/03 19:05:59.911, 5, 0 MiB, 81920 MiB, 0 %
2026/07/03 19:05:59.911, 6, 0 MiB, 81920 MiB, 0 %
2026/07/03 19:05:59.911, 7, 0 MiB, 81920 MiB, 0 %
2026/07/03 19:06:09.912, 0, 7733 MiB, 81920 MiB, 0 %
2026/07/03 19:06:09.913, 1, 0 MiB, 81920 MiB, 0 %
2026/07/03 19:06:09.913, 2, 0 MiB, 81920 MiB, 0 %
2026/07/03 19:06:09.913, 3, 0 MiB, 81920 MiB, 0 %
2026/07/03 19:06:09.913, 4, 0 MiB, 81920 MiB, 0 %
2026/07/03 19:06:09.914, 5, 0 MiB, 81920 MiB, 0 %
2026/07/03 19:06:09.914, 6, 0 MiB, 81920 MiB, 0 %
2026/07/03 19:06:09.914, 7, 0 MiB, 81920 MiB, 0 %
2026/07/03 19:06:19.915, 0, 7733 MiB, 81920 MiB, 0 %
2026/07/03 19:06:19.916, 1, 0 MiB, 81920 MiB, 0 %
2026/07/03 19:06:19.916, 2, 0 MiB, 81920 MiB, 0 %
2026/07/03 19:06:19.916, 3, 0 MiB, 81920 MiB, 0 %
2026/07/03 19:06:19.916, 4, 0 MiB, 81920 MiB, 0 %
2026/07/03 19:06:19.917, 5, 0 MiB, 81920 MiB, 0 %
2026/07/03 19:06:19.917, 6, 0 MiB, 81920 MiB, 0 %
2026/07/03 19:06:19.917, 7, 0 MiB, 81920 MiB, 0 %
2026/07/03 19:06:29.918, 0, 7733 MiB, 81920 MiB, 0 %
2026/07/03 19:06:29.918, 1, 0 MiB, 81920 MiB, 0 %
2026/07/03 19:06:29.919, 2, 0 MiB, 81920 MiB, 0 %
2026/07/03 19:06:29.919, 3, 0 MiB, 81920 MiB, 0 %
2026/07/03 19:06:29.919, 4, 0 MiB, 81920 MiB, 0 %
2026/07/03 19:06:29.919, 5, 0 MiB, 81920 MiB, 0 %
2026/07/03 19:06:29.920, 6, 0 MiB, 81920 MiB, 0 %
2026/07/03 19:06:29.920, 7, 0 MiB, 81920 MiB, 0 %
2026/07/03 19:06:39.921, 0, 7733 MiB, 81920 MiB, 0 %
2026/07/03 19:06:39.921, 1, 0 MiB, 81920 MiB, 0 %
2026/07/03 19:06:39.922, 2, 0 MiB, 81920 MiB, 0 %
2026/07/03 19:06:39.922, 3, 0 MiB, 81920 MiB, 0 %
2026/07/03 19:06:39.922, 4, 0 MiB, 81920 MiB, 0 %
2026/07/03 19:06:39.922, 5, 0 MiB, 81920 MiB, 0 %
2026/07/03 19:06:39.923, 6, 0 MiB, 81920 MiB, 0 %
2026/07/03 19:06:39.923, 7, 0 MiB, 81920 MiB, 0 %
2026/07/03 19:06:49.924, 0, 7733 MiB, 81920 MiB, 0 %
2026/07/03 19:06:49.924, 1, 0 MiB, 81920 MiB, 0 %
2026/07/03 19:06:49.925, 2, 0 MiB, 81920 MiB, 0 %
2026/07/03 19:06:49.925, 3, 0 MiB, 81920 MiB, 0 %
2026/07/03 19:06:49.925, 4, 0 MiB, 81920 MiB, 0 %
2026/07/03 19:06:49.925, 5, 0 MiB, 81920 MiB, 0 %
2026/07/03 19:06:49.926, 6, 0 MiB, 81920 MiB, 0 %
2026/07/03 19:06:49.926, 7, 0 MiB, 81920 MiB, 0 %
2026/07/03 19:06:59.927, 0, 7733 MiB, 81920 MiB, 0 %
2026/07/03 19:06:59.927, 1, 0 MiB, 81920 MiB, 0 %
2026/07/03 19:06:59.927, 2, 0 MiB, 81920 MiB, 0 %
2026/07/03 19:06:59.928, 3, 0 MiB, 81920 MiB, 0 %
2026/07/03 19:06:59.928, 4, 0 MiB, 81920 MiB, 0 %
2026/07/03 19:06:59.928, 5, 0 MiB, 81920 MiB, 0 %
2026/07/03 19:06:59.929, 6, 0 MiB, 81920 MiB, 0 %
2026/07/03 19:06:59.929, 7, 0 MiB, 81920 MiB, 0 %
2026/07/03 19:07:09.930, 0, 7733 MiB, 81920 MiB, 0 %
2026/07/03 19:07:09.931, 1, 0 MiB, 81920 MiB, 0 %
2026/07/03 19:07:09.931, 2, 0 MiB, 81920 MiB, 0 %
2026/07/03 19:07:09.931, 3, 0 MiB, 81920 MiB, 0 %
2026/07/03 19:07:09.931, 4, 0 MiB, 81920 MiB, 0 %
2026/07/03 19:07:09.932, 5, 0 MiB, 81920 MiB, 0 %
2026/07/03 19:07:09.932, 6, 0 MiB, 81920 MiB, 0 %
2026/07/03 19:07:09.932, 7, 0 MiB, 81920 MiB, 0 %
2026/07/03 19:07:19.933, 0, 7733 MiB, 81920 MiB, 0 %
2026/07/03 19:07:19.934, 1, 0 MiB, 81920 MiB, 0 %
2026/07/03 19:07:19.934, 2, 0 MiB, 81920 MiB, 0 %
2026/07/03 19:07:19.934, 3, 0 MiB, 81920 MiB, 0 %
2026/07/03 19:07:19.934, 4, 0 MiB, 81920 MiB, 0 %
2026/07/03 19:07:19.935, 5, 0 MiB, 81920 MiB, 0 %
2026/07/03 19:07:19.935, 6, 0 MiB, 81920 MiB, 0 %
2026/07/03 19:07:19.935, 7, 0 MiB, 81920 MiB, 0 %
2026/07/03 19:07:29.936, 0, 7733 MiB, 81920 MiB, 60 %
2026/07/03 19:07:29.937, 1, 0 MiB, 81920 MiB, 0 %
2026/07/03 19:07:29.937, 2, 0 MiB, 81920 MiB, 0 %
2026/07/03 19:07:29.937, 3, 0 MiB, 81920 MiB, 0 %
2026/07/03 19:07:29.937, 4, 0 MiB, 81920 MiB, 0 %
2026/07/03 19:07:29.938, 5, 0 MiB, 81920 MiB, 0 %
2026/07/03 19:07:29.938, 6, 0 MiB, 81920 MiB, 0 %
2026/07/03 19:07:29.938, 7, 0 MiB, 81920 MiB, 0 %
2026/07/03 19:07:39.939, 0, 7733 MiB, 81920 MiB, 0 %
2026/07/03 19:07:39.940, 1, 0 MiB, 81920 MiB, 0 %
2026/07/03 19:07:39.940, 2, 0 MiB, 81920 MiB, 0 %
2026/07/03 19:07:39.940, 3, 0 MiB, 81920 MiB, 0 %
2026/07/03 19:07:39.941, 4, 0 MiB, 81920 MiB, 0 %
2026/07/03 19:07:39.941, 5, 0 MiB, 81920 MiB, 0 %
2026/07/03 19:07:39.941, 6, 0 MiB, 81920 MiB, 0 %
2026/07/03 19:07:39.942, 7, 0 MiB, 81920 MiB, 0 %
2026/07/03 19:07:49.942, 0, 7733 MiB, 81920 MiB, 0 %
2026/07/03 19:07:49.943, 1, 0 MiB, 81920 MiB, 0 %
2026/07/03 19:07:49.943, 2, 0 MiB, 81920 MiB, 0 %
2026/07/03 19:07:49.943, 3, 0 MiB, 81920 MiB, 0 %
2026/07/03 19:07:49.943, 4, 0 MiB, 81920 MiB, 0 %
2026/07/03 19:07:49.944, 5, 0 MiB, 81920 MiB, 0 %
2026/07/03 19:07:49.944, 6, 0 MiB, 81920 MiB, 0 %
2026/07/03 19:07:49.944, 7, 0 MiB, 81920 MiB, 0 %
2026/07/03 19:07:59.945, 0, 7733 MiB, 81920 MiB, 0 %
2026/07/03 19:07:59.946, 1, 0 MiB, 81920 MiB, 0 %
2026/07/03 19:07:59.946, 2, 0 MiB, 81920 MiB, 0 %
2026/07/03 19:07:59.946, 3, 0 MiB, 81920 MiB, 0 %
2026/07/03 19:07:59.947, 4, 0 MiB, 81920 MiB, 0 %
2026/07/03 19:07:59.947, 5, 0 MiB, 81920 MiB, 0 %
2026/07/03 19:07:59.947, 6, 0 MiB, 81920 MiB, 0 %
2026/07/03 19:07:59.948, 7, 0 MiB, 81920 MiB, 0 %
2026/07/03 19:08:09.948, 0, 7733 MiB, 81920 MiB, 0 %
2026/07/03 19:08:09.949, 1, 0 MiB, 81920 MiB, 0 %
2026/07/03 19:08:09.949, 2, 0 MiB, 81920 MiB, 0 %
2026/07/03 19:08:09.949, 3, 0 MiB, 81920 MiB, 0 %
2026/07/03 19:08:09.950, 4, 0 MiB, 81920 MiB, 0 %
2026/07/03 19:08:09.950, 5, 0 MiB, 81920 MiB, 0 %
2026/07/03 19:08:09.950, 6, 0 MiB, 81920 MiB, 0 %
2026/07/03 19:08:09.951, 7, 0 MiB, 81920 MiB, 0 %
2026/07/03 19:08:19.951, 0, 7733 MiB, 81920 MiB, 0 %
2026/07/03 19:08:19.952, 1, 0 MiB, 81920 MiB, 0 %
2026/07/03 19:08:19.952, 2, 0 MiB, 81920 MiB, 0 %
2026/07/03 19:08:19.952, 3, 0 MiB, 81920 MiB, 0 %
2026/07/03 19:08:19.952, 4, 0 MiB, 81920 MiB, 0 %
2026/07/03 19:08:19.953, 5, 0 MiB, 81920 MiB, 0 %
2026/07/03 19:08:19.953, 6, 0 MiB, 81920 MiB, 0 %
2026/07/03 19:08:19.953, 7, 0 MiB, 81920 MiB, 0 %
2026/07/03 19:08:29.954, 0, 7733 MiB, 81920 MiB, 0 %
2026/07/03 19:08:29.954, 1, 0 MiB, 81920 MiB, 0 %
2026/07/03 19:08:29.955, 2, 0 MiB, 81920 MiB, 0 %
2026/07/03 19:08:29.955, 3, 0 MiB, 81920 MiB, 0 %
2026/07/03 19:08:29.955, 4, 0 MiB, 81920 MiB, 0 %
2026/07/03 19:08:29.956, 5, 0 MiB, 81920 MiB, 0 %
2026/07/03 19:08:29.956, 6, 0 MiB, 81920 MiB, 0 %
2026/07/03 19:08:29.956, 7, 0 MiB, 81920 MiB, 0 %
2026/07/03 19:08:39.957, 0, 7733 MiB, 81920 MiB, 0 %
2026/07/03 19:08:39.957, 1, 0 MiB, 81920 MiB, 0 %
2026/07/03 19:08:39.957, 2, 0 MiB, 81920 MiB, 0 %
2026/07/03 19:08:39.958, 3, 0 MiB, 81920 MiB, 0 %
2026/07/03 19:08:39.958, 4, 0 MiB, 81920 MiB, 0 %
2026/07/03 19:08:39.958, 5, 0 MiB, 81920 MiB, 0 %
2026/07/03 19:08:39.959, 6, 0 MiB, 81920 MiB, 0 %
2026/07/03 19:08:39.959, 7, 0 MiB, 81920 MiB, 0 %
2026/07/03 19:08:49.959, 0, 7733 MiB, 81920 MiB, 0 %
2026/07/03 19:08:49.960, 1, 0 MiB, 81920 MiB, 0 %
2026/07/03 19:08:49.960, 2, 0 MiB, 81920 MiB, 0 %
2026/07/03 19:08:49.961, 3, 0 MiB, 81920 MiB, 0 %
2026/07/03 19:08:49.961, 4, 0 MiB, 81920 MiB, 0 %
2026/07/03 19:08:49.961, 5, 0 MiB, 81920 MiB, 0 %
2026/07/03 19:08:49.962, 6, 0 MiB, 81920 MiB, 0 %
2026/07/03 19:08:49.962, 7, 0 MiB, 81920 MiB, 0 %
2026/07/03 19:08:59.963, 0, 7733 MiB, 81920 MiB, 0 %
2026/07/03 19:08:59.963, 1, 0 MiB, 81920 MiB, 0 %
2026/07/03 19:08:59.964, 2, 0 MiB, 81920 MiB, 0 %
2026/07/03 19:08:59.964, 3, 0 MiB, 81920 MiB, 0 %
2026/07/03 19:08:59.964, 4, 0 MiB, 81920 MiB, 0 %
2026/07/03 19:08:59.965, 5, 0 MiB, 81920 MiB, 0 %
2026/07/03 19:08:59.965, 6, 0 MiB, 81920 MiB, 0 %
2026/07/03 19:08:59.965, 7, 0 MiB, 81920 MiB, 0 %
2026/07/03 19:09:09.966, 0, 7733 MiB, 81920 MiB, 0 %
2026/07/03 19:09:09.966, 1, 0 MiB, 81920 MiB, 0 %
2026/07/03 19:09:09.967, 2, 0 MiB, 81920 MiB, 0 %
2026/07/03 19:09:09.967, 3, 0 MiB, 81920 MiB, 0 %
2026/07/03 19:09:09.967, 4, 0 MiB, 81920 MiB, 0 %
2026/07/03 19:09:09.968, 5, 0 MiB, 81920 MiB, 0 %
2026/07/03 19:09:09.968, 6, 0 MiB, 81920 MiB, 0 %
2026/07/03 19:09:09.968, 7, 0 MiB, 81920 MiB, 0 %
2026/07/03 19:09:19.969, 0, 7733 MiB, 81920 MiB, 0 %
2026/07/03 19:09:19.969, 1, 0 MiB, 81920 MiB, 0 %
2026/07/03 19:09:19.970, 2, 0 MiB, 81920 MiB, 0 %
2026/07/03 19:09:19.970, 3, 0 MiB, 81920 MiB, 0 %
2026/07/03 19:09:19.970, 4, 0 MiB, 81920 MiB, 0 %
2026/07/03 19:09:19.970, 5, 0 MiB, 81920 MiB, 0 %
2026/07/03 19:09:19.971, 6, 0 MiB, 81920 MiB, 0 %
2026/07/03 19:09:19.971, 7, 0 MiB, 81920 MiB, 0 %
2026/07/03 19:09:29.972, 0, 7733 MiB, 81920 MiB, 0 %
2026/07/03 19:09:29.972, 1, 0 MiB, 81920 MiB, 0 %
2026/07/03 19:09:29.972, 2, 0 MiB, 81920 MiB, 0 %
2026/07/03 19:09:29.973, 3, 0 MiB, 81920 MiB, 0 %
2026/07/03 19:09:29.973, 4, 0 MiB, 81920 MiB, 0 %
2026/07/03 19:09:29.973, 5, 0 MiB, 81920 MiB, 0 %
2026/07/03 19:09:29.974, 6, 0 MiB, 81920 MiB, 0 %
2026/07/03 19:09:29.974, 7, 0 MiB, 81920 MiB, 0 %
2026/07/03 19:09:39.974, 0, 7733 MiB, 81920 MiB, 0 %
2026/07/03 19:09:39.975, 1, 0 MiB, 81920 MiB, 0 %
2026/07/03 19:09:39.975, 2, 0 MiB, 81920 MiB, 0 %
2026/07/03 19:09:39.976, 3, 0 MiB, 81920 MiB, 0 %
2026/07/03 19:09:39.976, 4, 0 MiB, 81920 MiB, 0 %
2026/07/03 19:09:39.976, 5, 0 MiB, 81920 MiB, 0 %
2026/07/03 19:09:39.976, 6, 0 MiB, 81920 MiB, 0 %
2026/07/03 19:09:39.977, 7, 0 MiB, 81920 MiB, 0 %
2026/07/03 19:09:49.977, 0, 7733 MiB, 81920 MiB, 0 %
2026/07/03 19:09:49.978, 1, 0 MiB, 81920 MiB, 0 %
2026/07/03 19:09:49.978, 2, 0 MiB, 81920 MiB, 0 %
2026/07/03 19:09:49.978, 3, 0 MiB, 81920 MiB, 0 %
2026/07/03 19:09:49.979, 4, 0 MiB, 81920 MiB, 0 %
2026/07/03 19:09:49.979, 5, 0 MiB, 81920 MiB, 0 %
2026/07/03 19:09:49.979, 6, 0 MiB, 81920 MiB, 0 %
2026/07/03 19:09:49.980, 7, 0 MiB, 81920 MiB, 0 %
2026/07/03 19:09:59.980, 0, 7733 MiB, 81920 MiB, 0 %
2026/07/03 19:09:59.981, 1, 0 MiB, 81920 MiB, 0 %
2026/07/03 19:09:59.981, 2, 0 MiB, 81920 MiB, 0 %
2026/07/03 19:09:59.981, 3, 0 MiB, 81920 MiB, 0 %
2026/07/03 19:09:59.982, 4, 0 MiB, 81920 MiB, 0 %
2026/07/03 19:09:59.982, 5, 0 MiB, 81920 MiB, 0 %
2026/07/03 19:09:59.982, 6, 0 MiB, 81920 MiB, 0 %
2026/07/03 19:09:59.983, 7, 0 MiB, 81920 MiB, 0 %
2026/07/03 19:10:09.983, 0, 7733 MiB, 81920 MiB, 0 %
2026/07/03 19:10:09.984, 1, 0 MiB, 81920 MiB, 0 %
2026/07/03 19:10:09.984, 2, 0 MiB, 81920 MiB, 0 %
2026/07/03 19:10:09.984, 3, 0 MiB, 81920 MiB, 0 %
2026/07/03 19:10:09.985, 4, 0 MiB, 81920 MiB, 0 %
2026/07/03 19:10:09.985, 5, 0 MiB, 81920 MiB, 0 %
2026/07/03 19:10:09.985, 6, 0 MiB, 81920 MiB, 0 %
2026/07/03 19:10:09.985, 7, 0 MiB, 81920 MiB, 0 %
2026/07/03 19:10:19.986, 0, 7733 MiB, 81920 MiB, 0 %
2026/07/03 19:10:19.987, 1, 0 MiB, 81920 MiB, 0 %
2026/07/03 19:10:19.987, 2, 0 MiB, 81920 MiB, 0 %
2026/07/03 19:10:19.987, 3, 0 MiB, 81920 MiB, 0 %
2026/07/03 19:10:19.988, 4, 0 MiB, 81920 MiB, 0 %
2026/07/03 19:10:19.988, 5, 0 MiB, 81920 MiB, 0 %
2026/07/03 19:10:19.988, 6, 0 MiB, 81920 MiB, 0 %
2026/07/03 19:10:19.988, 7, 0 MiB, 81920 MiB, 0 %
2026/07/03 19:10:29.989, 0, 7733 MiB, 81920 MiB, 0 %
2026/07/03 19:10:29.990, 1, 0 MiB, 81920 MiB, 0 %
2026/07/03 19:10:29.990, 2, 0 MiB, 81920 MiB, 0 %
2026/07/03 19:10:29.990, 3, 0 MiB, 81920 MiB, 0 %
2026/07/03 19:10:29.991, 4, 0 MiB, 81920 MiB, 0 %
2026/07/03 19:10:29.991, 5, 0 MiB, 81920 MiB, 0 %
2026/07/03 19:10:29.991, 6, 0 MiB, 81920 MiB, 0 %
2026/07/03 19:10:29.991, 7, 0 MiB, 81920 MiB, 0 %
2026/07/03 19:10:39.992, 0, 7733 MiB, 81920 MiB, 0 %
2026/07/03 19:10:39.993, 1, 0 MiB, 81920 MiB, 0 %
2026/07/03 19:10:39.993, 2, 0 MiB, 81920 MiB, 0 %
2026/07/03 19:10:39.993, 3, 0 MiB, 81920 MiB, 0 %
2026/07/03 19:10:39.993, 4, 0 MiB, 81920 MiB, 0 %
2026/07/03 19:10:39.994, 5, 0 MiB, 81920 MiB, 0 %
2026/07/03 19:10:39.994, 6, 0 MiB, 81920 MiB, 0 %
2026/07/03 19:10:39.994, 7, 0 MiB, 81920 MiB, 0 %
2026/07/03 19:10:49.995, 0, 7733 MiB, 81920 MiB, 0 %
2026/07/03 19:10:49.995, 1, 0 MiB, 81920 MiB, 0 %
2026/07/03 19:10:49.996, 2, 0 MiB, 81920 MiB, 0 %
2026/07/03 19:10:49.996, 3, 0 MiB, 81920 MiB, 0 %
2026/07/03 19:10:49.996, 4, 0 MiB, 81920 MiB, 0 %
2026/07/03 19:10:49.997, 5, 0 MiB, 81920 MiB, 0 %
2026/07/03 19:10:49.997, 6, 0 MiB, 81920 MiB, 0 %
2026/07/03 19:10:49.997, 7, 0 MiB, 81920 MiB, 0 %
2026/07/03 19:10:59.998, 0, 7733 MiB, 81920 MiB, 0 %
2026/07/03 19:10:59.998, 1, 0 MiB, 81920 MiB, 0 %
2026/07/03 19:10:59.999, 2, 0 MiB, 81920 MiB, 0 %
2026/07/03 19:10:59.999, 3, 0 MiB, 81920 MiB, 0 %
2026/07/03 19:10:59.999, 4, 0 MiB, 81920 MiB, 0 %
2026/07/03 19:11:00.000, 5, 0 MiB, 81920 MiB, 0 %
2026/07/03 19:11:00.000, 6, 0 MiB, 81920 MiB, 0 %
2026/07/03 19:11:00.000, 7, 0 MiB, 81920 MiB, 0 %
2026/07/03 19:11:10.001, 0, 7733 MiB, 81920 MiB, 0 %
2026/07/03 19:11:10.001, 1, 0 MiB, 81920 MiB, 0 %
2026/07/03 19:11:10.002, 2, 0 MiB, 81920 MiB, 0 %
2026/07/03 19:11:10.002, 3, 0 MiB, 81920 MiB, 0 %
2026/07/03 19:11:10.002, 4, 0 MiB, 81920 MiB, 0 %
2026/07/03 19:11:10.003, 5, 0 MiB, 81920 MiB, 0 %
2026/07/03 19:11:10.003, 6, 0 MiB, 81920 MiB, 0 %
2026/07/03 19:11:10.003, 7, 0 MiB, 81920 MiB, 0 %
2026/07/03 19:11:20.004, 0, 7733 MiB, 81920 MiB, 0 %
2026/07/03 19:11:20.004, 1, 0 MiB, 81920 MiB, 0 %
2026/07/03 19:11:20.004, 2, 0 MiB, 81920 MiB, 0 %
2026/07/03 19:11:20.005, 3, 0 MiB, 81920 MiB, 0 %
2026/07/03 19:11:20.005, 4, 0 MiB, 81920 MiB, 0 %
2026/07/03 19:11:20.005, 5, 0 MiB, 81920 MiB, 0 %
2026/07/03 19:11:20.006, 6, 0 MiB, 81920 MiB, 0 %
2026/07/03 19:11:20.006, 7, 0 MiB, 81920 MiB, 0 %
2026/07/03 19:11:30.007, 0, 7733 MiB, 81920 MiB, 0 %
2026/07/03 19:11:30.007, 1, 0 MiB, 81920 MiB, 0 %
2026/07/03 19:11:30.007, 2, 0 MiB, 81920 MiB, 0 %
2026/07/03 19:11:30.008, 3, 0 MiB, 81920 MiB, 0 %
2026/07/03 19:11:30.008, 4, 0 MiB, 81920 MiB, 0 %
2026/07/03 19:11:30.008, 5, 0 MiB, 81920 MiB, 0 %
2026/07/03 19:11:30.009, 6, 0 MiB, 81920 MiB, 0 %
2026/07/03 19:11:30.009, 7, 0 MiB, 81920 MiB, 0 %
2026/07/03 19:11:40.009, 0, 7733 MiB, 81920 MiB, 0 %
2026/07/03 19:11:40.010, 1, 0 MiB, 81920 MiB, 0 %
2026/07/03 19:11:40.010, 2, 0 MiB, 81920 MiB, 0 %
2026/07/03 19:11:40.010, 3, 0 MiB, 81920 MiB, 0 %
2026/07/03 19:11:40.011, 4, 0 MiB, 81920 MiB, 0 %
2026/07/03 19:11:40.011, 5, 0 MiB, 81920 MiB, 0 %
2026/07/03 19:11:40.011, 6, 0 MiB, 81920 MiB, 0 %
2026/07/03 19:11:40.012, 7, 0 MiB, 81920 MiB, 0 %
2026/07/03 19:11:50.012, 0, 7733 MiB, 81920 MiB, 0 %
2026/07/03 19:11:50.013, 1, 0 MiB, 81920 MiB, 0 %
2026/07/03 19:11:50.013, 2, 0 MiB, 81920 MiB, 0 %
2026/07/03 19:11:50.013, 3, 0 MiB, 81920 MiB, 0 %
2026/07/03 19:11:50.014, 4, 0 MiB, 81920 MiB, 0 %
2026/07/03 19:11:50.014, 5, 0 MiB, 81920 MiB, 0 %
2026/07/03 19:11:50.014, 6, 0 MiB, 81920 MiB, 0 %
2026/07/03 19:11:50.015, 7, 0 MiB, 81920 MiB, 0 %
2026/07/03 19:12:00.015, 0, 7733 MiB, 81920 MiB, 0 %
2026/07/03 19:12:00.016, 1, 0 MiB, 81920 MiB, 0 %
2026/07/03 19:12:00.016, 2, 0 MiB, 81920 MiB, 0 %
2026/07/03 19:12:00.016, 3, 0 MiB, 81920 MiB, 0 %
2026/07/03 19:12:00.017, 4, 0 MiB, 81920 MiB, 0 %
2026/07/03 19:12:00.017, 5, 0 MiB, 81920 MiB, 0 %
2026/07/03 19:12:00.017, 6, 0 MiB, 81920 MiB, 0 %
2026/07/03 19:12:00.017, 7, 0 MiB, 81920 MiB, 0 %
2026/07/03 19:12:10.018, 0, 7733 MiB, 81920 MiB, 0 %
2026/07/03 19:12:10.019, 1, 0 MiB, 81920 MiB, 0 %
2026/07/03 19:12:10.019, 2, 0 MiB, 81920 MiB, 0 %
2026/07/03 19:12:10.019, 3, 0 MiB, 81920 MiB, 0 %
2026/07/03 19:12:10.020, 4, 0 MiB, 81920 MiB, 0 %
2026/07/03 19:12:10.020, 5, 0 MiB, 81920 MiB, 0 %
2026/07/03 19:12:10.020, 6, 0 MiB, 81920 MiB, 0 %
2026/07/03 19:12:10.020, 7, 0 MiB, 81920 MiB, 0 %
2026/07/03 19:12:20.021, 0, 7733 MiB, 81920 MiB, 0 %
2026/07/03 19:12:20.022, 1, 0 MiB, 81920 MiB, 0 %
2026/07/03 19:12:20.022, 2, 0 MiB, 81920 MiB, 0 %
2026/07/03 19:12:20.022, 3, 0 MiB, 81920 MiB, 0 %
2026/07/03 19:12:20.022, 4, 0 MiB, 81920 MiB, 0 %
2026/07/03 19:12:20.023, 5, 0 MiB, 81920 MiB, 0 %
2026/07/03 19:12:20.023, 6, 0 MiB, 81920 MiB, 0 %
2026/07/03 19:12:20.023, 7, 0 MiB, 81920 MiB, 0 %
2026/07/03 19:12:30.024, 0, 7733 MiB, 81920 MiB, 0 %
2026/07/03 19:12:30.025, 1, 0 MiB, 81920 MiB, 0 %
2026/07/03 19:12:30.025, 2, 0 MiB, 81920 MiB, 0 %
2026/07/03 19:12:30.025, 3, 0 MiB, 81920 MiB, 0 %
2026/07/03 19:12:30.025, 4, 0 MiB, 81920 MiB, 0 %
2026/07/03 19:12:30.026, 5, 0 MiB, 81920 MiB, 0 %
2026/07/03 19:12:30.026, 6, 0 MiB, 81920 MiB, 0 %
2026/07/03 19:12:30.026, 7, 0 MiB, 81920 MiB, 0 %
2026/07/03 19:12:40.027, 0, 7733 MiB, 81920 MiB, 0 %
2026/07/03 19:12:40.028, 1, 0 MiB, 81920 MiB, 0 %
2026/07/03 19:12:40.028, 2, 0 MiB, 81920 MiB, 0 %
2026/07/03 19:12:40.028, 3, 0 MiB, 81920 MiB, 0 %
2026/07/03 19:12:40.028, 4, 0 MiB, 81920 MiB, 0 %
2026/07/03 19:12:40.029, 5, 0 MiB, 81920 MiB, 0 %
2026/07/03 19:12:40.029, 6, 0 MiB, 81920 MiB, 0 %
2026/07/03 19:12:40.029, 7, 0 MiB, 81920 MiB, 0 %
2026/07/03 19:12:50.030, 0, 7733 MiB, 81920 MiB, 0 %
2026/07/03 19:12:50.031, 1, 0 MiB, 81920 MiB, 0 %
2026/07/03 19:12:50.031, 2, 0 MiB, 81920 MiB, 0 %
2026/07/03 19:12:50.031, 3, 0 MiB, 81920 MiB, 0 %
2026/07/03 19:12:50.032, 4, 0 MiB, 81920 MiB, 0 %
2026/07/03 19:12:50.032, 5, 0 MiB, 81920 MiB, 0 %
2026/07/03 19:12:50.032, 6, 0 MiB, 81920 MiB, 0 %
2026/07/03 19:12:50.032, 7, 0 MiB, 81920 MiB, 0 %
2026/07/03 19:13:00.033, 0, 7733 MiB, 81920 MiB, 0 %
2026/07/03 19:13:00.033, 1, 0 MiB, 81920 MiB, 0 %
2026/07/03 19:13:00.034, 2, 0 MiB, 81920 MiB, 0 %
2026/07/03 19:13:00.034, 3, 0 MiB, 81920 MiB, 0 %
2026/07/03 19:13:00.034, 4, 0 MiB, 81920 MiB, 0 %
2026/07/03 19:13:00.035, 5, 0 MiB, 81920 MiB, 0 %
2026/07/03 19:13:00.035, 6, 0 MiB, 81920 MiB, 0 %
2026/07/03 19:13:00.035, 7, 0 MiB, 81920 MiB, 0 %
2026/07/03 19:13:10.036, 0, 7733 MiB, 81920 MiB, 61 %
2026/07/03 19:13:10.037, 1, 0 MiB, 81920 MiB, 0 %
2026/07/03 19:13:10.037, 2, 0 MiB, 81920 MiB, 0 %
2026/07/03 19:13:10.037, 3, 0 MiB, 81920 MiB, 0 %
2026/07/03 19:13:10.037, 4, 0 MiB, 81920 MiB, 0 %
2026/07/03 19:13:10.038, 5, 0 MiB, 81920 MiB, 0 %
2026/07/03 19:13:10.038, 6, 0 MiB, 81920 MiB, 0 %
2026/07/03 19:13:10.038, 7, 0 MiB, 81920 MiB, 0 %
2026/07/03 19:13:20.039, 0, 7733 MiB, 81920 MiB, 0 %
2026/07/03 19:13:20.040, 1, 0 MiB, 81920 MiB, 0 %
2026/07/03 19:13:20.040, 2, 0 MiB, 81920 MiB, 0 %
2026/07/03 19:13:20.040, 3, 0 MiB, 81920 MiB, 0 %
2026/07/03 19:13:20.040, 4, 0 MiB, 81920 MiB, 0 %
2026/07/03 19:13:20.041, 5, 0 MiB, 81920 MiB, 0 %
2026/07/03 19:13:20.041, 6, 0 MiB, 81920 MiB, 0 %
2026/07/03 19:13:20.041, 7, 0 MiB, 81920 MiB, 0 %
2026/07/03 19:13:30.042, 0, 7733 MiB, 81920 MiB, 0 %
2026/07/03 19:13:30.042, 1, 0 MiB, 81920 MiB, 0 %
2026/07/03 19:13:30.043, 2, 0 MiB, 81920 MiB, 0 %
2026/07/03 19:13:30.043, 3, 0 MiB, 81920 MiB, 0 %
2026/07/03 19:13:30.043, 4, 0 MiB, 81920 MiB, 0 %
2026/07/03 19:13:30.044, 5, 0 MiB, 81920 MiB, 0 %
2026/07/03 19:13:30.044, 6, 0 MiB, 81920 MiB, 0 %
2026/07/03 19:13:30.044, 7, 0 MiB, 81920 MiB, 0 %
2026/07/03 19:13:40.045, 0, 7733 MiB, 81920 MiB, 0 %
2026/07/03 19:13:40.045, 1, 0 MiB, 81920 MiB, 0 %
2026/07/03 19:13:40.046, 2, 0 MiB, 81920 MiB, 0 %
2026/07/03 19:13:40.046, 3, 0 MiB, 81920 MiB, 0 %
2026/07/03 19:13:40.046, 4, 0 MiB, 81920 MiB, 0 %
2026/07/03 19:13:40.047, 5, 0 MiB, 81920 MiB, 0 %
2026/07/03 19:13:40.047, 6, 0 MiB, 81920 MiB, 0 %
2026/07/03 19:13:40.047, 7, 0 MiB, 81920 MiB, 0 %
2026/07/03 19:13:50.048, 0, 7733 MiB, 81920 MiB, 0 %
2026/07/03 19:13:50.048, 1, 0 MiB, 81920 MiB, 0 %
2026/07/03 19:13:50.049, 2, 0 MiB, 81920 MiB, 0 %
2026/07/03 19:13:50.049, 3, 0 MiB, 81920 MiB, 0 %
2026/07/03 19:13:50.049, 4, 0 MiB, 81920 MiB, 0 %
2026/07/03 19:13:50.050, 5, 0 MiB, 81920 MiB, 0 %
2026/07/03 19:13:50.050, 6, 0 MiB, 81920 MiB, 0 %
2026/07/03 19:13:50.050, 7, 0 MiB, 81920 MiB, 0 %
2026/07/03 19:14:00.051, 0, 7733 MiB, 81920 MiB, 0 %
2026/07/03 19:14:00.051, 1, 0 MiB, 81920 MiB, 0 %
2026/07/03 19:14:00.051, 2, 0 MiB, 81920 MiB, 0 %
2026/07/03 19:14:00.052, 3, 0 MiB, 81920 MiB, 0 %
2026/07/03 19:14:00.052, 4, 0 MiB, 81920 MiB, 0 %
2026/07/03 19:14:00.052, 5, 0 MiB, 81920 MiB, 0 %
2026/07/03 19:14:00.053, 6, 0 MiB, 81920 MiB, 0 %
2026/07/03 19:14:00.053, 7, 0 MiB, 81920 MiB, 0 %
2026/07/03 19:14:10.053, 0, 7733 MiB, 81920 MiB, 0 %
2026/07/03 19:14:10.054, 1, 0 MiB, 81920 MiB, 0 %
2026/07/03 19:14:10.054, 2, 0 MiB, 81920 MiB, 0 %
2026/07/03 19:14:10.055, 3, 0 MiB, 81920 MiB, 0 %
2026/07/03 19:14:10.055, 4, 0 MiB, 81920 MiB, 0 %
2026/07/03 19:14:10.055, 5, 0 MiB, 81920 MiB, 0 %
2026/07/03 19:14:10.055, 6, 0 MiB, 81920 MiB, 0 %
2026/07/03 19:14:10.056, 7, 0 MiB, 81920 MiB, 0 %
2026/07/03 19:14:20.056, 0, 7733 MiB, 81920 MiB, 0 %
2026/07/03 19:14:20.057, 1, 0 MiB, 81920 MiB, 0 %
2026/07/03 19:14:20.057, 2, 0 MiB, 81920 MiB, 0 %
2026/07/03 19:14:20.057, 3, 0 MiB, 81920 MiB, 0 %
2026/07/03 19:14:20.058, 4, 0 MiB, 81920 MiB, 0 %
2026/07/03 19:14:20.058, 5, 0 MiB, 81920 MiB, 0 %
2026/07/03 19:14:20.058, 6, 0 MiB, 81920 MiB, 0 %
2026/07/03 19:14:20.059, 7, 0 MiB, 81920 MiB, 0 %
2026/07/03 19:14:30.059, 0, 7733 MiB, 81920 MiB, 0 %
2026/07/03 19:14:30.060, 1, 0 MiB, 81920 MiB, 0 %
2026/07/03 19:14:30.060, 2, 0 MiB, 81920 MiB, 0 %
2026/07/03 19:14:30.060, 3, 0 MiB, 81920 MiB, 0 %
2026/07/03 19:14:30.061, 4, 0 MiB, 81920 MiB, 0 %
2026/07/03 19:14:30.061, 5, 0 MiB, 81920 MiB, 0 %
2026/07/03 19:14:30.061, 6, 0 MiB, 81920 MiB, 0 %
2026/07/03 19:14:30.061, 7, 0 MiB, 81920 MiB, 0 %
2026/07/03 19:14:40.062, 0, 7733 MiB, 81920 MiB, 0 %
2026/07/03 19:14:40.063, 1, 0 MiB, 81920 MiB, 0 %
2026/07/03 19:14:40.063, 2, 0 MiB, 81920 MiB, 0 %
2026/07/03 19:14:40.063, 3, 0 MiB, 81920 MiB, 0 %
2026/07/03 19:14:40.063, 4, 0 MiB, 81920 MiB, 0 %
2026/07/03 19:14:40.064, 5, 0 MiB, 81920 MiB, 0 %
2026/07/03 19:14:40.064, 6, 0 MiB, 81920 MiB, 0 %
2026/07/03 19:14:40.064, 7, 0 MiB, 81920 MiB, 0 %
2026/07/03 19:14:50.065, 0, 7733 MiB, 81920 MiB, 0 %
2026/07/03 19:14:50.066, 1, 0 MiB, 81920 MiB, 0 %
2026/07/03 19:14:50.066, 2, 0 MiB, 81920 MiB, 0 %
2026/07/03 19:14:50.066, 3, 0 MiB, 81920 MiB, 0 %
2026/07/03 19:14:50.067, 4, 0 MiB, 81920 MiB, 0 %
2026/07/03 19:14:50.067, 5, 0 MiB, 81920 MiB, 0 %
2026/07/03 19:14:50.067, 6, 0 MiB, 81920 MiB, 0 %
2026/07/03 19:14:50.068, 7, 0 MiB, 81920 MiB, 0 %
2026/07/03 19:15:00.068, 0, 7733 MiB, 81920 MiB, 60 %
2026/07/03 19:15:00.069, 1, 0 MiB, 81920 MiB, 0 %
2026/07/03 19:15:00.069, 2, 0 MiB, 81920 MiB, 0 %
2026/07/03 19:15:00.069, 3, 0 MiB, 81920 MiB, 0 %
2026/07/03 19:15:00.070, 4, 0 MiB, 81920 MiB, 0 %
2026/07/03 19:15:00.070, 5, 0 MiB, 81920 MiB, 0 %
2026/07/03 19:15:00.070, 6, 0 MiB, 81920 MiB, 0 %
2026/07/03 19:15:00.071, 7, 0 MiB, 81920 MiB, 0 %
2026/07/03 19:15:10.071, 0, 7733 MiB, 81920 MiB, 0 %
2026/07/03 19:15:10.072, 1, 0 MiB, 81920 MiB, 0 %
2026/07/03 19:15:10.072, 2, 0 MiB, 81920 MiB, 0 %
2026/07/03 19:15:10.072, 3, 0 MiB, 81920 MiB, 0 %
2026/07/03 19:15:10.073, 4, 0 MiB, 81920 MiB, 0 %
2026/07/03 19:15:10.073, 5, 0 MiB, 81920 MiB, 0 %
2026/07/03 19:15:10.073, 6, 0 MiB, 81920 MiB, 0 %
2026/07/03 19:15:10.074, 7, 0 MiB, 81920 MiB, 0 %
2026/07/03 19:15:20.075, 0, 7733 MiB, 81920 MiB, 0 %
2026/07/03 19:15:20.075, 1, 0 MiB, 81920 MiB, 0 %
2026/07/03 19:15:20.075, 2, 0 MiB, 81920 MiB, 0 %
2026/07/03 19:15:20.076, 3, 0 MiB, 81920 MiB, 0 %
2026/07/03 19:15:20.076, 4, 0 MiB, 81920 MiB, 0 %
2026/07/03 19:15:20.076, 5, 0 MiB, 81920 MiB, 0 %
2026/07/03 19:15:20.077, 6, 0 MiB, 81920 MiB, 0 %
2026/07/03 19:15:20.077, 7, 0 MiB, 81920 MiB, 0 %
2026/07/03 19:15:30.078, 0, 7733 MiB, 81920 MiB, 0 %
2026/07/03 19:15:30.078, 1, 0 MiB, 81920 MiB, 0 %
2026/07/03 19:15:30.078, 2, 0 MiB, 81920 MiB, 0 %
2026/07/03 19:15:30.079, 3, 0 MiB, 81920 MiB, 0 %
2026/07/03 19:15:30.079, 4, 0 MiB, 81920 MiB, 0 %
2026/07/03 19:15:30.079, 5, 0 MiB, 81920 MiB, 0 %
2026/07/03 19:15:30.080, 6, 0 MiB, 81920 MiB, 0 %
2026/07/03 19:15:30.080, 7, 0 MiB, 81920 MiB, 0 %
2026/07/03 19:15:40.080, 0, 7733 MiB, 81920 MiB, 0 %
2026/07/03 19:15:40.081, 1, 0 MiB, 81920 MiB, 0 %
2026/07/03 19:15:40.081, 2, 0 MiB, 81920 MiB, 0 %
2026/07/03 19:15:40.082, 3, 0 MiB, 81920 MiB, 0 %
2026/07/03 19:15:40.082, 4, 0 MiB, 81920 MiB, 0 %
2026/07/03 19:15:40.082, 5, 0 MiB, 81920 MiB, 0 %
2026/07/03 19:15:40.082, 6, 0 MiB, 81920 MiB, 0 %
2026/07/03 19:15:40.083, 7, 0 MiB, 81920 MiB, 0 %
2026/07/03 19:15:50.083, 0, 7733 MiB, 81920 MiB, 0 %
2026/07/03 19:15:50.084, 1, 0 MiB, 81920 MiB, 0 %
2026/07/03 19:15:50.084, 2, 0 MiB, 81920 MiB, 0 %
2026/07/03 19:15:50.085, 3, 0 MiB, 81920 MiB, 0 %
2026/07/03 19:15:50.085, 4, 0 MiB, 81920 MiB, 0 %
2026/07/03 19:15:50.085, 5, 0 MiB, 81920 MiB, 0 %
2026/07/03 19:15:50.086, 6, 0 MiB, 81920 MiB, 0 %
2026/07/03 19:15:50.086, 7, 0 MiB, 81920 MiB, 0 %
2026/07/03 19:16:00.086, 0, 7733 MiB, 81920 MiB, 0 %
2026/07/03 19:16:00.087, 1, 0 MiB, 81920 MiB, 0 %
2026/07/03 19:16:00.087, 2, 0 MiB, 81920 MiB, 0 %
2026/07/03 19:16:00.087, 3, 0 MiB, 81920 MiB, 0 %
2026/07/03 19:16:00.088, 4, 0 MiB, 81920 MiB, 0 %
2026/07/03 19:16:00.088, 5, 0 MiB, 81920 MiB, 0 %
2026/07/03 19:16:00.088, 6, 0 MiB, 81920 MiB, 0 %
2026/07/03 19:16:00.089, 7, 0 MiB, 81920 MiB, 0 %
2026/07/03 19:16:10.089, 0, 7733 MiB, 81920 MiB, 0 %
2026/07/03 19:16:10.090, 1, 0 MiB, 81920 MiB, 0 %
2026/07/03 19:16:10.090, 2, 0 MiB, 81920 MiB, 0 %
2026/07/03 19:16:10.090, 3, 0 MiB, 81920 MiB, 0 %
2026/07/03 19:16:10.091, 4, 0 MiB, 81920 MiB, 0 %
2026/07/03 19:16:10.091, 5, 0 MiB, 81920 MiB, 0 %
2026/07/03 19:16:10.091, 6, 0 MiB, 81920 MiB, 0 %
2026/07/03 19:16:10.092, 7, 0 MiB, 81920 MiB, 0 %
2026/07/03 19:16:20.092, 0, 7733 MiB, 81920 MiB, 0 %
2026/07/03 19:16:20.093, 1, 0 MiB, 81920 MiB, 0 %
2026/07/03 19:16:20.093, 2, 0 MiB, 81920 MiB, 0 %
2026/07/03 19:16:20.093, 3, 0 MiB, 81920 MiB, 0 %
2026/07/03 19:16:20.093, 4, 0 MiB, 81920 MiB, 0 %
2026/07/03 19:16:20.094, 5, 0 MiB, 81920 MiB, 0 %
2026/07/03 19:16:20.094, 6, 0 MiB, 81920 MiB, 0 %
2026/07/03 19:16:20.094, 7, 0 MiB, 81920 MiB, 0 %
2026/07/03 19:16:30.095, 0, 7733 MiB, 81920 MiB, 0 %
2026/07/03 19:16:30.096, 1, 0 MiB, 81920 MiB, 0 %
2026/07/03 19:16:30.096, 2, 0 MiB, 81920 MiB, 0 %
2026/07/03 19:16:30.096, 3, 0 MiB, 81920 MiB, 0 %
2026/07/03 19:16:30.096, 4, 0 MiB, 81920 MiB, 0 %
2026/07/03 19:16:30.097, 5, 0 MiB, 81920 MiB, 0 %
2026/07/03 19:16:30.097, 6, 0 MiB, 81920 MiB, 0 %
2026/07/03 19:16:30.097, 7, 0 MiB, 81920 MiB, 0 %
2026/07/03 19:16:40.098, 0, 7733 MiB, 81920 MiB, 0 %
2026/07/03 19:16:40.099, 1, 0 MiB, 81920 MiB, 0 %
2026/07/03 19:16:40.099, 2, 0 MiB, 81920 MiB, 0 %
2026/07/03 19:16:40.099, 3, 0 MiB, 81920 MiB, 0 %
2026/07/03 19:16:40.100, 4, 0 MiB, 81920 MiB, 0 %
2026/07/03 19:16:40.100, 5, 0 MiB, 81920 MiB, 0 %
2026/07/03 19:16:40.100, 6, 0 MiB, 81920 MiB, 0 %
2026/07/03 19:16:40.100, 7, 0 MiB, 81920 MiB, 0 %
2026/07/03 19:16:50.101, 0, 7733 MiB, 81920 MiB, 0 %
2026/07/03 19:16:50.102, 1, 0 MiB, 81920 MiB, 0 %
2026/07/03 19:16:50.102, 2, 0 MiB, 81920 MiB, 0 %
2026/07/03 19:16:50.102, 3, 0 MiB, 81920 MiB, 0 %
2026/07/03 19:16:50.102, 4, 0 MiB, 81920 MiB, 0 %
2026/07/03 19:16:50.103, 5, 0 MiB, 81920 MiB, 0 %
2026/07/03 19:16:50.103, 6, 0 MiB, 81920 MiB, 0 %
2026/07/03 19:16:50.103, 7, 0 MiB, 81920 MiB, 0 %
2026/07/03 19:17:00.104, 0, 7733 MiB, 81920 MiB, 0 %
2026/07/03 19:17:00.104, 1, 0 MiB, 81920 MiB, 0 %
2026/07/03 19:17:00.105, 2, 0 MiB, 81920 MiB, 0 %
2026/07/03 19:17:00.105, 3, 0 MiB, 81920 MiB, 0 %
2026/07/03 19:17:00.105, 4, 0 MiB, 81920 MiB, 0 %
2026/07/03 19:17:00.106, 5, 0 MiB, 81920 MiB, 0 %
2026/07/03 19:17:00.106, 6, 0 MiB, 81920 MiB, 0 %
2026/07/03 19:17:00.106, 7, 0 MiB, 81920 MiB, 0 %
2026/07/03 19:17:10.107, 0, 7733 MiB, 81920 MiB, 60 %
2026/07/03 19:17:10.107, 1, 0 MiB, 81920 MiB, 0 %
2026/07/03 19:17:10.108, 2, 0 MiB, 81920 MiB, 0 %
2026/07/03 19:17:10.108, 3, 0 MiB, 81920 MiB, 0 %
2026/07/03 19:17:10.108, 4, 0 MiB, 81920 MiB, 0 %
2026/07/03 19:17:10.108, 5, 0 MiB, 81920 MiB, 0 %
2026/07/03 19:17:10.109, 6, 0 MiB, 81920 MiB, 0 %
2026/07/03 19:17:10.109, 7, 0 MiB, 81920 MiB, 0 %
2026/07/03 19:17:20.110, 0, 7733 MiB, 81920 MiB, 0 %
2026/07/03 19:17:20.110, 1, 0 MiB, 81920 MiB, 0 %
2026/07/03 19:17:20.111, 2, 0 MiB, 81920 MiB, 0 %
2026/07/03 19:17:20.111, 3, 0 MiB, 81920 MiB, 0 %
2026/07/03 19:17:20.111, 4, 0 MiB, 81920 MiB, 0 %
2026/07/03 19:17:20.111, 5, 0 MiB, 81920 MiB, 0 %
2026/07/03 19:17:20.112, 6, 0 MiB, 81920 MiB, 0 %
2026/07/03 19:17:20.112, 7, 0 MiB, 81920 MiB, 0 %
2026/07/03 19:17:30.113, 0, 7733 MiB, 81920 MiB, 61 %
2026/07/03 19:17:30.113, 1, 0 MiB, 81920 MiB, 0 %
2026/07/03 19:17:30.113, 2, 0 MiB, 81920 MiB, 0 %
2026/07/03 19:17:30.114, 3, 0 MiB, 81920 MiB, 0 %
2026/07/03 19:17:30.114, 4, 0 MiB, 81920 MiB, 0 %
2026/07/03 19:17:30.114, 5, 0 MiB, 81920 MiB, 0 %
2026/07/03 19:17:30.115, 6, 0 MiB, 81920 MiB, 0 %
2026/07/03 19:17:30.115, 7, 0 MiB, 81920 MiB, 0 %
2026/07/03 19:17:40.116, 0, 7733 MiB, 81920 MiB, 0 %
2026/07/03 19:17:40.116, 1, 0 MiB, 81920 MiB, 0 %
2026/07/03 19:17:40.116, 2, 0 MiB, 81920 MiB, 0 %
2026/07/03 19:17:40.117, 3, 0 MiB, 81920 MiB, 0 %
2026/07/03 19:17:40.117, 4, 0 MiB, 81920 MiB, 0 %
2026/07/03 19:17:40.117, 5, 0 MiB, 81920 MiB, 0 %
2026/07/03 19:17:40.117, 6, 0 MiB, 81920 MiB, 0 %
2026/07/03 19:17:40.118, 7, 0 MiB, 81920 MiB, 0 %
2026/07/03 19:17:50.118, 0, 7733 MiB, 81920 MiB, 0 %
2026/07/03 19:17:50.119, 1, 0 MiB, 81920 MiB, 0 %
2026/07/03 19:17:50.119, 2, 0 MiB, 81920 MiB, 0 %
2026/07/03 19:17:50.120, 3, 0 MiB, 81920 MiB, 0 %
2026/07/03 19:17:50.120, 4, 0 MiB, 81920 MiB, 0 %
2026/07/03 19:17:50.120, 5, 0 MiB, 81920 MiB, 0 %
2026/07/03 19:17:50.120, 6, 0 MiB, 81920 MiB, 0 %
2026/07/03 19:17:50.121, 7, 0 MiB, 81920 MiB, 0 %
2026/07/03 19:18:00.122, 0, 7733 MiB, 81920 MiB, 0 %
2026/07/03 19:18:00.122, 1, 0 MiB, 81920 MiB, 0 %
2026/07/03 19:18:00.122, 2, 0 MiB, 81920 MiB, 0 %
2026/07/03 19:18:00.123, 3, 0 MiB, 81920 MiB, 0 %
2026/07/03 19:18:00.123, 4, 0 MiB, 81920 MiB, 0 %
2026/07/03 19:18:00.123, 5, 0 MiB, 81920 MiB, 0 %
2026/07/03 19:18:00.124, 6, 0 MiB, 81920 MiB, 0 %
2026/07/03 19:18:00.124, 7, 0 MiB, 81920 MiB, 0 %
2026/07/03 19:18:10.125, 0, 7733 MiB, 81920 MiB, 0 %
2026/07/03 19:18:10.125, 1, 0 MiB, 81920 MiB, 0 %
2026/07/03 19:18:10.125, 2, 0 MiB, 81920 MiB, 0 %
2026/07/03 19:18:10.126, 3, 0 MiB, 81920 MiB, 0 %
2026/07/03 19:18:10.126, 4, 0 MiB, 81920 MiB, 0 %
2026/07/03 19:18:10.126, 5, 0 MiB, 81920 MiB, 0 %
2026/07/03 19:18:10.127, 6, 0 MiB, 81920 MiB, 0 %
2026/07/03 19:18:10.127, 7, 0 MiB, 81920 MiB, 0 %
2026/07/03 19:18:20.128, 0, 7733 MiB, 81920 MiB, 0 %
2026/07/03 19:18:20.128, 1, 0 MiB, 81920 MiB, 0 %
2026/07/03 19:18:20.128, 2, 0 MiB, 81920 MiB, 0 %
2026/07/03 19:18:20.129, 3, 0 MiB, 81920 MiB, 0 %
2026/07/03 19:18:20.129, 4, 0 MiB, 81920 MiB, 0 %
2026/07/03 19:18:20.129, 5, 0 MiB, 81920 MiB, 0 %
2026/07/03 19:18:20.130, 6, 0 MiB, 81920 MiB, 0 %
2026/07/03 19:18:20.130, 7, 0 MiB, 81920 MiB, 0 %
2026/07/03 19:18:30.131, 0, 7733 MiB, 81920 MiB, 61 %
2026/07/03 19:18:30.131, 1, 0 MiB, 81920 MiB, 0 %
2026/07/03 19:18:30.132, 2, 0 MiB, 81920 MiB, 0 %
2026/07/03 19:18:30.132, 3, 0 MiB, 81920 MiB, 0 %
2026/07/03 19:18:30.132, 4, 0 MiB, 81920 MiB, 0 %
2026/07/03 19:18:30.132, 5, 0 MiB, 81920 MiB, 0 %
2026/07/03 19:18:30.133, 6, 0 MiB, 81920 MiB, 0 %
2026/07/03 19:18:30.133, 7, 0 MiB, 81920 MiB, 0 %
2026/07/03 19:18:40.134, 0, 7733 MiB, 81920 MiB, 0 %
2026/07/03 19:18:40.134, 1, 0 MiB, 81920 MiB, 0 %
2026/07/03 19:18:40.134, 2, 0 MiB, 81920 MiB, 0 %
2026/07/03 19:18:40.135, 3, 0 MiB, 81920 MiB, 0 %
2026/07/03 19:18:40.135, 4, 0 MiB, 81920 MiB, 0 %
2026/07/03 19:18:40.135, 5, 0 MiB, 81920 MiB, 0 %
2026/07/03 19:18:40.136, 6, 0 MiB, 81920 MiB, 0 %
2026/07/03 19:18:40.136, 7, 0 MiB, 81920 MiB, 0 %
2026/07/03 19:18:50.137, 0, 7733 MiB, 81920 MiB, 0 %
2026/07/03 19:18:50.137, 1, 0 MiB, 81920 MiB, 0 %
2026/07/03 19:18:50.137, 2, 0 MiB, 81920 MiB, 0 %
2026/07/03 19:18:50.138, 3, 0 MiB, 81920 MiB, 0 %
2026/07/03 19:18:50.138, 4, 0 MiB, 81920 MiB, 0 %
2026/07/03 19:18:50.138, 5, 0 MiB, 81920 MiB, 0 %
2026/07/03 19:18:50.139, 6, 0 MiB, 81920 MiB, 0 %
2026/07/03 19:18:50.139, 7, 0 MiB, 81920 MiB, 0 %
2026/07/03 19:19:00.140, 0, 7733 MiB, 81920 MiB, 0 %
2026/07/03 19:19:00.141, 1, 0 MiB, 81920 MiB, 0 %
2026/07/03 19:19:00.141, 2, 0 MiB, 81920 MiB, 0 %
2026/07/03 19:19:00.141, 3, 0 MiB, 81920 MiB, 0 %
2026/07/03 19:19:00.141, 4, 0 MiB, 81920 MiB, 0 %
2026/07/03 19:19:00.142, 5, 0 MiB, 81920 MiB, 0 %
2026/07/03 19:19:00.142, 6, 0 MiB, 81920 MiB, 0 %
2026/07/03 19:19:00.142, 7, 0 MiB, 81920 MiB, 0 %
2026/07/03 19:19:10.143, 0, 7733 MiB, 81920 MiB, 0 %
2026/07/03 19:19:10.143, 1, 0 MiB, 81920 MiB, 0 %
2026/07/03 19:19:10.144, 2, 0 MiB, 81920 MiB, 0 %
2026/07/03 19:19:10.144, 3, 0 MiB, 81920 MiB, 0 %
2026/07/03 19:19:10.144, 4, 0 MiB, 81920 MiB, 0 %
2026/07/03 19:19:10.145, 5, 0 MiB, 81920 MiB, 0 %
2026/07/03 19:19:10.145, 6, 0 MiB, 81920 MiB, 0 %
2026/07/03 19:19:10.145, 7, 0 MiB, 81920 MiB, 0 %
2026/07/03 19:19:20.146, 0, 7733 MiB, 81920 MiB, 0 %
2026/07/03 19:19:20.147, 1, 0 MiB, 81920 MiB, 0 %
2026/07/03 19:19:20.147, 2, 0 MiB, 81920 MiB, 0 %
2026/07/03 19:19:20.147, 3, 0 MiB, 81920 MiB, 0 %
2026/07/03 19:19:20.148, 4, 0 MiB, 81920 MiB, 0 %
2026/07/03 19:19:20.148, 5, 0 MiB, 81920 MiB, 0 %
2026/07/03 19:19:20.148, 6, 0 MiB, 81920 MiB, 0 %
2026/07/03 19:19:20.148, 7, 0 MiB, 81920 MiB, 0 %
2026/07/03 19:19:30.149, 0, 7733 MiB, 81920 MiB, 0 %
2026/07/03 19:19:30.150, 1, 0 MiB, 81920 MiB, 0 %
2026/07/03 19:19:30.150, 2, 0 MiB, 81920 MiB, 0 %
2026/07/03 19:19:30.150, 3, 0 MiB, 81920 MiB, 0 %
2026/07/03 19:19:30.151, 4, 0 MiB, 81920 MiB, 0 %
2026/07/03 19:19:30.151, 5, 0 MiB, 81920 MiB, 0 %
2026/07/03 19:19:30.151, 6, 0 MiB, 81920 MiB, 0 %
2026/07/03 19:19:30.151, 7, 0 MiB, 81920 MiB, 0 %
2026/07/03 19:19:40.152, 0, 7733 MiB, 81920 MiB, 0 %
2026/07/03 19:19:40.153, 1, 0 MiB, 81920 MiB, 0 %
2026/07/03 19:19:40.153, 2, 0 MiB, 81920 MiB, 0 %
2026/07/03 19:19:40.153, 3, 0 MiB, 81920 MiB, 0 %
2026/07/03 19:19:40.154, 4, 0 MiB, 81920 MiB, 0 %
2026/07/03 19:19:40.154, 5, 0 MiB, 81920 MiB, 0 %
2026/07/03 19:19:40.154, 6, 0 MiB, 81920 MiB, 0 %
2026/07/03 19:19:40.154, 7, 0 MiB, 81920 MiB, 0 %
2026/07/03 19:19:50.155, 0, 7733 MiB, 81920 MiB, 0 %
2026/07/03 19:19:50.155, 1, 0 MiB, 81920 MiB, 0 %
2026/07/03 19:19:50.156, 2, 0 MiB, 81920 MiB, 0 %
2026/07/03 19:19:50.156, 3, 0 MiB, 81920 MiB, 0 %
2026/07/03 19:19:50.156, 4, 0 MiB, 81920 MiB, 0 %
2026/07/03 19:19:50.157, 5, 0 MiB, 81920 MiB, 0 %
2026/07/03 19:19:50.157, 6, 0 MiB, 81920 MiB, 0 %
2026/07/03 19:19:50.157, 7, 0 MiB, 81920 MiB, 0 %
2026/07/03 19:20:00.158, 0, 7733 MiB, 81920 MiB, 0 %
2026/07/03 19:20:00.159, 1, 0 MiB, 81920 MiB, 0 %
2026/07/03 19:20:00.159, 2, 0 MiB, 81920 MiB, 0 %
2026/07/03 19:20:00.159, 3, 0 MiB, 81920 MiB, 0 %
2026/07/03 19:20:00.159, 4, 0 MiB, 81920 MiB, 0 %
2026/07/03 19:20:00.160, 5, 0 MiB, 81920 MiB, 0 %
2026/07/03 19:20:00.160, 6, 0 MiB, 81920 MiB, 0 %
2026/07/03 19:20:00.160, 7, 0 MiB, 81920 MiB, 0 %
2026/07/03 19:20:10.161, 0, 7733 MiB, 81920 MiB, 0 %
2026/07/03 19:20:10.161, 1, 0 MiB, 81920 MiB, 0 %
2026/07/03 19:20:10.162, 2, 0 MiB, 81920 MiB, 0 %
2026/07/03 19:20:10.162, 3, 0 MiB, 81920 MiB, 0 %
2026/07/03 19:20:10.162, 4, 0 MiB, 81920 MiB, 0 %
2026/07/03 19:20:10.163, 5, 0 MiB, 81920 MiB, 0 %
2026/07/03 19:20:10.163, 6, 0 MiB, 81920 MiB, 0 %
2026/07/03 19:20:10.163, 7, 0 MiB, 81920 MiB, 0 %
2026/07/03 19:20:20.164, 0, 7733 MiB, 81920 MiB, 0 %
2026/07/03 19:20:20.164, 1, 0 MiB, 81920 MiB, 0 %
2026/07/03 19:20:20.165, 2, 0 MiB, 81920 MiB, 0 %
2026/07/03 19:20:20.165, 3, 0 MiB, 81920 MiB, 0 %
2026/07/03 19:20:20.165, 4, 0 MiB, 81920 MiB, 0 %
2026/07/03 19:20:20.166, 5, 0 MiB, 81920 MiB, 0 %
2026/07/03 19:20:20.166, 6, 0 MiB, 81920 MiB, 0 %
2026/07/03 19:20:20.166, 7, 0 MiB, 81920 MiB, 0 %
2026/07/03 19:20:30.167, 0, 7733 MiB, 81920 MiB, 0 %
2026/07/03 19:20:30.167, 1, 0 MiB, 81920 MiB, 0 %
2026/07/03 19:20:30.167, 2, 0 MiB, 81920 MiB, 0 %
2026/07/03 19:20:30.168, 3, 0 MiB, 81920 MiB, 0 %
2026/07/03 19:20:30.168, 4, 0 MiB, 81920 MiB, 0 %
2026/07/03 19:20:30.168, 5, 0 MiB, 81920 MiB, 0 %
2026/07/03 19:20:30.169, 6, 0 MiB, 81920 MiB, 0 %
2026/07/03 19:20:30.169, 7, 0 MiB, 81920 MiB, 0 %
2026/07/03 19:20:40.169, 0, 7733 MiB, 81920 MiB, 59 %
2026/07/03 19:20:40.170, 1, 0 MiB, 81920 MiB, 0 %
2026/07/03 19:20:40.170, 2, 0 MiB, 81920 MiB, 0 %
2026/07/03 19:20:40.171, 3, 0 MiB, 81920 MiB, 0 %
2026/07/03 19:20:40.171, 4, 0 MiB, 81920 MiB, 0 %
2026/07/03 19:20:40.171, 5, 0 MiB, 81920 MiB, 0 %
2026/07/03 19:20:40.172, 6, 0 MiB, 81920 MiB, 0 %
2026/07/03 19:20:40.172, 7, 0 MiB, 81920 MiB, 0 %
2026/07/03 19:20:50.172, 0, 7733 MiB, 81920 MiB, 0 %
2026/07/03 19:20:50.173, 1, 0 MiB, 81920 MiB, 0 %
2026/07/03 19:20:50.173, 2, 0 MiB, 81920 MiB, 0 %
2026/07/03 19:20:50.174, 3, 0 MiB, 81920 MiB, 0 %
2026/07/03 19:20:50.174, 4, 0 MiB, 81920 MiB, 0 %
2026/07/03 19:20:50.174, 5, 0 MiB, 81920 MiB, 0 %
2026/07/03 19:20:50.174, 6, 0 MiB, 81920 MiB, 0 %
2026/07/03 19:20:50.175, 7, 0 MiB, 81920 MiB, 0 %
2026/07/03 19:21:00.176, 0, 7733 MiB, 81920 MiB, 0 %
2026/07/03 19:21:00.176, 1, 0 MiB, 81920 MiB, 0 %
2026/07/03 19:21:00.176, 2, 0 MiB, 81920 MiB, 0 %
2026/07/03 19:21:00.177, 3, 0 MiB, 81920 MiB, 0 %
2026/07/03 19:21:00.177, 4, 0 MiB, 81920 MiB, 0 %
2026/07/03 19:21:00.177, 5, 0 MiB, 81920 MiB, 0 %
2026/07/03 19:21:00.178, 6, 0 MiB, 81920 MiB, 0 %
2026/07/03 19:21:00.178, 7, 0 MiB, 81920 MiB, 0 %
2026/07/03 19:21:10.179, 0, 7733 MiB, 81920 MiB, 0 %
2026/07/03 19:21:10.179, 1, 0 MiB, 81920 MiB, 0 %
2026/07/03 19:21:10.180, 2, 0 MiB, 81920 MiB, 0 %
2026/07/03 19:21:10.180, 3, 0 MiB, 81920 MiB, 0 %
2026/07/03 19:21:10.180, 4, 0 MiB, 81920 MiB, 0 %
2026/07/03 19:21:10.180, 5, 0 MiB, 81920 MiB, 0 %
2026/07/03 19:21:10.181, 6, 0 MiB, 81920 MiB, 0 %
2026/07/03 19:21:10.181, 7, 0 MiB, 81920 MiB, 0 %
2026/07/03 19:21:20.182, 0, 7733 MiB, 81920 MiB, 60 %
2026/07/03 19:21:20.182, 1, 0 MiB, 81920 MiB, 0 %
2026/07/03 19:21:20.182, 2, 0 MiB, 81920 MiB, 0 %
2026/07/03 19:21:20.183, 3, 0 MiB, 81920 MiB, 0 %
2026/07/03 19:21:20.183, 4, 0 MiB, 81920 MiB, 0 %
2026/07/03 19:21:20.183, 5, 0 MiB, 81920 MiB, 0 %
2026/07/03 19:21:20.184, 6, 0 MiB, 81920 MiB, 0 %
2026/07/03 19:21:20.184, 7, 0 MiB, 81920 MiB, 0 %
2026/07/03 19:21:30.185, 0, 7733 MiB, 81920 MiB, 0 %
2026/07/03 19:21:30.185, 1, 0 MiB, 81920 MiB, 0 %
2026/07/03 19:21:30.186, 2, 0 MiB, 81920 MiB, 0 %
2026/07/03 19:21:30.186, 3, 0 MiB, 81920 MiB, 0 %
2026/07/03 19:21:30.186, 4, 0 MiB, 81920 MiB, 0 %
2026/07/03 19:21:30.187, 5, 0 MiB, 81920 MiB, 0 %
2026/07/03 19:21:30.187, 6, 0 MiB, 81920 MiB, 0 %
2026/07/03 19:21:30.187, 7, 0 MiB, 81920 MiB, 0 %
2026/07/03 19:21:40.188, 0, 7733 MiB, 81920 MiB, 59 %
2026/07/03 19:21:40.188, 1, 0 MiB, 81920 MiB, 0 %
2026/07/03 19:21:40.189, 2, 0 MiB, 81920 MiB, 0 %
2026/07/03 19:21:40.189, 3, 0 MiB, 81920 MiB, 0 %
2026/07/03 19:21:40.189, 4, 0 MiB, 81920 MiB, 0 %
2026/07/03 19:21:40.190, 5, 0 MiB, 81920 MiB, 0 %
2026/07/03 19:21:40.190, 6, 0 MiB, 81920 MiB, 0 %
2026/07/03 19:21:40.190, 7, 0 MiB, 81920 MiB, 0 %
2026/07/03 19:21:50.191, 0, 7733 MiB, 81920 MiB, 10 %
2026/07/03 19:21:50.191, 1, 0 MiB, 81920 MiB, 0 %
2026/07/03 19:21:50.192, 2, 0 MiB, 81920 MiB, 0 %
2026/07/03 19:21:50.192, 3, 0 MiB, 81920 MiB, 0 %
2026/07/03 19:21:50.192, 4, 0 MiB, 81920 MiB, 0 %
2026/07/03 19:21:50.193, 5, 0 MiB, 81920 MiB, 0 %
2026/07/03 19:21:50.193, 6, 0 MiB, 81920 MiB, 0 %
2026/07/03 19:21:50.193, 7, 0 MiB, 81920 MiB, 0 %
2026/07/03 19:22:00.194, 0, 7733 MiB, 81920 MiB, 0 %
2026/07/03 19:22:00.195, 1, 0 MiB, 81920 MiB, 0 %
2026/07/03 19:22:00.195, 2, 0 MiB, 81920 MiB, 0 %
2026/07/03 19:22:00.195, 3, 0 MiB, 81920 MiB, 0 %
2026/07/03 19:22:00.195, 4, 0 MiB, 81920 MiB, 0 %
2026/07/03 19:22:00.196, 5, 0 MiB, 81920 MiB, 0 %
2026/07/03 19:22:00.196, 6, 0 MiB, 81920 MiB, 0 %
2026/07/03 19:22:00.196, 7, 0 MiB, 81920 MiB, 0 %
2026/07/03 19:22:10.197, 0, 7733 MiB, 81920 MiB, 0 %
2026/07/03 19:22:10.198, 1, 0 MiB, 81920 MiB, 0 %
2026/07/03 19:22:10.198, 2, 0 MiB, 81920 MiB, 0 %
2026/07/03 19:22:10.199, 3, 0 MiB, 81920 MiB, 0 %
2026/07/03 19:22:10.199, 4, 0 MiB, 81920 MiB, 0 %
2026/07/03 19:22:10.199, 5, 0 MiB, 81920 MiB, 0 %
2026/07/03 19:22:10.199, 6, 0 MiB, 81920 MiB, 0 %
2026/07/03 19:22:10.200, 7, 0 MiB, 81920 MiB, 0 %
2026/07/03 19:22:20.200, 0, 7733 MiB, 81920 MiB, 0 %
2026/07/03 19:22:20.201, 1, 0 MiB, 81920 MiB, 0 %
2026/07/03 19:22:20.201, 2, 0 MiB, 81920 MiB, 0 %
2026/07/03 19:22:20.201, 3, 0 MiB, 81920 MiB, 0 %
2026/07/03 19:22:20.202, 4, 0 MiB, 81920 MiB, 0 %
2026/07/03 19:22:20.202, 5, 0 MiB, 81920 MiB, 0 %
2026/07/03 19:22:20.202, 6, 0 MiB, 81920 MiB, 0 %
2026/07/03 19:22:20.203, 7, 0 MiB, 81920 MiB, 0 %
2026/07/03 19:22:30.203, 0, 7733 MiB, 81920 MiB, 0 %
2026/07/03 19:22:30.204, 1, 0 MiB, 81920 MiB, 0 %
2026/07/03 19:22:30.204, 2, 0 MiB, 81920 MiB, 0 %
2026/07/03 19:22:30.204, 3, 0 MiB, 81920 MiB, 0 %
2026/07/03 19:22:30.205, 4, 0 MiB, 81920 MiB, 0 %
2026/07/03 19:22:30.205, 5, 0 MiB, 81920 MiB, 0 %
2026/07/03 19:22:30.205, 6, 0 MiB, 81920 MiB, 0 %
2026/07/03 19:22:30.206, 7, 0 MiB, 81920 MiB, 0 %
2026/07/03 19:22:40.206, 0, 7733 MiB, 81920 MiB, 0 %
2026/07/03 19:22:40.207, 1, 0 MiB, 81920 MiB, 0 %
2026/07/03 19:22:40.207, 2, 0 MiB, 81920 MiB, 0 %
2026/07/03 19:22:40.207, 3, 0 MiB, 81920 MiB, 0 %
2026/07/03 19:22:40.208, 4, 0 MiB, 81920 MiB, 0 %
2026/07/03 19:22:40.208, 5, 0 MiB, 81920 MiB, 0 %
2026/07/03 19:22:40.208, 6, 0 MiB, 81920 MiB, 0 %
2026/07/03 19:22:40.209, 7, 0 MiB, 81920 MiB, 0 %
2026/07/03 19:22:50.209, 0, 7733 MiB, 81920 MiB, 56 %
2026/07/03 19:22:50.210, 1, 0 MiB, 81920 MiB, 0 %
2026/07/03 19:22:50.210, 2, 0 MiB, 81920 MiB, 0 %
2026/07/03 19:22:50.210, 3, 0 MiB, 81920 MiB, 0 %
2026/07/03 19:22:50.211, 4, 0 MiB, 81920 MiB, 0 %
2026/07/03 19:22:50.211, 5, 0 MiB, 81920 MiB, 0 %
2026/07/03 19:22:50.211, 6, 0 MiB, 81920 MiB, 0 %
2026/07/03 19:22:50.212, 7, 0 MiB, 81920 MiB, 0 %
2026/07/03 19:23:00.212, 0, 7733 MiB, 81920 MiB, 60 %
2026/07/03 19:23:00.213, 1, 0 MiB, 81920 MiB, 0 %
2026/07/03 19:23:00.213, 2, 0 MiB, 81920 MiB, 0 %
2026/07/03 19:23:00.213, 3, 0 MiB, 81920 MiB, 0 %
2026/07/03 19:23:00.213, 4, 0 MiB, 81920 MiB, 0 %
2026/07/03 19:23:00.214, 5, 0 MiB, 81920 MiB, 0 %
2026/07/03 19:23:00.214, 6, 0 MiB, 81920 MiB, 0 %
2026/07/03 19:23:00.214, 7, 0 MiB, 81920 MiB, 0 %
2026/07/03 19:23:10.215, 0, 7733 MiB, 81920 MiB, 0 %
2026/07/03 19:23:10.216, 1, 0 MiB, 81920 MiB, 0 %
2026/07/03 19:23:10.216, 2, 0 MiB, 81920 MiB, 0 %
2026/07/03 19:23:10.216, 3, 0 MiB, 81920 MiB, 0 %
2026/07/03 19:23:10.217, 4, 0 MiB, 81920 MiB, 0 %
2026/07/03 19:23:10.217, 5, 0 MiB, 81920 MiB, 0 %
2026/07/03 19:23:10.217, 6, 0 MiB, 81920 MiB, 0 %
2026/07/03 19:23:10.217, 7, 0 MiB, 81920 MiB, 0 %
2026/07/03 19:23:20.218, 0, 7733 MiB, 81920 MiB, 0 %
2026/07/03 19:23:20.219, 1, 0 MiB, 81920 MiB, 0 %
2026/07/03 19:23:20.219, 2, 0 MiB, 81920 MiB, 0 %
2026/07/03 19:23:20.219, 3, 0 MiB, 81920 MiB, 0 %
2026/07/03 19:23:20.220, 4, 0 MiB, 81920 MiB, 0 %
2026/07/03 19:23:20.220, 5, 0 MiB, 81920 MiB, 0 %
2026/07/03 19:23:20.220, 6, 0 MiB, 81920 MiB, 0 %
2026/07/03 19:23:20.221, 7, 0 MiB, 81920 MiB, 0 %
2026/07/03 19:23:30.221, 0, 7733 MiB, 81920 MiB, 0 %
2026/07/03 19:23:30.222, 1, 0 MiB, 81920 MiB, 0 %
2026/07/03 19:23:30.222, 2, 0 MiB, 81920 MiB, 0 %
2026/07/03 19:23:30.222, 3, 0 MiB, 81920 MiB, 0 %
2026/07/03 19:23:30.223, 4, 0 MiB, 81920 MiB, 0 %
2026/07/03 19:23:30.223, 5, 0 MiB, 81920 MiB, 0 %
2026/07/03 19:23:30.223, 6, 0 MiB, 81920 MiB, 0 %
2026/07/03 19:23:30.223, 7, 0 MiB, 81920 MiB, 0 %
2026/07/03 19:23:40.224, 0, 7733 MiB, 81920 MiB, 0 %
2026/07/03 19:23:40.225, 1, 0 MiB, 81920 MiB, 0 %
2026/07/03 19:23:40.225, 2, 0 MiB, 81920 MiB, 0 %
2026/07/03 19:23:40.225, 3, 0 MiB, 81920 MiB, 0 %
2026/07/03 19:23:40.225, 4, 0 MiB, 81920 MiB, 0 %
2026/07/03 19:23:40.226, 5, 0 MiB, 81920 MiB, 0 %
2026/07/03 19:23:40.226, 6, 0 MiB, 81920 MiB, 0 %
2026/07/03 19:23:40.226, 7, 0 MiB, 81920 MiB, 0 %
2026/07/03 19:23:50.227, 0, 7733 MiB, 81920 MiB, 0 %
2026/07/03 19:23:50.227, 1, 0 MiB, 81920 MiB, 0 %
2026/07/03 19:23:50.228, 2, 0 MiB, 81920 MiB, 0 %
2026/07/03 19:23:50.228, 3, 0 MiB, 81920 MiB, 0 %
2026/07/03 19:23:50.228, 4, 0 MiB, 81920 MiB, 0 %
2026/07/03 19:23:50.229, 5, 0 MiB, 81920 MiB, 0 %
2026/07/03 19:23:50.229, 6, 0 MiB, 81920 MiB, 0 %
2026/07/03 19:23:50.229, 7, 0 MiB, 81920 MiB, 0 %
2026/07/03 19:24:00.230, 0, 7733 MiB, 81920 MiB, 0 %
2026/07/03 19:24:00.230, 1, 0 MiB, 81920 MiB, 0 %
2026/07/03 19:24:00.230, 2, 0 MiB, 81920 MiB, 0 %
2026/07/03 19:24:00.231, 3, 0 MiB, 81920 MiB, 0 %
2026/07/03 19:24:00.231, 4, 0 MiB, 81920 MiB, 0 %
2026/07/03 19:24:00.231, 5, 0 MiB, 81920 MiB, 0 %
2026/07/03 19:24:00.232, 6, 0 MiB, 81920 MiB, 0 %
2026/07/03 19:24:00.232, 7, 0 MiB, 81920 MiB, 0 %
2026/07/03 19:24:10.233, 0, 7733 MiB, 81920 MiB, 0 %
2026/07/03 19:24:10.233, 1, 0 MiB, 81920 MiB, 0 %
2026/07/03 19:24:10.233, 2, 0 MiB, 81920 MiB, 0 %
2026/07/03 19:24:10.234, 3, 0 MiB, 81920 MiB, 0 %
2026/07/03 19:24:10.234, 4, 0 MiB, 81920 MiB, 0 %
2026/07/03 19:24:10.234, 5, 0 MiB, 81920 MiB, 0 %
2026/07/03 19:24:10.235, 6, 0 MiB, 81920 MiB, 0 %
2026/07/03 19:24:10.235, 7, 0 MiB, 81920 MiB, 0 %
2026/07/03 19:24:20.236, 0, 7733 MiB, 81920 MiB, 0 %
2026/07/03 19:24:20.236, 1, 0 MiB, 81920 MiB, 0 %
2026/07/03 19:24:20.236, 2, 0 MiB, 81920 MiB, 0 %
2026/07/03 19:24:20.237, 3, 0 MiB, 81920 MiB, 0 %
2026/07/03 19:24:20.237, 4, 0 MiB, 81920 MiB, 0 %
2026/07/03 19:24:20.237, 5, 0 MiB, 81920 MiB, 0 %
2026/07/03 19:24:20.237, 6, 0 MiB, 81920 MiB, 0 %
2026/07/03 19:24:20.238, 7, 0 MiB, 81920 MiB, 0 %
2026/07/03 19:24:30.238, 0, 7733 MiB, 81920 MiB, 0 %
2026/07/03 19:24:30.238, 1, 0 MiB, 81920 MiB, 0 %
2026/07/03 19:24:30.239, 2, 0 MiB, 81920 MiB, 0 %
2026/07/03 19:24:30.239, 3, 0 MiB, 81920 MiB, 0 %
2026/07/03 19:24:30.239, 4, 0 MiB, 81920 MiB, 0 %
2026/07/03 19:24:30.240, 5, 0 MiB, 81920 MiB, 0 %
2026/07/03 19:24:30.240, 6, 0 MiB, 81920 MiB, 0 %
2026/07/03 19:24:30.240, 7, 0 MiB, 81920 MiB, 0 %
2026/07/03 19:24:40.241, 0, 7733 MiB, 81920 MiB, 0 %
2026/07/03 19:24:40.241, 1, 0 MiB, 81920 MiB, 0 %
2026/07/03 19:24:40.242, 2, 0 MiB, 81920 MiB, 0 %
2026/07/03 19:24:40.242, 3, 0 MiB, 81920 MiB, 0 %
2026/07/03 19:24:40.242, 4, 0 MiB, 81920 MiB, 0 %
2026/07/03 19:24:40.243, 5, 0 MiB, 81920 MiB, 0 %
2026/07/03 19:24:40.243, 6, 0 MiB, 81920 MiB, 0 %
2026/07/03 19:24:40.243, 7, 0 MiB, 81920 MiB, 0 %
2026/07/03 19:24:50.244, 0, 7733 MiB, 81920 MiB, 0 %
2026/07/03 19:24:50.244, 1, 0 MiB, 81920 MiB, 0 %
2026/07/03 19:24:50.245, 2, 0 MiB, 81920 MiB, 0 %
2026/07/03 19:24:50.245, 3, 0 MiB, 81920 MiB, 0 %
2026/07/03 19:24:50.245, 4, 0 MiB, 81920 MiB, 0 %
2026/07/03 19:24:50.245, 5, 0 MiB, 81920 MiB, 0 %
2026/07/03 19:24:50.246, 6, 0 MiB, 81920 MiB, 0 %
2026/07/03 19:24:50.246, 7, 0 MiB, 81920 MiB, 0 %
2026/07/03 19:25:00.247, 0, 7733 MiB, 81920 MiB, 0 %
2026/07/03 19:25:00.248, 1, 0 MiB, 81920 MiB, 0 %
2026/07/03 19:25:00.248, 2, 0 MiB, 81920 MiB, 0 %
2026/07/03 19:25:00.248, 3, 0 MiB, 81920 MiB, 0 %
2026/07/03 19:25:00.249, 4, 0 MiB, 81920 MiB, 0 %
2026/07/03 19:25:00.249, 5, 0 MiB, 81920 MiB, 0 %
2026/07/03 19:25:00.249, 6, 0 MiB, 81920 MiB, 0 %
2026/07/03 19:25:00.250, 7, 0 MiB, 81920 MiB, 0 %
2026/07/03 19:25:10.250, 0, 7733 MiB, 81920 MiB, 0 %
2026/07/03 19:25:10.251, 1, 0 MiB, 81920 MiB, 0 %
2026/07/03 19:25:10.251, 2, 0 MiB, 81920 MiB, 0 %
2026/07/03 19:25:10.252, 3, 0 MiB, 81920 MiB, 0 %
2026/07/03 19:25:10.252, 4, 0 MiB, 81920 MiB, 0 %
2026/07/03 19:25:10.252, 5, 0 MiB, 81920 MiB, 0 %
2026/07/03 19:25:10.252, 6, 0 MiB, 81920 MiB, 0 %
2026/07/03 19:25:10.253, 7, 0 MiB, 81920 MiB, 0 %
2026/07/03 19:25:20.254, 0, 7733 MiB, 81920 MiB, 0 %
2026/07/03 19:25:20.254, 1, 0 MiB, 81920 MiB, 0 %
2026/07/03 19:25:20.255, 2, 0 MiB, 81920 MiB, 0 %
2026/07/03 19:25:20.255, 3, 0 MiB, 81920 MiB, 0 %
2026/07/03 19:25:20.255, 4, 0 MiB, 81920 MiB, 0 %
2026/07/03 19:25:20.256, 5, 0 MiB, 81920 MiB, 0 %
2026/07/03 19:25:20.256, 6, 0 MiB, 81920 MiB, 0 %
2026/07/03 19:25:20.256, 7, 0 MiB, 81920 MiB, 0 %
2026/07/03 19:25:30.257, 0, 7733 MiB, 81920 MiB, 0 %
2026/07/03 19:25:30.257, 1, 0 MiB, 81920 MiB, 0 %
2026/07/03 19:25:30.258, 2, 0 MiB, 81920 MiB, 0 %
2026/07/03 19:25:30.258, 3, 0 MiB, 81920 MiB, 0 %
2026/07/03 19:25:30.258, 4, 0 MiB, 81920 MiB, 0 %
2026/07/03 19:25:30.258, 5, 0 MiB, 81920 MiB, 0 %
2026/07/03 19:25:30.259, 6, 0 MiB, 81920 MiB, 0 %
2026/07/03 19:25:30.259, 7, 0 MiB, 81920 MiB, 0 %
2026/07/03 19:25:40.260, 0, 7733 MiB, 81920 MiB, 60 %
2026/07/03 19:25:40.260, 1, 0 MiB, 81920 MiB, 0 %
2026/07/03 19:25:40.261, 2, 0 MiB, 81920 MiB, 0 %
2026/07/03 19:25:40.261, 3, 0 MiB, 81920 MiB, 0 %
2026/07/03 19:25:40.261, 4, 0 MiB, 81920 MiB, 0 %
2026/07/03 19:25:40.262, 5, 0 MiB, 81920 MiB, 0 %
2026/07/03 19:25:40.262, 6, 0 MiB, 81920 MiB, 0 %
2026/07/03 19:25:40.262, 7, 0 MiB, 81920 MiB, 0 %
2026/07/03 19:25:50.263, 0, 7733 MiB, 81920 MiB, 0 %
2026/07/03 19:25:50.264, 1, 0 MiB, 81920 MiB, 0 %
2026/07/03 19:25:50.264, 2, 0 MiB, 81920 MiB, 0 %
2026/07/03 19:25:50.264, 3, 0 MiB, 81920 MiB, 0 %
2026/07/03 19:25:50.265, 4, 0 MiB, 81920 MiB, 0 %
2026/07/03 19:25:50.265, 5, 0 MiB, 81920 MiB, 0 %
2026/07/03 19:25:50.265, 6, 0 MiB, 81920 MiB, 0 %
2026/07/03 19:25:50.266, 7, 0 MiB, 81920 MiB, 0 %
2026/07/03 19:26:00.266, 0, 7733 MiB, 81920 MiB, 0 %
2026/07/03 19:26:00.267, 1, 0 MiB, 81920 MiB, 0 %
2026/07/03 19:26:00.267, 2, 0 MiB, 81920 MiB, 0 %
2026/07/03 19:26:00.268, 3, 0 MiB, 81920 MiB, 0 %
2026/07/03 19:26:00.268, 4, 0 MiB, 81920 MiB, 0 %
2026/07/03 19:26:00.268, 5, 0 MiB, 81920 MiB, 0 %
2026/07/03 19:26:00.268, 6, 0 MiB, 81920 MiB, 0 %
2026/07/03 19:26:00.269, 7, 0 MiB, 81920 MiB, 0 %
2026/07/03 19:26:10.269, 0, 7733 MiB, 81920 MiB, 0 %
2026/07/03 19:26:10.270, 1, 0 MiB, 81920 MiB, 0 %
2026/07/03 19:26:10.270, 2, 0 MiB, 81920 MiB, 0 %
2026/07/03 19:26:10.270, 3, 0 MiB, 81920 MiB, 0 %
2026/07/03 19:26:10.271, 4, 0 MiB, 81920 MiB, 0 %
2026/07/03 19:26:10.271, 5, 0 MiB, 81920 MiB, 0 %
2026/07/03 19:26:10.271, 6, 0 MiB, 81920 MiB, 0 %
2026/07/03 19:26:10.272, 7, 0 MiB, 81920 MiB, 0 %
2026/07/03 19:26:20.272, 0, 7733 MiB, 81920 MiB, 0 %
2026/07/03 19:26:20.273, 1, 0 MiB, 81920 MiB, 0 %
2026/07/03 19:26:20.273, 2, 0 MiB, 81920 MiB, 0 %
2026/07/03 19:26:20.273, 3, 0 MiB, 81920 MiB, 0 %
2026/07/03 19:26:20.274, 4, 0 MiB, 81920 MiB, 0 %
2026/07/03 19:26:20.274, 5, 0 MiB, 81920 MiB, 0 %
2026/07/03 19:26:20.274, 6, 0 MiB, 81920 MiB, 0 %
2026/07/03 19:26:20.275, 7, 0 MiB, 81920 MiB, 0 %
2026/07/03 19:26:30.276, 0, 7733 MiB, 81920 MiB, 63 %
2026/07/03 19:26:30.276, 1, 0 MiB, 81920 MiB, 0 %
2026/07/03 19:26:30.277, 2, 0 MiB, 81920 MiB, 0 %
2026/07/03 19:26:30.277, 3, 0 MiB, 81920 MiB, 0 %
2026/07/03 19:26:30.277, 4, 0 MiB, 81920 MiB, 0 %
2026/07/03 19:26:30.278, 5, 0 MiB, 81920 MiB, 0 %
2026/07/03 19:26:30.278, 6, 0 MiB, 81920 MiB, 0 %
2026/07/03 19:26:30.278, 7, 0 MiB, 81920 MiB, 0 %
2026/07/03 19:26:40.279, 0, 7733 MiB, 81920 MiB, 60 %
2026/07/03 19:26:40.279, 1, 0 MiB, 81920 MiB, 0 %
2026/07/03 19:26:40.280, 2, 0 MiB, 81920 MiB, 0 %
2026/07/03 19:26:40.280, 3, 0 MiB, 81920 MiB, 0 %
2026/07/03 19:26:40.280, 4, 0 MiB, 81920 MiB, 0 %
2026/07/03 19:26:40.281, 5, 0 MiB, 81920 MiB, 0 %
2026/07/03 19:26:40.281, 6, 0 MiB, 81920 MiB, 0 %
2026/07/03 19:26:40.281, 7, 0 MiB, 81920 MiB, 0 %
2026/07/03 19:26:50.282, 0, 7733 MiB, 81920 MiB, 60 %
2026/07/03 19:26:50.283, 1, 0 MiB, 81920 MiB, 0 %
2026/07/03 19:26:50.283, 2, 0 MiB, 81920 MiB, 0 %
2026/07/03 19:26:50.283, 3, 0 MiB, 81920 MiB, 0 %
2026/07/03 19:26:50.283, 4, 0 MiB, 81920 MiB, 0 %
2026/07/03 19:26:50.284, 5, 0 MiB, 81920 MiB, 0 %
2026/07/03 19:26:50.284, 6, 0 MiB, 81920 MiB, 0 %
2026/07/03 19:26:50.284, 7, 0 MiB, 81920 MiB, 0 %
2026/07/03 19:27:00.285, 0, 7733 MiB, 81920 MiB, 0 %
2026/07/03 19:27:00.286, 1, 0 MiB, 81920 MiB, 0 %
2026/07/03 19:27:00.286, 2, 0 MiB, 81920 MiB, 0 %
2026/07/03 19:27:00.286, 3, 0 MiB, 81920 MiB, 0 %
2026/07/03 19:27:00.287, 4, 0 MiB, 81920 MiB, 0 %
2026/07/03 19:27:00.287, 5, 0 MiB, 81920 MiB, 0 %
2026/07/03 19:27:00.287, 6, 0 MiB, 81920 MiB, 0 %
2026/07/03 19:27:00.287, 7, 0 MiB, 81920 MiB, 0 %
2026/07/03 19:27:10.288, 0, 7733 MiB, 81920 MiB, 0 %
2026/07/03 19:27:10.289, 1, 0 MiB, 81920 MiB, 0 %
2026/07/03 19:27:10.289, 2, 0 MiB, 81920 MiB, 0 %
2026/07/03 19:27:10.289, 3, 0 MiB, 81920 MiB, 0 %
2026/07/03 19:27:10.289, 4, 0 MiB, 81920 MiB, 0 %
2026/07/03 19:27:10.290, 5, 0 MiB, 81920 MiB, 0 %
2026/07/03 19:27:10.290, 6, 0 MiB, 81920 MiB, 0 %
2026/07/03 19:27:10.290, 7, 0 MiB, 81920 MiB, 0 %
2026/07/03 19:27:20.291, 0, 7733 MiB, 81920 MiB, 0 %
2026/07/03 19:27:20.292, 1, 0 MiB, 81920 MiB, 0 %
2026/07/03 19:27:20.292, 2, 0 MiB, 81920 MiB, 0 %
2026/07/03 19:27:20.292, 3, 0 MiB, 81920 MiB, 0 %
2026/07/03 19:27:20.292, 4, 0 MiB, 81920 MiB, 0 %
2026/07/03 19:27:20.300, 5, 0 MiB, 81920 MiB, 0 %
2026/07/03 19:27:20.301, 6, 0 MiB, 81920 MiB, 0 %
2026/07/03 19:27:20.301, 7, 0 MiB, 81920 MiB, 0 %
2026/07/03 19:27:30.302, 0, 7733 MiB, 81920 MiB, 0 %
2026/07/03 19:27:30.302, 1, 0 MiB, 81920 MiB, 0 %
2026/07/03 19:27:30.302, 2, 0 MiB, 81920 MiB, 0 %
2026/07/03 19:27:30.303, 3, 0 MiB, 81920 MiB, 0 %
2026/07/03 19:27:30.303, 4, 0 MiB, 81920 MiB, 0 %
2026/07/03 19:27:30.303, 5, 0 MiB, 81920 MiB, 0 %
2026/07/03 19:27:30.304, 6, 0 MiB, 81920 MiB, 0 %
2026/07/03 19:27:30.304, 7, 0 MiB, 81920 MiB, 0 %
2026/07/03 19:27:40.305, 0, 7733 MiB, 81920 MiB, 0 %
2026/07/03 19:27:40.305, 1, 0 MiB, 81920 MiB, 0 %
2026/07/03 19:27:40.305, 2, 0 MiB, 81920 MiB, 0 %
2026/07/03 19:27:40.306, 3, 0 MiB, 81920 MiB, 0 %
2026/07/03 19:27:40.306, 4, 0 MiB, 81920 MiB, 0 %
2026/07/03 19:27:40.306, 5, 0 MiB, 81920 MiB, 0 %
2026/07/03 19:27:40.307, 6, 0 MiB, 81920 MiB, 0 %
2026/07/03 19:27:40.307, 7, 0 MiB, 81920 MiB, 0 %
2026/07/03 19:27:50.308, 0, 7733 MiB, 81920 MiB, 0 %
2026/07/03 19:27:50.308, 1, 0 MiB, 81920 MiB, 0 %
2026/07/03 19:27:50.309, 2, 0 MiB, 81920 MiB, 0 %
2026/07/03 19:27:50.309, 3, 0 MiB, 81920 MiB, 0 %
2026/07/03 19:27:50.309, 4, 0 MiB, 81920 MiB, 0 %
2026/07/03 19:27:50.309, 5, 0 MiB, 81920 MiB, 0 %
2026/07/03 19:27:50.310, 6, 0 MiB, 81920 MiB, 0 %
2026/07/03 19:27:50.310, 7, 0 MiB, 81920 MiB, 0 %
2026/07/03 19:28:00.311, 0, 7733 MiB, 81920 MiB, 0 %
2026/07/03 19:28:00.311, 1, 0 MiB, 81920 MiB, 0 %
2026/07/03 19:28:00.312, 2, 0 MiB, 81920 MiB, 0 %
2026/07/03 19:28:00.312, 3, 0 MiB, 81920 MiB, 0 %
2026/07/03 19:28:00.312, 4, 0 MiB, 81920 MiB, 0 %
2026/07/03 19:28:00.313, 5, 0 MiB, 81920 MiB, 0 %
2026/07/03 19:28:00.313, 6, 0 MiB, 81920 MiB, 0 %
2026/07/03 19:28:00.313, 7, 0 MiB, 81920 MiB, 0 %
2026/07/03 19:28:10.314, 0, 7733 MiB, 81920 MiB, 0 %
2026/07/03 19:28:10.315, 1, 0 MiB, 81920 MiB, 0 %
2026/07/03 19:28:10.315, 2, 0 MiB, 81920 MiB, 0 %
2026/07/03 19:28:10.315, 3, 0 MiB, 81920 MiB, 0 %
2026/07/03 19:28:10.315, 4, 0 MiB, 81920 MiB, 0 %
2026/07/03 19:28:10.316, 5, 0 MiB, 81920 MiB, 0 %
2026/07/03 19:28:10.316, 6, 0 MiB, 81920 MiB, 0 %
2026/07/03 19:28:10.316, 7, 0 MiB, 81920 MiB, 0 %
2026/07/03 19:28:20.317, 0, 7733 MiB, 81920 MiB, 0 %
2026/07/03 19:28:20.318, 1, 0 MiB, 81920 MiB, 0 %
2026/07/03 19:28:20.318, 2, 0 MiB, 81920 MiB, 0 %
2026/07/03 19:28:20.318, 3, 0 MiB, 81920 MiB, 0 %
2026/07/03 19:28:20.319, 4, 0 MiB, 81920 MiB, 0 %
2026/07/03 19:28:20.319, 5, 0 MiB, 81920 MiB, 0 %
2026/07/03 19:28:20.319, 6, 0 MiB, 81920 MiB, 0 %
2026/07/03 19:28:20.319, 7, 0 MiB, 81920 MiB, 0 %
2026/07/03 19:28:30.320, 0, 7733 MiB, 81920 MiB, 0 %
2026/07/03 19:28:30.321, 1, 0 MiB, 81920 MiB, 0 %
2026/07/03 19:28:30.321, 2, 0 MiB, 81920 MiB, 0 %
2026/07/03 19:28:30.322, 3, 0 MiB, 81920 MiB, 0 %
2026/07/03 19:28:30.322, 4, 0 MiB, 81920 MiB, 0 %
2026/07/03 19:28:30.322, 5, 0 MiB, 81920 MiB, 0 %
2026/07/03 19:28:30.322, 6, 0 MiB, 81920 MiB, 0 %
2026/07/03 19:28:30.323, 7, 0 MiB, 81920 MiB, 0 %
2026/07/03 19:28:40.324, 0, 7733 MiB, 81920 MiB, 0 %
2026/07/03 19:28:40.324, 1, 0 MiB, 81920 MiB, 0 %
2026/07/03 19:28:40.324, 2, 0 MiB, 81920 MiB, 0 %
2026/07/03 19:28:40.325, 3, 0 MiB, 81920 MiB, 0 %
2026/07/03 19:28:40.325, 4, 0 MiB, 81920 MiB, 0 %
2026/07/03 19:28:40.325, 5, 0 MiB, 81920 MiB, 0 %
2026/07/03 19:28:40.325, 6, 0 MiB, 81920 MiB, 0 %
2026/07/03 19:28:40.326, 7, 0 MiB, 81920 MiB, 0 %
2026/07/03 19:28:50.326, 0, 7733 MiB, 81920 MiB, 0 %
2026/07/03 19:28:50.327, 1, 0 MiB, 81920 MiB, 0 %
2026/07/03 19:28:50.327, 2, 0 MiB, 81920 MiB, 0 %
2026/07/03 19:28:50.327, 3, 0 MiB, 81920 MiB, 0 %
2026/07/03 19:28:50.328, 4, 0 MiB, 81920 MiB, 0 %
2026/07/03 19:28:50.328, 5, 0 MiB, 81920 MiB, 0 %
2026/07/03 19:28:50.328, 6, 0 MiB, 81920 MiB, 0 %
2026/07/03 19:28:50.328, 7, 0 MiB, 81920 MiB, 0 %
2026/07/03 19:29:00.330, 0, 7733 MiB, 81920 MiB, 0 %
2026/07/03 19:29:00.330, 1, 0 MiB, 81920 MiB, 0 %
2026/07/03 19:29:00.330, 2, 0 MiB, 81920 MiB, 0 %
2026/07/03 19:29:00.331, 3, 0 MiB, 81920 MiB, 0 %
2026/07/03 19:29:00.331, 4, 0 MiB, 81920 MiB, 0 %
2026/07/03 19:29:00.331, 5, 0 MiB, 81920 MiB, 0 %
2026/07/03 19:29:00.332, 6, 0 MiB, 81920 MiB, 0 %
2026/07/03 19:29:00.332, 7, 0 MiB, 81920 MiB, 0 %
2026/07/03 19:29:10.333, 0, 7733 MiB, 81920 MiB, 0 %
2026/07/03 19:29:10.334, 1, 0 MiB, 81920 MiB, 0 %
2026/07/03 19:29:10.334, 2, 0 MiB, 81920 MiB, 0 %
2026/07/03 19:29:10.334, 3, 0 MiB, 81920 MiB, 0 %
2026/07/03 19:29:10.334, 4, 0 MiB, 81920 MiB, 0 %
2026/07/03 19:29:10.335, 5, 0 MiB, 81920 MiB, 0 %
2026/07/03 19:29:10.335, 6, 0 MiB, 81920 MiB, 0 %
2026/07/03 19:29:10.335, 7, 0 MiB, 81920 MiB, 0 %
2026/07/03 19:29:20.336, 0, 7733 MiB, 81920 MiB, 0 %
2026/07/03 19:29:20.336, 1, 0 MiB, 81920 MiB, 0 %
2026/07/03 19:29:20.337, 2, 0 MiB, 81920 MiB, 0 %
2026/07/03 19:29:20.337, 3, 0 MiB, 81920 MiB, 0 %
2026/07/03 19:29:20.337, 4, 0 MiB, 81920 MiB, 0 %
2026/07/03 19:29:20.338, 5, 0 MiB, 81920 MiB, 0 %
2026/07/03 19:29:20.338, 6, 0 MiB, 81920 MiB, 0 %
2026/07/03 19:29:20.338, 7, 0 MiB, 81920 MiB, 0 %
2026/07/03 19:29:30.339, 0, 7733 MiB, 81920 MiB, 0 %
2026/07/03 19:29:30.339, 1, 0 MiB, 81920 MiB, 0 %
2026/07/03 19:29:30.340, 2, 0 MiB, 81920 MiB, 0 %
2026/07/03 19:29:30.340, 3, 0 MiB, 81920 MiB, 0 %
2026/07/03 19:29:30.340, 4, 0 MiB, 81920 MiB, 0 %
2026/07/03 19:29:30.341, 5, 0 MiB, 81920 MiB, 0 %
2026/07/03 19:29:30.341, 6, 0 MiB, 81920 MiB, 0 %
2026/07/03 19:29:30.341, 7, 0 MiB, 81920 MiB, 0 %
2026/07/03 19:29:40.342, 0, 7733 MiB, 81920 MiB, 0 %
2026/07/03 19:29:40.343, 1, 0 MiB, 81920 MiB, 0 %
2026/07/03 19:29:40.343, 2, 0 MiB, 81920 MiB, 0 %
2026/07/03 19:29:40.343, 3, 0 MiB, 81920 MiB, 0 %
2026/07/03 19:29:40.343, 4, 0 MiB, 81920 MiB, 0 %
2026/07/03 19:29:40.344, 5, 0 MiB, 81920 MiB, 0 %
2026/07/03 19:29:40.344, 6, 0 MiB, 81920 MiB, 0 %
2026/07/03 19:29:40.344, 7, 0 MiB, 81920 MiB, 0 %
2026/07/03 19:29:50.345, 0, 7733 MiB, 81920 MiB, 0 %
2026/07/03 19:29:50.346, 1, 0 MiB, 81920 MiB, 0 %
2026/07/03 19:29:50.346, 2, 0 MiB, 81920 MiB, 0 %
2026/07/03 19:29:50.346, 3, 0 MiB, 81920 MiB, 0 %
2026/07/03 19:29:50.347, 4, 0 MiB, 81920 MiB, 0 %
2026/07/03 19:29:50.347, 5, 0 MiB, 81920 MiB, 0 %
2026/07/03 19:29:50.347, 6, 0 MiB, 81920 MiB, 0 %
2026/07/03 19:29:50.348, 7, 0 MiB, 81920 MiB, 0 %
2026/07/03 19:30:00.348, 0, 7733 MiB, 81920 MiB, 0 %
2026/07/03 19:30:00.349, 1, 0 MiB, 81920 MiB, 0 %
2026/07/03 19:30:00.349, 2, 0 MiB, 81920 MiB, 0 %
2026/07/03 19:30:00.349, 3, 0 MiB, 81920 MiB, 0 %
2026/07/03 19:30:00.350, 4, 0 MiB, 81920 MiB, 0 %
2026/07/03 19:30:00.350, 5, 0 MiB, 81920 MiB, 0 %
2026/07/03 19:30:00.350, 6, 0 MiB, 81920 MiB, 0 %
2026/07/03 19:30:00.350, 7, 0 MiB, 81920 MiB, 0 %
2026/07/03 19:30:10.352, 0, 7733 MiB, 81920 MiB, 0 %
2026/07/03 19:30:10.352, 1, 0 MiB, 81920 MiB, 0 %
2026/07/03 19:30:10.353, 2, 0 MiB, 81920 MiB, 0 %
2026/07/03 19:30:10.353, 3, 0 MiB, 81920 MiB, 0 %
2026/07/03 19:30:10.353, 4, 0 MiB, 81920 MiB, 0 %
2026/07/03 19:30:10.353, 5, 0 MiB, 81920 MiB, 0 %
2026/07/03 19:30:10.354, 6, 0 MiB, 81920 MiB, 0 %
2026/07/03 19:30:10.354, 7, 0 MiB, 81920 MiB, 0 %
2026/07/03 19:30:20.355, 0, 7733 MiB, 81920 MiB, 0 %
2026/07/03 19:30:20.355, 1, 0 MiB, 81920 MiB, 0 %
2026/07/03 19:30:20.355, 2, 0 MiB, 81920 MiB, 0 %
2026/07/03 19:30:20.356, 3, 0 MiB, 81920 MiB, 0 %
2026/07/03 19:30:20.356, 4, 0 MiB, 81920 MiB, 0 %
2026/07/03 19:30:20.356, 5, 0 MiB, 81920 MiB, 0 %
2026/07/03 19:30:20.357, 6, 0 MiB, 81920 MiB, 0 %
2026/07/03 19:30:20.357, 7, 0 MiB, 81920 MiB, 0 %
2026/07/03 19:30:30.358, 0, 7733 MiB, 81920 MiB, 0 %
2026/07/03 19:30:30.358, 1, 0 MiB, 81920 MiB, 0 %
2026/07/03 19:30:30.358, 2, 0 MiB, 81920 MiB, 0 %
2026/07/03 19:30:30.359, 3, 0 MiB, 81920 MiB, 0 %
2026/07/03 19:30:30.359, 4, 0 MiB, 81920 MiB, 0 %
2026/07/03 19:30:30.359, 5, 0 MiB, 81920 MiB, 0 %
2026/07/03 19:30:30.359, 6, 0 MiB, 81920 MiB, 0 %
2026/07/03 19:30:30.360, 7, 0 MiB, 81920 MiB, 0 %
2026/07/03 19:30:40.360, 0, 7733 MiB, 81920 MiB, 0 %
2026/07/03 19:30:40.361, 1, 0 MiB, 81920 MiB, 0 %
2026/07/03 19:30:40.361, 2, 0 MiB, 81920 MiB, 0 %
2026/07/03 19:30:40.361, 3, 0 MiB, 81920 MiB, 0 %
2026/07/03 19:30:40.362, 4, 0 MiB, 81920 MiB, 0 %
2026/07/03 19:30:40.362, 5, 0 MiB, 81920 MiB, 0 %
2026/07/03 19:30:40.362, 6, 0 MiB, 81920 MiB, 0 %
2026/07/03 19:30:40.363, 7, 0 MiB, 81920 MiB, 0 %
2026/07/03 19:30:50.364, 0, 7733 MiB, 81920 MiB, 0 %
2026/07/03 19:30:50.365, 1, 0 MiB, 81920 MiB, 0 %
2026/07/03 19:30:50.365, 2, 0 MiB, 81920 MiB, 0 %
2026/07/03 19:30:50.365, 3, 0 MiB, 81920 MiB, 0 %
2026/07/03 19:30:50.365, 4, 0 MiB, 81920 MiB, 0 %
2026/07/03 19:30:50.366, 5, 0 MiB, 81920 MiB, 0 %
2026/07/03 19:30:50.366, 6, 0 MiB, 81920 MiB, 0 %
2026/07/03 19:30:50.366, 7, 0 MiB, 81920 MiB, 0 %
2026/07/03 19:31:00.367, 0, 7733 MiB, 81920 MiB, 0 %
2026/07/03 19:31:00.367, 1, 0 MiB, 81920 MiB, 0 %
2026/07/03 19:31:00.368, 2, 0 MiB, 81920 MiB, 0 %
2026/07/03 19:31:00.368, 3, 0 MiB, 81920 MiB, 0 %
2026/07/03 19:31:00.368, 4, 0 MiB, 81920 MiB, 0 %
2026/07/03 19:31:00.369, 5, 0 MiB, 81920 MiB, 0 %
2026/07/03 19:31:00.369, 6, 0 MiB, 81920 MiB, 0 %
2026/07/03 19:31:00.369, 7, 0 MiB, 81920 MiB, 0 %
2026/07/03 19:31:10.370, 0, 7733 MiB, 81920 MiB, 0 %
2026/07/03 19:31:10.371, 1, 0 MiB, 81920 MiB, 0 %
2026/07/03 19:31:10.371, 2, 0 MiB, 81920 MiB, 0 %
2026/07/03 19:31:10.371, 3, 0 MiB, 81920 MiB, 0 %
2026/07/03 19:31:10.371, 4, 0 MiB, 81920 MiB, 0 %
2026/07/03 19:31:10.372, 5, 0 MiB, 81920 MiB, 0 %
2026/07/03 19:31:10.372, 6, 0 MiB, 81920 MiB, 0 %
2026/07/03 19:31:10.372, 7, 0 MiB, 81920 MiB, 0 %
2026/07/03 19:31:20.373, 0, 7733 MiB, 81920 MiB, 0 %
2026/07/03 19:31:20.373, 1, 0 MiB, 81920 MiB, 0 %
2026/07/03 19:31:20.374, 2, 0 MiB, 81920 MiB, 0 %
2026/07/03 19:31:20.374, 3, 0 MiB, 81920 MiB, 0 %
2026/07/03 19:31:20.374, 4, 0 MiB, 81920 MiB, 0 %
2026/07/03 19:31:20.375, 5, 0 MiB, 81920 MiB, 0 %
2026/07/03 19:31:20.375, 6, 0 MiB, 81920 MiB, 0 %
2026/07/03 19:31:20.375, 7, 0 MiB, 81920 MiB, 0 %
2026/07/03 19:31:30.376, 0, 7733 MiB, 81920 MiB, 0 %
2026/07/03 19:31:30.377, 1, 0 MiB, 81920 MiB, 0 %
2026/07/03 19:31:30.377, 2, 0 MiB, 81920 MiB, 0 %
2026/07/03 19:31:30.377, 3, 0 MiB, 81920 MiB, 0 %
2026/07/03 19:31:30.378, 4, 0 MiB, 81920 MiB, 0 %
2026/07/03 19:31:30.378, 5, 0 MiB, 81920 MiB, 0 %
2026/07/03 19:31:30.378, 6, 0 MiB, 81920 MiB, 0 %
2026/07/03 19:31:30.379, 7, 0 MiB, 81920 MiB, 0 %
2026/07/03 19:31:40.379, 0, 7733 MiB, 81920 MiB, 0 %
2026/07/03 19:31:40.380, 1, 0 MiB, 81920 MiB, 0 %
2026/07/03 19:31:40.380, 2, 0 MiB, 81920 MiB, 0 %
2026/07/03 19:31:40.380, 3, 0 MiB, 81920 MiB, 0 %
2026/07/03 19:31:40.380, 4, 0 MiB, 81920 MiB, 0 %
2026/07/03 19:31:40.381, 5, 0 MiB, 81920 MiB, 0 %
2026/07/03 19:31:40.381, 6, 0 MiB, 81920 MiB, 0 %
2026/07/03 19:31:40.381, 7, 0 MiB, 81920 MiB, 0 %
2026/07/03 19:31:50.382, 0, 7733 MiB, 81920 MiB, 0 %
2026/07/03 19:31:50.382, 1, 0 MiB, 81920 MiB, 0 %
2026/07/03 19:31:50.383, 2, 0 MiB, 81920 MiB, 0 %
2026/07/03 19:31:50.383, 3, 0 MiB, 81920 MiB, 0 %
2026/07/03 19:31:50.383, 4, 0 MiB, 81920 MiB, 0 %
2026/07/03 19:31:50.384, 5, 0 MiB, 81920 MiB, 0 %
2026/07/03 19:31:50.384, 6, 0 MiB, 81920 MiB, 0 %
2026/07/03 19:31:50.384, 7, 0 MiB, 81920 MiB, 0 %
2026/07/03 19:32:00.385, 0, 7733 MiB, 81920 MiB, 0 %
2026/07/03 19:32:00.386, 1, 0 MiB, 81920 MiB, 0 %
2026/07/03 19:32:00.386, 2, 0 MiB, 81920 MiB, 0 %
2026/07/03 19:32:00.386, 3, 0 MiB, 81920 MiB, 0 %
2026/07/03 19:32:00.387, 4, 0 MiB, 81920 MiB, 0 %
2026/07/03 19:32:00.387, 5, 0 MiB, 81920 MiB, 0 %
2026/07/03 19:32:00.387, 6, 0 MiB, 81920 MiB, 0 %
2026/07/03 19:32:00.387, 7, 0 MiB, 81920 MiB, 0 %
2026/07/03 19:32:10.388, 0, 7733 MiB, 81920 MiB, 0 %
2026/07/03 19:32:10.389, 1, 0 MiB, 81920 MiB, 0 %
2026/07/03 19:32:10.389, 2, 0 MiB, 81920 MiB, 0 %
2026/07/03 19:32:10.389, 3, 0 MiB, 81920 MiB, 0 %
2026/07/03 19:32:10.390, 4, 0 MiB, 81920 MiB, 0 %
2026/07/03 19:32:10.390, 5, 0 MiB, 81920 MiB, 0 %
2026/07/03 19:32:10.390, 6, 0 MiB, 81920 MiB, 0 %
2026/07/03 19:32:10.390, 7, 0 MiB, 81920 MiB, 0 %
2026/07/03 19:32:20.391, 0, 7733 MiB, 81920 MiB, 0 %
2026/07/03 19:32:20.391, 1, 0 MiB, 81920 MiB, 0 %
2026/07/03 19:32:20.392, 2, 0 MiB, 81920 MiB, 0 %
2026/07/03 19:32:20.392, 3, 0 MiB, 81920 MiB, 0 %
2026/07/03 19:32:20.392, 4, 0 MiB, 81920 MiB, 0 %
2026/07/03 19:32:20.393, 5, 0 MiB, 81920 MiB, 0 %
2026/07/03 19:32:20.393, 6, 0 MiB, 81920 MiB, 0 %
2026/07/03 19:32:20.393, 7, 0 MiB, 81920 MiB, 0 %
2026/07/03 19:32:30.394, 0, 7733 MiB, 81920 MiB, 0 %
2026/07/03 19:32:30.395, 1, 0 MiB, 81920 MiB, 0 %
2026/07/03 19:32:30.395, 2, 0 MiB, 81920 MiB, 0 %
2026/07/03 19:32:30.395, 3, 0 MiB, 81920 MiB, 0 %
2026/07/03 19:32:30.395, 4, 0 MiB, 81920 MiB, 0 %
2026/07/03 19:32:30.396, 5, 0 MiB, 81920 MiB, 0 %
2026/07/03 19:32:30.396, 6, 0 MiB, 81920 MiB, 0 %
2026/07/03 19:32:30.396, 7, 0 MiB, 81920 MiB, 0 %
2026/07/03 19:32:40.397, 0, 7733 MiB, 81920 MiB, 0 %
2026/07/03 19:32:40.398, 1, 0 MiB, 81920 MiB, 0 %
2026/07/03 19:32:40.398, 2, 0 MiB, 81920 MiB, 0 %
2026/07/03 19:32:40.398, 3, 0 MiB, 81920 MiB, 0 %
2026/07/03 19:32:40.398, 4, 0 MiB, 81920 MiB, 0 %
2026/07/03 19:32:40.399, 5, 0 MiB, 81920 MiB, 0 %
2026/07/03 19:32:40.399, 6, 0 MiB, 81920 MiB, 0 %
2026/07/03 19:32:40.399, 7, 0 MiB, 81920 MiB, 0 %
2026/07/03 19:32:50.400, 0, 7733 MiB, 81920 MiB, 55 %
2026/07/03 19:32:50.401, 1, 0 MiB, 81920 MiB, 0 %
2026/07/03 19:32:50.401, 2, 0 MiB, 81920 MiB, 0 %
2026/07/03 19:32:50.401, 3, 0 MiB, 81920 MiB, 0 %
2026/07/03 19:32:50.402, 4, 0 MiB, 81920 MiB, 0 %
2026/07/03 19:32:50.402, 5, 0 MiB, 81920 MiB, 0 %
2026/07/03 19:32:50.402, 6, 0 MiB, 81920 MiB, 0 %
2026/07/03 19:32:50.402, 7, 0 MiB, 81920 MiB, 0 %
2026/07/03 19:33:00.403, 0, 7733 MiB, 81920 MiB, 0 %
2026/07/03 19:33:00.403, 1, 0 MiB, 81920 MiB, 0 %
2026/07/03 19:33:00.404, 2, 0 MiB, 81920 MiB, 0 %
2026/07/03 19:33:00.404, 3, 0 MiB, 81920 MiB, 0 %
2026/07/03 19:33:00.404, 4, 0 MiB, 81920 MiB, 0 %
2026/07/03 19:33:00.405, 5, 0 MiB, 81920 MiB, 0 %
2026/07/03 19:33:00.405, 6, 0 MiB, 81920 MiB, 0 %
2026/07/03 19:33:00.405, 7, 0 MiB, 81920 MiB, 0 %
2026/07/03 19:33:10.406, 0, 7733 MiB, 81920 MiB, 0 %
2026/07/03 19:33:10.406, 1, 0 MiB, 81920 MiB, 0 %
2026/07/03 19:33:10.407, 2, 0 MiB, 81920 MiB, 0 %
2026/07/03 19:33:10.407, 3, 0 MiB, 81920 MiB, 0 %
2026/07/03 19:33:10.407, 4, 0 MiB, 81920 MiB, 0 %
2026/07/03 19:33:10.408, 5, 0 MiB, 81920 MiB, 0 %
2026/07/03 19:33:10.408, 6, 0 MiB, 81920 MiB, 0 %
2026/07/03 19:33:10.408, 7, 0 MiB, 81920 MiB, 0 %
2026/07/03 19:33:20.409, 0, 7733 MiB, 81920 MiB, 61 %
2026/07/03 19:33:20.409, 1, 0 MiB, 81920 MiB, 0 %
2026/07/03 19:33:20.410, 2, 0 MiB, 81920 MiB, 0 %
2026/07/03 19:33:20.410, 3, 0 MiB, 81920 MiB, 0 %
2026/07/03 19:33:20.410, 4, 0 MiB, 81920 MiB, 0 %
2026/07/03 19:33:20.411, 5, 0 MiB, 81920 MiB, 0 %
2026/07/03 19:33:20.411, 6, 0 MiB, 81920 MiB, 0 %
2026/07/03 19:33:20.411, 7, 0 MiB, 81920 MiB, 0 %
2026/07/03 19:33:30.412, 0, 7733 MiB, 81920 MiB, 61 %
2026/07/03 19:33:30.412, 1, 0 MiB, 81920 MiB, 0 %
2026/07/03 19:33:30.412, 2, 0 MiB, 81920 MiB, 0 %
2026/07/03 19:33:30.413, 3, 0 MiB, 81920 MiB, 0 %
2026/07/03 19:33:30.413, 4, 0 MiB, 81920 MiB, 0 %
2026/07/03 19:33:30.413, 5, 0 MiB, 81920 MiB, 0 %
2026/07/03 19:33:30.414, 6, 0 MiB, 81920 MiB, 0 %
2026/07/03 19:33:30.414, 7, 0 MiB, 81920 MiB, 0 %
2026/07/03 19:33:40.415, 0, 7733 MiB, 81920 MiB, 0 %
2026/07/03 19:33:40.415, 1, 0 MiB, 81920 MiB, 0 %
2026/07/03 19:33:40.416, 2, 0 MiB, 81920 MiB, 0 %
2026/07/03 19:33:40.416, 3, 0 MiB, 81920 MiB, 0 %
2026/07/03 19:33:40.416, 4, 0 MiB, 81920 MiB, 0 %
2026/07/03 19:33:40.416, 5, 0 MiB, 81920 MiB, 0 %
2026/07/03 19:33:40.417, 6, 0 MiB, 81920 MiB, 0 %
2026/07/03 19:33:40.417, 7, 0 MiB, 81920 MiB, 0 %
2026/07/03 19:33:50.417, 0, 7733 MiB, 81920 MiB, 0 %
2026/07/03 19:33:50.418, 1, 0 MiB, 81920 MiB, 0 %
2026/07/03 19:33:50.418, 2, 0 MiB, 81920 MiB, 0 %
2026/07/03 19:33:50.419, 3, 0 MiB, 81920 MiB, 0 %
2026/07/03 19:33:50.419, 4, 0 MiB, 81920 MiB, 0 %
2026/07/03 19:33:50.419, 5, 0 MiB, 81920 MiB, 0 %
2026/07/03 19:33:50.420, 6, 0 MiB, 81920 MiB, 0 %
2026/07/03 19:33:50.420, 7, 0 MiB, 81920 MiB, 0 %
2026/07/03 19:34:00.421, 0, 7733 MiB, 81920 MiB, 0 %
2026/07/03 19:34:00.421, 1, 0 MiB, 81920 MiB, 0 %
2026/07/03 19:34:00.421, 2, 0 MiB, 81920 MiB, 0 %
2026/07/03 19:34:00.422, 3, 0 MiB, 81920 MiB, 0 %
2026/07/03 19:34:00.422, 4, 0 MiB, 81920 MiB, 0 %
2026/07/03 19:34:00.422, 5, 0 MiB, 81920 MiB, 0 %
2026/07/03 19:34:00.423, 6, 0 MiB, 81920 MiB, 0 %
2026/07/03 19:34:00.423, 7, 0 MiB, 81920 MiB, 0 %
2026/07/03 19:34:10.424, 0, 7733 MiB, 81920 MiB, 0 %
2026/07/03 19:34:10.424, 1, 0 MiB, 81920 MiB, 0 %
2026/07/03 19:34:10.424, 2, 0 MiB, 81920 MiB, 0 %
2026/07/03 19:34:10.425, 3, 0 MiB, 81920 MiB, 0 %
2026/07/03 19:34:10.425, 4, 0 MiB, 81920 MiB, 0 %
2026/07/03 19:34:10.425, 5, 0 MiB, 81920 MiB, 0 %
2026/07/03 19:34:10.426, 6, 0 MiB, 81920 MiB, 0 %
2026/07/03 19:34:10.426, 7, 0 MiB, 81920 MiB, 0 %
2026/07/03 19:34:20.427, 0, 7733 MiB, 81920 MiB, 0 %
2026/07/03 19:34:20.427, 1, 0 MiB, 81920 MiB, 0 %
2026/07/03 19:34:20.427, 2, 0 MiB, 81920 MiB, 0 %
2026/07/03 19:34:20.428, 3, 0 MiB, 81920 MiB, 0 %
2026/07/03 19:34:20.428, 4, 0 MiB, 81920 MiB, 0 %
2026/07/03 19:34:20.428, 5, 0 MiB, 81920 MiB, 0 %
2026/07/03 19:34:20.429, 6, 0 MiB, 81920 MiB, 0 %
2026/07/03 19:34:20.429, 7, 0 MiB, 81920 MiB, 0 %
2026/07/03 19:34:30.429, 0, 7733 MiB, 81920 MiB, 0 %
2026/07/03 19:34:30.430, 1, 0 MiB, 81920 MiB, 0 %
2026/07/03 19:34:30.430, 2, 0 MiB, 81920 MiB, 0 %
2026/07/03 19:34:30.431, 3, 0 MiB, 81920 MiB, 0 %
2026/07/03 19:34:30.431, 4, 0 MiB, 81920 MiB, 0 %
2026/07/03 19:34:30.431, 5, 0 MiB, 81920 MiB, 0 %
2026/07/03 19:34:30.432, 6, 0 MiB, 81920 MiB, 0 %
2026/07/03 19:34:30.432, 7, 0 MiB, 81920 MiB, 0 %
2026/07/03 19:34:40.432, 0, 7733 MiB, 81920 MiB, 61 %
2026/07/03 19:34:40.433, 1, 0 MiB, 81920 MiB, 0 %
2026/07/03 19:34:40.433, 2, 0 MiB, 81920 MiB, 0 %
2026/07/03 19:34:40.433, 3, 0 MiB, 81920 MiB, 0 %
2026/07/03 19:34:40.434, 4, 0 MiB, 81920 MiB, 0 %
2026/07/03 19:34:40.434, 5, 0 MiB, 81920 MiB, 0 %
2026/07/03 19:34:40.434, 6, 0 MiB, 81920 MiB, 0 %
2026/07/03 19:34:40.435, 7, 0 MiB, 81920 MiB, 0 %
2026/07/03 19:34:50.435, 0, 7733 MiB, 81920 MiB, 0 %
2026/07/03 19:34:50.436, 1, 0 MiB, 81920 MiB, 0 %
2026/07/03 19:34:50.436, 2, 0 MiB, 81920 MiB, 0 %
2026/07/03 19:34:50.436, 3, 0 MiB, 81920 MiB, 0 %
2026/07/03 19:34:50.437, 4, 0 MiB, 81920 MiB, 0 %
2026/07/03 19:34:50.437, 5, 0 MiB, 81920 MiB, 0 %
2026/07/03 19:34:50.437, 6, 0 MiB, 81920 MiB, 0 %
2026/07/03 19:34:50.438, 7, 0 MiB, 81920 MiB, 0 %
2026/07/03 19:35:00.438, 0, 7733 MiB, 81920 MiB, 0 %
2026/07/03 19:35:00.439, 1, 0 MiB, 81920 MiB, 0 %
2026/07/03 19:35:00.439, 2, 0 MiB, 81920 MiB, 0 %
2026/07/03 19:35:00.439, 3, 0 MiB, 81920 MiB, 0 %
2026/07/03 19:35:00.440, 4, 0 MiB, 81920 MiB, 0 %
2026/07/03 19:35:00.440, 5, 0 MiB, 81920 MiB, 0 %
2026/07/03 19:35:00.440, 6, 0 MiB, 81920 MiB, 0 %
2026/07/03 19:35:00.440, 7, 0 MiB, 81920 MiB, 0 %
2026/07/03 19:35:10.441, 0, 7733 MiB, 81920 MiB, 0 %
2026/07/03 19:35:10.442, 1, 0 MiB, 81920 MiB, 0 %
2026/07/03 19:35:10.442, 2, 0 MiB, 81920 MiB, 0 %
2026/07/03 19:35:10.442, 3, 0 MiB, 81920 MiB, 0 %
2026/07/03 19:35:10.443, 4, 0 MiB, 81920 MiB, 0 %
2026/07/03 19:35:10.443, 5, 0 MiB, 81920 MiB, 0 %
2026/07/03 19:35:10.443, 6, 0 MiB, 81920 MiB, 0 %
2026/07/03 19:35:10.444, 7, 0 MiB, 81920 MiB, 0 %
2026/07/03 19:35:20.444, 0, 7733 MiB, 81920 MiB, 0 %
2026/07/03 19:35:20.445, 1, 0 MiB, 81920 MiB, 0 %
2026/07/03 19:35:20.445, 2, 0 MiB, 81920 MiB, 0 %
2026/07/03 19:35:20.445, 3, 0 MiB, 81920 MiB, 0 %
2026/07/03 19:35:20.446, 4, 0 MiB, 81920 MiB, 0 %
2026/07/03 19:35:20.446, 5, 0 MiB, 81920 MiB, 0 %
2026/07/03 19:35:20.446, 6, 0 MiB, 81920 MiB, 0 %
2026/07/03 19:35:20.446, 7, 0 MiB, 81920 MiB, 0 %
2026/07/03 19:35:30.448, 0, 7733 MiB, 81920 MiB, 0 %
2026/07/03 19:35:30.448, 1, 0 MiB, 81920 MiB, 0 %
2026/07/03 19:35:30.448, 2, 0 MiB, 81920 MiB, 0 %
2026/07/03 19:35:30.449, 3, 0 MiB, 81920 MiB, 0 %
2026/07/03 19:35:30.449, 4, 0 MiB, 81920 MiB, 0 %
2026/07/03 19:35:30.449, 5, 0 MiB, 81920 MiB, 0 %
2026/07/03 19:35:30.450, 6, 0 MiB, 81920 MiB, 0 %
2026/07/03 19:35:30.450, 7, 0 MiB, 81920 MiB, 0 %
2026/07/03 19:35:40.451, 0, 7733 MiB, 81920 MiB, 0 %
2026/07/03 19:35:40.451, 1, 0 MiB, 81920 MiB, 0 %
2026/07/03 19:35:40.451, 2, 0 MiB, 81920 MiB, 0 %
2026/07/03 19:35:40.452, 3, 0 MiB, 81920 MiB, 0 %
2026/07/03 19:35:40.452, 4, 0 MiB, 81920 MiB, 0 %
2026/07/03 19:35:40.452, 5, 0 MiB, 81920 MiB, 0 %
2026/07/03 19:35:40.452, 6, 0 MiB, 81920 MiB, 0 %
2026/07/03 19:35:40.453, 7, 0 MiB, 81920 MiB, 0 %
2026/07/03 19:35:50.453, 0, 7733 MiB, 81920 MiB, 0 %
2026/07/03 19:35:50.454, 1, 0 MiB, 81920 MiB, 0 %
2026/07/03 19:35:50.454, 2, 0 MiB, 81920 MiB, 0 %
2026/07/03 19:35:50.455, 3, 0 MiB, 81920 MiB, 0 %
2026/07/03 19:35:50.455, 4, 0 MiB, 81920 MiB, 0 %
2026/07/03 19:35:50.455, 5, 0 MiB, 81920 MiB, 0 %
2026/07/03 19:35:50.455, 6, 0 MiB, 81920 MiB, 0 %
2026/07/03 19:35:50.456, 7, 0 MiB, 81920 MiB, 0 %
2026/07/03 19:36:00.457, 0, 7733 MiB, 81920 MiB, 0 %
2026/07/03 19:36:00.457, 1, 0 MiB, 81920 MiB, 0 %
2026/07/03 19:36:00.457, 2, 0 MiB, 81920 MiB, 0 %
2026/07/03 19:36:00.458, 3, 0 MiB, 81920 MiB, 0 %
2026/07/03 19:36:00.458, 4, 0 MiB, 81920 MiB, 0 %
2026/07/03 19:36:00.458, 5, 0 MiB, 81920 MiB, 0 %
2026/07/03 19:36:00.458, 6, 0 MiB, 81920 MiB, 0 %
2026/07/03 19:36:00.459, 7, 0 MiB, 81920 MiB, 0 %
2026/07/03 19:36:10.459, 0, 7733 MiB, 81920 MiB, 0 %
2026/07/03 19:36:10.460, 1, 0 MiB, 81920 MiB, 0 %
2026/07/03 19:36:10.460, 2, 0 MiB, 81920 MiB, 0 %
2026/07/03 19:36:10.461, 3, 0 MiB, 81920 MiB, 0 %
2026/07/03 19:36:10.461, 4, 0 MiB, 81920 MiB, 0 %
2026/07/03 19:36:10.461, 5, 0 MiB, 81920 MiB, 0 %
2026/07/03 19:36:10.461, 6, 0 MiB, 81920 MiB, 0 %
2026/07/03 19:36:10.462, 7, 0 MiB, 81920 MiB, 0 %
2026/07/03 19:36:20.462, 0, 7733 MiB, 81920 MiB, 0 %
2026/07/03 19:36:20.463, 1, 0 MiB, 81920 MiB, 0 %
2026/07/03 19:36:20.463, 2, 0 MiB, 81920 MiB, 0 %
2026/07/03 19:36:20.464, 3, 0 MiB, 81920 MiB, 0 %
2026/07/03 19:36:20.464, 4, 0 MiB, 81920 MiB, 0 %
2026/07/03 19:36:20.464, 5, 0 MiB, 81920 MiB, 0 %
2026/07/03 19:36:20.464, 6, 0 MiB, 81920 MiB, 0 %
2026/07/03 19:36:20.465, 7, 0 MiB, 81920 MiB, 0 %
2026/07/03 19:36:30.466, 0, 7733 MiB, 81920 MiB, 0 %
2026/07/03 19:36:30.466, 1, 0 MiB, 81920 MiB, 0 %
2026/07/03 19:36:30.466, 2, 0 MiB, 81920 MiB, 0 %
2026/07/03 19:36:30.467, 3, 0 MiB, 81920 MiB, 0 %
2026/07/03 19:36:30.467, 4, 0 MiB, 81920 MiB, 0 %
2026/07/03 19:36:30.467, 5, 0 MiB, 81920 MiB, 0 %
2026/07/03 19:36:30.468, 6, 0 MiB, 81920 MiB, 0 %
2026/07/03 19:36:30.468, 7, 0 MiB, 81920 MiB, 0 %
2026/07/03 19:36:40.469, 0, 7733 MiB, 81920 MiB, 55 %
2026/07/03 19:36:40.470, 1, 0 MiB, 81920 MiB, 0 %
2026/07/03 19:36:40.470, 2, 0 MiB, 81920 MiB, 0 %
2026/07/03 19:36:40.470, 3, 0 MiB, 81920 MiB, 0 %
2026/07/03 19:36:40.470, 4, 0 MiB, 81920 MiB, 0 %
2026/07/03 19:36:40.471, 5, 0 MiB, 81920 MiB, 0 %
2026/07/03 19:36:40.471, 6, 0 MiB, 81920 MiB, 0 %
2026/07/03 19:36:40.471, 7, 0 MiB, 81920 MiB, 0 %
2026/07/03 19:36:50.472, 0, 7733 MiB, 81920 MiB, 0 %
2026/07/03 19:36:50.473, 1, 0 MiB, 81920 MiB, 0 %
2026/07/03 19:36:50.473, 2, 0 MiB, 81920 MiB, 0 %
2026/07/03 19:36:50.473, 3, 0 MiB, 81920 MiB, 0 %
2026/07/03 19:36:50.474, 4, 0 MiB, 81920 MiB, 0 %
2026/07/03 19:36:50.474, 5, 0 MiB, 81920 MiB, 0 %
2026/07/03 19:36:50.474, 6, 0 MiB, 81920 MiB, 0 %
2026/07/03 19:36:50.475, 7, 0 MiB, 81920 MiB, 0 %
2026/07/03 19:37:00.475, 0, 7733 MiB, 81920 MiB, 0 %
2026/07/03 19:37:00.476, 1, 0 MiB, 81920 MiB, 0 %
2026/07/03 19:37:00.476, 2, 0 MiB, 81920 MiB, 0 %
2026/07/03 19:37:00.476, 3, 0 MiB, 81920 MiB, 0 %
2026/07/03 19:37:00.477, 4, 0 MiB, 81920 MiB, 0 %
2026/07/03 19:37:00.477, 5, 0 MiB, 81920 MiB, 0 %
2026/07/03 19:37:00.477, 6, 0 MiB, 81920 MiB, 0 %
2026/07/03 19:37:00.478, 7, 0 MiB, 81920 MiB, 0 %
2026/07/03 19:37:10.478, 0, 7733 MiB, 81920 MiB, 56 %
2026/07/03 19:37:10.479, 1, 0 MiB, 81920 MiB, 0 %
2026/07/03 19:37:10.479, 2, 0 MiB, 81920 MiB, 0 %
2026/07/03 19:37:10.479, 3, 0 MiB, 81920 MiB, 0 %
2026/07/03 19:37:10.480, 4, 0 MiB, 81920 MiB, 0 %
2026/07/03 19:37:10.480, 5, 0 MiB, 81920 MiB, 0 %
2026/07/03 19:37:10.480, 6, 0 MiB, 81920 MiB, 0 %
2026/07/03 19:37:10.481, 7, 0 MiB, 81920 MiB, 0 %
2026/07/03 19:37:20.482, 0, 7733 MiB, 81920 MiB, 0 %
2026/07/03 19:37:20.482, 1, 0 MiB, 81920 MiB, 0 %
2026/07/03 19:37:20.482, 2, 0 MiB, 81920 MiB, 0 %
2026/07/03 19:37:20.483, 3, 0 MiB, 81920 MiB, 0 %
2026/07/03 19:37:20.483, 4, 0 MiB, 81920 MiB, 0 %
2026/07/03 19:37:20.483, 5, 0 MiB, 81920 MiB, 0 %
2026/07/03 19:37:20.483, 6, 0 MiB, 81920 MiB, 0 %
2026/07/03 19:37:20.484, 7, 0 MiB, 81920 MiB, 0 %
2026/07/03 19:37:30.485, 0, 7733 MiB, 81920 MiB, 60 %
2026/07/03 19:37:30.486, 1, 0 MiB, 81920 MiB, 0 %
2026/07/03 19:37:30.486, 2, 0 MiB, 81920 MiB, 0 %
2026/07/03 19:37:30.486, 3, 0 MiB, 81920 MiB, 0 %
2026/07/03 19:37:30.487, 4, 0 MiB, 81920 MiB, 0 %
2026/07/03 19:37:30.487, 5, 0 MiB, 81920 MiB, 0 %
2026/07/03 19:37:30.487, 6, 0 MiB, 81920 MiB, 0 %
2026/07/03 19:37:30.488, 7, 0 MiB, 81920 MiB, 0 %
2026/07/03 19:37:40.488, 0, 7733 MiB, 81920 MiB, 0 %
2026/07/03 19:37:40.489, 1, 0 MiB, 81920 MiB, 0 %
2026/07/03 19:37:40.489, 2, 0 MiB, 81920 MiB, 0 %
2026/07/03 19:37:40.489, 3, 0 MiB, 81920 MiB, 0 %
2026/07/03 19:37:40.490, 4, 0 MiB, 81920 MiB, 0 %
2026/07/03 19:37:40.490, 5, 0 MiB, 81920 MiB, 0 %
2026/07/03 19:37:40.490, 6, 0 MiB, 81920 MiB, 0 %
2026/07/03 19:37:40.491, 7, 0 MiB, 81920 MiB, 0 %
2026/07/03 19:37:50.491, 0, 7733 MiB, 81920 MiB, 60 %
2026/07/03 19:37:50.492, 1, 0 MiB, 81920 MiB, 0 %
2026/07/03 19:37:50.492, 2, 0 MiB, 81920 MiB, 0 %
2026/07/03 19:37:50.492, 3, 0 MiB, 81920 MiB, 0 %
2026/07/03 19:37:50.493, 4, 0 MiB, 81920 MiB, 0 %
2026/07/03 19:37:50.493, 5, 0 MiB, 81920 MiB, 0 %
2026/07/03 19:37:50.493, 6, 0 MiB, 81920 MiB, 0 %
2026/07/03 19:37:50.494, 7, 0 MiB, 81920 MiB, 0 %
2026/07/03 19:38:00.494, 0, 7733 MiB, 81920 MiB, 0 %
2026/07/03 19:38:00.495, 1, 0 MiB, 81920 MiB, 0 %
2026/07/03 19:38:00.495, 2, 0 MiB, 81920 MiB, 0 %
2026/07/03 19:38:00.495, 3, 0 MiB, 81920 MiB, 0 %
2026/07/03 19:38:00.496, 4, 0 MiB, 81920 MiB, 0 %
2026/07/03 19:38:00.496, 5, 0 MiB, 81920 MiB, 0 %
2026/07/03 19:38:00.496, 6, 0 MiB, 81920 MiB, 0 %
2026/07/03 19:38:00.497, 7, 0 MiB, 81920 MiB, 0 %
2026/07/03 19:38:10.497, 0, 7733 MiB, 81920 MiB, 0 %
2026/07/03 19:38:10.498, 1, 0 MiB, 81920 MiB, 0 %
2026/07/03 19:38:10.498, 2, 0 MiB, 81920 MiB, 0 %
2026/07/03 19:38:10.499, 3, 0 MiB, 81920 MiB, 0 %
2026/07/03 19:38:10.499, 4, 0 MiB, 81920 MiB, 0 %
2026/07/03 19:38:10.499, 5, 0 MiB, 81920 MiB, 0 %
2026/07/03 19:38:10.499, 6, 0 MiB, 81920 MiB, 0 %
2026/07/03 19:38:10.500, 7, 0 MiB, 81920 MiB, 0 %
2026/07/03 19:38:20.500, 0, 7733 MiB, 81920 MiB, 0 %
2026/07/03 19:38:20.501, 1, 0 MiB, 81920 MiB, 0 %
2026/07/03 19:38:20.501, 2, 0 MiB, 81920 MiB, 0 %
2026/07/03 19:38:20.501, 3, 0 MiB, 81920 MiB, 0 %
2026/07/03 19:38:20.502, 4, 0 MiB, 81920 MiB, 0 %
2026/07/03 19:38:20.502, 5, 0 MiB, 81920 MiB, 0 %
2026/07/03 19:38:20.502, 6, 0 MiB, 81920 MiB, 0 %
2026/07/03 19:38:20.503, 7, 0 MiB, 81920 MiB, 0 %
2026/07/03 19:38:30.503, 0, 7733 MiB, 81920 MiB, 0 %
2026/07/03 19:38:30.504, 1, 0 MiB, 81920 MiB, 0 %
2026/07/03 19:38:30.504, 2, 0 MiB, 81920 MiB, 0 %
2026/07/03 19:38:30.505, 3, 0 MiB, 81920 MiB, 0 %
2026/07/03 19:38:30.505, 4, 0 MiB, 81920 MiB, 0 %
2026/07/03 19:38:30.505, 5, 0 MiB, 81920 MiB, 0 %
2026/07/03 19:38:30.505, 6, 0 MiB, 81920 MiB, 0 %
2026/07/03 19:38:30.506, 7, 0 MiB, 81920 MiB, 0 %
2026/07/03 19:38:40.506, 0, 7733 MiB, 81920 MiB, 0 %
2026/07/03 19:38:40.507, 1, 0 MiB, 81920 MiB, 0 %
2026/07/03 19:38:40.507, 2, 0 MiB, 81920 MiB, 0 %
2026/07/03 19:38:40.508, 3, 0 MiB, 81920 MiB, 0 %
2026/07/03 19:38:40.508, 4, 0 MiB, 81920 MiB, 0 %
2026/07/03 19:38:40.508, 5, 0 MiB, 81920 MiB, 0 %
2026/07/03 19:38:40.508, 6, 0 MiB, 81920 MiB, 0 %
2026/07/03 19:38:40.509, 7, 0 MiB, 81920 MiB, 0 %
2026/07/03 19:38:50.509, 0, 7733 MiB, 81920 MiB, 0 %
2026/07/03 19:38:50.510, 1, 0 MiB, 81920 MiB, 0 %
2026/07/03 19:38:50.510, 2, 0 MiB, 81920 MiB, 0 %
2026/07/03 19:38:50.511, 3, 0 MiB, 81920 MiB, 0 %
2026/07/03 19:38:50.511, 4, 0 MiB, 81920 MiB, 0 %
2026/07/03 19:38:50.511, 5, 0 MiB, 81920 MiB, 0 %
2026/07/03 19:38:50.511, 6, 0 MiB, 81920 MiB, 0 %
2026/07/03 19:38:50.512, 7, 0 MiB, 81920 MiB, 0 %
2026/07/03 19:39:00.513, 0, 7733 MiB, 81920 MiB, 0 %
2026/07/03 19:39:00.513, 1, 0 MiB, 81920 MiB, 0 %
2026/07/03 19:39:00.513, 2, 0 MiB, 81920 MiB, 0 %
2026/07/03 19:39:00.514, 3, 0 MiB, 81920 MiB, 0 %
2026/07/03 19:39:00.514, 4, 0 MiB, 81920 MiB, 0 %
2026/07/03 19:39:00.514, 5, 0 MiB, 81920 MiB, 0 %
2026/07/03 19:39:00.515, 6, 0 MiB, 81920 MiB, 0 %
2026/07/03 19:39:00.515, 7, 0 MiB, 81920 MiB, 0 %
2026/07/03 19:39:10.516, 0, 7733 MiB, 81920 MiB, 0 %
2026/07/03 19:39:10.516, 1, 0 MiB, 81920 MiB, 0 %
2026/07/03 19:39:10.517, 2, 0 MiB, 81920 MiB, 0 %
2026/07/03 19:39:10.517, 3, 0 MiB, 81920 MiB, 0 %
2026/07/03 19:39:10.517, 4, 0 MiB, 81920 MiB, 0 %
2026/07/03 19:39:10.517, 5, 0 MiB, 81920 MiB, 0 %
2026/07/03 19:39:10.518, 6, 0 MiB, 81920 MiB, 0 %
2026/07/03 19:39:10.518, 7, 0 MiB, 81920 MiB, 0 %
2026/07/03 19:39:20.519, 0, 7733 MiB, 81920 MiB, 0 %
2026/07/03 19:39:20.519, 1, 0 MiB, 81920 MiB, 0 %
2026/07/03 19:39:20.520, 2, 0 MiB, 81920 MiB, 0 %
2026/07/03 19:39:20.520, 3, 0 MiB, 81920 MiB, 0 %
2026/07/03 19:39:20.520, 4, 0 MiB, 81920 MiB, 0 %
2026/07/03 19:39:20.521, 5, 0 MiB, 81920 MiB, 0 %
2026/07/03 19:39:20.521, 6, 0 MiB, 81920 MiB, 0 %
2026/07/03 19:39:20.521, 7, 0 MiB, 81920 MiB, 0 %
2026/07/03 19:39:30.522, 0, 7733 MiB, 81920 MiB, 60 %
2026/07/03 19:39:30.523, 1, 0 MiB, 81920 MiB, 0 %
2026/07/03 19:39:30.523, 2, 0 MiB, 81920 MiB, 0 %
2026/07/03 19:39:30.523, 3, 0 MiB, 81920 MiB, 0 %
2026/07/03 19:39:30.523, 4, 0 MiB, 81920 MiB, 0 %
2026/07/03 19:39:30.524, 5, 0 MiB, 81920 MiB, 0 %
2026/07/03 19:39:30.524, 6, 0 MiB, 81920 MiB, 0 %
2026/07/03 19:39:30.524, 7, 0 MiB, 81920 MiB, 0 %
2026/07/03 19:39:40.525, 0, 7733 MiB, 81920 MiB, 0 %
2026/07/03 19:39:40.526, 1, 0 MiB, 81920 MiB, 0 %
2026/07/03 19:39:40.526, 2, 0 MiB, 81920 MiB, 0 %
2026/07/03 19:39:40.526, 3, 0 MiB, 81920 MiB, 0 %
2026/07/03 19:39:40.526, 4, 0 MiB, 81920 MiB, 0 %
2026/07/03 19:39:40.527, 5, 0 MiB, 81920 MiB, 0 %
2026/07/03 19:39:40.527, 6, 0 MiB, 81920 MiB, 0 %
2026/07/03 19:39:40.527, 7, 0 MiB, 81920 MiB, 0 %
2026/07/03 19:39:50.528, 0, 7733 MiB, 81920 MiB, 0 %
2026/07/03 19:39:50.528, 1, 0 MiB, 81920 MiB, 0 %
2026/07/03 19:39:50.529, 2, 0 MiB, 81920 MiB, 0 %
2026/07/03 19:39:50.529, 3, 0 MiB, 81920 MiB, 0 %
2026/07/03 19:39:50.529, 4, 0 MiB, 81920 MiB, 0 %
2026/07/03 19:39:50.530, 5, 0 MiB, 81920 MiB, 0 %
2026/07/03 19:39:50.530, 6, 0 MiB, 81920 MiB, 0 %
2026/07/03 19:39:50.530, 7, 0 MiB, 81920 MiB, 0 %
2026/07/03 19:40:00.531, 0, 7733 MiB, 81920 MiB, 0 %
2026/07/03 19:40:00.531, 1, 0 MiB, 81920 MiB, 0 %
2026/07/03 19:40:00.532, 2, 0 MiB, 81920 MiB, 0 %
2026/07/03 19:40:00.532, 3, 0 MiB, 81920 MiB, 0 %
2026/07/03 19:40:00.532, 4, 0 MiB, 81920 MiB, 0 %
2026/07/03 19:40:00.532, 5, 0 MiB, 81920 MiB, 0 %
2026/07/03 19:40:00.533, 6, 0 MiB, 81920 MiB, 0 %
2026/07/03 19:40:00.533, 7, 0 MiB, 81920 MiB, 0 %
2026/07/03 19:40:10.534, 0, 7733 MiB, 81920 MiB, 60 %
2026/07/03 19:40:10.534, 1, 0 MiB, 81920 MiB, 0 %
2026/07/03 19:40:10.535, 2, 0 MiB, 81920 MiB, 0 %
2026/07/03 19:40:10.535, 3, 0 MiB, 81920 MiB, 0 %
2026/07/03 19:40:10.535, 4, 0 MiB, 81920 MiB, 0 %
2026/07/03 19:40:10.535, 5, 0 MiB, 81920 MiB, 0 %
2026/07/03 19:40:10.536, 6, 0 MiB, 81920 MiB, 0 %
2026/07/03 19:40:10.536, 7, 0 MiB, 81920 MiB, 0 %
2026/07/03 19:40:20.537, 0, 7733 MiB, 81920 MiB, 0 %
2026/07/03 19:40:20.538, 1, 0 MiB, 81920 MiB, 0 %
2026/07/03 19:40:20.538, 2, 0 MiB, 81920 MiB, 0 %
2026/07/03 19:40:20.538, 3, 0 MiB, 81920 MiB, 0 %
2026/07/03 19:40:20.538, 4, 0 MiB, 81920 MiB, 0 %
2026/07/03 19:40:20.539, 5, 0 MiB, 81920 MiB, 0 %
2026/07/03 19:40:20.539, 6, 0 MiB, 81920 MiB, 0 %
2026/07/03 19:40:20.539, 7, 0 MiB, 81920 MiB, 0 %
2026/07/03 19:40:30.540, 0, 7733 MiB, 81920 MiB, 0 %
2026/07/03 19:40:30.541, 1, 0 MiB, 81920 MiB, 0 %
2026/07/03 19:40:30.541, 2, 0 MiB, 81920 MiB, 0 %
2026/07/03 19:40:30.541, 3, 0 MiB, 81920 MiB, 0 %
2026/07/03 19:40:30.542, 4, 0 MiB, 81920 MiB, 0 %
2026/07/03 19:40:30.542, 5, 0 MiB, 81920 MiB, 0 %
2026/07/03 19:40:30.542, 6, 0 MiB, 81920 MiB, 0 %
2026/07/03 19:40:30.543, 7, 0 MiB, 81920 MiB, 0 %
2026/07/03 19:40:40.543, 0, 7733 MiB, 81920 MiB, 0 %
2026/07/03 19:40:40.544, 1, 0 MiB, 81920 MiB, 0 %
2026/07/03 19:40:40.544, 2, 0 MiB, 81920 MiB, 0 %
2026/07/03 19:40:40.545, 3, 0 MiB, 81920 MiB, 0 %
2026/07/03 19:40:40.545, 4, 0 MiB, 81920 MiB, 0 %
2026/07/03 19:40:40.545, 5, 0 MiB, 81920 MiB, 0 %
2026/07/03 19:40:40.545, 6, 0 MiB, 81920 MiB, 0 %
2026/07/03 19:40:40.546, 7, 0 MiB, 81920 MiB, 0 %
2026/07/03 19:40:50.547, 0, 7733 MiB, 81920 MiB, 0 %
2026/07/03 19:40:50.547, 1, 0 MiB, 81920 MiB, 0 %
2026/07/03 19:40:50.547, 2, 0 MiB, 81920 MiB, 0 %
2026/07/03 19:40:50.548, 3, 0 MiB, 81920 MiB, 0 %
2026/07/03 19:40:50.548, 4, 0 MiB, 81920 MiB, 0 %
2026/07/03 19:40:50.548, 5, 0 MiB, 81920 MiB, 0 %
2026/07/03 19:40:50.549, 6, 0 MiB, 81920 MiB, 0 %
2026/07/03 19:40:50.549, 7, 0 MiB, 81920 MiB, 0 %
2026/07/03 19:41:00.550, 0, 7733 MiB, 81920 MiB, 0 %
2026/07/03 19:41:00.550, 1, 0 MiB, 81920 MiB, 0 %
2026/07/03 19:41:00.551, 2, 0 MiB, 81920 MiB, 0 %
2026/07/03 19:41:00.551, 3, 0 MiB, 81920 MiB, 0 %
2026/07/03 19:41:00.551, 4, 0 MiB, 81920 MiB, 0 %
2026/07/03 19:41:00.552, 5, 0 MiB, 81920 MiB, 0 %
2026/07/03 19:41:00.552, 6, 0 MiB, 81920 MiB, 0 %
2026/07/03 19:41:00.552, 7, 0 MiB, 81920 MiB, 0 %
2026/07/03 19:41:10.553, 0, 7733 MiB, 81920 MiB, 60 %
2026/07/03 19:41:10.554, 1, 0 MiB, 81920 MiB, 0 %
2026/07/03 19:41:10.554, 2, 0 MiB, 81920 MiB, 0 %
2026/07/03 19:41:10.554, 3, 0 MiB, 81920 MiB, 0 %
2026/07/03 19:41:10.555, 4, 0 MiB, 81920 MiB, 0 %
2026/07/03 19:41:10.555, 5, 0 MiB, 81920 MiB, 0 %
2026/07/03 19:41:10.555, 6, 0 MiB, 81920 MiB, 0 %
2026/07/03 19:41:10.555, 7, 0 MiB, 81920 MiB, 0 %
2026/07/03 19:41:20.556, 0, 7733 MiB, 81920 MiB, 61 %
2026/07/03 19:41:20.557, 1, 0 MiB, 81920 MiB, 0 %
2026/07/03 19:41:20.557, 2, 0 MiB, 81920 MiB, 0 %
2026/07/03 19:41:20.557, 3, 0 MiB, 81920 MiB, 0 %
2026/07/03 19:41:20.558, 4, 0 MiB, 81920 MiB, 0 %
2026/07/03 19:41:20.558, 5, 0 MiB, 81920 MiB, 0 %
2026/07/03 19:41:20.558, 6, 0 MiB, 81920 MiB, 0 %
2026/07/03 19:41:20.559, 7, 0 MiB, 81920 MiB, 0 %
2026/07/03 19:41:30.560, 0, 7733 MiB, 81920 MiB, 0 %
2026/07/03 19:41:30.560, 1, 0 MiB, 81920 MiB, 0 %
2026/07/03 19:41:30.560, 2, 0 MiB, 81920 MiB, 0 %
2026/07/03 19:41:30.561, 3, 0 MiB, 81920 MiB, 0 %
2026/07/03 19:41:30.561, 4, 0 MiB, 81920 MiB, 0 %
2026/07/03 19:41:30.561, 5, 0 MiB, 81920 MiB, 0 %
2026/07/03 19:41:30.561, 6, 0 MiB, 81920 MiB, 0 %
2026/07/03 19:41:30.562, 7, 0 MiB, 81920 MiB, 0 %
2026/07/03 19:41:40.562, 0, 7733 MiB, 81920 MiB, 0 %
2026/07/03 19:41:40.563, 1, 0 MiB, 81920 MiB, 0 %
2026/07/03 19:41:40.563, 2, 0 MiB, 81920 MiB, 0 %
2026/07/03 19:41:40.563, 3, 0 MiB, 81920 MiB, 0 %
2026/07/03 19:41:40.564, 4, 0 MiB, 81920 MiB, 0 %
2026/07/03 19:41:40.564, 5, 0 MiB, 81920 MiB, 0 %
2026/07/03 19:41:40.564, 6, 0 MiB, 81920 MiB, 0 %
2026/07/03 19:41:40.565, 7, 0 MiB, 81920 MiB, 0 %
2026/07/03 19:41:50.565, 0, 7733 MiB, 81920 MiB, 62 %
2026/07/03 19:41:50.566, 1, 0 MiB, 81920 MiB, 0 %
2026/07/03 19:41:50.566, 2, 0 MiB, 81920 MiB, 0 %
2026/07/03 19:41:50.566, 3, 0 MiB, 81920 MiB, 0 %
2026/07/03 19:41:50.567, 4, 0 MiB, 81920 MiB, 0 %
2026/07/03 19:41:50.567, 5, 0 MiB, 81920 MiB, 0 %
2026/07/03 19:41:50.567, 6, 0 MiB, 81920 MiB, 0 %
2026/07/03 19:41:50.568, 7, 0 MiB, 81920 MiB, 0 %
2026/07/03 19:42:00.568, 0, 7733 MiB, 81920 MiB, 0 %
2026/07/03 19:42:00.569, 1, 0 MiB, 81920 MiB, 0 %
2026/07/03 19:42:00.569, 2, 0 MiB, 81920 MiB, 0 %
2026/07/03 19:42:00.569, 3, 0 MiB, 81920 MiB, 0 %
2026/07/03 19:42:00.570, 4, 0 MiB, 81920 MiB, 0 %
2026/07/03 19:42:00.570, 5, 0 MiB, 81920 MiB, 0 %
2026/07/03 19:42:00.570, 6, 0 MiB, 81920 MiB, 0 %
2026/07/03 19:42:00.570, 7, 0 MiB, 81920 MiB, 0 %
2026/07/03 19:42:10.571, 0, 7733 MiB, 81920 MiB, 0 %
2026/07/03 19:42:10.572, 1, 0 MiB, 81920 MiB, 0 %
2026/07/03 19:42:10.572, 2, 0 MiB, 81920 MiB, 0 %
2026/07/03 19:42:10.572, 3, 0 MiB, 81920 MiB, 0 %
2026/07/03 19:42:10.573, 4, 0 MiB, 81920 MiB, 0 %
2026/07/03 19:42:10.573, 5, 0 MiB, 81920 MiB, 0 %
2026/07/03 19:42:10.573, 6, 0 MiB, 81920 MiB, 0 %
2026/07/03 19:42:10.574, 7, 0 MiB, 81920 MiB, 0 %
2026/07/03 19:42:20.574, 0, 7733 MiB, 81920 MiB, 0 %
2026/07/03 19:42:20.575, 1, 0 MiB, 81920 MiB, 0 %
2026/07/03 19:42:20.575, 2, 0 MiB, 81920 MiB, 0 %
2026/07/03 19:42:20.575, 3, 0 MiB, 81920 MiB, 0 %
2026/07/03 19:42:20.576, 4, 0 MiB, 81920 MiB, 0 %
2026/07/03 19:42:20.576, 5, 0 MiB, 81920 MiB, 0 %
2026/07/03 19:42:20.576, 6, 0 MiB, 81920 MiB, 0 %
2026/07/03 19:42:20.577, 7, 0 MiB, 81920 MiB, 0 %
2026/07/03 19:42:30.577, 0, 7733 MiB, 81920 MiB, 0 %
2026/07/03 19:42:30.578, 1, 0 MiB, 81920 MiB, 0 %
2026/07/03 19:42:30.578, 2, 0 MiB, 81920 MiB, 0 %
2026/07/03 19:42:30.578, 3, 0 MiB, 81920 MiB, 0 %
2026/07/03 19:42:30.579, 4, 0 MiB, 81920 MiB, 0 %
2026/07/03 19:42:30.579, 5, 0 MiB, 81920 MiB, 0 %
2026/07/03 19:42:30.579, 6, 0 MiB, 81920 MiB, 0 %
2026/07/03 19:42:30.580, 7, 0 MiB, 81920 MiB, 0 %
2026/07/03 19:42:40.580, 0, 7733 MiB, 81920 MiB, 60 %
2026/07/03 19:42:40.581, 1, 0 MiB, 81920 MiB, 0 %
2026/07/03 19:42:40.581, 2, 0 MiB, 81920 MiB, 0 %
2026/07/03 19:42:40.582, 3, 0 MiB, 81920 MiB, 0 %
2026/07/03 19:42:40.582, 4, 0 MiB, 81920 MiB, 0 %
2026/07/03 19:42:40.582, 5, 0 MiB, 81920 MiB, 0 %
2026/07/03 19:42:40.583, 6, 0 MiB, 81920 MiB, 0 %
2026/07/03 19:42:40.583, 7, 0 MiB, 81920 MiB, 0 %
2026/07/03 19:42:50.584, 0, 7733 MiB, 81920 MiB, 0 %
2026/07/03 19:42:50.584, 1, 0 MiB, 81920 MiB, 0 %
2026/07/03 19:42:50.585, 2, 0 MiB, 81920 MiB, 0 %
2026/07/03 19:42:50.585, 3, 0 MiB, 81920 MiB, 0 %
2026/07/03 19:42:50.585, 4, 0 MiB, 81920 MiB, 0 %
2026/07/03 19:42:50.586, 5, 0 MiB, 81920 MiB, 0 %
2026/07/03 19:42:50.586, 6, 0 MiB, 81920 MiB, 0 %
2026/07/03 19:42:50.586, 7, 0 MiB, 81920 MiB, 0 %
2026/07/03 19:43:00.587, 0, 7733 MiB, 81920 MiB, 0 %
2026/07/03 19:43:00.587, 1, 0 MiB, 81920 MiB, 0 %
2026/07/03 19:43:00.588, 2, 0 MiB, 81920 MiB, 0 %
2026/07/03 19:43:00.588, 3, 0 MiB, 81920 MiB, 0 %
2026/07/03 19:43:00.588, 4, 0 MiB, 81920 MiB, 0 %
2026/07/03 19:43:00.589, 5, 0 MiB, 81920 MiB, 0 %
2026/07/03 19:43:00.589, 6, 0 MiB, 81920 MiB, 0 %
2026/07/03 19:43:00.589, 7, 0 MiB, 81920 MiB, 0 %
2026/07/03 19:43:10.590, 0, 7733 MiB, 81920 MiB, 51 %
2026/07/03 19:43:10.591, 1, 0 MiB, 81920 MiB, 0 %
2026/07/03 19:43:10.591, 2, 0 MiB, 81920 MiB, 0 %
2026/07/03 19:43:10.591, 3, 0 MiB, 81920 MiB, 0 %
2026/07/03 19:43:10.592, 4, 0 MiB, 81920 MiB, 0 %
2026/07/03 19:43:10.592, 5, 0 MiB, 81920 MiB, 0 %
2026/07/03 19:43:10.592, 6, 0 MiB, 81920 MiB, 0 %
2026/07/03 19:43:10.592, 7, 0 MiB, 81920 MiB, 0 %
2026/07/03 19:43:20.593, 0, 7733 MiB, 81920 MiB, 0 %
2026/07/03 19:43:20.594, 1, 0 MiB, 81920 MiB, 0 %
2026/07/03 19:43:20.594, 2, 0 MiB, 81920 MiB, 0 %
2026/07/03 19:43:20.594, 3, 0 MiB, 81920 MiB, 0 %
2026/07/03 19:43:20.595, 4, 0 MiB, 81920 MiB, 0 %
2026/07/03 19:43:20.595, 5, 0 MiB, 81920 MiB, 0 %
2026/07/03 19:43:20.595, 6, 0 MiB, 81920 MiB, 0 %
2026/07/03 19:43:20.595, 7, 0 MiB, 81920 MiB, 0 %
2026/07/03 19:43:30.597, 0, 7733 MiB, 81920 MiB, 0 %
2026/07/03 19:43:30.597, 1, 0 MiB, 81920 MiB, 0 %
2026/07/03 19:43:30.597, 2, 0 MiB, 81920 MiB, 0 %
2026/07/03 19:43:30.598, 3, 0 MiB, 81920 MiB, 0 %
2026/07/03 19:43:30.598, 4, 0 MiB, 81920 MiB, 0 %
2026/07/03 19:43:30.598, 5, 0 MiB, 81920 MiB, 0 %
2026/07/03 19:43:30.599, 6, 0 MiB, 81920 MiB, 0 %
2026/07/03 19:43:30.599, 7, 0 MiB, 81920 MiB, 0 %
2026/07/03 19:43:40.600, 0, 7733 MiB, 81920 MiB, 61 %
2026/07/03 19:43:40.600, 1, 0 MiB, 81920 MiB, 0 %
2026/07/03 19:43:40.600, 2, 0 MiB, 81920 MiB, 0 %
2026/07/03 19:43:40.601, 3, 0 MiB, 81920 MiB, 0 %
2026/07/03 19:43:40.601, 4, 0 MiB, 81920 MiB, 0 %
2026/07/03 19:43:40.601, 5, 0 MiB, 81920 MiB, 0 %
2026/07/03 19:43:40.602, 6, 0 MiB, 81920 MiB, 0 %
2026/07/03 19:43:40.602, 7, 0 MiB, 81920 MiB, 0 %
2026/07/03 19:43:50.603, 0, 7733 MiB, 81920 MiB, 0 %
2026/07/03 19:43:50.603, 1, 0 MiB, 81920 MiB, 0 %
2026/07/03 19:43:50.603, 2, 0 MiB, 81920 MiB, 0 %
2026/07/03 19:43:50.604, 3, 0 MiB, 81920 MiB, 0 %
2026/07/03 19:43:50.604, 4, 0 MiB, 81920 MiB, 0 %
2026/07/03 19:43:50.604, 5, 0 MiB, 81920 MiB, 0 %
2026/07/03 19:43:50.605, 6, 0 MiB, 81920 MiB, 0 %
2026/07/03 19:43:50.605, 7, 0 MiB, 81920 MiB, 0 %
2026/07/03 19:44:00.606, 0, 7733 MiB, 81920 MiB, 0 %
2026/07/03 19:44:00.606, 1, 0 MiB, 81920 MiB, 0 %
2026/07/03 19:44:00.607, 2, 0 MiB, 81920 MiB, 0 %
2026/07/03 19:44:00.607, 3, 0 MiB, 81920 MiB, 0 %
2026/07/03 19:44:00.607, 4, 0 MiB, 81920 MiB, 0 %
2026/07/03 19:44:00.607, 5, 0 MiB, 81920 MiB, 0 %
2026/07/03 19:44:00.608, 6, 0 MiB, 81920 MiB, 0 %
2026/07/03 19:44:00.608, 7, 0 MiB, 81920 MiB, 0 %
2026/07/03 19:44:10.609, 0, 7733 MiB, 81920 MiB, 0 %
2026/07/03 19:44:10.609, 1, 0 MiB, 81920 MiB, 0 %
2026/07/03 19:44:10.610, 2, 0 MiB, 81920 MiB, 0 %
2026/07/03 19:44:10.610, 3, 0 MiB, 81920 MiB, 0 %
2026/07/03 19:44:10.610, 4, 0 MiB, 81920 MiB, 0 %
2026/07/03 19:44:10.611, 5, 0 MiB, 81920 MiB, 0 %
2026/07/03 19:44:10.611, 6, 0 MiB, 81920 MiB, 0 %
2026/07/03 19:44:10.611, 7, 0 MiB, 81920 MiB, 0 %
2026/07/03 19:44:20.612, 0, 7733 MiB, 81920 MiB, 0 %
2026/07/03 19:44:20.613, 1, 0 MiB, 81920 MiB, 0 %
2026/07/03 19:44:20.613, 2, 0 MiB, 81920 MiB, 0 %
2026/07/03 19:44:20.613, 3, 0 MiB, 81920 MiB, 0 %
2026/07/03 19:44:20.614, 4, 0 MiB, 81920 MiB, 0 %
2026/07/03 19:44:20.614, 5, 0 MiB, 81920 MiB, 0 %
2026/07/03 19:44:20.614, 6, 0 MiB, 81920 MiB, 0 %
2026/07/03 19:44:20.614, 7, 0 MiB, 81920 MiB, 0 %
2026/07/03 19:44:30.615, 0, 7733 MiB, 81920 MiB, 0 %
2026/07/03 19:44:30.616, 1, 0 MiB, 81920 MiB, 0 %
2026/07/03 19:44:30.616, 2, 0 MiB, 81920 MiB, 0 %
2026/07/03 19:44:30.616, 3, 0 MiB, 81920 MiB, 0 %
2026/07/03 19:44:30.617, 4, 0 MiB, 81920 MiB, 0 %
2026/07/03 19:44:30.617, 5, 0 MiB, 81920 MiB, 0 %
2026/07/03 19:44:30.617, 6, 0 MiB, 81920 MiB, 0 %
2026/07/03 19:44:30.618, 7, 0 MiB, 81920 MiB, 0 %
2026/07/03 19:44:40.619, 0, 7733 MiB, 81920 MiB, 55 %
2026/07/03 19:44:40.619, 1, 0 MiB, 81920 MiB, 0 %
2026/07/03 19:44:40.619, 2, 0 MiB, 81920 MiB, 0 %
2026/07/03 19:44:40.620, 3, 0 MiB, 81920 MiB, 0 %
2026/07/03 19:44:40.620, 4, 0 MiB, 81920 MiB, 0 %
2026/07/03 19:44:40.620, 5, 0 MiB, 81920 MiB, 0 %
2026/07/03 19:44:40.621, 6, 0 MiB, 81920 MiB, 0 %
2026/07/03 19:44:40.621, 7, 0 MiB, 81920 MiB, 0 %
2026/07/03 19:44:50.622, 0, 7733 MiB, 81920 MiB, 56 %
2026/07/03 19:44:50.622, 1, 0 MiB, 81920 MiB, 0 %
2026/07/03 19:44:50.623, 2, 0 MiB, 81920 MiB, 0 %
2026/07/03 19:44:50.623, 3, 0 MiB, 81920 MiB, 0 %
2026/07/03 19:44:50.623, 4, 0 MiB, 81920 MiB, 0 %
2026/07/03 19:44:50.623, 5, 0 MiB, 81920 MiB, 0 %
2026/07/03 19:44:50.624, 6, 0 MiB, 81920 MiB, 0 %
2026/07/03 19:44:50.624, 7, 0 MiB, 81920 MiB, 0 %
2026/07/03 19:45:00.625, 0, 7733 MiB, 81920 MiB, 0 %
2026/07/03 19:45:00.626, 1, 0 MiB, 81920 MiB, 0 %
2026/07/03 19:45:00.626, 2, 0 MiB, 81920 MiB, 0 %
2026/07/03 19:45:00.626, 3, 0 MiB, 81920 MiB, 0 %
2026/07/03 19:45:00.626, 4, 0 MiB, 81920 MiB, 0 %
2026/07/03 19:45:00.627, 5, 0 MiB, 81920 MiB, 0 %
2026/07/03 19:45:00.627, 6, 0 MiB, 81920 MiB, 0 %
2026/07/03 19:45:00.627, 7, 0 MiB, 81920 MiB, 0 %
2026/07/03 19:45:10.628, 0, 7733 MiB, 81920 MiB, 24 %
2026/07/03 19:45:10.628, 1, 0 MiB, 81920 MiB, 0 %
2026/07/03 19:45:10.629, 2, 0 MiB, 81920 MiB, 0 %
2026/07/03 19:45:10.629, 3, 0 MiB, 81920 MiB, 0 %
2026/07/03 19:45:10.629, 4, 0 MiB, 81920 MiB, 0 %
2026/07/03 19:45:10.630, 5, 0 MiB, 81920 MiB, 0 %
2026/07/03 19:45:10.630, 6, 0 MiB, 81920 MiB, 0 %
2026/07/03 19:45:10.630, 7, 0 MiB, 81920 MiB, 0 %
2026/07/03 19:45:20.631, 0, 7733 MiB, 81920 MiB, 0 %
2026/07/03 19:45:20.631, 1, 0 MiB, 81920 MiB, 0 %
2026/07/03 19:45:20.632, 2, 0 MiB, 81920 MiB, 0 %
2026/07/03 19:45:20.632, 3, 0 MiB, 81920 MiB, 0 %
2026/07/03 19:45:20.632, 4, 0 MiB, 81920 MiB, 0 %
2026/07/03 19:45:20.633, 5, 0 MiB, 81920 MiB, 0 %
2026/07/03 19:45:20.633, 6, 0 MiB, 81920 MiB, 0 %
2026/07/03 19:45:20.633, 7, 0 MiB, 81920 MiB, 0 %
2026/07/03 19:45:30.634, 0, 7733 MiB, 81920 MiB, 0 %
2026/07/03 19:45:30.635, 1, 0 MiB, 81920 MiB, 0 %
2026/07/03 19:45:30.635, 2, 0 MiB, 81920 MiB, 0 %
2026/07/03 19:45:30.635, 3, 0 MiB, 81920 MiB, 0 %
2026/07/03 19:45:30.636, 4, 0 MiB, 81920 MiB, 0 %
2026/07/03 19:45:30.636, 5, 0 MiB, 81920 MiB, 0 %
2026/07/03 19:45:30.636, 6, 0 MiB, 81920 MiB, 0 %
2026/07/03 19:45:30.636, 7, 0 MiB, 81920 MiB, 0 %
2026/07/03 19:45:40.637, 0, 7733 MiB, 81920 MiB, 0 %
2026/07/03 19:45:40.638, 1, 0 MiB, 81920 MiB, 0 %
2026/07/03 19:45:40.638, 2, 0 MiB, 81920 MiB, 0 %
2026/07/03 19:45:40.638, 3, 0 MiB, 81920 MiB, 0 %
2026/07/03 19:45:40.639, 4, 0 MiB, 81920 MiB, 0 %
2026/07/03 19:45:40.639, 5, 0 MiB, 81920 MiB, 0 %
2026/07/03 19:45:40.639, 6, 0 MiB, 81920 MiB, 0 %
2026/07/03 19:45:40.640, 7, 0 MiB, 81920 MiB, 0 %
2026/07/03 19:45:50.640, 0, 7733 MiB, 81920 MiB, 0 %
2026/07/03 19:45:50.641, 1, 0 MiB, 81920 MiB, 0 %
2026/07/03 19:45:50.641, 2, 0 MiB, 81920 MiB, 0 %
2026/07/03 19:45:50.641, 3, 0 MiB, 81920 MiB, 0 %
2026/07/03 19:45:50.642, 4, 0 MiB, 81920 MiB, 0 %
2026/07/03 19:45:50.642, 5, 0 MiB, 81920 MiB, 0 %
2026/07/03 19:45:50.642, 6, 0 MiB, 81920 MiB, 0 %
2026/07/03 19:45:50.643, 7, 0 MiB, 81920 MiB, 0 %
2026/07/03 19:46:00.643, 0, 7733 MiB, 81920 MiB, 0 %
2026/07/03 19:46:00.644, 1, 0 MiB, 81920 MiB, 0 %
2026/07/03 19:46:00.644, 2, 0 MiB, 81920 MiB, 0 %
2026/07/03 19:46:00.644, 3, 0 MiB, 81920 MiB, 0 %
2026/07/03 19:46:00.645, 4, 0 MiB, 81920 MiB, 0 %
2026/07/03 19:46:00.645, 5, 0 MiB, 81920 MiB, 0 %
2026/07/03 19:46:00.645, 6, 0 MiB, 81920 MiB, 0 %
2026/07/03 19:46:00.646, 7, 0 MiB, 81920 MiB, 0 %
2026/07/03 19:46:10.647, 0, 7733 MiB, 81920 MiB, 61 %
2026/07/03 19:46:10.647, 1, 0 MiB, 81920 MiB, 0 %
2026/07/03 19:46:10.648, 2, 0 MiB, 81920 MiB, 0 %
2026/07/03 19:46:10.648, 3, 0 MiB, 81920 MiB, 0 %
2026/07/03 19:46:10.648, 4, 0 MiB, 81920 MiB, 0 %
2026/07/03 19:46:10.648, 5, 0 MiB, 81920 MiB, 0 %
2026/07/03 19:46:10.649, 6, 0 MiB, 81920 MiB, 0 %
2026/07/03 19:46:10.649, 7, 0 MiB, 81920 MiB, 0 %
2026/07/03 19:46:20.650, 0, 7733 MiB, 81920 MiB, 0 %
2026/07/03 19:46:20.650, 1, 0 MiB, 81920 MiB, 0 %
2026/07/03 19:46:20.651, 2, 0 MiB, 81920 MiB, 0 %
2026/07/03 19:46:20.651, 3, 0 MiB, 81920 MiB, 0 %
2026/07/03 19:46:20.651, 4, 0 MiB, 81920 MiB, 0 %
2026/07/03 19:46:20.652, 5, 0 MiB, 81920 MiB, 0 %
2026/07/03 19:46:20.652, 6, 0 MiB, 81920 MiB, 0 %
2026/07/03 19:46:20.652, 7, 0 MiB, 81920 MiB, 0 %
2026/07/03 19:46:30.653, 0, 7733 MiB, 81920 MiB, 0 %
2026/07/03 19:46:30.654, 1, 0 MiB, 81920 MiB, 0 %
2026/07/03 19:46:30.654, 2, 0 MiB, 81920 MiB, 0 %
2026/07/03 19:46:30.654, 3, 0 MiB, 81920 MiB, 0 %
2026/07/03 19:46:30.654, 4, 0 MiB, 81920 MiB, 0 %
2026/07/03 19:46:30.655, 5, 0 MiB, 81920 MiB, 0 %
2026/07/03 19:46:30.655, 6, 0 MiB, 81920 MiB, 0 %
2026/07/03 19:46:30.655, 7, 0 MiB, 81920 MiB, 0 %
2026/07/03 19:46:40.656, 0, 7733 MiB, 81920 MiB, 0 %
2026/07/03 19:46:40.657, 1, 0 MiB, 81920 MiB, 0 %
2026/07/03 19:46:40.657, 2, 0 MiB, 81920 MiB, 0 %
2026/07/03 19:46:40.657, 3, 0 MiB, 81920 MiB, 0 %
2026/07/03 19:46:40.657, 4, 0 MiB, 81920 MiB, 0 %
2026/07/03 19:46:40.658, 5, 0 MiB, 81920 MiB, 0 %
2026/07/03 19:46:40.658, 6, 0 MiB, 81920 MiB, 0 %
2026/07/03 19:46:40.658, 7, 0 MiB, 81920 MiB, 0 %
2026/07/03 19:46:50.659, 0, 7733 MiB, 81920 MiB, 0 %
2026/07/03 19:46:50.660, 1, 0 MiB, 81920 MiB, 0 %
2026/07/03 19:46:50.660, 2, 0 MiB, 81920 MiB, 0 %
2026/07/03 19:46:50.660, 3, 0 MiB, 81920 MiB, 0 %
2026/07/03 19:46:50.661, 4, 0 MiB, 81920 MiB, 0 %
2026/07/03 19:46:50.661, 5, 0 MiB, 81920 MiB, 0 %
2026/07/03 19:46:50.661, 6, 0 MiB, 81920 MiB, 0 %
2026/07/03 19:46:50.662, 7, 0 MiB, 81920 MiB, 0 %
2026/07/03 19:47:00.662, 0, 7733 MiB, 81920 MiB, 0 %
2026/07/03 19:47:00.663, 1, 0 MiB, 81920 MiB, 0 %
2026/07/03 19:47:00.663, 2, 0 MiB, 81920 MiB, 0 %
2026/07/03 19:47:00.663, 3, 0 MiB, 81920 MiB, 0 %
2026/07/03 19:47:00.664, 4, 0 MiB, 81920 MiB, 0 %
2026/07/03 19:47:00.664, 5, 0 MiB, 81920 MiB, 0 %
2026/07/03 19:47:00.664, 6, 0 MiB, 81920 MiB, 0 %
2026/07/03 19:47:00.665, 7, 0 MiB, 81920 MiB, 0 %
2026/07/03 19:47:10.665, 0, 7733 MiB, 81920 MiB, 54 %
2026/07/03 19:47:10.666, 1, 0 MiB, 81920 MiB, 0 %
2026/07/03 19:47:10.666, 2, 0 MiB, 81920 MiB, 0 %
2026/07/03 19:47:10.667, 3, 0 MiB, 81920 MiB, 0 %
2026/07/03 19:47:10.667, 4, 0 MiB, 81920 MiB, 0 %
2026/07/03 19:47:10.667, 5, 0 MiB, 81920 MiB, 0 %
2026/07/03 19:47:10.667, 6, 0 MiB, 81920 MiB, 0 %
2026/07/03 19:47:10.668, 7, 0 MiB, 81920 MiB, 0 %
2026/07/03 19:47:20.669, 0, 7733 MiB, 81920 MiB, 0 %
2026/07/03 19:47:20.669, 1, 0 MiB, 81920 MiB, 0 %
2026/07/03 19:47:20.670, 2, 0 MiB, 81920 MiB, 0 %
2026/07/03 19:47:20.670, 3, 0 MiB, 81920 MiB, 0 %
2026/07/03 19:47:20.670, 4, 0 MiB, 81920 MiB, 0 %
2026/07/03 19:47:20.671, 5, 0 MiB, 81920 MiB, 0 %
2026/07/03 19:47:20.671, 6, 0 MiB, 81920 MiB, 0 %
2026/07/03 19:47:20.671, 7, 0 MiB, 81920 MiB, 0 %
2026/07/03 19:47:30.672, 0, 7733 MiB, 81920 MiB, 57 %
2026/07/03 19:47:30.672, 1, 0 MiB, 81920 MiB, 0 %
2026/07/03 19:47:30.673, 2, 0 MiB, 81920 MiB, 0 %
2026/07/03 19:47:30.673, 3, 0 MiB, 81920 MiB, 0 %
2026/07/03 19:47:30.673, 4, 0 MiB, 81920 MiB, 0 %
2026/07/03 19:47:30.674, 5, 0 MiB, 81920 MiB, 0 %
2026/07/03 19:47:30.674, 6, 0 MiB, 81920 MiB, 0 %
2026/07/03 19:47:30.674, 7, 0 MiB, 81920 MiB, 0 %
2026/07/03 19:47:40.675, 0, 7733 MiB, 81920 MiB, 56 %
2026/07/03 19:47:40.675, 1, 0 MiB, 81920 MiB, 0 %
2026/07/03 19:47:40.676, 2, 0 MiB, 81920 MiB, 0 %
2026/07/03 19:47:40.676, 3, 0 MiB, 81920 MiB, 0 %
2026/07/03 19:47:40.676, 4, 0 MiB, 81920 MiB, 0 %
2026/07/03 19:47:40.677, 5, 0 MiB, 81920 MiB, 0 %
2026/07/03 19:47:40.677, 6, 0 MiB, 81920 MiB, 0 %
2026/07/03 19:47:40.677, 7, 0 MiB, 81920 MiB, 0 %
2026/07/03 19:47:50.679, 0, 7733 MiB, 81920 MiB, 0 %
2026/07/03 19:47:50.679, 1, 0 MiB, 81920 MiB, 0 %
2026/07/03 19:47:50.679, 2, 0 MiB, 81920 MiB, 0 %
2026/07/03 19:47:50.680, 3, 0 MiB, 81920 MiB, 0 %
2026/07/03 19:47:50.680, 4, 0 MiB, 81920 MiB, 0 %
2026/07/03 19:47:50.680, 5, 0 MiB, 81920 MiB, 0 %
2026/07/03 19:47:50.681, 6, 0 MiB, 81920 MiB, 0 %
2026/07/03 19:47:50.681, 7, 0 MiB, 81920 MiB, 0 %
2026/07/03 19:48:00.682, 0, 7733 MiB, 81920 MiB, 0 %
2026/07/03 19:48:00.683, 1, 0 MiB, 81920 MiB, 0 %
2026/07/03 19:48:00.683, 2, 0 MiB, 81920 MiB, 0 %
2026/07/03 19:48:00.683, 3, 0 MiB, 81920 MiB, 0 %
2026/07/03 19:48:00.684, 4, 0 MiB, 81920 MiB, 0 %
2026/07/03 19:48:00.684, 5, 0 MiB, 81920 MiB, 0 %
2026/07/03 19:48:00.684, 6, 0 MiB, 81920 MiB, 0 %
2026/07/03 19:48:00.684, 7, 0 MiB, 81920 MiB, 0 %
2026/07/03 19:48:10.685, 0, 7733 MiB, 81920 MiB, 0 %
2026/07/03 19:48:10.685, 1, 0 MiB, 81920 MiB, 0 %
2026/07/03 19:48:10.686, 2, 0 MiB, 81920 MiB, 0 %
2026/07/03 19:48:10.686, 3, 0 MiB, 81920 MiB, 0 %
2026/07/03 19:48:10.686, 4, 0 MiB, 81920 MiB, 0 %
2026/07/03 19:48:10.686, 5, 0 MiB, 81920 MiB, 0 %
2026/07/03 19:48:10.687, 6, 0 MiB, 81920 MiB, 0 %
2026/07/03 19:48:10.687, 7, 0 MiB, 81920 MiB, 0 %
2026/07/03 19:48:20.688, 0, 7733 MiB, 81920 MiB, 0 %
2026/07/03 19:48:20.689, 1, 0 MiB, 81920 MiB, 0 %
2026/07/03 19:48:20.689, 2, 0 MiB, 81920 MiB, 0 %
2026/07/03 19:48:20.689, 3, 0 MiB, 81920 MiB, 0 %
2026/07/03 19:48:20.690, 4, 0 MiB, 81920 MiB, 0 %
2026/07/03 19:48:20.690, 5, 0 MiB, 81920 MiB, 0 %
2026/07/03 19:48:20.690, 6, 0 MiB, 81920 MiB, 0 %
2026/07/03 19:48:20.691, 7, 0 MiB, 81920 MiB, 0 %
2026/07/03 19:48:30.692, 0, 7733 MiB, 81920 MiB, 0 %
2026/07/03 19:48:30.692, 1, 0 MiB, 81920 MiB, 0 %
2026/07/03 19:48:30.693, 2, 0 MiB, 81920 MiB, 0 %
2026/07/03 19:48:30.693, 3, 0 MiB, 81920 MiB, 0 %
2026/07/03 19:48:30.693, 4, 0 MiB, 81920 MiB, 0 %
2026/07/03 19:48:30.694, 5, 0 MiB, 81920 MiB, 0 %
2026/07/03 19:48:30.694, 6, 0 MiB, 81920 MiB, 0 %
2026/07/03 19:48:30.694, 7, 0 MiB, 81920 MiB, 0 %
2026/07/03 19:48:40.695, 0, 7733 MiB, 81920 MiB, 0 %
2026/07/03 19:48:40.696, 1, 0 MiB, 81920 MiB, 0 %
2026/07/03 19:48:40.696, 2, 0 MiB, 81920 MiB, 0 %
2026/07/03 19:48:40.697, 3, 0 MiB, 81920 MiB, 0 %
2026/07/03 19:48:40.697, 4, 0 MiB, 81920 MiB, 0 %
2026/07/03 19:48:40.697, 5, 0 MiB, 81920 MiB, 0 %
2026/07/03 19:48:40.697, 6, 0 MiB, 81920 MiB, 0 %
2026/07/03 19:48:40.698, 7, 0 MiB, 81920 MiB, 0 %
2026/07/03 19:48:50.699, 0, 7733 MiB, 81920 MiB, 0 %
2026/07/03 19:48:50.700, 1, 0 MiB, 81920 MiB, 0 %
2026/07/03 19:48:50.700, 2, 0 MiB, 81920 MiB, 0 %
2026/07/03 19:48:50.700, 3, 0 MiB, 81920 MiB, 0 %
2026/07/03 19:48:50.700, 4, 0 MiB, 81920 MiB, 0 %
2026/07/03 19:48:50.701, 5, 0 MiB, 81920 MiB, 0 %
2026/07/03 19:48:50.701, 6, 0 MiB, 81920 MiB, 0 %
2026/07/03 19:48:50.701, 7, 0 MiB, 81920 MiB, 0 %
2026/07/03 19:49:00.702, 0, 7733 MiB, 81920 MiB, 0 %
2026/07/03 19:49:00.702, 1, 0 MiB, 81920 MiB, 0 %
2026/07/03 19:49:00.702, 2, 0 MiB, 81920 MiB, 0 %
2026/07/03 19:49:00.703, 3, 0 MiB, 81920 MiB, 0 %
2026/07/03 19:49:00.703, 4, 0 MiB, 81920 MiB, 0 %
2026/07/03 19:49:00.703, 5, 0 MiB, 81920 MiB, 0 %
2026/07/03 19:49:00.704, 6, 0 MiB, 81920 MiB, 0 %
2026/07/03 19:49:00.704, 7, 0 MiB, 81920 MiB, 0 %
2026/07/03 19:49:10.705, 0, 7733 MiB, 81920 MiB, 0 %
2026/07/03 19:49:10.706, 1, 0 MiB, 81920 MiB, 0 %
2026/07/03 19:49:10.706, 2, 0 MiB, 81920 MiB, 0 %
2026/07/03 19:49:10.706, 3, 0 MiB, 81920 MiB, 0 %
2026/07/03 19:49:10.707, 4, 0 MiB, 81920 MiB, 0 %
2026/07/03 19:49:10.707, 5, 0 MiB, 81920 MiB, 0 %
2026/07/03 19:49:10.707, 6, 0 MiB, 81920 MiB, 0 %
2026/07/03 19:49:10.707, 7, 0 MiB, 81920 MiB, 0 %
2026/07/03 19:49:20.709, 0, 7733 MiB, 81920 MiB, 0 %
2026/07/03 19:49:20.709, 1, 0 MiB, 81920 MiB, 0 %
2026/07/03 19:49:20.710, 2, 0 MiB, 81920 MiB, 0 %
2026/07/03 19:49:20.710, 3, 0 MiB, 81920 MiB, 0 %
2026/07/03 19:49:20.710, 4, 0 MiB, 81920 MiB, 0 %
2026/07/03 19:49:20.710, 5, 0 MiB, 81920 MiB, 0 %
2026/07/03 19:49:20.711, 6, 0 MiB, 81920 MiB, 0 %
2026/07/03 19:49:20.711, 7, 0 MiB, 81920 MiB, 0 %
2026/07/03 19:49:30.712, 0, 7733 MiB, 81920 MiB, 0 %
2026/07/03 19:49:30.713, 1, 0 MiB, 81920 MiB, 0 %
2026/07/03 19:49:30.713, 2, 0 MiB, 81920 MiB, 0 %
2026/07/03 19:49:30.713, 3, 0 MiB, 81920 MiB, 0 %
2026/07/03 19:49:30.714, 4, 0 MiB, 81920 MiB, 0 %
2026/07/03 19:49:30.714, 5, 0 MiB, 81920 MiB, 0 %
2026/07/03 19:49:30.714, 6, 0 MiB, 81920 MiB, 0 %
2026/07/03 19:49:30.715, 7, 0 MiB, 81920 MiB, 0 %
2026/07/03 19:49:40.716, 0, 7733 MiB, 81920 MiB, 0 %
2026/07/03 19:49:40.716, 1, 0 MiB, 81920 MiB, 0 %
2026/07/03 19:49:40.717, 2, 0 MiB, 81920 MiB, 0 %
2026/07/03 19:49:40.717, 3, 0 MiB, 81920 MiB, 0 %
2026/07/03 19:49:40.717, 4, 0 MiB, 81920 MiB, 0 %
2026/07/03 19:49:40.718, 5, 0 MiB, 81920 MiB, 0 %
2026/07/03 19:49:40.718, 6, 0 MiB, 81920 MiB, 0 %
2026/07/03 19:49:40.718, 7, 0 MiB, 81920 MiB, 0 %
2026/07/03 19:49:50.720, 0, 7733 MiB, 81920 MiB, 0 %
2026/07/03 19:49:50.720, 1, 0 MiB, 81920 MiB, 0 %
2026/07/03 19:49:50.720, 2, 0 MiB, 81920 MiB, 0 %
2026/07/03 19:49:50.721, 3, 0 MiB, 81920 MiB, 0 %
2026/07/03 19:49:50.721, 4, 0 MiB, 81920 MiB, 0 %
2026/07/03 19:49:50.721, 5, 0 MiB, 81920 MiB, 0 %
2026/07/03 19:49:50.722, 6, 0 MiB, 81920 MiB, 0 %
2026/07/03 19:49:50.722, 7, 0 MiB, 81920 MiB, 0 %
2026/07/03 19:50:00.723, 0, 7733 MiB, 81920 MiB, 0 %
2026/07/03 19:50:00.724, 1, 0 MiB, 81920 MiB, 0 %
2026/07/03 19:50:00.724, 2, 0 MiB, 81920 MiB, 0 %
2026/07/03 19:50:00.724, 3, 0 MiB, 81920 MiB, 0 %
2026/07/03 19:50:00.725, 4, 0 MiB, 81920 MiB, 0 %
2026/07/03 19:50:00.725, 5, 0 MiB, 81920 MiB, 0 %
2026/07/03 19:50:00.725, 6, 0 MiB, 81920 MiB, 0 %
2026/07/03 19:50:00.726, 7, 0 MiB, 81920 MiB, 0 %
2026/07/03 19:50:10.727, 0, 7733 MiB, 81920 MiB, 0 %
2026/07/03 19:50:10.727, 1, 0 MiB, 81920 MiB, 0 %
2026/07/03 19:50:10.728, 2, 0 MiB, 81920 MiB, 0 %
2026/07/03 19:50:10.728, 3, 0 MiB, 81920 MiB, 0 %
2026/07/03 19:50:10.728, 4, 0 MiB, 81920 MiB, 0 %
2026/07/03 19:50:10.729, 5, 0 MiB, 81920 MiB, 0 %
2026/07/03 19:50:10.729, 6, 0 MiB, 81920 MiB, 0 %
2026/07/03 19:50:10.729, 7, 0 MiB, 81920 MiB, 0 %
2026/07/03 19:50:20.730, 0, 7733 MiB, 81920 MiB, 0 %
2026/07/03 19:50:20.731, 1, 0 MiB, 81920 MiB, 0 %
2026/07/03 19:50:20.731, 2, 0 MiB, 81920 MiB, 0 %
2026/07/03 19:50:20.732, 3, 0 MiB, 81920 MiB, 0 %
2026/07/03 19:50:20.732, 4, 0 MiB, 81920 MiB, 0 %
2026/07/03 19:50:20.732, 5, 0 MiB, 81920 MiB, 0 %
2026/07/03 19:50:20.732, 6, 0 MiB, 81920 MiB, 0 %
2026/07/03 19:50:20.733, 7, 0 MiB, 81920 MiB, 0 %
2026/07/03 19:50:30.734, 0, 7733 MiB, 81920 MiB, 0 %
2026/07/03 19:50:30.734, 1, 0 MiB, 81920 MiB, 0 %
2026/07/03 19:50:30.734, 2, 0 MiB, 81920 MiB, 0 %
2026/07/03 19:50:30.735, 3, 0 MiB, 81920 MiB, 0 %
2026/07/03 19:50:30.735, 4, 0 MiB, 81920 MiB, 0 %
2026/07/03 19:50:30.735, 5, 0 MiB, 81920 MiB, 0 %
2026/07/03 19:50:30.736, 6, 0 MiB, 81920 MiB, 0 %
2026/07/03 19:50:30.736, 7, 0 MiB, 81920 MiB, 0 %
2026/07/03 19:50:40.737, 0, 7733 MiB, 81920 MiB, 0 %
2026/07/03 19:50:40.737, 1, 0 MiB, 81920 MiB, 0 %
2026/07/03 19:50:40.737, 2, 0 MiB, 81920 MiB, 0 %
2026/07/03 19:50:40.738, 3, 0 MiB, 81920 MiB, 0 %
2026/07/03 19:50:40.738, 4, 0 MiB, 81920 MiB, 0 %
2026/07/03 19:50:40.738, 5, 0 MiB, 81920 MiB, 0 %
2026/07/03 19:50:40.739, 6, 0 MiB, 81920 MiB, 0 %
2026/07/03 19:50:40.739, 7, 0 MiB, 81920 MiB, 0 %
2026/07/03 19:50:50.740, 0, 7733 MiB, 81920 MiB, 0 %
2026/07/03 19:50:50.741, 1, 0 MiB, 81920 MiB, 0 %
2026/07/03 19:50:50.741, 2, 0 MiB, 81920 MiB, 0 %
2026/07/03 19:50:50.741, 3, 0 MiB, 81920 MiB, 0 %
2026/07/03 19:50:50.742, 4, 0 MiB, 81920 MiB, 0 %
2026/07/03 19:50:50.742, 5, 0 MiB, 81920 MiB, 0 %
2026/07/03 19:50:50.742, 6, 0 MiB, 81920 MiB, 0 %
2026/07/03 19:50:50.743, 7, 0 MiB, 81920 MiB, 0 %
2026/07/03 19:51:00.743, 0, 7733 MiB, 81920 MiB, 2 %
2026/07/03 19:51:00.743, 1, 0 MiB, 81920 MiB, 0 %
2026/07/03 19:51:00.744, 2, 0 MiB, 81920 MiB, 0 %
2026/07/03 19:51:00.744, 3, 0 MiB, 81920 MiB, 0 %
2026/07/03 19:51:00.744, 4, 0 MiB, 81920 MiB, 0 %
2026/07/03 19:51:00.745, 5, 0 MiB, 81920 MiB, 0 %
2026/07/03 19:51:00.745, 6, 0 MiB, 81920 MiB, 0 %
2026/07/03 19:51:00.745, 7, 0 MiB, 81920 MiB, 0 %
2026/07/03 19:51:10.746, 0, 7733 MiB, 81920 MiB, 0 %
2026/07/03 19:51:10.747, 1, 0 MiB, 81920 MiB, 0 %
2026/07/03 19:51:10.747, 2, 0 MiB, 81920 MiB, 0 %
2026/07/03 19:51:10.747, 3, 0 MiB, 81920 MiB, 0 %
2026/07/03 19:51:10.748, 4, 0 MiB, 81920 MiB, 0 %
2026/07/03 19:51:10.748, 5, 0 MiB, 81920 MiB, 0 %
2026/07/03 19:51:10.748, 6, 0 MiB, 81920 MiB, 0 %
2026/07/03 19:51:10.749, 7, 0 MiB, 81920 MiB, 0 %
2026/07/03 19:51:20.749, 0, 7733 MiB, 81920 MiB, 0 %
2026/07/03 19:51:20.750, 1, 0 MiB, 81920 MiB, 0 %
2026/07/03 19:51:20.750, 2, 0 MiB, 81920 MiB, 0 %
2026/07/03 19:51:20.750, 3, 0 MiB, 81920 MiB, 0 %
2026/07/03 19:51:20.751, 4, 0 MiB, 81920 MiB, 0 %
2026/07/03 19:51:20.751, 5, 0 MiB, 81920 MiB, 0 %
2026/07/03 19:51:20.751, 6, 0 MiB, 81920 MiB, 0 %
2026/07/03 19:51:20.752, 7, 0 MiB, 81920 MiB, 0 %
2026/07/03 19:51:30.752, 0, 7733 MiB, 81920 MiB, 0 %
2026/07/03 19:51:30.753, 1, 0 MiB, 81920 MiB, 0 %
2026/07/03 19:51:30.753, 2, 0 MiB, 81920 MiB, 0 %
2026/07/03 19:51:30.754, 3, 0 MiB, 81920 MiB, 0 %
2026/07/03 19:51:30.754, 4, 0 MiB, 81920 MiB, 0 %
2026/07/03 19:51:30.754, 5, 0 MiB, 81920 MiB, 0 %
2026/07/03 19:51:30.754, 6, 0 MiB, 81920 MiB, 0 %
2026/07/03 19:51:30.755, 7, 0 MiB, 81920 MiB, 0 %
2026/07/03 19:51:40.755, 0, 7733 MiB, 81920 MiB, 0 %
2026/07/03 19:51:40.756, 1, 0 MiB, 81920 MiB, 0 %
2026/07/03 19:51:40.756, 2, 0 MiB, 81920 MiB, 0 %
2026/07/03 19:51:40.756, 3, 0 MiB, 81920 MiB, 0 %
2026/07/03 19:51:40.757, 4, 0 MiB, 81920 MiB, 0 %
2026/07/03 19:51:40.757, 5, 0 MiB, 81920 MiB, 0 %
2026/07/03 19:51:40.757, 6, 0 MiB, 81920 MiB, 0 %
2026/07/03 19:51:40.758, 7, 0 MiB, 81920 MiB, 0 %
2026/07/03 19:51:50.758, 0, 7733 MiB, 81920 MiB, 0 %
2026/07/03 19:51:50.759, 1, 0 MiB, 81920 MiB, 0 %
2026/07/03 19:51:50.759, 2, 0 MiB, 81920 MiB, 0 %
2026/07/03 19:51:50.759, 3, 0 MiB, 81920 MiB, 0 %
2026/07/03 19:51:50.760, 4, 0 MiB, 81920 MiB, 0 %
2026/07/03 19:51:50.760, 5, 0 MiB, 81920 MiB, 0 %
2026/07/03 19:51:50.760, 6, 0 MiB, 81920 MiB, 0 %
2026/07/03 19:51:50.761, 7, 0 MiB, 81920 MiB, 0 %
2026/07/03 19:52:00.761, 0, 7733 MiB, 81920 MiB, 0 %
2026/07/03 19:52:00.762, 1, 0 MiB, 81920 MiB, 0 %
2026/07/03 19:52:00.762, 2, 0 MiB, 81920 MiB, 0 %
2026/07/03 19:52:00.762, 3, 0 MiB, 81920 MiB, 0 %
2026/07/03 19:52:00.763, 4, 0 MiB, 81920 MiB, 0 %
2026/07/03 19:52:00.763, 5, 0 MiB, 81920 MiB, 0 %
2026/07/03 19:52:00.763, 6, 0 MiB, 81920 MiB, 0 %
2026/07/03 19:52:00.763, 7, 0 MiB, 81920 MiB, 0 %
2026/07/03 19:52:10.764, 0, 7733 MiB, 81920 MiB, 0 %
2026/07/03 19:52:10.765, 1, 0 MiB, 81920 MiB, 0 %
2026/07/03 19:52:10.765, 2, 0 MiB, 81920 MiB, 0 %
2026/07/03 19:52:10.765, 3, 0 MiB, 81920 MiB, 0 %
2026/07/03 19:52:10.766, 4, 0 MiB, 81920 MiB, 0 %
2026/07/03 19:52:10.766, 5, 0 MiB, 81920 MiB, 0 %
2026/07/03 19:52:10.766, 6, 0 MiB, 81920 MiB, 0 %
2026/07/03 19:52:10.767, 7, 0 MiB, 81920 MiB, 0 %
2026/07/03 19:52:20.767, 0, 7733 MiB, 81920 MiB, 0 %
2026/07/03 19:52:20.768, 1, 0 MiB, 81920 MiB, 0 %
2026/07/03 19:52:20.768, 2, 0 MiB, 81920 MiB, 0 %
2026/07/03 19:52:20.768, 3, 0 MiB, 81920 MiB, 0 %
2026/07/03 19:52:20.769, 4, 0 MiB, 81920 MiB, 0 %
2026/07/03 19:52:20.769, 5, 0 MiB, 81920 MiB, 0 %
2026/07/03 19:52:20.769, 6, 0 MiB, 81920 MiB, 0 %
2026/07/03 19:52:20.770, 7, 0 MiB, 81920 MiB, 0 %
2026/07/03 19:52:30.771, 0, 7733 MiB, 81920 MiB, 0 %
2026/07/03 19:52:30.771, 1, 0 MiB, 81920 MiB, 0 %
2026/07/03 19:52:30.772, 2, 0 MiB, 81920 MiB, 0 %
2026/07/03 19:52:30.772, 3, 0 MiB, 81920 MiB, 0 %
2026/07/03 19:52:30.772, 4, 0 MiB, 81920 MiB, 0 %
2026/07/03 19:52:30.773, 5, 0 MiB, 81920 MiB, 0 %
2026/07/03 19:52:30.773, 6, 0 MiB, 81920 MiB, 0 %
2026/07/03 19:52:30.773, 7, 0 MiB, 81920 MiB, 0 %
2026/07/03 19:52:40.774, 0, 7733 MiB, 81920 MiB, 0 %
2026/07/03 19:52:40.775, 1, 0 MiB, 81920 MiB, 0 %
2026/07/03 19:52:40.775, 2, 0 MiB, 81920 MiB, 0 %
2026/07/03 19:52:40.775, 3, 0 MiB, 81920 MiB, 0 %
2026/07/03 19:52:40.775, 4, 0 MiB, 81920 MiB, 0 %
2026/07/03 19:52:40.776, 5, 0 MiB, 81920 MiB, 0 %
2026/07/03 19:52:40.776, 6, 0 MiB, 81920 MiB, 0 %
2026/07/03 19:52:40.776, 7, 0 MiB, 81920 MiB, 0 %
2026/07/03 19:52:50.777, 0, 7733 MiB, 81920 MiB, 0 %
2026/07/03 19:52:50.778, 1, 0 MiB, 81920 MiB, 0 %
2026/07/03 19:52:50.778, 2, 0 MiB, 81920 MiB, 0 %
2026/07/03 19:52:50.778, 3, 0 MiB, 81920 MiB, 0 %
2026/07/03 19:52:50.779, 4, 0 MiB, 81920 MiB, 0 %
2026/07/03 19:52:50.779, 5, 0 MiB, 81920 MiB, 0 %
2026/07/03 19:52:50.779, 6, 0 MiB, 81920 MiB, 0 %
2026/07/03 19:52:50.779, 7, 0 MiB, 81920 MiB, 0 %
2026/07/03 19:53:00.780, 0, 7733 MiB, 81920 MiB, 0 %
2026/07/03 19:53:00.781, 1, 0 MiB, 81920 MiB, 0 %
2026/07/03 19:53:00.781, 2, 0 MiB, 81920 MiB, 0 %
2026/07/03 19:53:00.781, 3, 0 MiB, 81920 MiB, 0 %
2026/07/03 19:53:00.782, 4, 0 MiB, 81920 MiB, 0 %
2026/07/03 19:53:00.782, 5, 0 MiB, 81920 MiB, 0 %
2026/07/03 19:53:00.782, 6, 0 MiB, 81920 MiB, 0 %
2026/07/03 19:53:00.783, 7, 0 MiB, 81920 MiB, 0 %
2026/07/03 19:53:10.783, 0, 7733 MiB, 81920 MiB, 62 %
2026/07/03 19:53:10.784, 1, 0 MiB, 81920 MiB, 0 %
2026/07/03 19:53:10.784, 2, 0 MiB, 81920 MiB, 0 %
2026/07/03 19:53:10.784, 3, 0 MiB, 81920 MiB, 0 %
2026/07/03 19:53:10.785, 4, 0 MiB, 81920 MiB, 0 %
2026/07/03 19:53:10.785, 5, 0 MiB, 81920 MiB, 0 %
2026/07/03 19:53:10.785, 6, 0 MiB, 81920 MiB, 0 %
2026/07/03 19:53:10.786, 7, 0 MiB, 81920 MiB, 0 %
2026/07/03 19:53:20.786, 0, 7733 MiB, 81920 MiB, 0 %
2026/07/03 19:53:20.787, 1, 0 MiB, 81920 MiB, 0 %
2026/07/03 19:53:20.787, 2, 0 MiB, 81920 MiB, 0 %
2026/07/03 19:53:20.787, 3, 0 MiB, 81920 MiB, 0 %
2026/07/03 19:53:20.788, 4, 0 MiB, 81920 MiB, 0 %
2026/07/03 19:53:20.788, 5, 0 MiB, 81920 MiB, 0 %
2026/07/03 19:53:20.788, 6, 0 MiB, 81920 MiB, 0 %
2026/07/03 19:53:20.789, 7, 0 MiB, 81920 MiB, 0 %
2026/07/03 19:53:30.789, 0, 7733 MiB, 81920 MiB, 0 %
2026/07/03 19:53:30.790, 1, 0 MiB, 81920 MiB, 0 %
2026/07/03 19:53:30.790, 2, 0 MiB, 81920 MiB, 0 %
2026/07/03 19:53:30.790, 3, 0 MiB, 81920 MiB, 0 %
2026/07/03 19:53:30.791, 4, 0 MiB, 81920 MiB, 0 %
2026/07/03 19:53:30.791, 5, 0 MiB, 81920 MiB, 0 %
2026/07/03 19:53:30.791, 6, 0 MiB, 81920 MiB, 0 %
2026/07/03 19:53:30.792, 7, 0 MiB, 81920 MiB, 0 %
2026/07/03 19:53:40.792, 0, 7733 MiB, 81920 MiB, 0 %
2026/07/03 19:53:40.793, 1, 0 MiB, 81920 MiB, 0 %
2026/07/03 19:53:40.793, 2, 0 MiB, 81920 MiB, 0 %
2026/07/03 19:53:40.793, 3, 0 MiB, 81920 MiB, 0 %
2026/07/03 19:53:40.794, 4, 0 MiB, 81920 MiB, 0 %
2026/07/03 19:53:40.794, 5, 0 MiB, 81920 MiB, 0 %
2026/07/03 19:53:40.794, 6, 0 MiB, 81920 MiB, 0 %
2026/07/03 19:53:40.795, 7, 0 MiB, 81920 MiB, 0 %
2026/07/03 19:53:50.795, 0, 7733 MiB, 81920 MiB, 61 %
2026/07/03 19:53:50.796, 1, 0 MiB, 81920 MiB, 0 %
2026/07/03 19:53:50.796, 2, 0 MiB, 81920 MiB, 0 %
2026/07/03 19:53:50.796, 3, 0 MiB, 81920 MiB, 0 %
2026/07/03 19:53:50.797, 4, 0 MiB, 81920 MiB, 0 %
2026/07/03 19:53:50.797, 5, 0 MiB, 81920 MiB, 0 %
2026/07/03 19:53:50.797, 6, 0 MiB, 81920 MiB, 0 %
2026/07/03 19:53:50.798, 7, 0 MiB, 81920 MiB, 0 %
2026/07/03 19:54:00.798, 0, 7733 MiB, 81920 MiB, 61 %
2026/07/03 19:54:00.799, 1, 0 MiB, 81920 MiB, 0 %
2026/07/03 19:54:00.799, 2, 0 MiB, 81920 MiB, 0 %
2026/07/03 19:54:00.799, 3, 0 MiB, 81920 MiB, 0 %
2026/07/03 19:54:00.800, 4, 0 MiB, 81920 MiB, 0 %
2026/07/03 19:54:00.800, 5, 0 MiB, 81920 MiB, 0 %
2026/07/03 19:54:00.800, 6, 0 MiB, 81920 MiB, 0 %
2026/07/03 19:54:00.801, 7, 0 MiB, 81920 MiB, 0 %
2026/07/03 19:54:10.801, 0, 7733 MiB, 81920 MiB, 0 %
2026/07/03 19:54:10.802, 1, 0 MiB, 81920 MiB, 0 %
2026/07/03 19:54:10.802, 2, 0 MiB, 81920 MiB, 0 %
2026/07/03 19:54:10.802, 3, 0 MiB, 81920 MiB, 0 %
2026/07/03 19:54:10.803, 4, 0 MiB, 81920 MiB, 0 %
2026/07/03 19:54:10.803, 5, 0 MiB, 81920 MiB, 0 %
2026/07/03 19:54:10.803, 6, 0 MiB, 81920 MiB, 0 %
2026/07/03 19:54:10.804, 7, 0 MiB, 81920 MiB, 0 %
2026/07/03 19:54:20.804, 0, 7733 MiB, 81920 MiB, 0 %
2026/07/03 19:54:20.805, 1, 0 MiB, 81920 MiB, 0 %
2026/07/03 19:54:20.805, 2, 0 MiB, 81920 MiB, 0 %
2026/07/03 19:54:20.805, 3, 0 MiB, 81920 MiB, 0 %
2026/07/03 19:54:20.806, 4, 0 MiB, 81920 MiB, 0 %
2026/07/03 19:54:20.806, 5, 0 MiB, 81920 MiB, 0 %
2026/07/03 19:54:20.806, 6, 0 MiB, 81920 MiB, 0 %
2026/07/03 19:54:20.807, 7, 0 MiB, 81920 MiB, 0 %
2026/07/03 19:54:30.807, 0, 7733 MiB, 81920 MiB, 0 %
2026/07/03 19:54:30.808, 1, 0 MiB, 81920 MiB, 0 %
2026/07/03 19:54:30.808, 2, 0 MiB, 81920 MiB, 0 %
2026/07/03 19:54:30.809, 3, 0 MiB, 81920 MiB, 0 %
2026/07/03 19:54:30.809, 4, 0 MiB, 81920 MiB, 0 %
2026/07/03 19:54:30.809, 5, 0 MiB, 81920 MiB, 0 %
2026/07/03 19:54:30.810, 6, 0 MiB, 81920 MiB, 0 %
2026/07/03 19:54:30.810, 7, 0 MiB, 81920 MiB, 0 %
2026/07/03 19:54:40.811, 0, 7733 MiB, 81920 MiB, 0 %
2026/07/03 19:54:40.811, 1, 0 MiB, 81920 MiB, 0 %
2026/07/03 19:54:40.811, 2, 0 MiB, 81920 MiB, 0 %
2026/07/03 19:54:40.812, 3, 0 MiB, 81920 MiB, 0 %
2026/07/03 19:54:40.812, 4, 0 MiB, 81920 MiB, 0 %
2026/07/03 19:54:40.812, 5, 0 MiB, 81920 MiB, 0 %
2026/07/03 19:54:40.813, 6, 0 MiB, 81920 MiB, 0 %
2026/07/03 19:54:40.813, 7, 0 MiB, 81920 MiB, 0 %
2026/07/03 19:54:50.814, 0, 7733 MiB, 81920 MiB, 0 %
2026/07/03 19:54:50.814, 1, 0 MiB, 81920 MiB, 0 %
2026/07/03 19:54:50.815, 2, 0 MiB, 81920 MiB, 0 %
2026/07/03 19:54:50.815, 3, 0 MiB, 81920 MiB, 0 %
2026/07/03 19:54:50.815, 4, 0 MiB, 81920 MiB, 0 %
2026/07/03 19:54:50.816, 5, 0 MiB, 81920 MiB, 0 %
2026/07/03 19:54:50.816, 6, 0 MiB, 81920 MiB, 0 %
2026/07/03 19:54:50.816, 7, 0 MiB, 81920 MiB, 0 %
2026/07/03 19:55:00.817, 0, 7733 MiB, 81920 MiB, 0 %
2026/07/03 19:55:00.817, 1, 0 MiB, 81920 MiB, 0 %
2026/07/03 19:55:00.818, 2, 0 MiB, 81920 MiB, 0 %
2026/07/03 19:55:00.818, 3, 0 MiB, 81920 MiB, 0 %
2026/07/03 19:55:00.818, 4, 0 MiB, 81920 MiB, 0 %
2026/07/03 19:55:00.819, 5, 0 MiB, 81920 MiB, 0 %
2026/07/03 19:55:00.819, 6, 0 MiB, 81920 MiB, 0 %
2026/07/03 19:55:00.819, 7, 0 MiB, 81920 MiB, 0 %
2026/07/03 19:55:10.820, 0, 7733 MiB, 81920 MiB, 0 %
2026/07/03 19:55:10.820, 1, 0 MiB, 81920 MiB, 0 %
2026/07/03 19:55:10.821, 2, 0 MiB, 81920 MiB, 0 %
2026/07/03 19:55:10.821, 3, 0 MiB, 81920 MiB, 0 %
2026/07/03 19:55:10.821, 4, 0 MiB, 81920 MiB, 0 %
2026/07/03 19:55:10.822, 5, 0 MiB, 81920 MiB, 0 %
2026/07/03 19:55:10.822, 6, 0 MiB, 81920 MiB, 0 %
2026/07/03 19:55:10.822, 7, 0 MiB, 81920 MiB, 0 %
2026/07/03 19:55:20.823, 0, 7733 MiB, 81920 MiB, 62 %
2026/07/03 19:55:20.823, 1, 0 MiB, 81920 MiB, 0 %
2026/07/03 19:55:20.824, 2, 0 MiB, 81920 MiB, 0 %
2026/07/03 19:55:20.824, 3, 0 MiB, 81920 MiB, 0 %
2026/07/03 19:55:20.824, 4, 0 MiB, 81920 MiB, 0 %
2026/07/03 19:55:20.825, 5, 0 MiB, 81920 MiB, 0 %
2026/07/03 19:55:20.825, 6, 0 MiB, 81920 MiB, 0 %
2026/07/03 19:55:20.825, 7, 0 MiB, 81920 MiB, 0 %
2026/07/03 19:55:30.826, 0, 7733 MiB, 81920 MiB, 0 %
2026/07/03 19:55:30.827, 1, 0 MiB, 81920 MiB, 0 %
2026/07/03 19:55:30.827, 2, 0 MiB, 81920 MiB, 0 %
2026/07/03 19:55:30.827, 3, 0 MiB, 81920 MiB, 0 %
2026/07/03 19:55:30.828, 4, 0 MiB, 81920 MiB, 0 %
2026/07/03 19:55:30.828, 5, 0 MiB, 81920 MiB, 0 %
2026/07/03 19:55:30.828, 6, 0 MiB, 81920 MiB, 0 %
2026/07/03 19:55:30.828, 7, 0 MiB, 81920 MiB, 0 %
2026/07/03 19:55:40.829, 0, 7733 MiB, 81920 MiB, 0 %
2026/07/03 19:55:40.830, 1, 0 MiB, 81920 MiB, 0 %
2026/07/03 19:55:40.830, 2, 0 MiB, 81920 MiB, 0 %
2026/07/03 19:55:40.831, 3, 0 MiB, 81920 MiB, 0 %
2026/07/03 19:55:40.831, 4, 0 MiB, 81920 MiB, 0 %
2026/07/03 19:55:40.831, 5, 0 MiB, 81920 MiB, 0 %
2026/07/03 19:55:40.831, 6, 0 MiB, 81920 MiB, 0 %
2026/07/03 19:55:40.832, 7, 0 MiB, 81920 MiB, 0 %
2026/07/03 19:55:50.832, 0, 7733 MiB, 81920 MiB, 0 %
2026/07/03 19:55:50.833, 1, 0 MiB, 81920 MiB, 0 %
2026/07/03 19:55:50.833, 2, 0 MiB, 81920 MiB, 0 %
2026/07/03 19:55:50.834, 3, 0 MiB, 81920 MiB, 0 %
2026/07/03 19:55:50.834, 4, 0 MiB, 81920 MiB, 0 %
2026/07/03 19:55:50.834, 5, 0 MiB, 81920 MiB, 0 %
2026/07/03 19:55:50.835, 6, 0 MiB, 81920 MiB, 0 %
2026/07/03 19:55:50.835, 7, 0 MiB, 81920 MiB, 0 %
2026/07/03 19:56:00.836, 0, 7733 MiB, 81920 MiB, 0 %
2026/07/03 19:56:00.836, 1, 0 MiB, 81920 MiB, 0 %
2026/07/03 19:56:00.837, 2, 0 MiB, 81920 MiB, 0 %
2026/07/03 19:56:00.837, 3, 0 MiB, 81920 MiB, 0 %
2026/07/03 19:56:00.837, 4, 0 MiB, 81920 MiB, 0 %
2026/07/03 19:56:00.838, 5, 0 MiB, 81920 MiB, 0 %
2026/07/03 19:56:00.838, 6, 0 MiB, 81920 MiB, 0 %
2026/07/03 19:56:00.838, 7, 0 MiB, 81920 MiB, 0 %
2026/07/03 19:56:10.839, 0, 7733 MiB, 81920 MiB, 0 %
2026/07/03 19:56:10.839, 1, 0 MiB, 81920 MiB, 0 %
2026/07/03 19:56:10.840, 2, 0 MiB, 81920 MiB, 0 %
2026/07/03 19:56:10.840, 3, 0 MiB, 81920 MiB, 0 %
2026/07/03 19:56:10.840, 4, 0 MiB, 81920 MiB, 0 %
2026/07/03 19:56:10.841, 5, 0 MiB, 81920 MiB, 0 %
2026/07/03 19:56:10.841, 6, 0 MiB, 81920 MiB, 0 %
2026/07/03 19:56:10.841, 7, 0 MiB, 81920 MiB, 0 %
2026/07/03 19:56:20.842, 0, 7733 MiB, 81920 MiB, 0 %
2026/07/03 19:56:20.842, 1, 0 MiB, 81920 MiB, 0 %
2026/07/03 19:56:20.843, 2, 0 MiB, 81920 MiB, 0 %
2026/07/03 19:56:20.843, 3, 0 MiB, 81920 MiB, 0 %
2026/07/03 19:56:20.843, 4, 0 MiB, 81920 MiB, 0 %
2026/07/03 19:56:20.844, 5, 0 MiB, 81920 MiB, 0 %
2026/07/03 19:56:20.844, 6, 0 MiB, 81920 MiB, 0 %
2026/07/03 19:56:20.844, 7, 0 MiB, 81920 MiB, 0 %
2026/07/03 19:56:30.845, 0, 7733 MiB, 81920 MiB, 0 %
2026/07/03 19:56:30.846, 1, 0 MiB, 81920 MiB, 0 %
2026/07/03 19:56:30.846, 2, 0 MiB, 81920 MiB, 0 %
2026/07/03 19:56:30.846, 3, 0 MiB, 81920 MiB, 0 %
2026/07/03 19:56:30.846, 4, 0 MiB, 81920 MiB, 0 %
2026/07/03 19:56:30.847, 5, 0 MiB, 81920 MiB, 0 %
2026/07/03 19:56:30.847, 6, 0 MiB, 81920 MiB, 0 %
2026/07/03 19:56:30.847, 7, 0 MiB, 81920 MiB, 0 %
2026/07/03 19:56:40.848, 0, 7733 MiB, 81920 MiB, 0 %
2026/07/03 19:56:40.849, 1, 0 MiB, 81920 MiB, 0 %
2026/07/03 19:56:40.849, 2, 0 MiB, 81920 MiB, 0 %
2026/07/03 19:56:40.849, 3, 0 MiB, 81920 MiB, 0 %
2026/07/03 19:56:40.849, 4, 0 MiB, 81920 MiB, 0 %
2026/07/03 19:56:40.850, 5, 0 MiB, 81920 MiB, 0 %
2026/07/03 19:56:40.850, 6, 0 MiB, 81920 MiB, 0 %
2026/07/03 19:56:40.850, 7, 0 MiB, 81920 MiB, 0 %
2026/07/03 19:56:50.851, 0, 7733 MiB, 81920 MiB, 0 %
2026/07/03 19:56:50.851, 1, 0 MiB, 81920 MiB, 0 %
2026/07/03 19:56:50.852, 2, 0 MiB, 81920 MiB, 0 %
2026/07/03 19:56:50.852, 3, 0 MiB, 81920 MiB, 0 %
2026/07/03 19:56:50.852, 4, 0 MiB, 81920 MiB, 0 %
2026/07/03 19:56:50.853, 5, 0 MiB, 81920 MiB, 0 %
2026/07/03 19:56:50.853, 6, 0 MiB, 81920 MiB, 0 %
2026/07/03 19:56:50.853, 7, 0 MiB, 81920 MiB, 0 %
2026/07/03 19:57:00.854, 0, 7733 MiB, 81920 MiB, 0 %
2026/07/03 19:57:00.855, 1, 0 MiB, 81920 MiB, 0 %
2026/07/03 19:57:00.855, 2, 0 MiB, 81920 MiB, 0 %
2026/07/03 19:57:00.855, 3, 0 MiB, 81920 MiB, 0 %
2026/07/03 19:57:00.855, 4, 0 MiB, 81920 MiB, 0 %
2026/07/03 19:57:00.856, 5, 0 MiB, 81920 MiB, 0 %
2026/07/03 19:57:00.856, 6, 0 MiB, 81920 MiB, 0 %
2026/07/03 19:57:00.856, 7, 0 MiB, 81920 MiB, 0 %
2026/07/03 19:57:10.857, 0, 7733 MiB, 81920 MiB, 0 %
2026/07/03 19:57:10.858, 1, 0 MiB, 81920 MiB, 0 %
2026/07/03 19:57:10.858, 2, 0 MiB, 81920 MiB, 0 %
2026/07/03 19:57:10.858, 3, 0 MiB, 81920 MiB, 0 %
2026/07/03 19:57:10.859, 4, 0 MiB, 81920 MiB, 0 %
2026/07/03 19:57:10.859, 5, 0 MiB, 81920 MiB, 0 %
2026/07/03 19:57:10.859, 6, 0 MiB, 81920 MiB, 0 %
2026/07/03 19:57:10.860, 7, 0 MiB, 81920 MiB, 0 %
2026/07/03 19:57:20.860, 0, 7733 MiB, 81920 MiB, 0 %
2026/07/03 19:57:20.861, 1, 0 MiB, 81920 MiB, 0 %
2026/07/03 19:57:20.861, 2, 0 MiB, 81920 MiB, 0 %
2026/07/03 19:57:20.861, 3, 0 MiB, 81920 MiB, 0 %
2026/07/03 19:57:20.861, 4, 0 MiB, 81920 MiB, 0 %
2026/07/03 19:57:20.862, 5, 0 MiB, 81920 MiB, 0 %
2026/07/03 19:57:20.862, 6, 0 MiB, 81920 MiB, 0 %
2026/07/03 19:57:20.862, 7, 0 MiB, 81920 MiB, 0 %
2026/07/03 19:57:30.863, 0, 7733 MiB, 81920 MiB, 0 %
2026/07/03 19:57:30.864, 1, 0 MiB, 81920 MiB, 0 %
2026/07/03 19:57:30.864, 2, 0 MiB, 81920 MiB, 0 %
2026/07/03 19:57:30.864, 3, 0 MiB, 81920 MiB, 0 %
2026/07/03 19:57:30.865, 4, 0 MiB, 81920 MiB, 0 %
2026/07/03 19:57:30.865, 5, 0 MiB, 81920 MiB, 0 %
2026/07/03 19:57:30.865, 6, 0 MiB, 81920 MiB, 0 %
2026/07/03 19:57:30.865, 7, 0 MiB, 81920 MiB, 0 %
2026/07/03 19:57:40.866, 0, 7733 MiB, 81920 MiB, 0 %
2026/07/03 19:57:40.867, 1, 0 MiB, 81920 MiB, 0 %
2026/07/03 19:57:40.867, 2, 0 MiB, 81920 MiB, 0 %
2026/07/03 19:57:40.867, 3, 0 MiB, 81920 MiB, 0 %
2026/07/03 19:57:40.868, 4, 0 MiB, 81920 MiB, 0 %
2026/07/03 19:57:40.868, 5, 0 MiB, 81920 MiB, 0 %
2026/07/03 19:57:40.868, 6, 0 MiB, 81920 MiB, 0 %
2026/07/03 19:57:40.868, 7, 0 MiB, 81920 MiB, 0 %
2026/07/03 19:57:50.869, 0, 7733 MiB, 81920 MiB, 0 %
2026/07/03 19:57:50.870, 1, 0 MiB, 81920 MiB, 0 %
2026/07/03 19:57:50.870, 2, 0 MiB, 81920 MiB, 0 %
2026/07/03 19:57:50.870, 3, 0 MiB, 81920 MiB, 0 %
2026/07/03 19:57:50.871, 4, 0 MiB, 81920 MiB, 0 %
2026/07/03 19:57:50.871, 5, 0 MiB, 81920 MiB, 0 %
2026/07/03 19:57:50.871, 6, 0 MiB, 81920 MiB, 0 %
2026/07/03 19:57:50.872, 7, 0 MiB, 81920 MiB, 0 %
2026/07/03 19:58:00.872, 0, 7733 MiB, 81920 MiB, 29 %
2026/07/03 19:58:00.873, 1, 0 MiB, 81920 MiB, 0 %
2026/07/03 19:58:00.873, 2, 0 MiB, 81920 MiB, 0 %
2026/07/03 19:58:00.874, 3, 0 MiB, 81920 MiB, 0 %
2026/07/03 19:58:00.874, 4, 0 MiB, 81920 MiB, 0 %
2026/07/03 19:58:00.874, 5, 0 MiB, 81920 MiB, 0 %
2026/07/03 19:58:00.875, 6, 0 MiB, 81920 MiB, 0 %
2026/07/03 19:58:00.875, 7, 0 MiB, 81920 MiB, 0 %
2026/07/03 19:58:10.876, 0, 7733 MiB, 81920 MiB, 0 %
2026/07/03 19:58:10.876, 1, 0 MiB, 81920 MiB, 0 %
2026/07/03 19:58:10.876, 2, 0 MiB, 81920 MiB, 0 %
2026/07/03 19:58:10.877, 3, 0 MiB, 81920 MiB, 0 %
2026/07/03 19:58:10.877, 4, 0 MiB, 81920 MiB, 0 %
2026/07/03 19:58:10.877, 5, 0 MiB, 81920 MiB, 0 %
2026/07/03 19:58:10.878, 6, 0 MiB, 81920 MiB, 0 %
2026/07/03 19:58:10.878, 7, 0 MiB, 81920 MiB, 0 %
2026/07/03 19:58:20.879, 0, 7733 MiB, 81920 MiB, 0 %
2026/07/03 19:58:20.879, 1, 0 MiB, 81920 MiB, 0 %
2026/07/03 19:58:20.880, 2, 0 MiB, 81920 MiB, 0 %
2026/07/03 19:58:20.880, 3, 0 MiB, 81920 MiB, 0 %
2026/07/03 19:58:20.880, 4, 0 MiB, 81920 MiB, 0 %
2026/07/03 19:58:20.880, 5, 0 MiB, 81920 MiB, 0 %
2026/07/03 19:58:20.881, 6, 0 MiB, 81920 MiB, 0 %
2026/07/03 19:58:20.881, 7, 0 MiB, 81920 MiB, 0 %
2026/07/03 19:58:30.882, 0, 7733 MiB, 81920 MiB, 0 %
2026/07/03 19:58:30.882, 1, 0 MiB, 81920 MiB, 0 %
2026/07/03 19:58:30.883, 2, 0 MiB, 81920 MiB, 0 %
2026/07/03 19:58:30.883, 3, 0 MiB, 81920 MiB, 0 %
2026/07/03 19:58:30.883, 4, 0 MiB, 81920 MiB, 0 %
2026/07/03 19:58:30.884, 5, 0 MiB, 81920 MiB, 0 %
2026/07/03 19:58:30.884, 6, 0 MiB, 81920 MiB, 0 %
2026/07/03 19:58:30.884, 7, 0 MiB, 81920 MiB, 0 %
2026/07/03 19:58:40.885, 0, 7733 MiB, 81920 MiB, 0 %
2026/07/03 19:58:40.886, 1, 0 MiB, 81920 MiB, 0 %
2026/07/03 19:58:40.886, 2, 0 MiB, 81920 MiB, 0 %
2026/07/03 19:58:40.886, 3, 0 MiB, 81920 MiB, 0 %
2026/07/03 19:58:40.887, 4, 0 MiB, 81920 MiB, 0 %
2026/07/03 19:58:40.887, 5, 0 MiB, 81920 MiB, 0 %
2026/07/03 19:58:40.887, 6, 0 MiB, 81920 MiB, 0 %
2026/07/03 19:58:40.887, 7, 0 MiB, 81920 MiB, 0 %
2026/07/03 19:58:50.889, 0, 7733 MiB, 81920 MiB, 0 %
2026/07/03 19:58:50.889, 1, 0 MiB, 81920 MiB, 0 %
2026/07/03 19:58:50.890, 2, 0 MiB, 81920 MiB, 0 %
2026/07/03 19:58:50.890, 3, 0 MiB, 81920 MiB, 0 %
2026/07/03 19:58:50.890, 4, 0 MiB, 81920 MiB, 0 %
2026/07/03 19:58:50.891, 5, 0 MiB, 81920 MiB, 0 %
2026/07/03 19:58:50.891, 6, 0 MiB, 81920 MiB, 0 %
2026/07/03 19:58:50.891, 7, 0 MiB, 81920 MiB, 0 %
2026/07/03 19:59:00.892, 0, 7733 MiB, 81920 MiB, 59 %
2026/07/03 19:59:00.893, 1, 0 MiB, 81920 MiB, 0 %
2026/07/03 19:59:00.893, 2, 0 MiB, 81920 MiB, 0 %
2026/07/03 19:59:00.894, 3, 0 MiB, 81920 MiB, 0 %
2026/07/03 19:59:00.894, 4, 0 MiB, 81920 MiB, 0 %
2026/07/03 19:59:00.894, 5, 0 MiB, 81920 MiB, 0 %
2026/07/03 19:59:00.894, 6, 0 MiB, 81920 MiB, 0 %
2026/07/03 19:59:00.895, 7, 0 MiB, 81920 MiB, 0 %
2026/07/03 19:59:10.896, 0, 7733 MiB, 81920 MiB, 0 %
2026/07/03 19:59:10.897, 1, 0 MiB, 81920 MiB, 0 %
2026/07/03 19:59:10.897, 2, 0 MiB, 81920 MiB, 0 %
2026/07/03 19:59:10.897, 3, 0 MiB, 81920 MiB, 0 %
2026/07/03 19:59:10.897, 4, 0 MiB, 81920 MiB, 0 %
2026/07/03 19:59:10.898, 5, 0 MiB, 81920 MiB, 0 %
2026/07/03 19:59:10.898, 6, 0 MiB, 81920 MiB, 0 %
2026/07/03 19:59:10.898, 7, 0 MiB, 81920 MiB, 0 %
2026/07/03 19:59:20.899, 0, 7733 MiB, 81920 MiB, 0 %
2026/07/03 19:59:20.900, 1, 0 MiB, 81920 MiB, 0 %
2026/07/03 19:59:20.900, 2, 0 MiB, 81920 MiB, 0 %
2026/07/03 19:59:20.900, 3, 0 MiB, 81920 MiB, 0 %
2026/07/03 19:59:20.901, 4, 0 MiB, 81920 MiB, 0 %
2026/07/03 19:59:20.901, 5, 0 MiB, 81920 MiB, 0 %
2026/07/03 19:59:20.901, 6, 0 MiB, 81920 MiB, 0 %
2026/07/03 19:59:20.901, 7, 0 MiB, 81920 MiB, 0 %
2026/07/03 19:59:30.902, 0, 7733 MiB, 81920 MiB, 0 %
2026/07/03 19:59:30.903, 1, 0 MiB, 81920 MiB, 0 %
2026/07/03 19:59:30.903, 2, 0 MiB, 81920 MiB, 0 %
2026/07/03 19:59:30.903, 3, 0 MiB, 81920 MiB, 0 %
2026/07/03 19:59:30.904, 4, 0 MiB, 81920 MiB, 0 %
2026/07/03 19:59:30.904, 5, 0 MiB, 81920 MiB, 0 %
2026/07/03 19:59:30.904, 6, 0 MiB, 81920 MiB, 0 %
2026/07/03 19:59:30.904, 7, 0 MiB, 81920 MiB, 0 %
2026/07/03 19:59:40.905, 0, 7733 MiB, 81920 MiB, 0 %
2026/07/03 19:59:40.905, 1, 0 MiB, 81920 MiB, 0 %
2026/07/03 19:59:40.906, 2, 0 MiB, 81920 MiB, 0 %
2026/07/03 19:59:40.906, 3, 0 MiB, 81920 MiB, 0 %
2026/07/03 19:59:40.906, 4, 0 MiB, 81920 MiB, 0 %
2026/07/03 19:59:40.907, 5, 0 MiB, 81920 MiB, 0 %
2026/07/03 19:59:40.907, 6, 0 MiB, 81920 MiB, 0 %
2026/07/03 19:59:40.907, 7, 0 MiB, 81920 MiB, 0 %
2026/07/03 19:59:50.908, 0, 7733 MiB, 81920 MiB, 0 %
2026/07/03 19:59:50.908, 1, 0 MiB, 81920 MiB, 0 %
2026/07/03 19:59:50.909, 2, 0 MiB, 81920 MiB, 0 %
2026/07/03 19:59:50.909, 3, 0 MiB, 81920 MiB, 0 %
2026/07/03 19:59:50.909, 4, 0 MiB, 81920 MiB, 0 %
2026/07/03 19:59:50.910, 5, 0 MiB, 81920 MiB, 0 %
2026/07/03 19:59:50.910, 6, 0 MiB, 81920 MiB, 0 %
2026/07/03 19:59:50.910, 7, 0 MiB, 81920 MiB, 0 %
2026/07/03 20:00:00.911, 0, 7733 MiB, 81920 MiB, 0 %
2026/07/03 20:00:00.912, 1, 0 MiB, 81920 MiB, 0 %
2026/07/03 20:00:00.912, 2, 0 MiB, 81920 MiB, 0 %
2026/07/03 20:00:00.912, 3, 0 MiB, 81920 MiB, 0 %
2026/07/03 20:00:00.912, 4, 0 MiB, 81920 MiB, 0 %
2026/07/03 20:00:00.913, 5, 0 MiB, 81920 MiB, 0 %
2026/07/03 20:00:00.913, 6, 0 MiB, 81920 MiB, 0 %
2026/07/03 20:00:00.913, 7, 0 MiB, 81920 MiB, 0 %
2026/07/03 20:00:10.914, 0, 7733 MiB, 81920 MiB, 0 %
2026/07/03 20:00:10.915, 1, 0 MiB, 81920 MiB, 0 %
2026/07/03 20:00:10.915, 2, 0 MiB, 81920 MiB, 0 %
2026/07/03 20:00:10.915, 3, 0 MiB, 81920 MiB, 0 %
2026/07/03 20:00:10.916, 4, 0 MiB, 81920 MiB, 0 %
2026/07/03 20:00:10.916, 5, 0 MiB, 81920 MiB, 0 %
2026/07/03 20:00:10.916, 6, 0 MiB, 81920 MiB, 0 %
2026/07/03 20:00:10.916, 7, 0 MiB, 81920 MiB, 0 %
2026/07/03 20:00:20.917, 0, 7733 MiB, 81920 MiB, 0 %
2026/07/03 20:00:20.918, 1, 0 MiB, 81920 MiB, 0 %
2026/07/03 20:00:20.918, 2, 0 MiB, 81920 MiB, 0 %
2026/07/03 20:00:20.918, 3, 0 MiB, 81920 MiB, 0 %
2026/07/03 20:00:20.919, 4, 0 MiB, 81920 MiB, 0 %
2026/07/03 20:00:20.919, 5, 0 MiB, 81920 MiB, 0 %
2026/07/03 20:00:20.919, 6, 0 MiB, 81920 MiB, 0 %
2026/07/03 20:00:20.920, 7, 0 MiB, 81920 MiB, 0 %
2026/07/03 20:00:30.920, 0, 7733 MiB, 81920 MiB, 0 %
2026/07/03 20:00:30.921, 1, 0 MiB, 81920 MiB, 0 %
2026/07/03 20:00:30.921, 2, 0 MiB, 81920 MiB, 0 %
2026/07/03 20:00:30.921, 3, 0 MiB, 81920 MiB, 0 %
2026/07/03 20:00:30.922, 4, 0 MiB, 81920 MiB, 0 %
2026/07/03 20:00:30.922, 5, 0 MiB, 81920 MiB, 0 %
2026/07/03 20:00:30.922, 6, 0 MiB, 81920 MiB, 0 %
2026/07/03 20:00:30.923, 7, 0 MiB, 81920 MiB, 0 %
2026/07/03 20:00:40.923, 0, 7733 MiB, 81920 MiB, 0 %
2026/07/03 20:00:40.924, 1, 0 MiB, 81920 MiB, 0 %
2026/07/03 20:00:40.924, 2, 0 MiB, 81920 MiB, 0 %
2026/07/03 20:00:40.925, 3, 0 MiB, 81920 MiB, 0 %
2026/07/03 20:00:40.925, 4, 0 MiB, 81920 MiB, 0 %
2026/07/03 20:00:40.925, 5, 0 MiB, 81920 MiB, 0 %
2026/07/03 20:00:40.926, 6, 0 MiB, 81920 MiB, 0 %
2026/07/03 20:00:40.926, 7, 0 MiB, 81920 MiB, 0 %
2026/07/03 20:00:50.926, 0, 7733 MiB, 81920 MiB, 0 %
2026/07/03 20:00:50.927, 1, 0 MiB, 81920 MiB, 0 %
2026/07/03 20:00:50.927, 2, 0 MiB, 81920 MiB, 0 %
2026/07/03 20:00:50.927, 3, 0 MiB, 81920 MiB, 0 %
2026/07/03 20:00:50.928, 4, 0 MiB, 81920 MiB, 0 %
2026/07/03 20:00:50.928, 5, 0 MiB, 81920 MiB, 0 %
2026/07/03 20:00:50.928, 6, 0 MiB, 81920 MiB, 0 %
2026/07/03 20:00:50.929, 7, 0 MiB, 81920 MiB, 0 %
2026/07/03 20:01:00.930, 0, 7733 MiB, 81920 MiB, 61 %
2026/07/03 20:01:00.930, 1, 0 MiB, 81920 MiB, 0 %
2026/07/03 20:01:00.931, 2, 0 MiB, 81920 MiB, 0 %
2026/07/03 20:01:00.931, 3, 0 MiB, 81920 MiB, 0 %
2026/07/03 20:01:00.931, 4, 0 MiB, 81920 MiB, 0 %
2026/07/03 20:01:00.931, 5, 0 MiB, 81920 MiB, 0 %
2026/07/03 20:01:00.932, 6, 0 MiB, 81920 MiB, 0 %
2026/07/03 20:01:00.932, 7, 0 MiB, 81920 MiB, 0 %
2026/07/03 20:01:10.933, 0, 7733 MiB, 81920 MiB, 0 %
2026/07/03 20:01:10.934, 1, 0 MiB, 81920 MiB, 0 %
2026/07/03 20:01:10.934, 2, 0 MiB, 81920 MiB, 0 %
2026/07/03 20:01:10.934, 3, 0 MiB, 81920 MiB, 0 %
2026/07/03 20:01:10.935, 4, 0 MiB, 81920 MiB, 0 %
2026/07/03 20:01:10.935, 5, 0 MiB, 81920 MiB, 0 %
2026/07/03 20:01:10.935, 6, 0 MiB, 81920 MiB, 0 %
2026/07/03 20:01:10.936, 7, 0 MiB, 81920 MiB, 0 %
2026/07/03 20:01:20.937, 0, 7733 MiB, 81920 MiB, 0 %
2026/07/03 20:01:20.937, 1, 0 MiB, 81920 MiB, 0 %
2026/07/03 20:01:20.938, 2, 0 MiB, 81920 MiB, 0 %
2026/07/03 20:01:20.938, 3, 0 MiB, 81920 MiB, 0 %
2026/07/03 20:01:20.938, 4, 0 MiB, 81920 MiB, 0 %
2026/07/03 20:01:20.938, 5, 0 MiB, 81920 MiB, 0 %
2026/07/03 20:01:20.939, 6, 0 MiB, 81920 MiB, 0 %
2026/07/03 20:01:20.939, 7, 0 MiB, 81920 MiB, 0 %
2026/07/03 20:01:30.940, 0, 7733 MiB, 81920 MiB, 0 %
2026/07/03 20:01:30.940, 1, 0 MiB, 81920 MiB, 0 %
2026/07/03 20:01:30.941, 2, 0 MiB, 81920 MiB, 0 %
2026/07/03 20:01:30.941, 3, 0 MiB, 81920 MiB, 0 %
2026/07/03 20:01:30.941, 4, 0 MiB, 81920 MiB, 0 %
2026/07/03 20:01:30.941, 5, 0 MiB, 81920 MiB, 0 %
2026/07/03 20:01:30.942, 6, 0 MiB, 81920 MiB, 0 %
2026/07/03 20:01:30.942, 7, 0 MiB, 81920 MiB, 0 %
2026/07/03 20:01:40.943, 0, 7733 MiB, 81920 MiB, 0 %
2026/07/03 20:01:40.943, 1, 0 MiB, 81920 MiB, 0 %
2026/07/03 20:01:40.944, 2, 0 MiB, 81920 MiB, 0 %
2026/07/03 20:01:40.944, 3, 0 MiB, 81920 MiB, 0 %
2026/07/03 20:01:40.944, 4, 0 MiB, 81920 MiB, 0 %
2026/07/03 20:01:40.945, 5, 0 MiB, 81920 MiB, 0 %
2026/07/03 20:01:40.945, 6, 0 MiB, 81920 MiB, 0 %
2026/07/03 20:01:40.945, 7, 0 MiB, 81920 MiB, 0 %
2026/07/03 20:01:50.946, 0, 7733 MiB, 81920 MiB, 0 %
2026/07/03 20:01:50.947, 1, 0 MiB, 81920 MiB, 0 %
2026/07/03 20:01:50.947, 2, 0 MiB, 81920 MiB, 0 %
2026/07/03 20:01:50.947, 3, 0 MiB, 81920 MiB, 0 %
2026/07/03 20:01:50.948, 4, 0 MiB, 81920 MiB, 0 %
2026/07/03 20:01:50.948, 5, 0 MiB, 81920 MiB, 0 %
2026/07/03 20:01:50.948, 6, 0 MiB, 81920 MiB, 0 %
2026/07/03 20:01:50.949, 7, 0 MiB, 81920 MiB, 0 %
2026/07/03 20:02:00.949, 0, 7733 MiB, 81920 MiB, 0 %
2026/07/03 20:02:00.950, 1, 0 MiB, 81920 MiB, 0 %
2026/07/03 20:02:00.950, 2, 0 MiB, 81920 MiB, 0 %
2026/07/03 20:02:00.951, 3, 0 MiB, 81920 MiB, 0 %
2026/07/03 20:02:00.951, 4, 0 MiB, 81920 MiB, 0 %
2026/07/03 20:02:00.951, 5, 0 MiB, 81920 MiB, 0 %
2026/07/03 20:02:00.951, 6, 0 MiB, 81920 MiB, 0 %
2026/07/03 20:02:00.952, 7, 0 MiB, 81920 MiB, 0 %
2026/07/03 20:02:10.953, 0, 7733 MiB, 81920 MiB, 0 %
2026/07/03 20:02:10.953, 1, 0 MiB, 81920 MiB, 0 %
2026/07/03 20:02:10.953, 2, 0 MiB, 81920 MiB, 0 %
2026/07/03 20:02:10.954, 3, 0 MiB, 81920 MiB, 0 %
2026/07/03 20:02:10.954, 4, 0 MiB, 81920 MiB, 0 %
2026/07/03 20:02:10.954, 5, 0 MiB, 81920 MiB, 0 %
2026/07/03 20:02:10.955, 6, 0 MiB, 81920 MiB, 0 %
2026/07/03 20:02:10.955, 7, 0 MiB, 81920 MiB, 0 %
2026/07/03 20:02:20.955, 0, 7733 MiB, 81920 MiB, 0 %
2026/07/03 20:02:20.956, 1, 0 MiB, 81920 MiB, 0 %
2026/07/03 20:02:20.956, 2, 0 MiB, 81920 MiB, 0 %
2026/07/03 20:02:20.956, 3, 0 MiB, 81920 MiB, 0 %
2026/07/03 20:02:20.957, 4, 0 MiB, 81920 MiB, 0 %
2026/07/03 20:02:20.957, 5, 0 MiB, 81920 MiB, 0 %
2026/07/03 20:02:20.957, 6, 0 MiB, 81920 MiB, 0 %
2026/07/03 20:02:20.958, 7, 0 MiB, 81920 MiB, 0 %
2026/07/03 20:02:30.959, 0, 7733 MiB, 81920 MiB, 0 %
2026/07/03 20:02:30.959, 1, 0 MiB, 81920 MiB, 0 %
2026/07/03 20:02:30.960, 2, 0 MiB, 81920 MiB, 0 %
2026/07/03 20:02:30.960, 3, 0 MiB, 81920 MiB, 0 %
2026/07/03 20:02:30.960, 4, 0 MiB, 81920 MiB, 0 %
2026/07/03 20:02:30.961, 5, 0 MiB, 81920 MiB, 0 %
2026/07/03 20:02:30.961, 6, 0 MiB, 81920 MiB, 0 %
2026/07/03 20:02:30.961, 7, 0 MiB, 81920 MiB, 0 %
2026/07/03 20:02:40.963, 0, 7733 MiB, 81920 MiB, 0 %
2026/07/03 20:02:40.963, 1, 0 MiB, 81920 MiB, 0 %
2026/07/03 20:02:40.963, 2, 0 MiB, 81920 MiB, 0 %
2026/07/03 20:02:40.964, 3, 0 MiB, 81920 MiB, 0 %
2026/07/03 20:02:40.964, 4, 0 MiB, 81920 MiB, 0 %
2026/07/03 20:02:40.964, 5, 0 MiB, 81920 MiB, 0 %
2026/07/03 20:02:40.965, 6, 0 MiB, 81920 MiB, 0 %
2026/07/03 20:02:40.965, 7, 0 MiB, 81920 MiB, 0 %
2026/07/03 20:02:50.966, 0, 7733 MiB, 81920 MiB, 0 %
2026/07/03 20:02:50.967, 1, 0 MiB, 81920 MiB, 0 %
2026/07/03 20:02:50.967, 2, 0 MiB, 81920 MiB, 0 %
2026/07/03 20:02:50.967, 3, 0 MiB, 81920 MiB, 0 %
2026/07/03 20:02:50.968, 4, 0 MiB, 81920 MiB, 0 %
2026/07/03 20:02:50.968, 5, 0 MiB, 81920 MiB, 0 %
2026/07/03 20:02:50.968, 6, 0 MiB, 81920 MiB, 0 %
2026/07/03 20:02:50.969, 7, 0 MiB, 81920 MiB, 0 %
2026/07/03 20:03:00.969, 0, 7733 MiB, 81920 MiB, 0 %
2026/07/03 20:03:00.969, 1, 0 MiB, 81920 MiB, 0 %
2026/07/03 20:03:00.970, 2, 0 MiB, 81920 MiB, 0 %
2026/07/03 20:03:00.970, 3, 0 MiB, 81920 MiB, 0 %
2026/07/03 20:03:00.970, 4, 0 MiB, 81920 MiB, 0 %
2026/07/03 20:03:00.971, 5, 0 MiB, 81920 MiB, 0 %
2026/07/03 20:03:00.971, 6, 0 MiB, 81920 MiB, 0 %
2026/07/03 20:03:00.971, 7, 0 MiB, 81920 MiB, 0 %
2026/07/03 20:03:10.972, 0, 7733 MiB, 81920 MiB, 0 %
2026/07/03 20:03:10.973, 1, 0 MiB, 81920 MiB, 0 %
2026/07/03 20:03:10.973, 2, 0 MiB, 81920 MiB, 0 %
2026/07/03 20:03:10.974, 3, 0 MiB, 81920 MiB, 0 %
2026/07/03 20:03:10.974, 4, 0 MiB, 81920 MiB, 0 %
2026/07/03 20:03:10.974, 5, 0 MiB, 81920 MiB, 0 %
2026/07/03 20:03:10.974, 6, 0 MiB, 81920 MiB, 0 %
2026/07/03 20:03:10.975, 7, 0 MiB, 81920 MiB, 0 %
2026/07/03 20:03:20.975, 0, 7733 MiB, 81920 MiB, 0 %
2026/07/03 20:03:20.976, 1, 0 MiB, 81920 MiB, 0 %
2026/07/03 20:03:20.976, 2, 0 MiB, 81920 MiB, 0 %
2026/07/03 20:03:20.976, 3, 0 MiB, 81920 MiB, 0 %
2026/07/03 20:03:20.977, 4, 0 MiB, 81920 MiB, 0 %
2026/07/03 20:03:20.977, 5, 0 MiB, 81920 MiB, 0 %
2026/07/03 20:03:20.977, 6, 0 MiB, 81920 MiB, 0 %
2026/07/03 20:03:20.977, 7, 0 MiB, 81920 MiB, 0 %
2026/07/03 20:03:30.979, 0, 7733 MiB, 81920 MiB, 0 %
2026/07/03 20:03:30.979, 1, 0 MiB, 81920 MiB, 0 %
2026/07/03 20:03:30.980, 2, 0 MiB, 81920 MiB, 0 %
2026/07/03 20:03:30.980, 3, 0 MiB, 81920 MiB, 0 %
2026/07/03 20:03:30.980, 4, 0 MiB, 81920 MiB, 0 %
2026/07/03 20:03:30.980, 5, 0 MiB, 81920 MiB, 0 %
2026/07/03 20:03:30.981, 6, 0 MiB, 81920 MiB, 0 %
2026/07/03 20:03:30.981, 7, 0 MiB, 81920 MiB, 0 %
2026/07/03 20:03:40.982, 0, 7733 MiB, 81920 MiB, 0 %
2026/07/03 20:03:40.983, 1, 0 MiB, 81920 MiB, 0 %
2026/07/03 20:03:40.983, 2, 0 MiB, 81920 MiB, 0 %
2026/07/03 20:03:40.983, 3, 0 MiB, 81920 MiB, 0 %
2026/07/03 20:03:40.984, 4, 0 MiB, 81920 MiB, 0 %
2026/07/03 20:03:40.984, 5, 0 MiB, 81920 MiB, 0 %
2026/07/03 20:03:40.984, 6, 0 MiB, 81920 MiB, 0 %
2026/07/03 20:03:40.985, 7, 0 MiB, 81920 MiB, 0 %
2026/07/03 20:03:50.985, 0, 7733 MiB, 81920 MiB, 0 %
2026/07/03 20:03:50.986, 1, 0 MiB, 81920 MiB, 0 %
2026/07/03 20:03:50.986, 2, 0 MiB, 81920 MiB, 0 %
2026/07/03 20:03:50.986, 3, 0 MiB, 81920 MiB, 0 %
2026/07/03 20:03:50.987, 4, 0 MiB, 81920 MiB, 0 %
2026/07/03 20:03:50.987, 5, 0 MiB, 81920 MiB, 0 %
2026/07/03 20:03:50.987, 6, 0 MiB, 81920 MiB, 0 %
2026/07/03 20:03:50.988, 7, 0 MiB, 81920 MiB, 0 %
2026/07/03 20:04:00.989, 0, 7733 MiB, 81920 MiB, 0 %
2026/07/03 20:04:00.989, 1, 0 MiB, 81920 MiB, 0 %
2026/07/03 20:04:00.990, 2, 0 MiB, 81920 MiB, 0 %
2026/07/03 20:04:00.990, 3, 0 MiB, 81920 MiB, 0 %
2026/07/03 20:04:00.990, 4, 0 MiB, 81920 MiB, 0 %
2026/07/03 20:04:00.990, 5, 0 MiB, 81920 MiB, 0 %
2026/07/03 20:04:00.991, 6, 0 MiB, 81920 MiB, 0 %
2026/07/03 20:04:00.991, 7, 0 MiB, 81920 MiB, 0 %
2026/07/03 20:04:10.992, 0, 7733 MiB, 81920 MiB, 0 %
2026/07/03 20:04:10.993, 1, 0 MiB, 81920 MiB, 0 %
2026/07/03 20:04:10.993, 2, 0 MiB, 81920 MiB, 0 %
2026/07/03 20:04:10.993, 3, 0 MiB, 81920 MiB, 0 %
2026/07/03 20:04:10.994, 4, 0 MiB, 81920 MiB, 0 %
2026/07/03 20:04:10.994, 5, 0 MiB, 81920 MiB, 0 %
2026/07/03 20:04:10.994, 6, 0 MiB, 81920 MiB, 0 %
2026/07/03 20:04:10.995, 7, 0 MiB, 81920 MiB, 0 %
2026/07/03 20:04:20.995, 0, 7733 MiB, 81920 MiB, 48 %
2026/07/03 20:04:20.996, 1, 0 MiB, 81920 MiB, 0 %
2026/07/03 20:04:20.996, 2, 0 MiB, 81920 MiB, 0 %
2026/07/03 20:04:20.996, 3, 0 MiB, 81920 MiB, 0 %
2026/07/03 20:04:20.997, 4, 0 MiB, 81920 MiB, 0 %
2026/07/03 20:04:20.997, 5, 0 MiB, 81920 MiB, 0 %
2026/07/03 20:04:20.997, 6, 0 MiB, 81920 MiB, 0 %
2026/07/03 20:04:20.997, 7, 0 MiB, 81920 MiB, 0 %
2026/07/03 20:04:30.999, 0, 7733 MiB, 81920 MiB, 0 %
2026/07/03 20:04:30.999, 1, 0 MiB, 81920 MiB, 0 %
2026/07/03 20:04:31.000, 2, 0 MiB, 81920 MiB, 0 %
2026/07/03 20:04:31.000, 3, 0 MiB, 81920 MiB, 0 %
2026/07/03 20:04:31.000, 4, 0 MiB, 81920 MiB, 0 %
2026/07/03 20:04:31.000, 5, 0 MiB, 81920 MiB, 0 %
2026/07/03 20:04:31.001, 6, 0 MiB, 81920 MiB, 0 %
2026/07/03 20:04:31.001, 7, 0 MiB, 81920 MiB, 0 %
2026/07/03 20:04:41.002, 0, 7733 MiB, 81920 MiB, 2 %
2026/07/03 20:04:41.003, 1, 0 MiB, 81920 MiB, 0 %
2026/07/03 20:04:41.003, 2, 0 MiB, 81920 MiB, 0 %
2026/07/03 20:04:41.003, 3, 0 MiB, 81920 MiB, 0 %
2026/07/03 20:04:41.004, 4, 0 MiB, 81920 MiB, 0 %
2026/07/03 20:04:41.004, 5, 0 MiB, 81920 MiB, 0 %
2026/07/03 20:04:41.004, 6, 0 MiB, 81920 MiB, 0 %
2026/07/03 20:04:41.005, 7, 0 MiB, 81920 MiB, 0 %
2026/07/03 20:04:51.005, 0, 7733 MiB, 81920 MiB, 50 %
2026/07/03 20:04:51.006, 1, 0 MiB, 81920 MiB, 0 %
2026/07/03 20:04:51.006, 2, 0 MiB, 81920 MiB, 0 %
2026/07/03 20:04:51.006, 3, 0 MiB, 81920 MiB, 0 %
2026/07/03 20:04:51.006, 4, 0 MiB, 81920 MiB, 0 %
2026/07/03 20:04:51.006, 5, 0 MiB, 81920 MiB, 0 %
2026/07/03 20:04:51.007, 6, 0 MiB, 81920 MiB, 0 %
2026/07/03 20:04:51.007, 7, 0 MiB, 81920 MiB, 0 %
2026/07/03 20:05:01.008, 0, 7733 MiB, 81920 MiB, 0 %
2026/07/03 20:05:01.008, 1, 0 MiB, 81920 MiB, 0 %
2026/07/03 20:05:01.009, 2, 0 MiB, 81920 MiB, 0 %
2026/07/03 20:05:01.009, 3, 0 MiB, 81920 MiB, 0 %
2026/07/03 20:05:01.009, 4, 0 MiB, 81920 MiB, 0 %
2026/07/03 20:05:01.010, 5, 0 MiB, 81920 MiB, 0 %
2026/07/03 20:05:01.010, 6, 0 MiB, 81920 MiB, 0 %
2026/07/03 20:05:01.010, 7, 0 MiB, 81920 MiB, 0 %
2026/07/03 20:05:11.011, 0, 7733 MiB, 81920 MiB, 0 %
2026/07/03 20:05:11.012, 1, 0 MiB, 81920 MiB, 0 %
2026/07/03 20:05:11.012, 2, 0 MiB, 81920 MiB, 0 %
2026/07/03 20:05:11.012, 3, 0 MiB, 81920 MiB, 0 %
2026/07/03 20:05:11.013, 4, 0 MiB, 81920 MiB, 0 %
2026/07/03 20:05:11.013, 5, 0 MiB, 81920 MiB, 0 %
2026/07/03 20:05:11.013, 6, 0 MiB, 81920 MiB, 0 %
2026/07/03 20:05:11.014, 7, 0 MiB, 81920 MiB, 0 %
2026/07/03 20:05:21.015, 0, 7733 MiB, 81920 MiB, 0 %
2026/07/03 20:05:21.015, 1, 0 MiB, 81920 MiB, 0 %
2026/07/03 20:05:21.016, 2, 0 MiB, 81920 MiB, 0 %
2026/07/03 20:05:21.016, 3, 0 MiB, 81920 MiB, 0 %
2026/07/03 20:05:21.016, 4, 0 MiB, 81920 MiB, 0 %
2026/07/03 20:05:21.017, 5, 0 MiB, 81920 MiB, 0 %
2026/07/03 20:05:21.017, 6, 0 MiB, 81920 MiB, 0 %
2026/07/03 20:05:21.017, 7, 0 MiB, 81920 MiB, 0 %
2026/07/03 20:05:31.019, 0, 7733 MiB, 81920 MiB, 0 %
2026/07/03 20:05:31.019, 1, 0 MiB, 81920 MiB, 0 %
2026/07/03 20:05:31.020, 2, 0 MiB, 81920 MiB, 0 %
2026/07/03 20:05:31.020, 3, 0 MiB, 81920 MiB, 0 %
2026/07/03 20:05:31.020, 4, 0 MiB, 81920 MiB, 0 %
2026/07/03 20:05:31.020, 5, 0 MiB, 81920 MiB, 0 %
2026/07/03 20:05:31.021, 6, 0 MiB, 81920 MiB, 0 %
2026/07/03 20:05:31.021, 7, 0 MiB, 81920 MiB, 0 %
2026/07/03 20:05:41.022, 0, 7733 MiB, 81920 MiB, 0 %
2026/07/03 20:05:41.023, 1, 0 MiB, 81920 MiB, 0 %
2026/07/03 20:05:41.023, 2, 0 MiB, 81920 MiB, 0 %
2026/07/03 20:05:41.024, 3, 0 MiB, 81920 MiB, 0 %
2026/07/03 20:05:41.024, 4, 0 MiB, 81920 MiB, 0 %
2026/07/03 20:05:41.024, 5, 0 MiB, 81920 MiB, 0 %
2026/07/03 20:05:41.024, 6, 0 MiB, 81920 MiB, 0 %
2026/07/03 20:05:41.025, 7, 0 MiB, 81920 MiB, 0 %
2026/07/03 20:05:51.026, 0, 7733 MiB, 81920 MiB, 0 %
2026/07/03 20:05:51.027, 1, 0 MiB, 81920 MiB, 0 %
2026/07/03 20:05:51.027, 2, 0 MiB, 81920 MiB, 0 %
2026/07/03 20:05:51.027, 3, 0 MiB, 81920 MiB, 0 %
2026/07/03 20:05:51.027, 4, 0 MiB, 81920 MiB, 0 %
2026/07/03 20:05:51.028, 5, 0 MiB, 81920 MiB, 0 %
2026/07/03 20:05:51.028, 6, 0 MiB, 81920 MiB, 0 %
2026/07/03 20:05:51.028, 7, 0 MiB, 81920 MiB, 0 %
2026/07/03 20:06:01.030, 0, 7733 MiB, 81920 MiB, 0 %
2026/07/03 20:06:01.030, 1, 0 MiB, 81920 MiB, 0 %
2026/07/03 20:06:01.031, 2, 0 MiB, 81920 MiB, 0 %
2026/07/03 20:06:01.031, 3, 0 MiB, 81920 MiB, 0 %
2026/07/03 20:06:01.031, 4, 0 MiB, 81920 MiB, 0 %
2026/07/03 20:06:01.031, 5, 0 MiB, 81920 MiB, 0 %
2026/07/03 20:06:01.032, 6, 0 MiB, 81920 MiB, 0 %
2026/07/03 20:06:01.032, 7, 0 MiB, 81920 MiB, 0 %
2026/07/03 20:06:11.033, 0, 7733 MiB, 81920 MiB, 0 %
2026/07/03 20:06:11.034, 1, 0 MiB, 81920 MiB, 0 %
2026/07/03 20:06:11.034, 2, 0 MiB, 81920 MiB, 0 %
2026/07/03 20:06:11.034, 3, 0 MiB, 81920 MiB, 0 %
2026/07/03 20:06:11.035, 4, 0 MiB, 81920 MiB, 0 %
2026/07/03 20:06:11.035, 5, 0 MiB, 81920 MiB, 0 %
2026/07/03 20:06:11.035, 6, 0 MiB, 81920 MiB, 0 %
2026/07/03 20:06:11.036, 7, 0 MiB, 81920 MiB, 0 %
2026/07/03 20:06:21.037, 0, 7733 MiB, 81920 MiB, 76 %
2026/07/03 20:06:21.037, 1, 0 MiB, 81920 MiB, 0 %
2026/07/03 20:06:21.038, 2, 0 MiB, 81920 MiB, 0 %
2026/07/03 20:06:21.038, 3, 0 MiB, 81920 MiB, 0 %
2026/07/03 20:06:21.038, 4, 0 MiB, 81920 MiB, 0 %
2026/07/03 20:06:21.038, 5, 0 MiB, 81920 MiB, 0 %
2026/07/03 20:06:21.039, 6, 0 MiB, 81920 MiB, 0 %
2026/07/03 20:06:21.039, 7, 0 MiB, 81920 MiB, 0 %
2026/07/03 20:06:31.041, 0, 7733 MiB, 81920 MiB, 0 %
2026/07/03 20:06:31.041, 1, 0 MiB, 81920 MiB, 0 %
2026/07/03 20:06:31.041, 2, 0 MiB, 81920 MiB, 0 %
2026/07/03 20:06:31.042, 3, 0 MiB, 81920 MiB, 0 %
2026/07/03 20:06:31.042, 4, 0 MiB, 81920 MiB, 0 %
2026/07/03 20:06:31.042, 5, 0 MiB, 81920 MiB, 0 %
2026/07/03 20:06:31.043, 6, 0 MiB, 81920 MiB, 0 %
2026/07/03 20:06:31.043, 7, 0 MiB, 81920 MiB, 0 %
2026/07/03 20:06:41.044, 0, 7733 MiB, 81920 MiB, 0 %
2026/07/03 20:06:41.045, 1, 0 MiB, 81920 MiB, 0 %
2026/07/03 20:06:41.045, 2, 0 MiB, 81920 MiB, 0 %
2026/07/03 20:06:41.045, 3, 0 MiB, 81920 MiB, 0 %
2026/07/03 20:06:41.045, 4, 0 MiB, 81920 MiB, 0 %
2026/07/03 20:06:41.046, 5, 0 MiB, 81920 MiB, 0 %
2026/07/03 20:06:41.046, 6, 0 MiB, 81920 MiB, 0 %
2026/07/03 20:06:41.046, 7, 0 MiB, 81920 MiB, 0 %
2026/07/03 20:06:51.047, 0, 7733 MiB, 81920 MiB, 0 %
2026/07/03 20:06:51.048, 1, 0 MiB, 81920 MiB, 0 %
2026/07/03 20:06:51.048, 2, 0 MiB, 81920 MiB, 0 %
2026/07/03 20:06:51.048, 3, 0 MiB, 81920 MiB, 0 %
2026/07/03 20:06:51.048, 4, 0 MiB, 81920 MiB, 0 %
2026/07/03 20:06:51.049, 5, 0 MiB, 81920 MiB, 0 %
2026/07/03 20:06:51.049, 6, 0 MiB, 81920 MiB, 0 %
2026/07/03 20:06:51.049, 7, 0 MiB, 81920 MiB, 0 %
2026/07/03 20:07:01.051, 0, 7733 MiB, 81920 MiB, 0 %
2026/07/03 20:07:01.051, 1, 0 MiB, 81920 MiB, 0 %
2026/07/03 20:07:01.051, 2, 0 MiB, 81920 MiB, 0 %
2026/07/03 20:07:01.052, 3, 0 MiB, 81920 MiB, 0 %
2026/07/03 20:07:01.052, 4, 0 MiB, 81920 MiB, 0 %
2026/07/03 20:07:01.052, 5, 0 MiB, 81920 MiB, 0 %
2026/07/03 20:07:01.053, 6, 0 MiB, 81920 MiB, 0 %
2026/07/03 20:07:01.053, 7, 0 MiB, 81920 MiB, 0 %
2026/07/03 20:07:11.054, 0, 7733 MiB, 81920 MiB, 0 %
2026/07/03 20:07:11.055, 1, 0 MiB, 81920 MiB, 0 %
2026/07/03 20:07:11.055, 2, 0 MiB, 81920 MiB, 0 %
2026/07/03 20:07:11.055, 3, 0 MiB, 81920 MiB, 0 %
2026/07/03 20:07:11.056, 4, 0 MiB, 81920 MiB, 0 %
2026/07/03 20:07:11.056, 5, 0 MiB, 81920 MiB, 0 %
2026/07/03 20:07:11.056, 6, 0 MiB, 81920 MiB, 0 %
2026/07/03 20:07:11.056, 7, 0 MiB, 81920 MiB, 0 %
2026/07/03 20:07:21.057, 0, 7733 MiB, 81920 MiB, 0 %
2026/07/03 20:07:21.057, 1, 0 MiB, 81920 MiB, 0 %
2026/07/03 20:07:21.058, 2, 0 MiB, 81920 MiB, 0 %
2026/07/03 20:07:21.058, 3, 0 MiB, 81920 MiB, 0 %
2026/07/03 20:07:21.058, 4, 0 MiB, 81920 MiB, 0 %
2026/07/03 20:07:21.059, 5, 0 MiB, 81920 MiB, 0 %
2026/07/03 20:07:21.059, 6, 0 MiB, 81920 MiB, 0 %
2026/07/03 20:07:21.059, 7, 0 MiB, 81920 MiB, 0 %
2026/07/03 20:07:31.060, 0, 7733 MiB, 81920 MiB, 0 %
2026/07/03 20:07:31.060, 1, 0 MiB, 81920 MiB, 0 %
2026/07/03 20:07:31.061, 2, 0 MiB, 81920 MiB, 0 %
2026/07/03 20:07:31.061, 3, 0 MiB, 81920 MiB, 0 %
2026/07/03 20:07:31.061, 4, 0 MiB, 81920 MiB, 0 %
2026/07/03 20:07:31.062, 5, 0 MiB, 81920 MiB, 0 %
2026/07/03 20:07:31.062, 6, 0 MiB, 81920 MiB, 0 %
2026/07/03 20:07:31.062, 7, 0 MiB, 81920 MiB, 0 %
2026/07/03 20:07:41.063, 0, 7733 MiB, 81920 MiB, 0 %
2026/07/03 20:07:41.064, 1, 0 MiB, 81920 MiB, 0 %
2026/07/03 20:07:41.064, 2, 0 MiB, 81920 MiB, 0 %
2026/07/03 20:07:41.064, 3, 0 MiB, 81920 MiB, 0 %
2026/07/03 20:07:41.065, 4, 0 MiB, 81920 MiB, 0 %
2026/07/03 20:07:41.065, 5, 0 MiB, 81920 MiB, 0 %
2026/07/03 20:07:41.065, 6, 0 MiB, 81920 MiB, 0 %
2026/07/03 20:07:41.066, 7, 0 MiB, 81920 MiB, 0 %
2026/07/03 20:07:51.066, 0, 7733 MiB, 81920 MiB, 0 %
2026/07/03 20:07:51.067, 1, 0 MiB, 81920 MiB, 0 %
2026/07/03 20:07:51.067, 2, 0 MiB, 81920 MiB, 0 %
2026/07/03 20:07:51.067, 3, 0 MiB, 81920 MiB, 0 %
2026/07/03 20:07:51.068, 4, 0 MiB, 81920 MiB, 0 %
2026/07/03 20:07:51.068, 5, 0 MiB, 81920 MiB, 0 %
2026/07/03 20:07:51.068, 6, 0 MiB, 81920 MiB, 0 %
2026/07/03 20:07:51.069, 7, 0 MiB, 81920 MiB, 0 %
2026/07/03 20:08:01.070, 0, 7733 MiB, 81920 MiB, 0 %
2026/07/03 20:08:01.070, 1, 0 MiB, 81920 MiB, 0 %
2026/07/03 20:08:01.070, 2, 0 MiB, 81920 MiB, 0 %
2026/07/03 20:08:01.071, 3, 0 MiB, 81920 MiB, 0 %
2026/07/03 20:08:01.071, 4, 0 MiB, 81920 MiB, 0 %
2026/07/03 20:08:01.071, 5, 0 MiB, 81920 MiB, 0 %
2026/07/03 20:08:01.072, 6, 0 MiB, 81920 MiB, 0 %
2026/07/03 20:08:01.072, 7, 0 MiB, 81920 MiB, 0 %
2026/07/03 20:08:11.073, 0, 7733 MiB, 81920 MiB, 0 %
2026/07/03 20:08:11.073, 1, 0 MiB, 81920 MiB, 0 %
2026/07/03 20:08:11.073, 2, 0 MiB, 81920 MiB, 0 %
2026/07/03 20:08:11.074, 3, 0 MiB, 81920 MiB, 0 %
2026/07/03 20:08:11.074, 4, 0 MiB, 81920 MiB, 0 %
2026/07/03 20:08:11.074, 5, 0 MiB, 81920 MiB, 0 %
2026/07/03 20:08:11.075, 6, 0 MiB, 81920 MiB, 0 %
2026/07/03 20:08:11.075, 7, 0 MiB, 81920 MiB, 0 %
2026/07/03 20:08:21.076, 0, 7733 MiB, 81920 MiB, 50 %
2026/07/03 20:08:21.076, 1, 0 MiB, 81920 MiB, 0 %
2026/07/03 20:08:21.076, 2, 0 MiB, 81920 MiB, 0 %
2026/07/03 20:08:21.076, 3, 0 MiB, 81920 MiB, 0 %
2026/07/03 20:08:21.077, 4, 0 MiB, 81920 MiB, 0 %
2026/07/03 20:08:21.077, 5, 0 MiB, 81920 MiB, 0 %
2026/07/03 20:08:21.077, 6, 0 MiB, 81920 MiB, 0 %
2026/07/03 20:08:21.078, 7, 0 MiB, 81920 MiB, 0 %
2026/07/03 20:08:31.078, 0, 7733 MiB, 81920 MiB, 0 %
2026/07/03 20:08:31.078, 1, 0 MiB, 81920 MiB, 0 %
2026/07/03 20:08:31.079, 2, 0 MiB, 81920 MiB, 0 %
2026/07/03 20:08:31.079, 3, 0 MiB, 81920 MiB, 0 %
2026/07/03 20:08:31.079, 4, 0 MiB, 81920 MiB, 0 %
2026/07/03 20:08:31.080, 5, 0 MiB, 81920 MiB, 0 %
2026/07/03 20:08:31.080, 6, 0 MiB, 81920 MiB, 0 %
2026/07/03 20:08:31.080, 7, 0 MiB, 81920 MiB, 0 %
2026/07/03 20:08:41.081, 0, 7733 MiB, 81920 MiB, 0 %
2026/07/03 20:08:41.082, 1, 0 MiB, 81920 MiB, 0 %
2026/07/03 20:08:41.082, 2, 0 MiB, 81920 MiB, 0 %
2026/07/03 20:08:41.082, 3, 0 MiB, 81920 MiB, 0 %
2026/07/03 20:08:41.083, 4, 0 MiB, 81920 MiB, 0 %
2026/07/03 20:08:41.083, 5, 0 MiB, 81920 MiB, 0 %
2026/07/03 20:08:41.083, 6, 0 MiB, 81920 MiB, 0 %
2026/07/03 20:08:41.084, 7, 0 MiB, 81920 MiB, 0 %
2026/07/03 20:08:51.084, 0, 7733 MiB, 81920 MiB, 0 %
2026/07/03 20:08:51.085, 1, 0 MiB, 81920 MiB, 0 %
2026/07/03 20:08:51.085, 2, 0 MiB, 81920 MiB, 0 %
2026/07/03 20:08:51.085, 3, 0 MiB, 81920 MiB, 0 %
2026/07/03 20:08:51.086, 4, 0 MiB, 81920 MiB, 0 %
2026/07/03 20:08:51.086, 5, 0 MiB, 81920 MiB, 0 %
2026/07/03 20:08:51.086, 6, 0 MiB, 81920 MiB, 0 %
2026/07/03 20:08:51.086, 7, 0 MiB, 81920 MiB, 0 %
2026/07/03 20:09:01.087, 0, 7733 MiB, 81920 MiB, 0 %
2026/07/03 20:09:01.088, 1, 0 MiB, 81920 MiB, 0 %
2026/07/03 20:09:01.088, 2, 0 MiB, 81920 MiB, 0 %
2026/07/03 20:09:01.089, 3, 0 MiB, 81920 MiB, 0 %
2026/07/03 20:09:01.089, 4, 0 MiB, 81920 MiB, 0 %
2026/07/03 20:09:01.089, 5, 0 MiB, 81920 MiB, 0 %
2026/07/03 20:09:01.090, 6, 0 MiB, 81920 MiB, 0 %
2026/07/03 20:09:01.090, 7, 0 MiB, 81920 MiB, 0 %
2026/07/03 20:09:11.091, 0, 7733 MiB, 81920 MiB, 0 %
2026/07/03 20:09:11.091, 1, 0 MiB, 81920 MiB, 0 %
2026/07/03 20:09:11.092, 2, 0 MiB, 81920 MiB, 0 %
2026/07/03 20:09:11.092, 3, 0 MiB, 81920 MiB, 0 %
2026/07/03 20:09:11.092, 4, 0 MiB, 81920 MiB, 0 %
2026/07/03 20:09:11.093, 5, 0 MiB, 81920 MiB, 0 %
2026/07/03 20:09:11.093, 6, 0 MiB, 81920 MiB, 0 %
2026/07/03 20:09:11.093, 7, 0 MiB, 81920 MiB, 0 %
2026/07/03 20:09:21.094, 0, 7733 MiB, 81920 MiB, 78 %
2026/07/03 20:09:21.094, 1, 0 MiB, 81920 MiB, 0 %
2026/07/03 20:09:21.095, 2, 0 MiB, 81920 MiB, 0 %
2026/07/03 20:09:21.095, 3, 0 MiB, 81920 MiB, 0 %
2026/07/03 20:09:21.095, 4, 0 MiB, 81920 MiB, 0 %
2026/07/03 20:09:21.096, 5, 0 MiB, 81920 MiB, 0 %
2026/07/03 20:09:21.096, 6, 0 MiB, 81920 MiB, 0 %
2026/07/03 20:09:21.096, 7, 0 MiB, 81920 MiB, 0 %
2026/07/03 20:09:31.097, 0, 7733 MiB, 81920 MiB, 60 %
2026/07/03 20:09:31.098, 1, 0 MiB, 81920 MiB, 0 %
2026/07/03 20:09:31.098, 2, 0 MiB, 81920 MiB, 0 %
2026/07/03 20:09:31.098, 3, 0 MiB, 81920 MiB, 0 %
2026/07/03 20:09:31.099, 4, 0 MiB, 81920 MiB, 0 %
2026/07/03 20:09:31.099, 5, 0 MiB, 81920 MiB, 0 %
2026/07/03 20:09:31.099, 6, 0 MiB, 81920 MiB, 0 %
2026/07/03 20:09:31.099, 7, 0 MiB, 81920 MiB, 0 %
2026/07/03 20:09:41.100, 0, 7733 MiB, 81920 MiB, 0 %
2026/07/03 20:09:41.101, 1, 0 MiB, 81920 MiB, 0 %
2026/07/03 20:09:41.101, 2, 0 MiB, 81920 MiB, 0 %
2026/07/03 20:09:41.102, 3, 0 MiB, 81920 MiB, 0 %
2026/07/03 20:09:41.102, 4, 0 MiB, 81920 MiB, 0 %
2026/07/03 20:09:41.102, 5, 0 MiB, 81920 MiB, 0 %
2026/07/03 20:09:41.103, 6, 0 MiB, 81920 MiB, 0 %
2026/07/03 20:09:41.103, 7, 0 MiB, 81920 MiB, 0 %
2026/07/03 20:09:51.104, 0, 7733 MiB, 81920 MiB, 61 %
2026/07/03 20:09:51.104, 1, 0 MiB, 81920 MiB, 0 %
2026/07/03 20:09:51.105, 2, 0 MiB, 81920 MiB, 0 %
2026/07/03 20:09:51.105, 3, 0 MiB, 81920 MiB, 0 %
2026/07/03 20:09:51.105, 4, 0 MiB, 81920 MiB, 0 %
2026/07/03 20:09:51.106, 5, 0 MiB, 81920 MiB, 0 %
2026/07/03 20:09:51.106, 6, 0 MiB, 81920 MiB, 0 %
2026/07/03 20:09:51.106, 7, 0 MiB, 81920 MiB, 0 %
2026/07/03 20:10:01.107, 0, 7733 MiB, 81920 MiB, 0 %
2026/07/03 20:10:01.108, 1, 0 MiB, 81920 MiB, 0 %
2026/07/03 20:10:01.108, 2, 0 MiB, 81920 MiB, 0 %
2026/07/03 20:10:01.108, 3, 0 MiB, 81920 MiB, 0 %
2026/07/03 20:10:01.109, 4, 0 MiB, 81920 MiB, 0 %
2026/07/03 20:10:01.109, 5, 0 MiB, 81920 MiB, 0 %
2026/07/03 20:10:01.109, 6, 0 MiB, 81920 MiB, 0 %
2026/07/03 20:10:01.109, 7, 0 MiB, 81920 MiB, 0 %
2026/07/03 20:10:11.110, 0, 7733 MiB, 81920 MiB, 0 %
2026/07/03 20:10:11.111, 1, 0 MiB, 81920 MiB, 0 %
2026/07/03 20:10:11.111, 2, 0 MiB, 81920 MiB, 0 %
2026/07/03 20:10:11.111, 3, 0 MiB, 81920 MiB, 0 %
2026/07/03 20:10:11.112, 4, 0 MiB, 81920 MiB, 0 %
2026/07/03 20:10:11.112, 5, 0 MiB, 81920 MiB, 0 %
2026/07/03 20:10:11.112, 6, 0 MiB, 81920 MiB, 0 %
2026/07/03 20:10:11.113, 7, 0 MiB, 81920 MiB, 0 %
2026/07/03 20:10:21.114, 0, 7733 MiB, 81920 MiB, 0 %
2026/07/03 20:10:21.114, 1, 0 MiB, 81920 MiB, 0 %
2026/07/03 20:10:21.114, 2, 0 MiB, 81920 MiB, 0 %
2026/07/03 20:10:21.115, 3, 0 MiB, 81920 MiB, 0 %
2026/07/03 20:10:21.115, 4, 0 MiB, 81920 MiB, 0 %
2026/07/03 20:10:21.115, 5, 0 MiB, 81920 MiB, 0 %
2026/07/03 20:10:21.116, 6, 0 MiB, 81920 MiB, 0 %
2026/07/03 20:10:21.116, 7, 0 MiB, 81920 MiB, 0 %
2026/07/03 20:10:31.117, 0, 7733 MiB, 81920 MiB, 0 %
2026/07/03 20:10:31.117, 1, 0 MiB, 81920 MiB, 0 %
2026/07/03 20:10:31.118, 2, 0 MiB, 81920 MiB, 0 %
2026/07/03 20:10:31.118, 3, 0 MiB, 81920 MiB, 0 %
2026/07/03 20:10:31.118, 4, 0 MiB, 81920 MiB, 0 %
2026/07/03 20:10:31.118, 5, 0 MiB, 81920 MiB, 0 %
2026/07/03 20:10:31.119, 6, 0 MiB, 81920 MiB, 0 %
2026/07/03 20:10:31.119, 7, 0 MiB, 81920 MiB, 0 %
2026/07/03 20:10:41.120, 0, 7733 MiB, 81920 MiB, 0 %
2026/07/03 20:10:41.121, 1, 0 MiB, 81920 MiB, 0 %
2026/07/03 20:10:41.121, 2, 0 MiB, 81920 MiB, 0 %
2026/07/03 20:10:41.121, 3, 0 MiB, 81920 MiB, 0 %
2026/07/03 20:10:41.122, 4, 0 MiB, 81920 MiB, 0 %
2026/07/03 20:10:41.122, 5, 0 MiB, 81920 MiB, 0 %
2026/07/03 20:10:41.122, 6, 0 MiB, 81920 MiB, 0 %
2026/07/03 20:10:41.122, 7, 0 MiB, 81920 MiB, 0 %
2026/07/03 20:10:51.123, 0, 7733 MiB, 81920 MiB, 0 %
2026/07/03 20:10:51.124, 1, 0 MiB, 81920 MiB, 0 %
2026/07/03 20:10:51.124, 2, 0 MiB, 81920 MiB, 0 %
2026/07/03 20:10:51.124, 3, 0 MiB, 81920 MiB, 0 %
2026/07/03 20:10:51.125, 4, 0 MiB, 81920 MiB, 0 %
2026/07/03 20:10:51.125, 5, 0 MiB, 81920 MiB, 0 %
2026/07/03 20:10:51.125, 6, 0 MiB, 81920 MiB, 0 %
2026/07/03 20:10:51.126, 7, 0 MiB, 81920 MiB, 0 %
2026/07/03 20:11:01.126, 0, 7733 MiB, 81920 MiB, 0 %
2026/07/03 20:11:01.127, 1, 0 MiB, 81920 MiB, 0 %
2026/07/03 20:11:01.127, 2, 0 MiB, 81920 MiB, 0 %
2026/07/03 20:11:01.128, 3, 0 MiB, 81920 MiB, 0 %
2026/07/03 20:11:01.128, 4, 0 MiB, 81920 MiB, 0 %
2026/07/03 20:11:01.128, 5, 0 MiB, 81920 MiB, 0 %
2026/07/03 20:11:01.128, 6, 0 MiB, 81920 MiB, 0 %
2026/07/03 20:11:01.129, 7, 0 MiB, 81920 MiB, 0 %
2026/07/03 20:11:11.130, 0, 7733 MiB, 81920 MiB, 0 %
2026/07/03 20:11:11.130, 1, 0 MiB, 81920 MiB, 0 %
2026/07/03 20:11:11.130, 2, 0 MiB, 81920 MiB, 0 %
2026/07/03 20:11:11.131, 3, 0 MiB, 81920 MiB, 0 %
2026/07/03 20:11:11.131, 4, 0 MiB, 81920 MiB, 0 %
2026/07/03 20:11:11.131, 5, 0 MiB, 81920 MiB, 0 %
2026/07/03 20:11:11.131, 6, 0 MiB, 81920 MiB, 0 %
2026/07/03 20:11:11.132, 7, 0 MiB, 81920 MiB, 0 %
2026/07/03 20:11:21.133, 0, 7733 MiB, 81920 MiB, 0 %
2026/07/03 20:11:21.133, 1, 0 MiB, 81920 MiB, 0 %
2026/07/03 20:11:21.133, 2, 0 MiB, 81920 MiB, 0 %
2026/07/03 20:11:21.134, 3, 0 MiB, 81920 MiB, 0 %
2026/07/03 20:11:21.134, 4, 0 MiB, 81920 MiB, 0 %
2026/07/03 20:11:21.134, 5, 0 MiB, 81920 MiB, 0 %
2026/07/03 20:11:21.135, 6, 0 MiB, 81920 MiB, 0 %
2026/07/03 20:11:21.135, 7, 0 MiB, 81920 MiB, 0 %
2026/07/03 20:11:31.136, 0, 7733 MiB, 81920 MiB, 0 %
2026/07/03 20:11:31.137, 1, 0 MiB, 81920 MiB, 0 %
2026/07/03 20:11:31.137, 2, 0 MiB, 81920 MiB, 0 %
2026/07/03 20:11:31.137, 3, 0 MiB, 81920 MiB, 0 %
2026/07/03 20:11:31.138, 4, 0 MiB, 81920 MiB, 0 %
2026/07/03 20:11:31.138, 5, 0 MiB, 81920 MiB, 0 %
2026/07/03 20:11:31.138, 6, 0 MiB, 81920 MiB, 0 %
2026/07/03 20:11:31.139, 7, 0 MiB, 81920 MiB, 0 %
2026/07/03 20:11:41.139, 0, 7733 MiB, 81920 MiB, 0 %
2026/07/03 20:11:41.140, 1, 0 MiB, 81920 MiB, 0 %
2026/07/03 20:11:41.140, 2, 0 MiB, 81920 MiB, 0 %
2026/07/03 20:11:41.140, 3, 0 MiB, 81920 MiB, 0 %
2026/07/03 20:11:41.141, 4, 0 MiB, 81920 MiB, 0 %
2026/07/03 20:11:41.141, 5, 0 MiB, 81920 MiB, 0 %
2026/07/03 20:11:41.141, 6, 0 MiB, 81920 MiB, 0 %
2026/07/03 20:11:41.141, 7, 0 MiB, 81920 MiB, 0 %
2026/07/03 20:11:51.142, 0, 7733 MiB, 81920 MiB, 0 %
2026/07/03 20:11:51.143, 1, 0 MiB, 81920 MiB, 0 %
2026/07/03 20:11:51.143, 2, 0 MiB, 81920 MiB, 0 %
2026/07/03 20:11:51.143, 3, 0 MiB, 81920 MiB, 0 %
2026/07/03 20:11:51.144, 4, 0 MiB, 81920 MiB, 0 %
2026/07/03 20:11:51.144, 5, 0 MiB, 81920 MiB, 0 %
2026/07/03 20:11:51.144, 6, 0 MiB, 81920 MiB, 0 %
2026/07/03 20:11:51.144, 7, 0 MiB, 81920 MiB, 0 %
2026/07/03 20:12:01.146, 0, 7733 MiB, 81920 MiB, 0 %
2026/07/03 20:12:01.146, 1, 0 MiB, 81920 MiB, 0 %
2026/07/03 20:12:01.147, 2, 0 MiB, 81920 MiB, 0 %
2026/07/03 20:12:01.147, 3, 0 MiB, 81920 MiB, 0 %
2026/07/03 20:12:01.147, 4, 0 MiB, 81920 MiB, 0 %
2026/07/03 20:12:01.147, 5, 0 MiB, 81920 MiB, 0 %
2026/07/03 20:12:01.148, 6, 0 MiB, 81920 MiB, 0 %
2026/07/03 20:12:01.148, 7, 0 MiB, 81920 MiB, 0 %
2026/07/03 20:12:11.149, 0, 7733 MiB, 81920 MiB, 0 %
2026/07/03 20:12:11.149, 1, 0 MiB, 81920 MiB, 0 %
2026/07/03 20:12:11.149, 2, 0 MiB, 81920 MiB, 0 %
2026/07/03 20:12:11.150, 3, 0 MiB, 81920 MiB, 0 %
2026/07/03 20:12:11.150, 4, 0 MiB, 81920 MiB, 0 %
2026/07/03 20:12:11.150, 5, 0 MiB, 81920 MiB, 0 %
2026/07/03 20:12:11.151, 6, 0 MiB, 81920 MiB, 0 %
2026/07/03 20:12:11.151, 7, 0 MiB, 81920 MiB, 0 %
2026/07/03 20:12:21.151, 0, 7733 MiB, 81920 MiB, 60 %
2026/07/03 20:12:21.152, 1, 0 MiB, 81920 MiB, 0 %
2026/07/03 20:12:21.152, 2, 0 MiB, 81920 MiB, 0 %
2026/07/03 20:12:21.153, 3, 0 MiB, 81920 MiB, 0 %
2026/07/03 20:12:21.153, 4, 0 MiB, 81920 MiB, 0 %
2026/07/03 20:12:21.153, 5, 0 MiB, 81920 MiB, 0 %
2026/07/03 20:12:21.154, 6, 0 MiB, 81920 MiB, 0 %
2026/07/03 20:12:21.154, 7, 0 MiB, 81920 MiB, 0 %
2026/07/03 20:12:31.154, 0, 7733 MiB, 81920 MiB, 0 %
2026/07/03 20:12:31.155, 1, 0 MiB, 81920 MiB, 0 %
2026/07/03 20:12:31.155, 2, 0 MiB, 81920 MiB, 0 %
2026/07/03 20:12:31.156, 3, 0 MiB, 81920 MiB, 0 %
2026/07/03 20:12:31.156, 4, 0 MiB, 81920 MiB, 0 %
2026/07/03 20:12:31.156, 5, 0 MiB, 81920 MiB, 0 %
2026/07/03 20:12:31.157, 6, 0 MiB, 81920 MiB, 0 %
2026/07/03 20:12:31.157, 7, 0 MiB, 81920 MiB, 0 %
2026/07/03 20:12:41.157, 0, 7733 MiB, 81920 MiB, 0 %
2026/07/03 20:12:41.158, 1, 0 MiB, 81920 MiB, 0 %
2026/07/03 20:12:41.158, 2, 0 MiB, 81920 MiB, 0 %
2026/07/03 20:12:41.159, 3, 0 MiB, 81920 MiB, 0 %
2026/07/03 20:12:41.159, 4, 0 MiB, 81920 MiB, 0 %
2026/07/03 20:12:41.159, 5, 0 MiB, 81920 MiB, 0 %
2026/07/03 20:12:41.159, 6, 0 MiB, 81920 MiB, 0 %
2026/07/03 20:12:41.160, 7, 0 MiB, 81920 MiB, 0 %
2026/07/03 20:12:51.161, 0, 7733 MiB, 81920 MiB, 0 %
2026/07/03 20:12:51.162, 1, 0 MiB, 81920 MiB, 0 %
2026/07/03 20:12:51.162, 2, 0 MiB, 81920 MiB, 0 %
2026/07/03 20:12:51.162, 3, 0 MiB, 81920 MiB, 0 %
2026/07/03 20:12:51.162, 4, 0 MiB, 81920 MiB, 0 %
2026/07/03 20:12:51.163, 5, 0 MiB, 81920 MiB, 0 %
2026/07/03 20:12:51.163, 6, 0 MiB, 81920 MiB, 0 %
2026/07/03 20:12:51.163, 7, 0 MiB, 81920 MiB, 0 %
2026/07/03 20:13:01.164, 0, 7733 MiB, 81920 MiB, 61 %
2026/07/03 20:13:01.164, 1, 0 MiB, 81920 MiB, 0 %
2026/07/03 20:13:01.165, 2, 0 MiB, 81920 MiB, 0 %
2026/07/03 20:13:01.165, 3, 0 MiB, 81920 MiB, 0 %
2026/07/03 20:13:01.165, 4, 0 MiB, 81920 MiB, 0 %
2026/07/03 20:13:01.166, 5, 0 MiB, 81920 MiB, 0 %
2026/07/03 20:13:01.166, 6, 0 MiB, 81920 MiB, 0 %
2026/07/03 20:13:01.166, 7, 0 MiB, 81920 MiB, 0 %
2026/07/03 20:13:11.167, 0, 7733 MiB, 81920 MiB, 0 %
2026/07/03 20:13:11.167, 1, 0 MiB, 81920 MiB, 0 %
2026/07/03 20:13:11.168, 2, 0 MiB, 81920 MiB, 0 %
2026/07/03 20:13:11.168, 3, 0 MiB, 81920 MiB, 0 %
2026/07/03 20:13:11.168, 4, 0 MiB, 81920 MiB, 0 %
2026/07/03 20:13:11.169, 5, 0 MiB, 81920 MiB, 0 %
2026/07/03 20:13:11.169, 6, 0 MiB, 81920 MiB, 0 %
2026/07/03 20:13:11.169, 7, 0 MiB, 81920 MiB, 0 %
2026/07/03 20:13:21.170, 0, 7733 MiB, 81920 MiB, 0 %
2026/07/03 20:13:21.170, 1, 0 MiB, 81920 MiB, 0 %
2026/07/03 20:13:21.171, 2, 0 MiB, 81920 MiB, 0 %
2026/07/03 20:13:21.171, 3, 0 MiB, 81920 MiB, 0 %
2026/07/03 20:13:21.171, 4, 0 MiB, 81920 MiB, 0 %
2026/07/03 20:13:21.171, 5, 0 MiB, 81920 MiB, 0 %
2026/07/03 20:13:21.172, 6, 0 MiB, 81920 MiB, 0 %
2026/07/03 20:13:21.172, 7, 0 MiB, 81920 MiB, 0 %
2026/07/03 20:13:31.173, 0, 7733 MiB, 81920 MiB, 0 %
2026/07/03 20:13:31.173, 1, 0 MiB, 81920 MiB, 0 %
2026/07/03 20:13:31.173, 2, 0 MiB, 81920 MiB, 0 %
2026/07/03 20:13:31.174, 3, 0 MiB, 81920 MiB, 0 %
2026/07/03 20:13:31.174, 4, 0 MiB, 81920 MiB, 0 %
2026/07/03 20:13:31.174, 5, 0 MiB, 81920 MiB, 0 %
2026/07/03 20:13:31.175, 6, 0 MiB, 81920 MiB, 0 %
2026/07/03 20:13:31.175, 7, 0 MiB, 81920 MiB, 0 %
2026/07/03 20:13:41.176, 0, 7733 MiB, 81920 MiB, 0 %
2026/07/03 20:13:41.176, 1, 0 MiB, 81920 MiB, 0 %
2026/07/03 20:13:41.177, 2, 0 MiB, 81920 MiB, 0 %
2026/07/03 20:13:41.177, 3, 0 MiB, 81920 MiB, 0 %
2026/07/03 20:13:41.177, 4, 0 MiB, 81920 MiB, 0 %
2026/07/03 20:13:41.178, 5, 0 MiB, 81920 MiB, 0 %
2026/07/03 20:13:41.178, 6, 0 MiB, 81920 MiB, 0 %
2026/07/03 20:13:41.178, 7, 0 MiB, 81920 MiB, 0 %
2026/07/03 20:13:51.179, 0, 7733 MiB, 81920 MiB, 0 %
2026/07/03 20:13:51.179, 1, 0 MiB, 81920 MiB, 0 %
2026/07/03 20:13:51.180, 2, 0 MiB, 81920 MiB, 0 %
2026/07/03 20:13:51.180, 3, 0 MiB, 81920 MiB, 0 %
2026/07/03 20:13:51.180, 4, 0 MiB, 81920 MiB, 0 %
2026/07/03 20:13:51.180, 5, 0 MiB, 81920 MiB, 0 %
2026/07/03 20:13:51.181, 6, 0 MiB, 81920 MiB, 0 %
2026/07/03 20:13:51.181, 7, 0 MiB, 81920 MiB, 0 %
2026/07/03 20:14:01.182, 0, 7733 MiB, 81920 MiB, 0 %
2026/07/03 20:14:01.182, 1, 0 MiB, 81920 MiB, 0 %
2026/07/03 20:14:01.182, 2, 0 MiB, 81920 MiB, 0 %
2026/07/03 20:14:01.183, 3, 0 MiB, 81920 MiB, 0 %
2026/07/03 20:14:01.183, 4, 0 MiB, 81920 MiB, 0 %
2026/07/03 20:14:01.183, 5, 0 MiB, 81920 MiB, 0 %
2026/07/03 20:14:01.184, 6, 0 MiB, 81920 MiB, 0 %
2026/07/03 20:14:01.184, 7, 0 MiB, 81920 MiB, 0 %
2026/07/03 20:14:11.185, 0, 7733 MiB, 81920 MiB, 0 %
2026/07/03 20:14:11.185, 1, 0 MiB, 81920 MiB, 0 %
2026/07/03 20:14:11.185, 2, 0 MiB, 81920 MiB, 0 %
2026/07/03 20:14:11.186, 3, 0 MiB, 81920 MiB, 0 %
2026/07/03 20:14:11.186, 4, 0 MiB, 81920 MiB, 0 %
2026/07/03 20:14:11.186, 5, 0 MiB, 81920 MiB, 0 %
2026/07/03 20:14:11.187, 6, 0 MiB, 81920 MiB, 0 %
2026/07/03 20:14:11.187, 7, 0 MiB, 81920 MiB, 0 %
2026/07/03 20:14:21.187, 0, 7733 MiB, 81920 MiB, 0 %
2026/07/03 20:14:21.188, 1, 0 MiB, 81920 MiB, 0 %
2026/07/03 20:14:21.188, 2, 0 MiB, 81920 MiB, 0 %
2026/07/03 20:14:21.188, 3, 0 MiB, 81920 MiB, 0 %
2026/07/03 20:14:21.189, 4, 0 MiB, 81920 MiB, 0 %
2026/07/03 20:14:21.189, 5, 0 MiB, 81920 MiB, 0 %
2026/07/03 20:14:21.189, 6, 0 MiB, 81920 MiB, 0 %
2026/07/03 20:14:21.190, 7, 0 MiB, 81920 MiB, 0 %
2026/07/03 20:14:31.190, 0, 7733 MiB, 81920 MiB, 60 %
2026/07/03 20:14:31.191, 1, 0 MiB, 81920 MiB, 0 %
2026/07/03 20:14:31.191, 2, 0 MiB, 81920 MiB, 0 %
2026/07/03 20:14:31.192, 3, 0 MiB, 81920 MiB, 0 %
2026/07/03 20:14:31.192, 4, 0 MiB, 81920 MiB, 0 %
2026/07/03 20:14:31.192, 5, 0 MiB, 81920 MiB, 0 %
2026/07/03 20:14:31.192, 6, 0 MiB, 81920 MiB, 0 %
2026/07/03 20:14:31.193, 7, 0 MiB, 81920 MiB, 0 %
2026/07/03 20:14:41.193, 0, 7733 MiB, 81920 MiB, 0 %
2026/07/03 20:14:41.194, 1, 0 MiB, 81920 MiB, 0 %
2026/07/03 20:14:41.194, 2, 0 MiB, 81920 MiB, 0 %
2026/07/03 20:14:41.194, 3, 0 MiB, 81920 MiB, 0 %
2026/07/03 20:14:41.195, 4, 0 MiB, 81920 MiB, 0 %
2026/07/03 20:14:41.195, 5, 0 MiB, 81920 MiB, 0 %
2026/07/03 20:14:41.195, 6, 0 MiB, 81920 MiB, 0 %
2026/07/03 20:14:41.196, 7, 0 MiB, 81920 MiB, 0 %
2026/07/03 20:14:51.196, 0, 7733 MiB, 81920 MiB, 0 %
2026/07/03 20:14:51.197, 1, 0 MiB, 81920 MiB, 0 %
2026/07/03 20:14:51.197, 2, 0 MiB, 81920 MiB, 0 %
2026/07/03 20:14:51.197, 3, 0 MiB, 81920 MiB, 0 %
2026/07/03 20:14:51.197, 4, 0 MiB, 81920 MiB, 0 %
2026/07/03 20:14:51.198, 5, 0 MiB, 81920 MiB, 0 %
2026/07/03 20:14:51.198, 6, 0 MiB, 81920 MiB, 0 %
2026/07/03 20:14:51.198, 7, 0 MiB, 81920 MiB, 0 %
2026/07/03 20:15:01.199, 0, 7733 MiB, 81920 MiB, 30 %
2026/07/03 20:15:01.199, 1, 0 MiB, 81920 MiB, 0 %
2026/07/03 20:15:01.199, 2, 0 MiB, 81920 MiB, 0 %
2026/07/03 20:15:01.200, 3, 0 MiB, 81920 MiB, 0 %
2026/07/03 20:15:01.200, 4, 0 MiB, 81920 MiB, 0 %
2026/07/03 20:15:01.200, 5, 0 MiB, 81920 MiB, 0 %
2026/07/03 20:15:01.201, 6, 0 MiB, 81920 MiB, 0 %
2026/07/03 20:15:01.201, 7, 0 MiB, 81920 MiB, 0 %
2026/07/03 20:15:11.201, 0, 7733 MiB, 81920 MiB, 0 %
2026/07/03 20:15:11.202, 1, 0 MiB, 81920 MiB, 0 %
2026/07/03 20:15:11.202, 2, 0 MiB, 81920 MiB, 0 %
2026/07/03 20:15:11.203, 3, 0 MiB, 81920 MiB, 0 %
2026/07/03 20:15:11.203, 4, 0 MiB, 81920 MiB, 0 %
2026/07/03 20:15:11.203, 5, 0 MiB, 81920 MiB, 0 %
2026/07/03 20:15:11.203, 6, 0 MiB, 81920 MiB, 0 %
2026/07/03 20:15:11.204, 7, 0 MiB, 81920 MiB, 0 %
2026/07/03 20:15:21.204, 0, 7733 MiB, 81920 MiB, 0 %
2026/07/03 20:15:21.205, 1, 0 MiB, 81920 MiB, 0 %
2026/07/03 20:15:21.205, 2, 0 MiB, 81920 MiB, 0 %
2026/07/03 20:15:21.205, 3, 0 MiB, 81920 MiB, 0 %
2026/07/03 20:15:21.206, 4, 0 MiB, 81920 MiB, 0 %
2026/07/03 20:15:21.206, 5, 0 MiB, 81920 MiB, 0 %
2026/07/03 20:15:21.206, 6, 0 MiB, 81920 MiB, 0 %
2026/07/03 20:15:21.206, 7, 0 MiB, 81920 MiB, 0 %
2026/07/03 20:15:31.207, 0, 7733 MiB, 81920 MiB, 60 %
2026/07/03 20:15:31.208, 1, 0 MiB, 81920 MiB, 0 %
2026/07/03 20:15:31.208, 2, 0 MiB, 81920 MiB, 0 %
2026/07/03 20:15:31.208, 3, 0 MiB, 81920 MiB, 0 %
2026/07/03 20:15:31.208, 4, 0 MiB, 81920 MiB, 0 %
2026/07/03 20:15:31.209, 5, 0 MiB, 81920 MiB, 0 %
2026/07/03 20:15:31.209, 6, 0 MiB, 81920 MiB, 0 %
2026/07/03 20:15:31.209, 7, 0 MiB, 81920 MiB, 0 %
2026/07/03 20:15:41.210, 0, 7733 MiB, 81920 MiB, 59 %
2026/07/03 20:15:41.211, 1, 0 MiB, 81920 MiB, 0 %
2026/07/03 20:15:41.211, 2, 0 MiB, 81920 MiB, 0 %
2026/07/03 20:15:41.211, 3, 0 MiB, 81920 MiB, 0 %
2026/07/03 20:15:41.211, 4, 0 MiB, 81920 MiB, 0 %
2026/07/03 20:15:41.212, 5, 0 MiB, 81920 MiB, 0 %
2026/07/03 20:15:41.212, 6, 0 MiB, 81920 MiB, 0 %
2026/07/03 20:15:41.212, 7, 0 MiB, 81920 MiB, 0 %
2026/07/03 20:15:51.213, 0, 7733 MiB, 81920 MiB, 0 %
2026/07/03 20:15:51.213, 1, 0 MiB, 81920 MiB, 0 %
2026/07/03 20:15:51.214, 2, 0 MiB, 81920 MiB, 0 %
2026/07/03 20:15:51.214, 3, 0 MiB, 81920 MiB, 0 %
2026/07/03 20:15:51.214, 4, 0 MiB, 81920 MiB, 0 %
2026/07/03 20:15:51.215, 5, 0 MiB, 81920 MiB, 0 %
2026/07/03 20:15:51.215, 6, 0 MiB, 81920 MiB, 0 %
2026/07/03 20:15:51.215, 7, 0 MiB, 81920 MiB, 0 %
2026/07/03 20:16:01.216, 0, 7733 MiB, 81920 MiB, 0 %
2026/07/03 20:16:01.216, 1, 0 MiB, 81920 MiB, 0 %
2026/07/03 20:16:01.217, 2, 0 MiB, 81920 MiB, 0 %
2026/07/03 20:16:01.217, 3, 0 MiB, 81920 MiB, 0 %
2026/07/03 20:16:01.217, 4, 0 MiB, 81920 MiB, 0 %
2026/07/03 20:16:01.217, 5, 0 MiB, 81920 MiB, 0 %
2026/07/03 20:16:01.218, 6, 0 MiB, 81920 MiB, 0 %
2026/07/03 20:16:01.218, 7, 0 MiB, 81920 MiB, 0 %
2026/07/03 20:16:11.219, 0, 7733 MiB, 81920 MiB, 0 %
2026/07/03 20:16:11.219, 1, 0 MiB, 81920 MiB, 0 %
2026/07/03 20:16:11.220, 2, 0 MiB, 81920 MiB, 0 %
2026/07/03 20:16:11.220, 3, 0 MiB, 81920 MiB, 0 %
2026/07/03 20:16:11.220, 4, 0 MiB, 81920 MiB, 0 %
2026/07/03 20:16:11.221, 5, 0 MiB, 81920 MiB, 0 %
2026/07/03 20:16:11.221, 6, 0 MiB, 81920 MiB, 0 %
2026/07/03 20:16:11.221, 7, 0 MiB, 81920 MiB, 0 %
2026/07/03 20:16:21.222, 0, 7733 MiB, 81920 MiB, 0 %
2026/07/03 20:16:21.222, 1, 0 MiB, 81920 MiB, 0 %
2026/07/03 20:16:21.222, 2, 0 MiB, 81920 MiB, 0 %
2026/07/03 20:16:21.223, 3, 0 MiB, 81920 MiB, 0 %
2026/07/03 20:16:21.223, 4, 0 MiB, 81920 MiB, 0 %
2026/07/03 20:16:21.223, 5, 0 MiB, 81920 MiB, 0 %
2026/07/03 20:16:21.224, 6, 0 MiB, 81920 MiB, 0 %
2026/07/03 20:16:21.224, 7, 0 MiB, 81920 MiB, 0 %
2026/07/03 20:16:31.224, 0, 7733 MiB, 81920 MiB, 0 %
2026/07/03 20:16:31.225, 1, 0 MiB, 81920 MiB, 0 %
2026/07/03 20:16:31.225, 2, 0 MiB, 81920 MiB, 0 %
2026/07/03 20:16:31.226, 3, 0 MiB, 81920 MiB, 0 %
2026/07/03 20:16:31.226, 4, 0 MiB, 81920 MiB, 0 %
2026/07/03 20:16:31.226, 5, 0 MiB, 81920 MiB, 0 %
2026/07/03 20:16:31.226, 6, 0 MiB, 81920 MiB, 0 %
2026/07/03 20:16:31.227, 7, 0 MiB, 81920 MiB, 0 %
2026/07/03 20:16:41.227, 0, 7733 MiB, 81920 MiB, 54 %
2026/07/03 20:16:41.228, 1, 0 MiB, 81920 MiB, 0 %
2026/07/03 20:16:41.228, 2, 0 MiB, 81920 MiB, 0 %
2026/07/03 20:16:41.228, 3, 0 MiB, 81920 MiB, 0 %
2026/07/03 20:16:41.229, 4, 0 MiB, 81920 MiB, 0 %
2026/07/03 20:16:41.229, 5, 0 MiB, 81920 MiB, 0 %
2026/07/03 20:16:41.229, 6, 0 MiB, 81920 MiB, 0 %
2026/07/03 20:16:41.230, 7, 0 MiB, 81920 MiB, 0 %
2026/07/03 20:16:51.230, 0, 7733 MiB, 81920 MiB, 0 %
2026/07/03 20:16:51.231, 1, 0 MiB, 81920 MiB, 0 %
2026/07/03 20:16:51.231, 2, 0 MiB, 81920 MiB, 0 %
2026/07/03 20:16:51.231, 3, 0 MiB, 81920 MiB, 0 %
2026/07/03 20:16:51.231, 4, 0 MiB, 81920 MiB, 0 %
2026/07/03 20:16:51.232, 5, 0 MiB, 81920 MiB, 0 %
2026/07/03 20:16:51.232, 6, 0 MiB, 81920 MiB, 0 %
2026/07/03 20:16:51.232, 7, 0 MiB, 81920 MiB, 0 %
2026/07/03 20:17:01.233, 0, 7733 MiB, 81920 MiB, 0 %
2026/07/03 20:17:01.233, 1, 0 MiB, 81920 MiB, 0 %
2026/07/03 20:17:01.234, 2, 0 MiB, 81920 MiB, 0 %
2026/07/03 20:17:01.234, 3, 0 MiB, 81920 MiB, 0 %
2026/07/03 20:17:01.234, 4, 0 MiB, 81920 MiB, 0 %
2026/07/03 20:17:01.235, 5, 0 MiB, 81920 MiB, 0 %
2026/07/03 20:17:01.235, 6, 0 MiB, 81920 MiB, 0 %
2026/07/03 20:17:01.235, 7, 0 MiB, 81920 MiB, 0 %
2026/07/03 20:17:11.236, 0, 7733 MiB, 81920 MiB, 60 %
2026/07/03 20:17:11.236, 1, 0 MiB, 81920 MiB, 0 %
2026/07/03 20:17:11.237, 2, 0 MiB, 81920 MiB, 0 %
2026/07/03 20:17:11.237, 3, 0 MiB, 81920 MiB, 0 %
2026/07/03 20:17:11.237, 4, 0 MiB, 81920 MiB, 0 %
2026/07/03 20:17:11.238, 5, 0 MiB, 81920 MiB, 0 %
2026/07/03 20:17:11.238, 6, 0 MiB, 81920 MiB, 0 %
2026/07/03 20:17:11.238, 7, 0 MiB, 81920 MiB, 0 %
2026/07/03 20:17:21.239, 0, 7733 MiB, 81920 MiB, 0 %
2026/07/03 20:17:21.239, 1, 0 MiB, 81920 MiB, 0 %
2026/07/03 20:17:21.240, 2, 0 MiB, 81920 MiB, 0 %
2026/07/03 20:17:21.240, 3, 0 MiB, 81920 MiB, 0 %
2026/07/03 20:17:21.240, 4, 0 MiB, 81920 MiB, 0 %
2026/07/03 20:17:21.241, 5, 0 MiB, 81920 MiB, 0 %
2026/07/03 20:17:21.241, 6, 0 MiB, 81920 MiB, 0 %
2026/07/03 20:17:21.241, 7, 0 MiB, 81920 MiB, 0 %
2026/07/03 20:17:31.242, 0, 7733 MiB, 81920 MiB, 61 %
2026/07/03 20:17:31.242, 1, 0 MiB, 81920 MiB, 0 %
2026/07/03 20:17:31.243, 2, 0 MiB, 81920 MiB, 0 %
2026/07/03 20:17:31.243, 3, 0 MiB, 81920 MiB, 0 %
2026/07/03 20:17:31.243, 4, 0 MiB, 81920 MiB, 0 %
2026/07/03 20:17:31.243, 5, 0 MiB, 81920 MiB, 0 %
2026/07/03 20:17:31.244, 6, 0 MiB, 81920 MiB, 0 %
2026/07/03 20:17:31.244, 7, 0 MiB, 81920 MiB, 0 %
2026/07/03 20:17:41.245, 0, 7733 MiB, 81920 MiB, 0 %
2026/07/03 20:17:41.246, 1, 0 MiB, 81920 MiB, 0 %
2026/07/03 20:17:41.246, 2, 0 MiB, 81920 MiB, 0 %
2026/07/03 20:17:41.246, 3, 0 MiB, 81920 MiB, 0 %
2026/07/03 20:17:41.247, 4, 0 MiB, 81920 MiB, 0 %
2026/07/03 20:17:41.247, 5, 0 MiB, 81920 MiB, 0 %
2026/07/03 20:17:41.247, 6, 0 MiB, 81920 MiB, 0 %
2026/07/03 20:17:41.247, 7, 0 MiB, 81920 MiB, 0 %
2026/07/03 20:17:51.248, 0, 7733 MiB, 81920 MiB, 0 %
2026/07/03 20:17:51.249, 1, 0 MiB, 81920 MiB, 0 %
2026/07/03 20:17:51.249, 2, 0 MiB, 81920 MiB, 0 %
2026/07/03 20:17:51.249, 3, 0 MiB, 81920 MiB, 0 %
2026/07/03 20:17:51.249, 4, 0 MiB, 81920 MiB, 0 %
2026/07/03 20:17:51.250, 5, 0 MiB, 81920 MiB, 0 %
2026/07/03 20:17:51.250, 6, 0 MiB, 81920 MiB, 0 %
2026/07/03 20:17:51.250, 7, 0 MiB, 81920 MiB, 0 %
2026/07/03 20:18:01.251, 0, 7733 MiB, 81920 MiB, 0 %
2026/07/03 20:18:01.251, 1, 0 MiB, 81920 MiB, 0 %
2026/07/03 20:18:01.252, 2, 0 MiB, 81920 MiB, 0 %
2026/07/03 20:18:01.252, 3, 0 MiB, 81920 MiB, 0 %
2026/07/03 20:18:01.252, 4, 0 MiB, 81920 MiB, 0 %
2026/07/03 20:18:01.252, 5, 0 MiB, 81920 MiB, 0 %
2026/07/03 20:18:01.253, 6, 0 MiB, 81920 MiB, 0 %
2026/07/03 20:18:01.253, 7, 0 MiB, 81920 MiB, 0 %
2026/07/03 20:18:11.253, 0, 7733 MiB, 81920 MiB, 0 %
2026/07/03 20:18:11.254, 1, 0 MiB, 81920 MiB, 0 %
2026/07/03 20:18:11.254, 2, 0 MiB, 81920 MiB, 0 %
2026/07/03 20:18:11.255, 3, 0 MiB, 81920 MiB, 0 %
2026/07/03 20:18:11.255, 4, 0 MiB, 81920 MiB, 0 %
2026/07/03 20:18:11.255, 5, 0 MiB, 81920 MiB, 0 %
2026/07/03 20:18:11.255, 6, 0 MiB, 81920 MiB, 0 %
2026/07/03 20:18:11.256, 7, 0 MiB, 81920 MiB, 0 %
2026/07/03 20:18:21.256, 0, 7733 MiB, 81920 MiB, 0 %
2026/07/03 20:18:21.257, 1, 0 MiB, 81920 MiB, 0 %
2026/07/03 20:18:21.257, 2, 0 MiB, 81920 MiB, 0 %
2026/07/03 20:18:21.257, 3, 0 MiB, 81920 MiB, 0 %
2026/07/03 20:18:21.257, 4, 0 MiB, 81920 MiB, 0 %
2026/07/03 20:18:21.258, 5, 0 MiB, 81920 MiB, 0 %
2026/07/03 20:18:21.258, 6, 0 MiB, 81920 MiB, 0 %
2026/07/03 20:18:21.258, 7, 0 MiB, 81920 MiB, 0 %
2026/07/03 20:18:31.259, 0, 7733 MiB, 81920 MiB, 0 %
2026/07/03 20:18:31.259, 1, 0 MiB, 81920 MiB, 0 %
2026/07/03 20:18:31.259, 2, 0 MiB, 81920 MiB, 0 %
2026/07/03 20:18:31.260, 3, 0 MiB, 81920 MiB, 0 %
2026/07/03 20:18:31.260, 4, 0 MiB, 81920 MiB, 0 %
2026/07/03 20:18:31.260, 5, 0 MiB, 81920 MiB, 0 %
2026/07/03 20:18:31.261, 6, 0 MiB, 81920 MiB, 0 %
2026/07/03 20:18:31.261, 7, 0 MiB, 81920 MiB, 0 %
2026/07/03 20:18:41.261, 0, 7733 MiB, 81920 MiB, 46 %
2026/07/03 20:18:41.262, 1, 0 MiB, 81920 MiB, 0 %
2026/07/03 20:18:41.262, 2, 0 MiB, 81920 MiB, 0 %
2026/07/03 20:18:41.263, 3, 0 MiB, 81920 MiB, 0 %
2026/07/03 20:18:41.263, 4, 0 MiB, 81920 MiB, 0 %
2026/07/03 20:18:41.263, 5, 0 MiB, 81920 MiB, 0 %
2026/07/03 20:18:41.263, 6, 0 MiB, 81920 MiB, 0 %
2026/07/03 20:18:41.264, 7, 0 MiB, 81920 MiB, 0 %
2026/07/03 20:18:51.265, 0, 7733 MiB, 81920 MiB, 0 %
2026/07/03 20:18:51.266, 1, 0 MiB, 81920 MiB, 0 %
2026/07/03 20:18:51.266, 2, 0 MiB, 81920 MiB, 0 %
2026/07/03 20:18:51.266, 3, 0 MiB, 81920 MiB, 0 %
2026/07/03 20:18:51.267, 4, 0 MiB, 81920 MiB, 0 %
2026/07/03 20:18:51.267, 5, 0 MiB, 81920 MiB, 0 %
2026/07/03 20:18:51.267, 6, 0 MiB, 81920 MiB, 0 %
2026/07/03 20:18:51.267, 7, 0 MiB, 81920 MiB, 0 %
2026/07/03 20:19:01.268, 0, 7733 MiB, 81920 MiB, 0 %
2026/07/03 20:19:01.269, 1, 0 MiB, 81920 MiB, 0 %
2026/07/03 20:19:01.269, 2, 0 MiB, 81920 MiB, 0 %
2026/07/03 20:19:01.270, 3, 0 MiB, 81920 MiB, 0 %
2026/07/03 20:19:01.270, 4, 0 MiB, 81920 MiB, 0 %
2026/07/03 20:19:01.270, 5, 0 MiB, 81920 MiB, 0 %
2026/07/03 20:19:01.271, 6, 0 MiB, 81920 MiB, 0 %
2026/07/03 20:19:01.271, 7, 0 MiB, 81920 MiB, 0 %
2026/07/03 20:19:11.272, 0, 7733 MiB, 81920 MiB, 0 %
2026/07/03 20:19:11.273, 1, 0 MiB, 81920 MiB, 0 %
2026/07/03 20:19:11.273, 2, 0 MiB, 81920 MiB, 0 %
2026/07/03 20:19:11.273, 3, 0 MiB, 81920 MiB, 0 %
2026/07/03 20:19:11.274, 4, 0 MiB, 81920 MiB, 0 %
2026/07/03 20:19:11.274, 5, 0 MiB, 81920 MiB, 0 %
2026/07/03 20:19:11.274, 6, 0 MiB, 81920 MiB, 0 %
2026/07/03 20:19:11.274, 7, 0 MiB, 81920 MiB, 0 %
2026/07/03 20:19:21.275, 0, 7733 MiB, 81920 MiB, 0 %
2026/07/03 20:19:21.275, 1, 0 MiB, 81920 MiB, 0 %
2026/07/03 20:19:21.276, 2, 0 MiB, 81920 MiB, 0 %
2026/07/03 20:19:21.276, 3, 0 MiB, 81920 MiB, 0 %
2026/07/03 20:19:21.276, 4, 0 MiB, 81920 MiB, 0 %
2026/07/03 20:19:21.277, 5, 0 MiB, 81920 MiB, 0 %
2026/07/03 20:19:21.277, 6, 0 MiB, 81920 MiB, 0 %
2026/07/03 20:19:21.277, 7, 0 MiB, 81920 MiB, 0 %
2026/07/03 20:19:31.278, 0, 7733 MiB, 81920 MiB, 0 %
2026/07/03 20:19:31.278, 1, 0 MiB, 81920 MiB, 0 %
2026/07/03 20:19:31.279, 2, 0 MiB, 81920 MiB, 0 %
2026/07/03 20:19:31.279, 3, 0 MiB, 81920 MiB, 0 %
2026/07/03 20:19:31.279, 4, 0 MiB, 81920 MiB, 0 %
2026/07/03 20:19:31.280, 5, 0 MiB, 81920 MiB, 0 %
2026/07/03 20:19:31.280, 6, 0 MiB, 81920 MiB, 0 %
2026/07/03 20:19:31.280, 7, 0 MiB, 81920 MiB, 0 %
2026/07/03 20:19:41.282, 0, 7733 MiB, 81920 MiB, 52 %
2026/07/03 20:19:41.282, 1, 0 MiB, 81920 MiB, 0 %
2026/07/03 20:19:41.282, 2, 0 MiB, 81920 MiB, 0 %
2026/07/03 20:19:41.283, 3, 0 MiB, 81920 MiB, 0 %
2026/07/03 20:19:41.283, 4, 0 MiB, 81920 MiB, 0 %
2026/07/03 20:19:41.283, 5, 0 MiB, 81920 MiB, 0 %
2026/07/03 20:19:41.284, 6, 0 MiB, 81920 MiB, 0 %
2026/07/03 20:19:41.284, 7, 0 MiB, 81920 MiB, 0 %
2026/07/03 20:19:51.285, 0, 7733 MiB, 81920 MiB, 0 %
2026/07/03 20:19:51.285, 1, 0 MiB, 81920 MiB, 0 %
2026/07/03 20:19:51.286, 2, 0 MiB, 81920 MiB, 0 %
2026/07/03 20:19:51.286, 3, 0 MiB, 81920 MiB, 0 %
2026/07/03 20:19:51.286, 4, 0 MiB, 81920 MiB, 0 %
2026/07/03 20:19:51.286, 5, 0 MiB, 81920 MiB, 0 %
2026/07/03 20:19:51.287, 6, 0 MiB, 81920 MiB, 0 %
2026/07/03 20:19:51.287, 7, 0 MiB, 81920 MiB, 0 %
2026/07/03 20:20:01.288, 0, 7733 MiB, 81920 MiB, 0 %
2026/07/03 20:20:01.289, 1, 0 MiB, 81920 MiB, 0 %
2026/07/03 20:20:01.289, 2, 0 MiB, 81920 MiB, 0 %
2026/07/03 20:20:01.289, 3, 0 MiB, 81920 MiB, 0 %
2026/07/03 20:20:01.290, 4, 0 MiB, 81920 MiB, 0 %
2026/07/03 20:20:01.290, 5, 0 MiB, 81920 MiB, 0 %
2026/07/03 20:20:01.290, 6, 0 MiB, 81920 MiB, 0 %
2026/07/03 20:20:01.291, 7, 0 MiB, 81920 MiB, 0 %
2026/07/03 20:20:11.291, 0, 7733 MiB, 81920 MiB, 0 %
2026/07/03 20:20:11.292, 1, 0 MiB, 81920 MiB, 0 %
2026/07/03 20:20:11.292, 2, 0 MiB, 81920 MiB, 0 %
2026/07/03 20:20:11.292, 3, 0 MiB, 81920 MiB, 0 %
2026/07/03 20:20:11.292, 4, 0 MiB, 81920 MiB, 0 %
2026/07/03 20:20:11.293, 5, 0 MiB, 81920 MiB, 0 %
2026/07/03 20:20:11.293, 6, 0 MiB, 81920 MiB, 0 %
2026/07/03 20:20:11.293, 7, 0 MiB, 81920 MiB, 0 %
2026/07/03 20:20:21.295, 0, 7733 MiB, 81920 MiB, 0 %
2026/07/03 20:20:21.295, 1, 0 MiB, 81920 MiB, 0 %
2026/07/03 20:20:21.296, 2, 0 MiB, 81920 MiB, 0 %
2026/07/03 20:20:21.296, 3, 0 MiB, 81920 MiB, 0 %
2026/07/03 20:20:21.296, 4, 0 MiB, 81920 MiB, 0 %
2026/07/03 20:20:21.296, 5, 0 MiB, 81920 MiB, 0 %
2026/07/03 20:20:21.297, 6, 0 MiB, 81920 MiB, 0 %
2026/07/03 20:20:21.297, 7, 0 MiB, 81920 MiB, 0 %
2026/07/03 20:20:31.298, 0, 7733 MiB, 81920 MiB, 0 %
2026/07/03 20:20:31.299, 1, 0 MiB, 81920 MiB, 0 %
2026/07/03 20:20:31.299, 2, 0 MiB, 81920 MiB, 0 %
2026/07/03 20:20:31.299, 3, 0 MiB, 81920 MiB, 0 %
2026/07/03 20:20:31.300, 4, 0 MiB, 81920 MiB, 0 %
2026/07/03 20:20:31.300, 5, 0 MiB, 81920 MiB, 0 %
2026/07/03 20:20:31.300, 6, 0 MiB, 81920 MiB, 0 %
2026/07/03 20:20:31.301, 7, 0 MiB, 81920 MiB, 0 %
2026/07/03 20:20:41.302, 0, 7733 MiB, 81920 MiB, 0 %
2026/07/03 20:20:41.302, 1, 0 MiB, 81920 MiB, 0 %
2026/07/03 20:20:41.303, 2, 0 MiB, 81920 MiB, 0 %
2026/07/03 20:20:41.303, 3, 0 MiB, 81920 MiB, 0 %
2026/07/03 20:20:41.303, 4, 0 MiB, 81920 MiB, 0 %
2026/07/03 20:20:41.304, 5, 0 MiB, 81920 MiB, 0 %
2026/07/03 20:20:41.304, 6, 0 MiB, 81920 MiB, 0 %
2026/07/03 20:20:41.304, 7, 0 MiB, 81920 MiB, 0 %
2026/07/03 20:20:51.305, 0, 7733 MiB, 81920 MiB, 0 %
2026/07/03 20:20:51.306, 1, 0 MiB, 81920 MiB, 0 %
2026/07/03 20:20:51.306, 2, 0 MiB, 81920 MiB, 0 %
2026/07/03 20:20:51.307, 3, 0 MiB, 81920 MiB, 0 %
2026/07/03 20:20:51.307, 4, 0 MiB, 81920 MiB, 0 %
2026/07/03 20:20:51.307, 5, 0 MiB, 81920 MiB, 0 %
2026/07/03 20:20:51.308, 6, 0 MiB, 81920 MiB, 0 %
2026/07/03 20:20:51.308, 7, 0 MiB, 81920 MiB, 0 %
2026/07/03 20:21:01.309, 0, 7733 MiB, 81920 MiB, 0 %
2026/07/03 20:21:01.310, 1, 0 MiB, 81920 MiB, 0 %
2026/07/03 20:21:01.310, 2, 0 MiB, 81920 MiB, 0 %
2026/07/03 20:21:01.310, 3, 0 MiB, 81920 MiB, 0 %
2026/07/03 20:21:01.311, 4, 0 MiB, 81920 MiB, 0 %
2026/07/03 20:21:01.311, 5, 0 MiB, 81920 MiB, 0 %
2026/07/03 20:21:01.311, 6, 0 MiB, 81920 MiB, 0 %
2026/07/03 20:21:01.311, 7, 0 MiB, 81920 MiB, 0 %
2026/07/03 20:21:11.313, 0, 7733 MiB, 81920 MiB, 0 %
2026/07/03 20:21:11.313, 1, 0 MiB, 81920 MiB, 0 %
2026/07/03 20:21:11.313, 2, 0 MiB, 81920 MiB, 0 %
2026/07/03 20:21:11.314, 3, 0 MiB, 81920 MiB, 0 %
2026/07/03 20:21:11.314, 4, 0 MiB, 81920 MiB, 0 %
2026/07/03 20:21:11.314, 5, 0 MiB, 81920 MiB, 0 %
2026/07/03 20:21:11.315, 6, 0 MiB, 81920 MiB, 0 %
2026/07/03 20:21:11.315, 7, 0 MiB, 81920 MiB, 0 %
2026/07/03 20:21:21.316, 0, 7733 MiB, 81920 MiB, 0 %
2026/07/03 20:21:21.317, 1, 0 MiB, 81920 MiB, 0 %
2026/07/03 20:21:21.317, 2, 0 MiB, 81920 MiB, 0 %
2026/07/03 20:21:21.317, 3, 0 MiB, 81920 MiB, 0 %
2026/07/03 20:21:21.318, 4, 0 MiB, 81920 MiB, 0 %
2026/07/03 20:21:21.318, 5, 0 MiB, 81920 MiB, 0 %
2026/07/03 20:21:21.318, 6, 0 MiB, 81920 MiB, 0 %
2026/07/03 20:21:21.319, 7, 0 MiB, 81920 MiB, 0 %
2026/07/03 20:21:31.319, 0, 7733 MiB, 81920 MiB, 0 %
2026/07/03 20:21:31.319, 1, 0 MiB, 81920 MiB, 0 %
2026/07/03 20:21:31.320, 2, 0 MiB, 81920 MiB, 0 %
2026/07/03 20:21:31.320, 3, 0 MiB, 81920 MiB, 0 %
2026/07/03 20:21:31.320, 4, 0 MiB, 81920 MiB, 0 %
2026/07/03 20:21:31.321, 5, 0 MiB, 81920 MiB, 0 %
2026/07/03 20:21:31.321, 6, 0 MiB, 81920 MiB, 0 %
2026/07/03 20:21:31.321, 7, 0 MiB, 81920 MiB, 0 %
2026/07/03 20:21:41.323, 0, 7733 MiB, 81920 MiB, 0 %
2026/07/03 20:21:41.323, 1, 0 MiB, 81920 MiB, 0 %
2026/07/03 20:21:41.324, 2, 0 MiB, 81920 MiB, 0 %
2026/07/03 20:21:41.324, 3, 0 MiB, 81920 MiB, 0 %
2026/07/03 20:21:41.324, 4, 0 MiB, 81920 MiB, 0 %
2026/07/03 20:21:41.324, 5, 0 MiB, 81920 MiB, 0 %
2026/07/03 20:21:41.325, 6, 0 MiB, 81920 MiB, 0 %
2026/07/03 20:21:41.325, 7, 0 MiB, 81920 MiB, 0 %
2026/07/03 20:21:51.326, 0, 7733 MiB, 81920 MiB, 56 %
2026/07/03 20:21:51.327, 1, 0 MiB, 81920 MiB, 0 %
2026/07/03 20:21:51.327, 2, 0 MiB, 81920 MiB, 0 %
2026/07/03 20:21:51.327, 3, 0 MiB, 81920 MiB, 0 %
2026/07/03 20:21:51.328, 4, 0 MiB, 81920 MiB, 0 %
2026/07/03 20:21:51.328, 5, 0 MiB, 81920 MiB, 0 %
2026/07/03 20:21:51.328, 6, 0 MiB, 81920 MiB, 0 %
2026/07/03 20:21:51.329, 7, 0 MiB, 81920 MiB, 0 %
2026/07/03 20:22:01.330, 0, 7733 MiB, 81920 MiB, 0 %
2026/07/03 20:22:01.330, 1, 0 MiB, 81920 MiB, 0 %
2026/07/03 20:22:01.331, 2, 0 MiB, 81920 MiB, 0 %
2026/07/03 20:22:01.331, 3, 0 MiB, 81920 MiB, 0 %
2026/07/03 20:22:01.331, 4, 0 MiB, 81920 MiB, 0 %
2026/07/03 20:22:01.332, 5, 0 MiB, 81920 MiB, 0 %
2026/07/03 20:22:01.332, 6, 0 MiB, 81920 MiB, 0 %
2026/07/03 20:22:01.332, 7, 0 MiB, 81920 MiB, 0 %
2026/07/03 20:22:11.333, 0, 7733 MiB, 81920 MiB, 49 %
2026/07/03 20:22:11.334, 1, 0 MiB, 81920 MiB, 0 %
2026/07/03 20:22:11.334, 2, 0 MiB, 81920 MiB, 0 %
2026/07/03 20:22:11.334, 3, 0 MiB, 81920 MiB, 0 %
2026/07/03 20:22:11.335, 4, 0 MiB, 81920 MiB, 0 %
2026/07/03 20:22:11.335, 5, 0 MiB, 81920 MiB, 0 %
2026/07/03 20:22:11.335, 6, 0 MiB, 81920 MiB, 0 %
2026/07/03 20:22:11.336, 7, 0 MiB, 81920 MiB, 0 %
2026/07/03 20:22:21.337, 0, 7733 MiB, 81920 MiB, 0 %
2026/07/03 20:22:21.337, 1, 0 MiB, 81920 MiB, 0 %
2026/07/03 20:22:21.338, 2, 0 MiB, 81920 MiB, 0 %
2026/07/03 20:22:21.338, 3, 0 MiB, 81920 MiB, 0 %
2026/07/03 20:22:21.338, 4, 0 MiB, 81920 MiB, 0 %
2026/07/03 20:22:21.339, 5, 0 MiB, 81920 MiB, 0 %
2026/07/03 20:22:21.339, 6, 0 MiB, 81920 MiB, 0 %
2026/07/03 20:22:21.339, 7, 0 MiB, 81920 MiB, 0 %
2026/07/03 20:22:31.340, 0, 7733 MiB, 81920 MiB, 0 %
2026/07/03 20:22:31.341, 1, 0 MiB, 81920 MiB, 0 %
2026/07/03 20:22:31.341, 2, 0 MiB, 81920 MiB, 0 %
2026/07/03 20:22:31.342, 3, 0 MiB, 81920 MiB, 0 %
2026/07/03 20:22:31.342, 4, 0 MiB, 81920 MiB, 0 %
2026/07/03 20:22:31.342, 5, 0 MiB, 81920 MiB, 0 %
2026/07/03 20:22:31.342, 6, 0 MiB, 81920 MiB, 0 %
2026/07/03 20:22:31.343, 7, 0 MiB, 81920 MiB, 0 %
2026/07/03 20:22:41.344, 0, 7733 MiB, 81920 MiB, 0 %
2026/07/03 20:22:41.344, 1, 0 MiB, 81920 MiB, 0 %
2026/07/03 20:22:41.345, 2, 0 MiB, 81920 MiB, 0 %
2026/07/03 20:22:41.345, 3, 0 MiB, 81920 MiB, 0 %
2026/07/03 20:22:41.345, 4, 0 MiB, 81920 MiB, 0 %
2026/07/03 20:22:41.346, 5, 0 MiB, 81920 MiB, 0 %
2026/07/03 20:22:41.346, 6, 0 MiB, 81920 MiB, 0 %
2026/07/03 20:22:41.346, 7, 0 MiB, 81920 MiB, 0 %
2026/07/03 20:22:51.347, 0, 7733 MiB, 81920 MiB, 0 %
2026/07/03 20:22:51.348, 1, 0 MiB, 81920 MiB, 0 %
2026/07/03 20:22:51.348, 2, 0 MiB, 81920 MiB, 0 %
2026/07/03 20:22:51.349, 3, 0 MiB, 81920 MiB, 0 %
2026/07/03 20:22:51.349, 4, 0 MiB, 81920 MiB, 0 %
2026/07/03 20:22:51.349, 5, 0 MiB, 81920 MiB, 0 %
2026/07/03 20:22:51.349, 6, 0 MiB, 81920 MiB, 0 %
2026/07/03 20:22:51.350, 7, 0 MiB, 81920 MiB, 0 %
2026/07/03 20:23:01.351, 0, 7733 MiB, 81920 MiB, 0 %
2026/07/03 20:23:01.351, 1, 0 MiB, 81920 MiB, 0 %
2026/07/03 20:23:01.352, 2, 0 MiB, 81920 MiB, 0 %
2026/07/03 20:23:01.352, 3, 0 MiB, 81920 MiB, 0 %
2026/07/03 20:23:01.353, 4, 0 MiB, 81920 MiB, 0 %
2026/07/03 20:23:01.353, 5, 0 MiB, 81920 MiB, 0 %
2026/07/03 20:23:01.353, 6, 0 MiB, 81920 MiB, 0 %
2026/07/03 20:23:01.354, 7, 0 MiB, 81920 MiB, 0 %
2026/07/03 20:23:11.355, 0, 7733 MiB, 81920 MiB, 0 %
2026/07/03 20:23:11.355, 1, 0 MiB, 81920 MiB, 0 %
2026/07/03 20:23:11.355, 2, 0 MiB, 81920 MiB, 0 %
2026/07/03 20:23:11.356, 3, 0 MiB, 81920 MiB, 0 %
2026/07/03 20:23:11.356, 4, 0 MiB, 81920 MiB, 0 %
2026/07/03 20:23:11.356, 5, 0 MiB, 81920 MiB, 0 %
2026/07/03 20:23:11.357, 6, 0 MiB, 81920 MiB, 0 %
2026/07/03 20:23:11.357, 7, 0 MiB, 81920 MiB, 0 %
2026/07/03 20:23:21.358, 0, 7733 MiB, 81920 MiB, 0 %
2026/07/03 20:23:21.358, 1, 0 MiB, 81920 MiB, 0 %
2026/07/03 20:23:21.358, 2, 0 MiB, 81920 MiB, 0 %
2026/07/03 20:23:21.359, 3, 0 MiB, 81920 MiB, 0 %
2026/07/03 20:23:21.359, 4, 0 MiB, 81920 MiB, 0 %
2026/07/03 20:23:21.359, 5, 0 MiB, 81920 MiB, 0 %
2026/07/03 20:23:21.359, 6, 0 MiB, 81920 MiB, 0 %
2026/07/03 20:23:21.359, 7, 0 MiB, 81920 MiB, 0 %
2026/07/03 20:23:31.360, 0, 7733 MiB, 81920 MiB, 0 %
2026/07/03 20:23:31.360, 1, 0 MiB, 81920 MiB, 0 %
2026/07/03 20:23:31.361, 2, 0 MiB, 81920 MiB, 0 %
2026/07/03 20:23:31.361, 3, 0 MiB, 81920 MiB, 0 %
2026/07/03 20:23:31.361, 4, 0 MiB, 81920 MiB, 0 %
2026/07/03 20:23:31.361, 5, 0 MiB, 81920 MiB, 0 %
2026/07/03 20:23:31.362, 6, 0 MiB, 81920 MiB, 0 %
2026/07/03 20:23:31.362, 7, 0 MiB, 81920 MiB, 0 %
2026/07/03 20:23:41.363, 0, 7733 MiB, 81920 MiB, 0 %
2026/07/03 20:23:41.363, 1, 0 MiB, 81920 MiB, 0 %
2026/07/03 20:23:41.363, 2, 0 MiB, 81920 MiB, 0 %
2026/07/03 20:23:41.364, 3, 0 MiB, 81920 MiB, 0 %
2026/07/03 20:23:41.364, 4, 0 MiB, 81920 MiB, 0 %
2026/07/03 20:23:41.364, 5, 0 MiB, 81920 MiB, 0 %
2026/07/03 20:23:41.365, 6, 0 MiB, 81920 MiB, 0 %
2026/07/03 20:23:41.365, 7, 0 MiB, 81920 MiB, 0 %
2026/07/03 20:23:51.366, 0, 7733 MiB, 81920 MiB, 0 %
2026/07/03 20:23:51.366, 1, 0 MiB, 81920 MiB, 0 %
2026/07/03 20:23:51.367, 2, 0 MiB, 81920 MiB, 0 %
2026/07/03 20:23:51.367, 3, 0 MiB, 81920 MiB, 0 %
2026/07/03 20:23:51.367, 4, 0 MiB, 81920 MiB, 0 %
2026/07/03 20:23:51.368, 5, 0 MiB, 81920 MiB, 0 %
2026/07/03 20:23:51.368, 6, 0 MiB, 81920 MiB, 0 %
2026/07/03 20:23:51.368, 7, 0 MiB, 81920 MiB, 0 %
2026/07/03 20:24:01.369, 0, 7733 MiB, 81920 MiB, 0 %
2026/07/03 20:24:01.369, 1, 0 MiB, 81920 MiB, 0 %
2026/07/03 20:24:01.370, 2, 0 MiB, 81920 MiB, 0 %
2026/07/03 20:24:01.370, 3, 0 MiB, 81920 MiB, 0 %
2026/07/03 20:24:01.370, 4, 0 MiB, 81920 MiB, 0 %
2026/07/03 20:24:01.371, 5, 0 MiB, 81920 MiB, 0 %
2026/07/03 20:24:01.371, 6, 0 MiB, 81920 MiB, 0 %
2026/07/03 20:24:01.371, 7, 0 MiB, 81920 MiB, 0 %
2026/07/03 20:24:11.372, 0, 7733 MiB, 81920 MiB, 0 %
2026/07/03 20:24:11.372, 1, 0 MiB, 81920 MiB, 0 %
2026/07/03 20:24:11.373, 2, 0 MiB, 81920 MiB, 0 %
2026/07/03 20:24:11.373, 3, 0 MiB, 81920 MiB, 0 %
2026/07/03 20:24:11.373, 4, 0 MiB, 81920 MiB, 0 %
2026/07/03 20:24:11.374, 5, 0 MiB, 81920 MiB, 0 %
2026/07/03 20:24:11.374, 6, 0 MiB, 81920 MiB, 0 %
2026/07/03 20:24:11.374, 7, 0 MiB, 81920 MiB, 0 %
2026/07/03 20:24:21.375, 0, 7733 MiB, 81920 MiB, 47 %
2026/07/03 20:24:21.375, 1, 0 MiB, 81920 MiB, 0 %
2026/07/03 20:24:21.376, 2, 0 MiB, 81920 MiB, 0 %
2026/07/03 20:24:21.376, 3, 0 MiB, 81920 MiB, 0 %
2026/07/03 20:24:21.376, 4, 0 MiB, 81920 MiB, 0 %
2026/07/03 20:24:21.377, 5, 0 MiB, 81920 MiB, 0 %
2026/07/03 20:24:21.377, 6, 0 MiB, 81920 MiB, 0 %
2026/07/03 20:24:21.377, 7, 0 MiB, 81920 MiB, 0 %
2026/07/03 20:24:31.378, 0, 7733 MiB, 81920 MiB, 0 %
2026/07/03 20:24:31.378, 1, 0 MiB, 81920 MiB, 0 %
2026/07/03 20:24:31.379, 2, 0 MiB, 81920 MiB, 0 %
2026/07/03 20:24:31.379, 3, 0 MiB, 81920 MiB, 0 %
2026/07/03 20:24:31.379, 4, 0 MiB, 81920 MiB, 0 %
2026/07/03 20:24:31.380, 5, 0 MiB, 81920 MiB, 0 %
2026/07/03 20:24:31.380, 6, 0 MiB, 81920 MiB, 0 %
2026/07/03 20:24:31.380, 7, 0 MiB, 81920 MiB, 0 %
2026/07/03 20:24:41.381, 0, 7733 MiB, 81920 MiB, 0 %
2026/07/03 20:24:41.382, 1, 0 MiB, 81920 MiB, 0 %
2026/07/03 20:24:41.382, 2, 0 MiB, 81920 MiB, 0 %
2026/07/03 20:24:41.382, 3, 0 MiB, 81920 MiB, 0 %
2026/07/03 20:24:41.382, 4, 0 MiB, 81920 MiB, 0 %
2026/07/03 20:24:41.383, 5, 0 MiB, 81920 MiB, 0 %
2026/07/03 20:24:41.383, 6, 0 MiB, 81920 MiB, 0 %
2026/07/03 20:24:41.383, 7, 0 MiB, 81920 MiB, 0 %
2026/07/03 20:24:51.384, 0, 7733 MiB, 81920 MiB, 61 %
2026/07/03 20:24:51.385, 1, 0 MiB, 81920 MiB, 0 %
2026/07/03 20:24:51.385, 2, 0 MiB, 81920 MiB, 0 %
2026/07/03 20:24:51.385, 3, 0 MiB, 81920 MiB, 0 %
2026/07/03 20:24:51.386, 4, 0 MiB, 81920 MiB, 0 %
2026/07/03 20:24:51.386, 5, 0 MiB, 81920 MiB, 0 %
2026/07/03 20:24:51.386, 6, 0 MiB, 81920 MiB, 0 %
2026/07/03 20:24:51.386, 7, 0 MiB, 81920 MiB, 0 %
2026/07/03 20:25:01.387, 0, 7733 MiB, 81920 MiB, 62 %
2026/07/03 20:25:01.388, 1, 0 MiB, 81920 MiB, 0 %
2026/07/03 20:25:01.388, 2, 0 MiB, 81920 MiB, 0 %
2026/07/03 20:25:01.388, 3, 0 MiB, 81920 MiB, 0 %
2026/07/03 20:25:01.389, 4, 0 MiB, 81920 MiB, 0 %
2026/07/03 20:25:01.389, 5, 0 MiB, 81920 MiB, 0 %
2026/07/03 20:25:01.389, 6, 0 MiB, 81920 MiB, 0 %
2026/07/03 20:25:01.389, 7, 0 MiB, 81920 MiB, 0 %
2026/07/03 20:25:11.390, 0, 7733 MiB, 81920 MiB, 0 %
2026/07/03 20:25:11.391, 1, 0 MiB, 81920 MiB, 0 %
2026/07/03 20:25:11.391, 2, 0 MiB, 81920 MiB, 0 %
2026/07/03 20:25:11.391, 3, 0 MiB, 81920 MiB, 0 %
2026/07/03 20:25:11.392, 4, 0 MiB, 81920 MiB, 0 %
2026/07/03 20:25:11.392, 5, 0 MiB, 81920 MiB, 0 %
2026/07/03 20:25:11.392, 6, 0 MiB, 81920 MiB, 0 %
2026/07/03 20:25:11.393, 7, 0 MiB, 81920 MiB, 0 %
2026/07/03 20:25:21.393, 0, 7733 MiB, 81920 MiB, 55 %
2026/07/03 20:25:21.394, 1, 0 MiB, 81920 MiB, 0 %
2026/07/03 20:25:21.394, 2, 0 MiB, 81920 MiB, 0 %
2026/07/03 20:25:21.394, 3, 0 MiB, 81920 MiB, 0 %
2026/07/03 20:25:21.395, 4, 0 MiB, 81920 MiB, 0 %
2026/07/03 20:25:21.395, 5, 0 MiB, 81920 MiB, 0 %
2026/07/03 20:25:21.395, 6, 0 MiB, 81920 MiB, 0 %
2026/07/03 20:25:21.396, 7, 0 MiB, 81920 MiB, 0 %
2026/07/03 20:25:31.397, 0, 7733 MiB, 81920 MiB, 0 %
2026/07/03 20:25:31.397, 1, 0 MiB, 81920 MiB, 0 %
2026/07/03 20:25:31.397, 2, 0 MiB, 81920 MiB, 0 %
2026/07/03 20:25:31.398, 3, 0 MiB, 81920 MiB, 0 %
2026/07/03 20:25:31.398, 4, 0 MiB, 81920 MiB, 0 %
2026/07/03 20:25:31.398, 5, 0 MiB, 81920 MiB, 0 %
2026/07/03 20:25:31.399, 6, 0 MiB, 81920 MiB, 0 %
2026/07/03 20:25:31.399, 7, 0 MiB, 81920 MiB, 0 %
2026/07/03 20:25:41.400, 0, 7733 MiB, 81920 MiB, 61 %
2026/07/03 20:25:41.400, 1, 0 MiB, 81920 MiB, 0 %
2026/07/03 20:25:41.401, 2, 0 MiB, 81920 MiB, 0 %
2026/07/03 20:25:41.401, 3, 0 MiB, 81920 MiB, 0 %
2026/07/03 20:25:41.401, 4, 0 MiB, 81920 MiB, 0 %
2026/07/03 20:25:41.401, 5, 0 MiB, 81920 MiB, 0 %
2026/07/03 20:25:41.402, 6, 0 MiB, 81920 MiB, 0 %
2026/07/03 20:25:41.402, 7, 0 MiB, 81920 MiB, 0 %
2026/07/03 20:25:51.403, 0, 7733 MiB, 81920 MiB, 26 %
2026/07/03 20:25:51.403, 1, 0 MiB, 81920 MiB, 0 %
2026/07/03 20:25:51.404, 2, 0 MiB, 81920 MiB, 0 %
2026/07/03 20:25:51.404, 3, 0 MiB, 81920 MiB, 0 %
2026/07/03 20:25:51.404, 4, 0 MiB, 81920 MiB, 0 %
2026/07/03 20:25:51.405, 5, 0 MiB, 81920 MiB, 0 %
2026/07/03 20:25:51.405, 6, 0 MiB, 81920 MiB, 0 %
2026/07/03 20:25:51.405, 7, 0 MiB, 81920 MiB, 0 %
2026/07/03 20:26:01.406, 0, 7733 MiB, 81920 MiB, 0 %
2026/07/03 20:26:01.406, 1, 0 MiB, 81920 MiB, 0 %
2026/07/03 20:26:01.407, 2, 0 MiB, 81920 MiB, 0 %
2026/07/03 20:26:01.407, 3, 0 MiB, 81920 MiB, 0 %
2026/07/03 20:26:01.407, 4, 0 MiB, 81920 MiB, 0 %
2026/07/03 20:26:01.408, 5, 0 MiB, 81920 MiB, 0 %
2026/07/03 20:26:01.408, 6, 0 MiB, 81920 MiB, 0 %
2026/07/03 20:26:01.408, 7, 0 MiB, 81920 MiB, 0 %
2026/07/03 20:26:11.409, 0, 7733 MiB, 81920 MiB, 0 %
2026/07/03 20:26:11.409, 1, 0 MiB, 81920 MiB, 0 %
2026/07/03 20:26:11.410, 2, 0 MiB, 81920 MiB, 0 %
2026/07/03 20:26:11.410, 3, 0 MiB, 81920 MiB, 0 %
2026/07/03 20:26:11.410, 4, 0 MiB, 81920 MiB, 0 %
2026/07/03 20:26:11.410, 5, 0 MiB, 81920 MiB, 0 %
2026/07/03 20:26:11.411, 6, 0 MiB, 81920 MiB, 0 %
2026/07/03 20:26:11.411, 7, 0 MiB, 81920 MiB, 0 %
2026/07/03 20:26:21.412, 0, 7733 MiB, 81920 MiB, 62 %
2026/07/03 20:26:21.412, 1, 0 MiB, 81920 MiB, 0 %
2026/07/03 20:26:21.413, 2, 0 MiB, 81920 MiB, 0 %
2026/07/03 20:26:21.413, 3, 0 MiB, 81920 MiB, 0 %
2026/07/03 20:26:21.413, 4, 0 MiB, 81920 MiB, 0 %
2026/07/03 20:26:21.414, 5, 0 MiB, 81920 MiB, 0 %
2026/07/03 20:26:21.414, 6, 0 MiB, 81920 MiB, 0 %
2026/07/03 20:26:21.414, 7, 0 MiB, 81920 MiB, 0 %
2026/07/03 20:26:31.415, 0, 7733 MiB, 81920 MiB, 0 %
2026/07/03 20:26:31.415, 1, 0 MiB, 81920 MiB, 0 %
2026/07/03 20:26:31.416, 2, 0 MiB, 81920 MiB, 0 %
2026/07/03 20:26:31.416, 3, 0 MiB, 81920 MiB, 0 %
2026/07/03 20:26:31.416, 4, 0 MiB, 81920 MiB, 0 %
2026/07/03 20:26:31.417, 5, 0 MiB, 81920 MiB, 0 %
2026/07/03 20:26:31.417, 6, 0 MiB, 81920 MiB, 0 %
2026/07/03 20:26:31.417, 7, 0 MiB, 81920 MiB, 0 %
2026/07/03 20:26:41.418, 0, 7733 MiB, 81920 MiB, 0 %
2026/07/03 20:26:41.418, 1, 0 MiB, 81920 MiB, 0 %
2026/07/03 20:26:41.419, 2, 0 MiB, 81920 MiB, 0 %
2026/07/03 20:26:41.419, 3, 0 MiB, 81920 MiB, 0 %
2026/07/03 20:26:41.419, 4, 0 MiB, 81920 MiB, 0 %
2026/07/03 20:26:41.420, 5, 0 MiB, 81920 MiB, 0 %
2026/07/03 20:26:41.420, 6, 0 MiB, 81920 MiB, 0 %
2026/07/03 20:26:41.420, 7, 0 MiB, 81920 MiB, 0 %
2026/07/03 20:26:51.421, 0, 7733 MiB, 81920 MiB, 0 %
2026/07/03 20:26:51.421, 1, 0 MiB, 81920 MiB, 0 %
2026/07/03 20:26:51.422, 2, 0 MiB, 81920 MiB, 0 %
2026/07/03 20:26:51.422, 3, 0 MiB, 81920 MiB, 0 %
2026/07/03 20:26:51.422, 4, 0 MiB, 81920 MiB, 0 %
2026/07/03 20:26:51.423, 5, 0 MiB, 81920 MiB, 0 %
2026/07/03 20:26:51.423, 6, 0 MiB, 81920 MiB, 0 %
2026/07/03 20:26:51.423, 7, 0 MiB, 81920 MiB, 0 %
2026/07/03 20:27:01.424, 0, 7733 MiB, 81920 MiB, 0 %
2026/07/03 20:27:01.424, 1, 0 MiB, 81920 MiB, 0 %
2026/07/03 20:27:01.425, 2, 0 MiB, 81920 MiB, 0 %
2026/07/03 20:27:01.425, 3, 0 MiB, 81920 MiB, 0 %
2026/07/03 20:27:01.425, 4, 0 MiB, 81920 MiB, 0 %
2026/07/03 20:27:01.426, 5, 0 MiB, 81920 MiB, 0 %
2026/07/03 20:27:01.426, 6, 0 MiB, 81920 MiB, 0 %
2026/07/03 20:27:01.426, 7, 0 MiB, 81920 MiB, 0 %
2026/07/03 20:27:11.427, 0, 7733 MiB, 81920 MiB, 0 %
2026/07/03 20:27:11.427, 1, 0 MiB, 81920 MiB, 0 %
2026/07/03 20:27:11.428, 2, 0 MiB, 81920 MiB, 0 %
2026/07/03 20:27:11.428, 3, 0 MiB, 81920 MiB, 0 %
2026/07/03 20:27:11.428, 4, 0 MiB, 81920 MiB, 0 %
2026/07/03 20:27:11.429, 5, 0 MiB, 81920 MiB, 0 %
2026/07/03 20:27:11.429, 6, 0 MiB, 81920 MiB, 0 %
2026/07/03 20:27:11.429, 7, 0 MiB, 81920 MiB, 0 %
2026/07/03 20:27:21.430, 0, 7733 MiB, 81920 MiB, 61 %
2026/07/03 20:27:21.430, 1, 0 MiB, 81920 MiB, 0 %
2026/07/03 20:27:21.431, 2, 0 MiB, 81920 MiB, 0 %
2026/07/03 20:27:21.431, 3, 0 MiB, 81920 MiB, 0 %
2026/07/03 20:27:21.431, 4, 0 MiB, 81920 MiB, 0 %
2026/07/03 20:27:21.432, 5, 0 MiB, 81920 MiB, 0 %
2026/07/03 20:27:21.432, 6, 0 MiB, 81920 MiB, 0 %
2026/07/03 20:27:21.432, 7, 0 MiB, 81920 MiB, 0 %
2026/07/03 20:27:31.433, 0, 7733 MiB, 81920 MiB, 0 %
2026/07/03 20:27:31.433, 1, 0 MiB, 81920 MiB, 0 %
2026/07/03 20:27:31.434, 2, 0 MiB, 81920 MiB, 0 %
2026/07/03 20:27:31.434, 3, 0 MiB, 81920 MiB, 0 %
2026/07/03 20:27:31.434, 4, 0 MiB, 81920 MiB, 0 %
2026/07/03 20:27:31.435, 5, 0 MiB, 81920 MiB, 0 %
2026/07/03 20:27:31.435, 6, 0 MiB, 81920 MiB, 0 %
2026/07/03 20:27:31.435, 7, 0 MiB, 81920 MiB, 0 %
2026/07/03 20:27:41.436, 0, 7733 MiB, 81920 MiB, 0 %
2026/07/03 20:27:41.437, 1, 0 MiB, 81920 MiB, 0 %
2026/07/03 20:27:41.437, 2, 0 MiB, 81920 MiB, 0 %
2026/07/03 20:27:41.437, 3, 0 MiB, 81920 MiB, 0 %
2026/07/03 20:27:41.438, 4, 0 MiB, 81920 MiB, 0 %
2026/07/03 20:27:41.438, 5, 0 MiB, 81920 MiB, 0 %
2026/07/03 20:27:41.438, 6, 0 MiB, 81920 MiB, 0 %
2026/07/03 20:27:41.439, 7, 0 MiB, 81920 MiB, 0 %
2026/07/03 20:27:51.439, 0, 7733 MiB, 81920 MiB, 0 %
2026/07/03 20:27:51.440, 1, 0 MiB, 81920 MiB, 0 %
2026/07/03 20:27:51.440, 2, 0 MiB, 81920 MiB, 0 %
2026/07/03 20:27:51.440, 3, 0 MiB, 81920 MiB, 0 %
2026/07/03 20:27:51.441, 4, 0 MiB, 81920 MiB, 0 %
2026/07/03 20:27:51.441, 5, 0 MiB, 81920 MiB, 0 %
2026/07/03 20:27:51.441, 6, 0 MiB, 81920 MiB, 0 %
2026/07/03 20:27:51.441, 7, 0 MiB, 81920 MiB, 0 %
2026/07/03 20:28:01.442, 0, 7733 MiB, 81920 MiB, 0 %
2026/07/03 20:28:01.443, 1, 0 MiB, 81920 MiB, 0 %
2026/07/03 20:28:01.443, 2, 0 MiB, 81920 MiB, 0 %
2026/07/03 20:28:01.443, 3, 0 MiB, 81920 MiB, 0 %
2026/07/03 20:28:01.444, 4, 0 MiB, 81920 MiB, 0 %
2026/07/03 20:28:01.444, 5, 0 MiB, 81920 MiB, 0 %
2026/07/03 20:28:01.444, 6, 0 MiB, 81920 MiB, 0 %
2026/07/03 20:28:01.444, 7, 0 MiB, 81920 MiB, 0 %
2026/07/03 20:28:11.445, 0, 7733 MiB, 81920 MiB, 0 %
2026/07/03 20:28:11.446, 1, 0 MiB, 81920 MiB, 0 %
2026/07/03 20:28:11.446, 2, 0 MiB, 81920 MiB, 0 %
2026/07/03 20:28:11.446, 3, 0 MiB, 81920 MiB, 0 %
2026/07/03 20:28:11.447, 4, 0 MiB, 81920 MiB, 0 %
2026/07/03 20:28:11.447, 5, 0 MiB, 81920 MiB, 0 %
2026/07/03 20:28:11.447, 6, 0 MiB, 81920 MiB, 0 %
2026/07/03 20:28:11.448, 7, 0 MiB, 81920 MiB, 0 %
2026/07/03 20:28:21.448, 0, 7733 MiB, 81920 MiB, 0 %
2026/07/03 20:28:21.449, 1, 0 MiB, 81920 MiB, 0 %
2026/07/03 20:28:21.449, 2, 0 MiB, 81920 MiB, 0 %
2026/07/03 20:28:21.450, 3, 0 MiB, 81920 MiB, 0 %
2026/07/03 20:28:21.450, 4, 0 MiB, 81920 MiB, 0 %
2026/07/03 20:28:21.450, 5, 0 MiB, 81920 MiB, 0 %
2026/07/03 20:28:21.450, 6, 0 MiB, 81920 MiB, 0 %
2026/07/03 20:28:21.451, 7, 0 MiB, 81920 MiB, 0 %
2026/07/03 20:28:31.451, 0, 7733 MiB, 81920 MiB, 0 %
2026/07/03 20:28:31.452, 1, 0 MiB, 81920 MiB, 0 %
2026/07/03 20:28:31.452, 2, 0 MiB, 81920 MiB, 0 %
2026/07/03 20:28:31.452, 3, 0 MiB, 81920 MiB, 0 %
2026/07/03 20:28:31.453, 4, 0 MiB, 81920 MiB, 0 %
2026/07/03 20:28:31.453, 5, 0 MiB, 81920 MiB, 0 %
2026/07/03 20:28:31.453, 6, 0 MiB, 81920 MiB, 0 %
2026/07/03 20:28:31.454, 7, 0 MiB, 81920 MiB, 0 %
2026/07/03 20:28:41.454, 0, 7733 MiB, 81920 MiB, 0 %
2026/07/03 20:28:41.455, 1, 0 MiB, 81920 MiB, 0 %
2026/07/03 20:28:41.455, 2, 0 MiB, 81920 MiB, 0 %
2026/07/03 20:28:41.455, 3, 0 MiB, 81920 MiB, 0 %
2026/07/03 20:28:41.456, 4, 0 MiB, 81920 MiB, 0 %
2026/07/03 20:28:41.456, 5, 0 MiB, 81920 MiB, 0 %
2026/07/03 20:28:41.456, 6, 0 MiB, 81920 MiB, 0 %
2026/07/03 20:28:41.456, 7, 0 MiB, 81920 MiB, 0 %
2026/07/03 20:28:51.458, 0, 7733 MiB, 81920 MiB, 0 %
2026/07/03 20:28:51.458, 1, 0 MiB, 81920 MiB, 0 %
2026/07/03 20:28:51.459, 2, 0 MiB, 81920 MiB, 0 %
2026/07/03 20:28:51.459, 3, 0 MiB, 81920 MiB, 0 %
2026/07/03 20:28:51.459, 4, 0 MiB, 81920 MiB, 0 %
2026/07/03 20:28:51.459, 5, 0 MiB, 81920 MiB, 0 %
2026/07/03 20:28:51.460, 6, 0 MiB, 81920 MiB, 0 %
2026/07/03 20:28:51.460, 7, 0 MiB, 81920 MiB, 0 %
2026/07/03 20:29:01.461, 0, 7733 MiB, 81920 MiB, 0 %
2026/07/03 20:29:01.461, 1, 0 MiB, 81920 MiB, 0 %
2026/07/03 20:29:01.461, 2, 0 MiB, 81920 MiB, 0 %
2026/07/03 20:29:01.462, 3, 0 MiB, 81920 MiB, 0 %
2026/07/03 20:29:01.462, 4, 0 MiB, 81920 MiB, 0 %
2026/07/03 20:29:01.462, 5, 0 MiB, 81920 MiB, 0 %
2026/07/03 20:29:01.463, 6, 0 MiB, 81920 MiB, 0 %
2026/07/03 20:29:01.463, 7, 0 MiB, 81920 MiB, 0 %
2026/07/03 20:29:11.463, 0, 7733 MiB, 81920 MiB, 0 %
2026/07/03 20:29:11.464, 1, 0 MiB, 81920 MiB, 0 %
2026/07/03 20:29:11.464, 2, 0 MiB, 81920 MiB, 0 %
2026/07/03 20:29:11.465, 3, 0 MiB, 81920 MiB, 0 %
2026/07/03 20:29:11.465, 4, 0 MiB, 81920 MiB, 0 %
2026/07/03 20:29:11.465, 5, 0 MiB, 81920 MiB, 0 %
2026/07/03 20:29:11.465, 6, 0 MiB, 81920 MiB, 0 %
2026/07/03 20:29:11.466, 7, 0 MiB, 81920 MiB, 0 %
2026/07/03 20:29:21.467, 0, 7733 MiB, 81920 MiB, 0 %
2026/07/03 20:29:21.467, 1, 0 MiB, 81920 MiB, 0 %
2026/07/03 20:29:21.467, 2, 0 MiB, 81920 MiB, 0 %
2026/07/03 20:29:21.468, 3, 0 MiB, 81920 MiB, 0 %
2026/07/03 20:29:21.468, 4, 0 MiB, 81920 MiB, 0 %
2026/07/03 20:29:21.468, 5, 0 MiB, 81920 MiB, 0 %
2026/07/03 20:29:21.468, 6, 0 MiB, 81920 MiB, 0 %
2026/07/03 20:29:21.469, 7, 0 MiB, 81920 MiB, 0 %
2026/07/03 20:29:31.470, 0, 7733 MiB, 81920 MiB, 0 %
2026/07/03 20:29:31.470, 1, 0 MiB, 81920 MiB, 0 %
2026/07/03 20:29:31.470, 2, 0 MiB, 81920 MiB, 0 %
2026/07/03 20:29:31.471, 3, 0 MiB, 81920 MiB, 0 %
2026/07/03 20:29:31.471, 4, 0 MiB, 81920 MiB, 0 %
2026/07/03 20:29:31.471, 5, 0 MiB, 81920 MiB, 0 %
2026/07/03 20:29:31.472, 6, 0 MiB, 81920 MiB, 0 %
2026/07/03 20:29:31.472, 7, 0 MiB, 81920 MiB, 0 %
2026/07/03 20:29:41.473, 0, 7733 MiB, 81920 MiB, 0 %
2026/07/03 20:29:41.473, 1, 0 MiB, 81920 MiB, 0 %
2026/07/03 20:29:41.473, 2, 0 MiB, 81920 MiB, 0 %
2026/07/03 20:29:41.474, 3, 0 MiB, 81920 MiB, 0 %
2026/07/03 20:29:41.474, 4, 0 MiB, 81920 MiB, 0 %
2026/07/03 20:29:41.474, 5, 0 MiB, 81920 MiB, 0 %
2026/07/03 20:29:41.475, 6, 0 MiB, 81920 MiB, 0 %
2026/07/03 20:29:41.475, 7, 0 MiB, 81920 MiB, 0 %
2026/07/03 20:29:51.476, 0, 7733 MiB, 81920 MiB, 0 %
2026/07/03 20:29:51.476, 1, 0 MiB, 81920 MiB, 0 %
2026/07/03 20:29:51.476, 2, 0 MiB, 81920 MiB, 0 %
2026/07/03 20:29:51.477, 3, 0 MiB, 81920 MiB, 0 %
2026/07/03 20:29:51.477, 4, 0 MiB, 81920 MiB, 0 %
2026/07/03 20:29:51.477, 5, 0 MiB, 81920 MiB, 0 %
2026/07/03 20:29:51.478, 6, 0 MiB, 81920 MiB, 0 %
2026/07/03 20:29:51.478, 7, 0 MiB, 81920 MiB, 0 %
2026/07/03 20:30:01.479, 0, 7733 MiB, 81920 MiB, 0 %
2026/07/03 20:30:01.479, 1, 0 MiB, 81920 MiB, 0 %
2026/07/03 20:30:01.479, 2, 0 MiB, 81920 MiB, 0 %
2026/07/03 20:30:01.480, 3, 0 MiB, 81920 MiB, 0 %
2026/07/03 20:30:01.480, 4, 0 MiB, 81920 MiB, 0 %
2026/07/03 20:30:01.480, 5, 0 MiB, 81920 MiB, 0 %
2026/07/03 20:30:01.480, 6, 0 MiB, 81920 MiB, 0 %
2026/07/03 20:30:01.481, 7, 0 MiB, 81920 MiB, 0 %
2026/07/03 20:30:11.481, 0, 7733 MiB, 81920 MiB, 0 %
2026/07/03 20:30:11.482, 1, 0 MiB, 81920 MiB, 0 %
2026/07/03 20:30:11.482, 2, 0 MiB, 81920 MiB, 0 %
2026/07/03 20:30:11.482, 3, 0 MiB, 81920 MiB, 0 %
2026/07/03 20:30:11.483, 4, 0 MiB, 81920 MiB, 0 %
2026/07/03 20:30:11.483, 5, 0 MiB, 81920 MiB, 0 %
2026/07/03 20:30:11.483, 6, 0 MiB, 81920 MiB, 0 %
2026/07/03 20:30:11.484, 7, 0 MiB, 81920 MiB, 0 %
2026/07/03 20:30:21.485, 0, 7733 MiB, 81920 MiB, 0 %
2026/07/03 20:30:21.485, 1, 0 MiB, 81920 MiB, 0 %
2026/07/03 20:30:21.485, 2, 0 MiB, 81920 MiB, 0 %
2026/07/03 20:30:21.486, 3, 0 MiB, 81920 MiB, 0 %
2026/07/03 20:30:21.486, 4, 0 MiB, 81920 MiB, 0 %
2026/07/03 20:30:21.486, 5, 0 MiB, 81920 MiB, 0 %
2026/07/03 20:30:21.487, 6, 0 MiB, 81920 MiB, 0 %
2026/07/03 20:30:21.487, 7, 0 MiB, 81920 MiB, 0 %
2026/07/03 20:30:31.487, 0, 7733 MiB, 81920 MiB, 0 %
2026/07/03 20:30:31.488, 1, 0 MiB, 81920 MiB, 0 %
2026/07/03 20:30:31.488, 2, 0 MiB, 81920 MiB, 0 %
2026/07/03 20:30:31.488, 3, 0 MiB, 81920 MiB, 0 %
2026/07/03 20:30:31.489, 4, 0 MiB, 81920 MiB, 0 %
2026/07/03 20:30:31.489, 5, 0 MiB, 81920 MiB, 0 %
2026/07/03 20:30:31.489, 6, 0 MiB, 81920 MiB, 0 %
2026/07/03 20:30:31.490, 7, 0 MiB, 81920 MiB, 0 %
2026/07/03 20:30:41.490, 0, 7733 MiB, 81920 MiB, 70 %
2026/07/03 20:30:41.491, 1, 0 MiB, 81920 MiB, 0 %
2026/07/03 20:30:41.491, 2, 0 MiB, 81920 MiB, 0 %
2026/07/03 20:30:41.492, 3, 0 MiB, 81920 MiB, 0 %
2026/07/03 20:30:41.492, 4, 0 MiB, 81920 MiB, 0 %
2026/07/03 20:30:41.492, 5, 0 MiB, 81920 MiB, 0 %
2026/07/03 20:30:41.492, 6, 0 MiB, 81920 MiB, 0 %
2026/07/03 20:30:41.493, 7, 0 MiB, 81920 MiB, 0 %
2026/07/03 20:30:51.494, 0, 7733 MiB, 81920 MiB, 0 %
2026/07/03 20:30:51.494, 1, 0 MiB, 81920 MiB, 0 %
2026/07/03 20:30:51.495, 2, 0 MiB, 81920 MiB, 0 %
2026/07/03 20:30:51.495, 3, 0 MiB, 81920 MiB, 0 %
2026/07/03 20:30:51.495, 4, 0 MiB, 81920 MiB, 0 %
2026/07/03 20:30:51.496, 5, 0 MiB, 81920 MiB, 0 %
2026/07/03 20:30:51.496, 6, 0 MiB, 81920 MiB, 0 %
2026/07/03 20:30:51.496, 7, 0 MiB, 81920 MiB, 0 %
2026/07/03 20:31:01.497, 0, 7733 MiB, 81920 MiB, 0 %
2026/07/03 20:31:01.498, 1, 0 MiB, 81920 MiB, 0 %
2026/07/03 20:31:01.498, 2, 0 MiB, 81920 MiB, 0 %
2026/07/03 20:31:01.498, 3, 0 MiB, 81920 MiB, 0 %
2026/07/03 20:31:01.498, 4, 0 MiB, 81920 MiB, 0 %
2026/07/03 20:31:01.499, 5, 0 MiB, 81920 MiB, 0 %
2026/07/03 20:31:01.499, 6, 0 MiB, 81920 MiB, 0 %
2026/07/03 20:31:01.499, 7, 0 MiB, 81920 MiB, 0 %
2026/07/03 20:31:11.500, 0, 7733 MiB, 81920 MiB, 0 %
2026/07/03 20:31:11.500, 1, 0 MiB, 81920 MiB, 0 %
2026/07/03 20:31:11.501, 2, 0 MiB, 81920 MiB, 0 %
2026/07/03 20:31:11.501, 3, 0 MiB, 81920 MiB, 0 %
2026/07/03 20:31:11.501, 4, 0 MiB, 81920 MiB, 0 %
2026/07/03 20:31:11.502, 5, 0 MiB, 81920 MiB, 0 %
2026/07/03 20:31:11.502, 6, 0 MiB, 81920 MiB, 0 %
2026/07/03 20:31:11.502, 7, 0 MiB, 81920 MiB, 0 %
2026/07/03 20:31:21.503, 0, 7733 MiB, 81920 MiB, 0 %
2026/07/03 20:31:21.503, 1, 0 MiB, 81920 MiB, 0 %
2026/07/03 20:31:21.504, 2, 0 MiB, 81920 MiB, 0 %
2026/07/03 20:31:21.504, 3, 0 MiB, 81920 MiB, 0 %
2026/07/03 20:31:21.504, 4, 0 MiB, 81920 MiB, 0 %
2026/07/03 20:31:21.504, 5, 0 MiB, 81920 MiB, 0 %
2026/07/03 20:31:21.505, 6, 0 MiB, 81920 MiB, 0 %
2026/07/03 20:31:21.505, 7, 0 MiB, 81920 MiB, 0 %
2026/07/03 20:31:31.506, 0, 7733 MiB, 81920 MiB, 0 %
2026/07/03 20:31:31.506, 1, 0 MiB, 81920 MiB, 0 %
2026/07/03 20:31:31.506, 2, 0 MiB, 81920 MiB, 0 %
2026/07/03 20:31:31.507, 3, 0 MiB, 81920 MiB, 0 %
2026/07/03 20:31:31.507, 4, 0 MiB, 81920 MiB, 0 %
2026/07/03 20:31:31.507, 5, 0 MiB, 81920 MiB, 0 %
2026/07/03 20:31:31.508, 6, 0 MiB, 81920 MiB, 0 %
2026/07/03 20:31:31.508, 7, 0 MiB, 81920 MiB, 0 %
2026/07/03 20:31:41.508, 0, 7733 MiB, 81920 MiB, 0 %
2026/07/03 20:31:41.509, 1, 0 MiB, 81920 MiB, 0 %
2026/07/03 20:31:41.509, 2, 0 MiB, 81920 MiB, 0 %
2026/07/03 20:31:41.510, 3, 0 MiB, 81920 MiB, 0 %
2026/07/03 20:31:41.510, 4, 0 MiB, 81920 MiB, 0 %
2026/07/03 20:31:41.510, 5, 0 MiB, 81920 MiB, 0 %
2026/07/03 20:31:41.510, 6, 0 MiB, 81920 MiB, 0 %
2026/07/03 20:31:41.511, 7, 0 MiB, 81920 MiB, 0 %
2026/07/03 20:31:51.511, 0, 7733 MiB, 81920 MiB, 0 %
2026/07/03 20:31:51.512, 1, 0 MiB, 81920 MiB, 0 %
2026/07/03 20:31:51.512, 2, 0 MiB, 81920 MiB, 0 %
2026/07/03 20:31:51.513, 3, 0 MiB, 81920 MiB, 0 %
2026/07/03 20:31:51.513, 4, 0 MiB, 81920 MiB, 0 %
2026/07/03 20:31:51.513, 5, 0 MiB, 81920 MiB, 0 %
2026/07/03 20:31:51.513, 6, 0 MiB, 81920 MiB, 0 %
2026/07/03 20:31:51.514, 7, 0 MiB, 81920 MiB, 0 %
2026/07/03 20:32:01.514, 0, 7733 MiB, 81920 MiB, 0 %
2026/07/03 20:32:01.515, 1, 0 MiB, 81920 MiB, 0 %
2026/07/03 20:32:01.515, 2, 0 MiB, 81920 MiB, 0 %
2026/07/03 20:32:01.515, 3, 0 MiB, 81920 MiB, 0 %
2026/07/03 20:32:01.516, 4, 0 MiB, 81920 MiB, 0 %
2026/07/03 20:32:01.516, 5, 0 MiB, 81920 MiB, 0 %
2026/07/03 20:32:01.516, 6, 0 MiB, 81920 MiB, 0 %
2026/07/03 20:32:01.517, 7, 0 MiB, 81920 MiB, 0 %
2026/07/03 20:32:11.518, 0, 7733 MiB, 81920 MiB, 0 %
2026/07/03 20:32:11.518, 1, 0 MiB, 81920 MiB, 0 %
2026/07/03 20:32:11.518, 2, 0 MiB, 81920 MiB, 0 %
2026/07/03 20:32:11.519, 3, 0 MiB, 81920 MiB, 0 %
2026/07/03 20:32:11.519, 4, 0 MiB, 81920 MiB, 0 %
2026/07/03 20:32:11.519, 5, 0 MiB, 81920 MiB, 0 %
2026/07/03 20:32:11.520, 6, 0 MiB, 81920 MiB, 0 %
2026/07/03 20:32:11.520, 7, 0 MiB, 81920 MiB, 0 %
2026/07/03 20:32:21.520, 0, 7733 MiB, 81920 MiB, 0 %
2026/07/03 20:32:21.521, 1, 0 MiB, 81920 MiB, 0 %
2026/07/03 20:32:21.521, 2, 0 MiB, 81920 MiB, 0 %
2026/07/03 20:32:21.522, 3, 0 MiB, 81920 MiB, 0 %
2026/07/03 20:32:21.522, 4, 0 MiB, 81920 MiB, 0 %
2026/07/03 20:32:21.522, 5, 0 MiB, 81920 MiB, 0 %
2026/07/03 20:32:21.522, 6, 0 MiB, 81920 MiB, 0 %
2026/07/03 20:32:21.523, 7, 0 MiB, 81920 MiB, 0 %
2026/07/03 20:32:31.523, 0, 7733 MiB, 81920 MiB, 0 %
2026/07/03 20:32:31.524, 1, 0 MiB, 81920 MiB, 0 %
2026/07/03 20:32:31.524, 2, 0 MiB, 81920 MiB, 0 %
2026/07/03 20:32:31.524, 3, 0 MiB, 81920 MiB, 0 %
2026/07/03 20:32:31.525, 4, 0 MiB, 81920 MiB, 0 %
2026/07/03 20:32:31.525, 5, 0 MiB, 81920 MiB, 0 %
2026/07/03 20:32:31.525, 6, 0 MiB, 81920 MiB, 0 %
2026/07/03 20:32:31.526, 7, 0 MiB, 81920 MiB, 0 %
2026/07/03 20:32:41.526, 0, 7733 MiB, 81920 MiB, 0 %
2026/07/03 20:32:41.527, 1, 0 MiB, 81920 MiB, 0 %
2026/07/03 20:32:41.527, 2, 0 MiB, 81920 MiB, 0 %
2026/07/03 20:32:41.527, 3, 0 MiB, 81920 MiB, 0 %
2026/07/03 20:32:41.527, 4, 0 MiB, 81920 MiB, 0 %
2026/07/03 20:32:41.528, 5, 0 MiB, 81920 MiB, 0 %
2026/07/03 20:32:41.528, 6, 0 MiB, 81920 MiB, 0 %
2026/07/03 20:32:41.528, 7, 0 MiB, 81920 MiB, 0 %
2026/07/03 20:32:51.529, 0, 7733 MiB, 81920 MiB, 0 %
2026/07/03 20:32:51.529, 1, 0 MiB, 81920 MiB, 0 %
2026/07/03 20:32:51.530, 2, 0 MiB, 81920 MiB, 0 %
2026/07/03 20:32:51.530, 3, 0 MiB, 81920 MiB, 0 %
2026/07/03 20:32:51.530, 4, 0 MiB, 81920 MiB, 0 %
2026/07/03 20:32:51.531, 5, 0 MiB, 81920 MiB, 0 %
2026/07/03 20:32:51.531, 6, 0 MiB, 81920 MiB, 0 %
2026/07/03 20:32:51.531, 7, 0 MiB, 81920 MiB, 0 %
2026/07/03 20:33:01.532, 0, 7733 MiB, 81920 MiB, 0 %
2026/07/03 20:33:01.533, 1, 0 MiB, 81920 MiB, 0 %
2026/07/03 20:33:01.533, 2, 0 MiB, 81920 MiB, 0 %
2026/07/03 20:33:01.533, 3, 0 MiB, 81920 MiB, 0 %
2026/07/03 20:33:01.534, 4, 0 MiB, 81920 MiB, 0 %
2026/07/03 20:33:01.534, 5, 0 MiB, 81920 MiB, 0 %
2026/07/03 20:33:01.534, 6, 0 MiB, 81920 MiB, 0 %
2026/07/03 20:33:01.535, 7, 0 MiB, 81920 MiB, 0 %
2026/07/03 20:33:11.535, 0, 7733 MiB, 81920 MiB, 0 %
2026/07/03 20:33:11.536, 1, 0 MiB, 81920 MiB, 0 %
2026/07/03 20:33:11.536, 2, 0 MiB, 81920 MiB, 0 %
2026/07/03 20:33:11.536, 3, 0 MiB, 81920 MiB, 0 %
2026/07/03 20:33:11.537, 4, 0 MiB, 81920 MiB, 0 %
2026/07/03 20:33:11.537, 5, 0 MiB, 81920 MiB, 0 %
2026/07/03 20:33:11.537, 6, 0 MiB, 81920 MiB, 0 %
2026/07/03 20:33:11.538, 7, 0 MiB, 81920 MiB, 0 %
2026/07/03 20:33:21.538, 0, 7733 MiB, 81920 MiB, 0 %
2026/07/03 20:33:21.539, 1, 0 MiB, 81920 MiB, 0 %
2026/07/03 20:33:21.539, 2, 0 MiB, 81920 MiB, 0 %
2026/07/03 20:33:21.539, 3, 0 MiB, 81920 MiB, 0 %
2026/07/03 20:33:21.540, 4, 0 MiB, 81920 MiB, 0 %
2026/07/03 20:33:21.540, 5, 0 MiB, 81920 MiB, 0 %
2026/07/03 20:33:21.540, 6, 0 MiB, 81920 MiB, 0 %
2026/07/03 20:33:21.541, 7, 0 MiB, 81920 MiB, 0 %
2026/07/03 20:33:31.541, 0, 7733 MiB, 81920 MiB, 0 %
2026/07/03 20:33:31.542, 1, 0 MiB, 81920 MiB, 0 %
2026/07/03 20:33:31.542, 2, 0 MiB, 81920 MiB, 0 %
2026/07/03 20:33:31.542, 3, 0 MiB, 81920 MiB, 0 %
2026/07/03 20:33:31.543, 4, 0 MiB, 81920 MiB, 0 %
2026/07/03 20:33:31.543, 5, 0 MiB, 81920 MiB, 0 %
2026/07/03 20:33:31.543, 6, 0 MiB, 81920 MiB, 0 %
2026/07/03 20:33:31.543, 7, 0 MiB, 81920 MiB, 0 %
2026/07/03 20:33:41.544, 0, 7733 MiB, 81920 MiB, 0 %
2026/07/03 20:33:41.545, 1, 0 MiB, 81920 MiB, 0 %
2026/07/03 20:33:41.545, 2, 0 MiB, 81920 MiB, 0 %
2026/07/03 20:33:41.545, 3, 0 MiB, 81920 MiB, 0 %
2026/07/03 20:33:41.545, 4, 0 MiB, 81920 MiB, 0 %
2026/07/03 20:33:41.546, 5, 0 MiB, 81920 MiB, 0 %
2026/07/03 20:33:41.546, 6, 0 MiB, 81920 MiB, 0 %
2026/07/03 20:33:41.546, 7, 0 MiB, 81920 MiB, 0 %
2026/07/03 20:33:51.547, 0, 7733 MiB, 81920 MiB, 0 %
2026/07/03 20:33:51.548, 1, 0 MiB, 81920 MiB, 0 %
2026/07/03 20:33:51.548, 2, 0 MiB, 81920 MiB, 0 %
2026/07/03 20:33:51.548, 3, 0 MiB, 81920 MiB, 0 %
2026/07/03 20:33:51.549, 4, 0 MiB, 81920 MiB, 0 %
2026/07/03 20:33:51.549, 5, 0 MiB, 81920 MiB, 0 %
2026/07/03 20:33:51.549, 6, 0 MiB, 81920 MiB, 0 %
2026/07/03 20:33:51.550, 7, 0 MiB, 81920 MiB, 0 %
2026/07/03 20:34:01.550, 0, 7733 MiB, 81920 MiB, 0 %
2026/07/03 20:34:01.551, 1, 0 MiB, 81920 MiB, 0 %
2026/07/03 20:34:01.551, 2, 0 MiB, 81920 MiB, 0 %
2026/07/03 20:34:01.551, 3, 0 MiB, 81920 MiB, 0 %
2026/07/03 20:34:01.552, 4, 0 MiB, 81920 MiB, 0 %
2026/07/03 20:34:01.552, 5, 0 MiB, 81920 MiB, 0 %
2026/07/03 20:34:01.552, 6, 0 MiB, 81920 MiB, 0 %
2026/07/03 20:34:01.552, 7, 0 MiB, 81920 MiB, 0 %
2026/07/03 20:34:11.553, 0, 7733 MiB, 81920 MiB, 0 %
2026/07/03 20:34:11.554, 1, 0 MiB, 81920 MiB, 0 %
2026/07/03 20:34:11.554, 2, 0 MiB, 81920 MiB, 0 %
2026/07/03 20:34:11.554, 3, 0 MiB, 81920 MiB, 0 %
2026/07/03 20:34:11.554, 4, 0 MiB, 81920 MiB, 0 %
2026/07/03 20:34:11.555, 5, 0 MiB, 81920 MiB, 0 %
2026/07/03 20:34:11.555, 6, 0 MiB, 81920 MiB, 0 %
2026/07/03 20:34:11.555, 7, 0 MiB, 81920 MiB, 0 %
2026/07/03 20:34:21.557, 0, 7733 MiB, 81920 MiB, 0 %
2026/07/03 20:34:21.557, 1, 0 MiB, 81920 MiB, 0 %
2026/07/03 20:34:21.558, 2, 0 MiB, 81920 MiB, 0 %
2026/07/03 20:34:21.558, 3, 0 MiB, 81920 MiB, 0 %
2026/07/03 20:34:21.558, 4, 0 MiB, 81920 MiB, 0 %
2026/07/03 20:34:21.558, 5, 0 MiB, 81920 MiB, 0 %
2026/07/03 20:34:21.559, 6, 0 MiB, 81920 MiB, 0 %
2026/07/03 20:34:21.559, 7, 0 MiB, 81920 MiB, 0 %
2026/07/03 20:34:31.559, 0, 7733 MiB, 81920 MiB, 0 %
2026/07/03 20:34:31.560, 1, 0 MiB, 81920 MiB, 0 %
2026/07/03 20:34:31.560, 2, 0 MiB, 81920 MiB, 0 %
2026/07/03 20:34:31.561, 3, 0 MiB, 81920 MiB, 0 %
2026/07/03 20:34:31.561, 4, 0 MiB, 81920 MiB, 0 %
2026/07/03 20:34:31.561, 5, 0 MiB, 81920 MiB, 0 %
2026/07/03 20:34:31.562, 6, 0 MiB, 81920 MiB, 0 %
2026/07/03 20:34:31.562, 7, 0 MiB, 81920 MiB, 0 %
2026/07/03 20:34:41.562, 0, 7733 MiB, 81920 MiB, 0 %
2026/07/03 20:34:41.563, 1, 0 MiB, 81920 MiB, 0 %
2026/07/03 20:34:41.563, 2, 0 MiB, 81920 MiB, 0 %
2026/07/03 20:34:41.563, 3, 0 MiB, 81920 MiB, 0 %
2026/07/03 20:34:41.564, 4, 0 MiB, 81920 MiB, 0 %
2026/07/03 20:34:41.564, 5, 0 MiB, 81920 MiB, 0 %
2026/07/03 20:34:41.564, 6, 0 MiB, 81920 MiB, 0 %
2026/07/03 20:34:41.565, 7, 0 MiB, 81920 MiB, 0 %
2026/07/03 20:34:51.565, 0, 7733 MiB, 81920 MiB, 0 %
2026/07/03 20:34:51.566, 1, 0 MiB, 81920 MiB, 0 %
2026/07/03 20:34:51.566, 2, 0 MiB, 81920 MiB, 0 %
2026/07/03 20:34:51.566, 3, 0 MiB, 81920 MiB, 0 %
2026/07/03 20:34:51.567, 4, 0 MiB, 81920 MiB, 0 %
2026/07/03 20:34:51.567, 5, 0 MiB, 81920 MiB, 0 %
2026/07/03 20:34:51.567, 6, 0 MiB, 81920 MiB, 0 %
2026/07/03 20:34:51.568, 7, 0 MiB, 81920 MiB, 0 %
2026/07/03 20:35:01.568, 0, 7733 MiB, 81920 MiB, 60 %
2026/07/03 20:35:01.569, 1, 0 MiB, 81920 MiB, 0 %
2026/07/03 20:35:01.569, 2, 0 MiB, 81920 MiB, 0 %
2026/07/03 20:35:01.569, 3, 0 MiB, 81920 MiB, 0 %
2026/07/03 20:35:01.570, 4, 0 MiB, 81920 MiB, 0 %
2026/07/03 20:35:01.570, 5, 0 MiB, 81920 MiB, 0 %
2026/07/03 20:35:01.570, 6, 0 MiB, 81920 MiB, 0 %
2026/07/03 20:35:01.571, 7, 0 MiB, 81920 MiB, 0 %
2026/07/03 20:35:11.571, 0, 7733 MiB, 81920 MiB, 0 %
2026/07/03 20:35:11.572, 1, 0 MiB, 81920 MiB, 0 %
2026/07/03 20:35:11.572, 2, 0 MiB, 81920 MiB, 0 %
2026/07/03 20:35:11.572, 3, 0 MiB, 81920 MiB, 0 %
2026/07/03 20:35:11.573, 4, 0 MiB, 81920 MiB, 0 %
2026/07/03 20:35:11.573, 5, 0 MiB, 81920 MiB, 0 %
2026/07/03 20:35:11.573, 6, 0 MiB, 81920 MiB, 0 %
2026/07/03 20:35:11.573, 7, 0 MiB, 81920 MiB, 0 %
2026/07/03 20:35:21.574, 0, 7733 MiB, 81920 MiB, 0 %
2026/07/03 20:35:21.574, 1, 0 MiB, 81920 MiB, 0 %
2026/07/03 20:35:21.575, 2, 0 MiB, 81920 MiB, 0 %
2026/07/03 20:35:21.575, 3, 0 MiB, 81920 MiB, 0 %
2026/07/03 20:35:21.575, 4, 0 MiB, 81920 MiB, 0 %
2026/07/03 20:35:21.576, 5, 0 MiB, 81920 MiB, 0 %
2026/07/03 20:35:21.576, 6, 0 MiB, 81920 MiB, 0 %
2026/07/03 20:35:21.576, 7, 0 MiB, 81920 MiB, 0 %
2026/07/03 20:35:31.577, 0, 7733 MiB, 81920 MiB, 0 %
2026/07/03 20:35:31.577, 1, 0 MiB, 81920 MiB, 0 %
2026/07/03 20:35:31.578, 2, 0 MiB, 81920 MiB, 0 %
2026/07/03 20:35:31.578, 3, 0 MiB, 81920 MiB, 0 %
2026/07/03 20:35:31.578, 4, 0 MiB, 81920 MiB, 0 %
2026/07/03 20:35:31.579, 5, 0 MiB, 81920 MiB, 0 %
2026/07/03 20:35:31.579, 6, 0 MiB, 81920 MiB, 0 %
2026/07/03 20:35:31.579, 7, 0 MiB, 81920 MiB, 0 %
2026/07/03 20:35:41.580, 0, 7733 MiB, 81920 MiB, 0 %
2026/07/03 20:35:41.581, 1, 0 MiB, 81920 MiB, 0 %
2026/07/03 20:35:41.581, 2, 0 MiB, 81920 MiB, 0 %
2026/07/03 20:35:41.581, 3, 0 MiB, 81920 MiB, 0 %
2026/07/03 20:35:41.582, 4, 0 MiB, 81920 MiB, 0 %
2026/07/03 20:35:41.582, 5, 0 MiB, 81920 MiB, 0 %
2026/07/03 20:35:41.582, 6, 0 MiB, 81920 MiB, 0 %
2026/07/03 20:35:41.583, 7, 0 MiB, 81920 MiB, 0 %
2026/07/03 20:35:51.583, 0, 7733 MiB, 81920 MiB, 0 %
2026/07/03 20:35:51.584, 1, 0 MiB, 81920 MiB, 0 %
2026/07/03 20:35:51.584, 2, 0 MiB, 81920 MiB, 0 %
2026/07/03 20:35:51.584, 3, 0 MiB, 81920 MiB, 0 %
2026/07/03 20:35:51.585, 4, 0 MiB, 81920 MiB, 0 %
2026/07/03 20:35:51.585, 5, 0 MiB, 81920 MiB, 0 %
2026/07/03 20:35:51.585, 6, 0 MiB, 81920 MiB, 0 %
2026/07/03 20:35:51.586, 7, 0 MiB, 81920 MiB, 0 %
2026/07/03 20:36:01.586, 0, 7733 MiB, 81920 MiB, 0 %
2026/07/03 20:36:01.587, 1, 0 MiB, 81920 MiB, 0 %
2026/07/03 20:36:01.587, 2, 0 MiB, 81920 MiB, 0 %
2026/07/03 20:36:01.588, 3, 0 MiB, 81920 MiB, 0 %
2026/07/03 20:36:01.588, 4, 0 MiB, 81920 MiB, 0 %
2026/07/03 20:36:01.588, 5, 0 MiB, 81920 MiB, 0 %
2026/07/03 20:36:01.588, 6, 0 MiB, 81920 MiB, 0 %
2026/07/03 20:36:01.589, 7, 0 MiB, 81920 MiB, 0 %
2026/07/03 20:36:11.589, 0, 7733 MiB, 81920 MiB, 0 %
2026/07/03 20:36:11.590, 1, 0 MiB, 81920 MiB, 0 %
2026/07/03 20:36:11.590, 2, 0 MiB, 81920 MiB, 0 %
2026/07/03 20:36:11.591, 3, 0 MiB, 81920 MiB, 0 %
2026/07/03 20:36:11.591, 4, 0 MiB, 81920 MiB, 0 %
2026/07/03 20:36:11.591, 5, 0 MiB, 81920 MiB, 0 %
2026/07/03 20:36:11.591, 6, 0 MiB, 81920 MiB, 0 %
2026/07/03 20:36:11.592, 7, 0 MiB, 81920 MiB, 0 %
2026/07/03 20:36:21.592, 0, 7733 MiB, 81920 MiB, 0 %
2026/07/03 20:36:21.593, 1, 0 MiB, 81920 MiB, 0 %
2026/07/03 20:36:21.593, 2, 0 MiB, 81920 MiB, 0 %
2026/07/03 20:36:21.594, 3, 0 MiB, 81920 MiB, 0 %
2026/07/03 20:36:21.594, 4, 0 MiB, 81920 MiB, 0 %
2026/07/03 20:36:21.594, 5, 0 MiB, 81920 MiB, 0 %
2026/07/03 20:36:21.595, 6, 0 MiB, 81920 MiB, 0 %
2026/07/03 20:36:21.595, 7, 0 MiB, 81920 MiB, 0 %
2026/07/03 20:36:31.596, 0, 7733 MiB, 81920 MiB, 0 %
2026/07/03 20:36:31.596, 1, 0 MiB, 81920 MiB, 0 %
2026/07/03 20:36:31.597, 2, 0 MiB, 81920 MiB, 0 %
2026/07/03 20:36:31.597, 3, 0 MiB, 81920 MiB, 0 %
2026/07/03 20:36:31.597, 4, 0 MiB, 81920 MiB, 0 %
2026/07/03 20:36:31.597, 5, 0 MiB, 81920 MiB, 0 %
2026/07/03 20:36:31.598, 6, 0 MiB, 81920 MiB, 0 %
2026/07/03 20:36:31.598, 7, 0 MiB, 81920 MiB, 0 %
2026/07/03 20:36:41.599, 0, 7733 MiB, 81920 MiB, 0 %
2026/07/03 20:36:41.599, 1, 0 MiB, 81920 MiB, 0 %
2026/07/03 20:36:41.600, 2, 0 MiB, 81920 MiB, 0 %
2026/07/03 20:36:41.600, 3, 0 MiB, 81920 MiB, 0 %
2026/07/03 20:36:41.600, 4, 0 MiB, 81920 MiB, 0 %
2026/07/03 20:36:41.601, 5, 0 MiB, 81920 MiB, 0 %
2026/07/03 20:36:41.601, 6, 0 MiB, 81920 MiB, 0 %
2026/07/03 20:36:41.601, 7, 0 MiB, 81920 MiB, 0 %
2026/07/03 20:36:51.602, 0, 7733 MiB, 81920 MiB, 0 %
2026/07/03 20:36:51.602, 1, 0 MiB, 81920 MiB, 0 %
2026/07/03 20:36:51.603, 2, 0 MiB, 81920 MiB, 0 %
2026/07/03 20:36:51.603, 3, 0 MiB, 81920 MiB, 0 %
2026/07/03 20:36:51.603, 4, 0 MiB, 81920 MiB, 0 %
2026/07/03 20:36:51.604, 5, 0 MiB, 81920 MiB, 0 %
2026/07/03 20:36:51.604, 6, 0 MiB, 81920 MiB, 0 %
2026/07/03 20:36:51.604, 7, 0 MiB, 81920 MiB, 0 %
2026/07/03 20:37:01.605, 0, 7733 MiB, 81920 MiB, 0 %
2026/07/03 20:37:01.606, 1, 0 MiB, 81920 MiB, 0 %
2026/07/03 20:37:01.606, 2, 0 MiB, 81920 MiB, 0 %
2026/07/03 20:37:01.607, 3, 0 MiB, 81920 MiB, 0 %
2026/07/03 20:37:01.607, 4, 0 MiB, 81920 MiB, 0 %
2026/07/03 20:37:01.607, 5, 0 MiB, 81920 MiB, 0 %
2026/07/03 20:37:01.607, 6, 0 MiB, 81920 MiB, 0 %
2026/07/03 20:37:01.608, 7, 0 MiB, 81920 MiB, 0 %
2026/07/03 20:37:11.609, 0, 7733 MiB, 81920 MiB, 0 %
2026/07/03 20:37:11.610, 1, 0 MiB, 81920 MiB, 0 %
2026/07/03 20:37:11.610, 2, 0 MiB, 81920 MiB, 0 %
2026/07/03 20:37:11.610, 3, 0 MiB, 81920 MiB, 0 %
2026/07/03 20:37:11.611, 4, 0 MiB, 81920 MiB, 0 %
2026/07/03 20:37:11.611, 5, 0 MiB, 81920 MiB, 0 %
2026/07/03 20:37:11.611, 6, 0 MiB, 81920 MiB, 0 %
2026/07/03 20:37:11.611, 7, 0 MiB, 81920 MiB, 0 %
2026/07/03 20:37:21.613, 0, 7733 MiB, 81920 MiB, 50 %
2026/07/03 20:37:21.613, 1, 0 MiB, 81920 MiB, 0 %
2026/07/03 20:37:21.614, 2, 0 MiB, 81920 MiB, 0 %
2026/07/03 20:37:21.614, 3, 0 MiB, 81920 MiB, 0 %
2026/07/03 20:37:21.614, 4, 0 MiB, 81920 MiB, 0 %
2026/07/03 20:37:21.615, 5, 0 MiB, 81920 MiB, 0 %
2026/07/03 20:37:21.615, 6, 0 MiB, 81920 MiB, 0 %
2026/07/03 20:37:21.615, 7, 0 MiB, 81920 MiB, 0 %
2026/07/03 20:37:31.616, 0, 7733 MiB, 81920 MiB, 0 %
2026/07/03 20:37:31.617, 1, 0 MiB, 81920 MiB, 0 %
2026/07/03 20:37:31.617, 2, 0 MiB, 81920 MiB, 0 %
2026/07/03 20:37:31.618, 3, 0 MiB, 81920 MiB, 0 %
2026/07/03 20:37:31.618, 4, 0 MiB, 81920 MiB, 0 %
2026/07/03 20:37:31.618, 5, 0 MiB, 81920 MiB, 0 %
2026/07/03 20:37:31.618, 6, 0 MiB, 81920 MiB, 0 %
2026/07/03 20:37:31.619, 7, 0 MiB, 81920 MiB, 0 %
2026/07/03 20:37:41.619, 0, 7733 MiB, 81920 MiB, 0 %
2026/07/03 20:37:41.620, 1, 0 MiB, 81920 MiB, 0 %
2026/07/03 20:37:41.620, 2, 0 MiB, 81920 MiB, 0 %
2026/07/03 20:37:41.620, 3, 0 MiB, 81920 MiB, 0 %
2026/07/03 20:37:41.621, 4, 0 MiB, 81920 MiB, 0 %
2026/07/03 20:37:41.621, 5, 0 MiB, 81920 MiB, 0 %
2026/07/03 20:37:41.621, 6, 0 MiB, 81920 MiB, 0 %
2026/07/03 20:37:41.622, 7, 0 MiB, 81920 MiB, 0 %
2026/07/03 20:37:51.623, 0, 7733 MiB, 81920 MiB, 0 %
2026/07/03 20:37:51.623, 1, 0 MiB, 81920 MiB, 0 %
2026/07/03 20:37:51.624, 2, 0 MiB, 81920 MiB, 0 %
2026/07/03 20:37:51.624, 3, 0 MiB, 81920 MiB, 0 %
2026/07/03 20:37:51.624, 4, 0 MiB, 81920 MiB, 0 %
2026/07/03 20:37:51.625, 5, 0 MiB, 81920 MiB, 0 %
2026/07/03 20:37:51.625, 6, 0 MiB, 81920 MiB, 0 %
2026/07/03 20:37:51.625, 7, 0 MiB, 81920 MiB, 0 %
2026/07/03 20:38:01.626, 0, 7733 MiB, 81920 MiB, 0 %
2026/07/03 20:38:01.627, 1, 0 MiB, 81920 MiB, 0 %
2026/07/03 20:38:01.627, 2, 0 MiB, 81920 MiB, 0 %
2026/07/03 20:38:01.627, 3, 0 MiB, 81920 MiB, 0 %
2026/07/03 20:38:01.628, 4, 0 MiB, 81920 MiB, 0 %
2026/07/03 20:38:01.628, 5, 0 MiB, 81920 MiB, 0 %
2026/07/03 20:38:01.628, 6, 0 MiB, 81920 MiB, 0 %
2026/07/03 20:38:01.629, 7, 0 MiB, 81920 MiB, 0 %
2026/07/03 20:38:11.629, 0, 7733 MiB, 81920 MiB, 0 %
2026/07/03 20:38:11.630, 1, 0 MiB, 81920 MiB, 0 %
2026/07/03 20:38:11.630, 2, 0 MiB, 81920 MiB, 0 %
2026/07/03 20:38:11.631, 3, 0 MiB, 81920 MiB, 0 %
2026/07/03 20:38:11.631, 4, 0 MiB, 81920 MiB, 0 %
2026/07/03 20:38:11.631, 5, 0 MiB, 81920 MiB, 0 %
2026/07/03 20:38:11.631, 6, 0 MiB, 81920 MiB, 0 %
2026/07/03 20:38:11.632, 7, 0 MiB, 81920 MiB, 0 %
2026/07/03 20:38:21.632, 0, 7733 MiB, 81920 MiB, 0 %
2026/07/03 20:38:21.633, 1, 0 MiB, 81920 MiB, 0 %
2026/07/03 20:38:21.633, 2, 0 MiB, 81920 MiB, 0 %
2026/07/03 20:38:21.634, 3, 0 MiB, 81920 MiB, 0 %
2026/07/03 20:38:21.634, 4, 0 MiB, 81920 MiB, 0 %
2026/07/03 20:38:21.634, 5, 0 MiB, 81920 MiB, 0 %
2026/07/03 20:38:21.634, 6, 0 MiB, 81920 MiB, 0 %
2026/07/03 20:38:21.635, 7, 0 MiB, 81920 MiB, 0 %
2026/07/03 20:38:31.636, 0, 7733 MiB, 81920 MiB, 60 %
2026/07/03 20:38:31.636, 1, 0 MiB, 81920 MiB, 0 %
2026/07/03 20:38:31.637, 2, 0 MiB, 81920 MiB, 0 %
2026/07/03 20:38:31.637, 3, 0 MiB, 81920 MiB, 0 %
2026/07/03 20:38:31.637, 4, 0 MiB, 81920 MiB, 0 %
2026/07/03 20:38:31.637, 5, 0 MiB, 81920 MiB, 0 %
2026/07/03 20:38:31.638, 6, 0 MiB, 81920 MiB, 0 %
2026/07/03 20:38:31.638, 7, 0 MiB, 81920 MiB, 0 %
2026/07/03 20:38:41.638, 0, 7733 MiB, 81920 MiB, 0 %
2026/07/03 20:38:41.639, 1, 0 MiB, 81920 MiB, 0 %
2026/07/03 20:38:41.639, 2, 0 MiB, 81920 MiB, 0 %
2026/07/03 20:38:41.639, 3, 0 MiB, 81920 MiB, 0 %
2026/07/03 20:38:41.640, 4, 0 MiB, 81920 MiB, 0 %
2026/07/03 20:38:41.640, 5, 0 MiB, 81920 MiB, 0 %
2026/07/03 20:38:41.640, 6, 0 MiB, 81920 MiB, 0 %
2026/07/03 20:38:41.640, 7, 0 MiB, 81920 MiB, 0 %
2026/07/03 20:38:51.641, 0, 7733 MiB, 81920 MiB, 0 %
2026/07/03 20:38:51.641, 1, 0 MiB, 81920 MiB, 0 %
2026/07/03 20:38:51.642, 2, 0 MiB, 81920 MiB, 0 %
2026/07/03 20:38:51.642, 3, 0 MiB, 81920 MiB, 0 %
2026/07/03 20:38:51.642, 4, 0 MiB, 81920 MiB, 0 %
2026/07/03 20:38:51.643, 5, 0 MiB, 81920 MiB, 0 %
2026/07/03 20:38:51.643, 6, 0 MiB, 81920 MiB, 0 %
2026/07/03 20:38:51.643, 7, 0 MiB, 81920 MiB, 0 %
2026/07/03 20:39:01.644, 0, 7733 MiB, 81920 MiB, 0 %
2026/07/03 20:39:01.644, 1, 0 MiB, 81920 MiB, 0 %
2026/07/03 20:39:01.644, 2, 0 MiB, 81920 MiB, 0 %
2026/07/03 20:39:01.645, 3, 0 MiB, 81920 MiB, 0 %
2026/07/03 20:39:01.645, 4, 0 MiB, 81920 MiB, 0 %
2026/07/03 20:39:01.645, 5, 0 MiB, 81920 MiB, 0 %
2026/07/03 20:39:01.646, 6, 0 MiB, 81920 MiB, 0 %
2026/07/03 20:39:01.646, 7, 0 MiB, 81920 MiB, 0 %
2026/07/03 20:39:11.647, 0, 7733 MiB, 81920 MiB, 0 %
2026/07/03 20:39:11.647, 1, 0 MiB, 81920 MiB, 0 %
2026/07/03 20:39:11.648, 2, 0 MiB, 81920 MiB, 0 %
2026/07/03 20:39:11.648, 3, 0 MiB, 81920 MiB, 0 %
2026/07/03 20:39:11.648, 4, 0 MiB, 81920 MiB, 0 %
2026/07/03 20:39:11.648, 5, 0 MiB, 81920 MiB, 0 %
2026/07/03 20:39:11.649, 6, 0 MiB, 81920 MiB, 0 %
2026/07/03 20:39:11.649, 7, 0 MiB, 81920 MiB, 0 %
2026/07/03 20:39:21.650, 0, 7733 MiB, 81920 MiB, 0 %
2026/07/03 20:39:21.650, 1, 0 MiB, 81920 MiB, 0 %
2026/07/03 20:39:21.650, 2, 0 MiB, 81920 MiB, 0 %
2026/07/03 20:39:21.651, 3, 0 MiB, 81920 MiB, 0 %
2026/07/03 20:39:21.651, 4, 0 MiB, 81920 MiB, 0 %
2026/07/03 20:39:21.651, 5, 0 MiB, 81920 MiB, 0 %
2026/07/03 20:39:21.652, 6, 0 MiB, 81920 MiB, 0 %
2026/07/03 20:39:21.652, 7, 0 MiB, 81920 MiB, 0 %
2026/07/03 20:39:31.652, 0, 7733 MiB, 81920 MiB, 0 %
2026/07/03 20:39:31.653, 1, 0 MiB, 81920 MiB, 0 %
2026/07/03 20:39:31.653, 2, 0 MiB, 81920 MiB, 0 %
2026/07/03 20:39:31.654, 3, 0 MiB, 81920 MiB, 0 %
2026/07/03 20:39:31.654, 4, 0 MiB, 81920 MiB, 0 %
2026/07/03 20:39:31.654, 5, 0 MiB, 81920 MiB, 0 %
2026/07/03 20:39:31.654, 6, 0 MiB, 81920 MiB, 0 %
2026/07/03 20:39:31.655, 7, 0 MiB, 81920 MiB, 0 %
2026/07/03 20:39:41.655, 0, 7733 MiB, 81920 MiB, 0 %
2026/07/03 20:39:41.656, 1, 0 MiB, 81920 MiB, 0 %
2026/07/03 20:39:41.656, 2, 0 MiB, 81920 MiB, 0 %
2026/07/03 20:39:41.656, 3, 0 MiB, 81920 MiB, 0 %
2026/07/03 20:39:41.657, 4, 0 MiB, 81920 MiB, 0 %
2026/07/03 20:39:41.657, 5, 0 MiB, 81920 MiB, 0 %
2026/07/03 20:39:41.657, 6, 0 MiB, 81920 MiB, 0 %
2026/07/03 20:39:41.658, 7, 0 MiB, 81920 MiB, 0 %
2026/07/03 20:39:51.659, 0, 7733 MiB, 81920 MiB, 0 %
2026/07/03 20:39:51.659, 1, 0 MiB, 81920 MiB, 0 %
2026/07/03 20:39:51.660, 2, 0 MiB, 81920 MiB, 0 %
2026/07/03 20:39:51.660, 3, 0 MiB, 81920 MiB, 0 %
2026/07/03 20:39:51.660, 4, 0 MiB, 81920 MiB, 0 %
2026/07/03 20:39:51.661, 5, 0 MiB, 81920 MiB, 0 %
2026/07/03 20:39:51.661, 6, 0 MiB, 81920 MiB, 0 %
2026/07/03 20:39:51.661, 7, 0 MiB, 81920 MiB, 0 %
2026/07/03 20:40:01.663, 0, 7733 MiB, 81920 MiB, 0 %
2026/07/03 20:40:01.663, 1, 0 MiB, 81920 MiB, 0 %
2026/07/03 20:40:01.664, 2, 0 MiB, 81920 MiB, 0 %
2026/07/03 20:40:01.664, 3, 0 MiB, 81920 MiB, 0 %
2026/07/03 20:40:01.664, 4, 0 MiB, 81920 MiB, 0 %
2026/07/03 20:40:01.664, 5, 0 MiB, 81920 MiB, 0 %
2026/07/03 20:40:01.665, 6, 0 MiB, 81920 MiB, 0 %
2026/07/03 20:40:01.665, 7, 0 MiB, 81920 MiB, 0 %
2026/07/03 20:40:11.666, 0, 7733 MiB, 81920 MiB, 75 %
2026/07/03 20:40:11.666, 1, 0 MiB, 81920 MiB, 0 %
2026/07/03 20:40:11.666, 2, 0 MiB, 81920 MiB, 0 %
2026/07/03 20:40:11.667, 3, 0 MiB, 81920 MiB, 0 %
2026/07/03 20:40:11.667, 4, 0 MiB, 81920 MiB, 0 %
2026/07/03 20:40:11.667, 5, 0 MiB, 81920 MiB, 0 %
2026/07/03 20:40:11.668, 6, 0 MiB, 81920 MiB, 0 %
2026/07/03 20:40:11.668, 7, 0 MiB, 81920 MiB, 0 %
2026/07/03 20:40:21.668, 0, 7733 MiB, 81920 MiB, 0 %
2026/07/03 20:40:21.669, 1, 0 MiB, 81920 MiB, 0 %
2026/07/03 20:40:21.669, 2, 0 MiB, 81920 MiB, 0 %
2026/07/03 20:40:21.670, 3, 0 MiB, 81920 MiB, 0 %
2026/07/03 20:40:21.670, 4, 0 MiB, 81920 MiB, 0 %
2026/07/03 20:40:21.670, 5, 0 MiB, 81920 MiB, 0 %
2026/07/03 20:40:21.670, 6, 0 MiB, 81920 MiB, 0 %
2026/07/03 20:40:21.671, 7, 0 MiB, 81920 MiB, 0 %
2026/07/03 20:40:31.671, 0, 7733 MiB, 81920 MiB, 0 %
2026/07/03 20:40:31.672, 1, 0 MiB, 81920 MiB, 0 %
2026/07/03 20:40:31.672, 2, 0 MiB, 81920 MiB, 0 %
2026/07/03 20:40:31.672, 3, 0 MiB, 81920 MiB, 0 %
2026/07/03 20:40:31.673, 4, 0 MiB, 81920 MiB, 0 %
2026/07/03 20:40:31.673, 5, 0 MiB, 81920 MiB, 0 %
2026/07/03 20:40:31.673, 6, 0 MiB, 81920 MiB, 0 %
2026/07/03 20:40:31.673, 7, 0 MiB, 81920 MiB, 0 %
2026/07/03 20:40:41.675, 0, 7733 MiB, 81920 MiB, 0 %
2026/07/03 20:40:41.675, 1, 0 MiB, 81920 MiB, 0 %
2026/07/03 20:40:41.676, 2, 0 MiB, 81920 MiB, 0 %
2026/07/03 20:40:41.676, 3, 0 MiB, 81920 MiB, 0 %
2026/07/03 20:40:41.676, 4, 0 MiB, 81920 MiB, 0 %
2026/07/03 20:40:41.677, 5, 0 MiB, 81920 MiB, 0 %
2026/07/03 20:40:41.677, 6, 0 MiB, 81920 MiB, 0 %
2026/07/03 20:40:41.677, 7, 0 MiB, 81920 MiB, 0 %
2026/07/03 20:40:51.679, 0, 7733 MiB, 81920 MiB, 0 %
2026/07/03 20:40:51.679, 1, 0 MiB, 81920 MiB, 0 %
2026/07/03 20:40:51.679, 2, 0 MiB, 81920 MiB, 0 %
2026/07/03 20:40:51.680, 3, 0 MiB, 81920 MiB, 0 %
2026/07/03 20:40:51.680, 4, 0 MiB, 81920 MiB, 0 %
2026/07/03 20:40:51.680, 5, 0 MiB, 81920 MiB, 0 %
2026/07/03 20:40:51.681, 6, 0 MiB, 81920 MiB, 0 %
2026/07/03 20:40:51.681, 7, 0 MiB, 81920 MiB, 0 %
2026/07/03 20:41:01.681, 0, 7733 MiB, 81920 MiB, 0 %
2026/07/03 20:41:01.682, 1, 0 MiB, 81920 MiB, 0 %
2026/07/03 20:41:01.682, 2, 0 MiB, 81920 MiB, 0 %
2026/07/03 20:41:01.683, 3, 0 MiB, 81920 MiB, 0 %
2026/07/03 20:41:01.683, 4, 0 MiB, 81920 MiB, 0 %
2026/07/03 20:41:01.683, 5, 0 MiB, 81920 MiB, 0 %
2026/07/03 20:41:01.684, 6, 0 MiB, 81920 MiB, 0 %
2026/07/03 20:41:01.684, 7, 0 MiB, 81920 MiB, 0 %
2026/07/03 20:41:11.685, 0, 7733 MiB, 81920 MiB, 0 %
2026/07/03 20:41:11.685, 1, 0 MiB, 81920 MiB, 0 %
2026/07/03 20:41:11.685, 2, 0 MiB, 81920 MiB, 0 %
2026/07/03 20:41:11.686, 3, 0 MiB, 81920 MiB, 0 %
2026/07/03 20:41:11.686, 4, 0 MiB, 81920 MiB, 0 %
2026/07/03 20:41:11.686, 5, 0 MiB, 81920 MiB, 0 %
2026/07/03 20:41:11.687, 6, 0 MiB, 81920 MiB, 0 %
2026/07/03 20:41:11.687, 7, 0 MiB, 81920 MiB, 0 %
2026/07/03 20:41:21.688, 0, 7733 MiB, 81920 MiB, 0 %
2026/07/03 20:41:21.689, 1, 0 MiB, 81920 MiB, 0 %
2026/07/03 20:41:21.689, 2, 0 MiB, 81920 MiB, 0 %
2026/07/03 20:41:21.689, 3, 0 MiB, 81920 MiB, 0 %
2026/07/03 20:41:21.690, 4, 0 MiB, 81920 MiB, 0 %
2026/07/03 20:41:21.690, 5, 0 MiB, 81920 MiB, 0 %
2026/07/03 20:41:21.690, 6, 0 MiB, 81920 MiB, 0 %
2026/07/03 20:41:21.691, 7, 0 MiB, 81920 MiB, 0 %
2026/07/03 20:41:31.692, 0, 7733 MiB, 81920 MiB, 61 %
2026/07/03 20:41:31.692, 1, 0 MiB, 81920 MiB, 0 %
2026/07/03 20:41:31.693, 2, 0 MiB, 81920 MiB, 0 %
2026/07/03 20:41:31.693, 3, 0 MiB, 81920 MiB, 0 %
2026/07/03 20:41:31.693, 4, 0 MiB, 81920 MiB, 0 %
2026/07/03 20:41:31.694, 5, 0 MiB, 81920 MiB, 0 %
2026/07/03 20:41:31.694, 6, 0 MiB, 81920 MiB, 0 %
2026/07/03 20:41:31.694, 7, 0 MiB, 81920 MiB, 0 %
2026/07/03 20:41:41.695, 0, 7733 MiB, 81920 MiB, 0 %
2026/07/03 20:41:41.695, 1, 0 MiB, 81920 MiB, 0 %
2026/07/03 20:41:41.696, 2, 0 MiB, 81920 MiB, 0 %
2026/07/03 20:41:41.696, 3, 0 MiB, 81920 MiB, 0 %
2026/07/03 20:41:41.696, 4, 0 MiB, 81920 MiB, 0 %
2026/07/03 20:41:41.697, 5, 0 MiB, 81920 MiB, 0 %
2026/07/03 20:41:41.697, 6, 0 MiB, 81920 MiB, 0 %
2026/07/03 20:41:41.697, 7, 0 MiB, 81920 MiB, 0 %
2026/07/03 20:41:51.698, 0, 7733 MiB, 81920 MiB, 0 %
2026/07/03 20:41:51.699, 1, 0 MiB, 81920 MiB, 0 %
2026/07/03 20:41:51.699, 2, 0 MiB, 81920 MiB, 0 %
2026/07/03 20:41:51.699, 3, 0 MiB, 81920 MiB, 0 %
2026/07/03 20:41:51.700, 4, 0 MiB, 81920 MiB, 0 %
2026/07/03 20:41:51.700, 5, 0 MiB, 81920 MiB, 0 %
2026/07/03 20:41:51.700, 6, 0 MiB, 81920 MiB, 0 %
2026/07/03 20:41:51.700, 7, 0 MiB, 81920 MiB, 0 %
2026/07/03 20:42:01.701, 0, 7733 MiB, 81920 MiB, 0 %
2026/07/03 20:42:01.701, 1, 0 MiB, 81920 MiB, 0 %
2026/07/03 20:42:01.702, 2, 0 MiB, 81920 MiB, 0 %
2026/07/03 20:42:01.702, 3, 0 MiB, 81920 MiB, 0 %
2026/07/03 20:42:01.702, 4, 0 MiB, 81920 MiB, 0 %
2026/07/03 20:42:01.703, 5, 0 MiB, 81920 MiB, 0 %
2026/07/03 20:42:01.703, 6, 0 MiB, 81920 MiB, 0 %
2026/07/03 20:42:01.703, 7, 0 MiB, 81920 MiB, 0 %
2026/07/03 20:42:11.705, 0, 7733 MiB, 81920 MiB, 0 %
2026/07/03 20:42:11.705, 1, 0 MiB, 81920 MiB, 0 %
2026/07/03 20:42:11.706, 2, 0 MiB, 81920 MiB, 0 %
2026/07/03 20:42:11.706, 3, 0 MiB, 81920 MiB, 0 %
2026/07/03 20:42:11.706, 4, 0 MiB, 81920 MiB, 0 %
2026/07/03 20:42:11.706, 5, 0 MiB, 81920 MiB, 0 %
2026/07/03 20:42:11.707, 6, 0 MiB, 81920 MiB, 0 %
2026/07/03 20:42:11.707, 7, 0 MiB, 81920 MiB, 0 %
2026/07/03 20:42:21.708, 0, 7733 MiB, 81920 MiB, 0 %
2026/07/03 20:42:21.709, 1, 0 MiB, 81920 MiB, 0 %
2026/07/03 20:42:21.709, 2, 0 MiB, 81920 MiB, 0 %
2026/07/03 20:42:21.710, 3, 0 MiB, 81920 MiB, 0 %
2026/07/03 20:42:21.710, 4, 0 MiB, 81920 MiB, 0 %
2026/07/03 20:42:21.710, 5, 0 MiB, 81920 MiB, 0 %
2026/07/03 20:42:21.711, 6, 0 MiB, 81920 MiB, 0 %
2026/07/03 20:42:21.711, 7, 0 MiB, 81920 MiB, 0 %
2026/07/03 20:42:31.711, 0, 7733 MiB, 81920 MiB, 0 %
2026/07/03 20:42:31.712, 1, 0 MiB, 81920 MiB, 0 %
2026/07/03 20:42:31.712, 2, 0 MiB, 81920 MiB, 0 %
2026/07/03 20:42:31.712, 3, 0 MiB, 81920 MiB, 0 %
2026/07/03 20:42:31.713, 4, 0 MiB, 81920 MiB, 0 %
2026/07/03 20:42:31.713, 5, 0 MiB, 81920 MiB, 0 %
2026/07/03 20:42:31.713, 6, 0 MiB, 81920 MiB, 0 %
2026/07/03 20:42:31.714, 7, 0 MiB, 81920 MiB, 0 %
2026/07/03 20:42:41.715, 0, 7733 MiB, 81920 MiB, 0 %
2026/07/03 20:42:41.715, 1, 0 MiB, 81920 MiB, 0 %
2026/07/03 20:42:41.716, 2, 0 MiB, 81920 MiB, 0 %
2026/07/03 20:42:41.716, 3, 0 MiB, 81920 MiB, 0 %
2026/07/03 20:42:41.716, 4, 0 MiB, 81920 MiB, 0 %
2026/07/03 20:42:41.717, 5, 0 MiB, 81920 MiB, 0 %
2026/07/03 20:42:41.717, 6, 0 MiB, 81920 MiB, 0 %
2026/07/03 20:42:41.717, 7, 0 MiB, 81920 MiB, 0 %
2026/07/03 20:42:51.718, 0, 7733 MiB, 81920 MiB, 0 %
2026/07/03 20:42:51.718, 1, 0 MiB, 81920 MiB, 0 %
2026/07/03 20:42:51.719, 2, 0 MiB, 81920 MiB, 0 %
2026/07/03 20:42:51.719, 3, 0 MiB, 81920 MiB, 0 %
2026/07/03 20:42:51.719, 4, 0 MiB, 81920 MiB, 0 %
2026/07/03 20:42:51.720, 5, 0 MiB, 81920 MiB, 0 %
2026/07/03 20:42:51.720, 6, 0 MiB, 81920 MiB, 0 %
2026/07/03 20:42:51.720, 7, 0 MiB, 81920 MiB, 0 %
2026/07/03 20:43:01.721, 0, 7733 MiB, 81920 MiB, 0 %
2026/07/03 20:43:01.721, 1, 0 MiB, 81920 MiB, 0 %
2026/07/03 20:43:01.722, 2, 0 MiB, 81920 MiB, 0 %
2026/07/03 20:43:01.722, 3, 0 MiB, 81920 MiB, 0 %
2026/07/03 20:43:01.722, 4, 0 MiB, 81920 MiB, 0 %
2026/07/03 20:43:01.722, 5, 0 MiB, 81920 MiB, 0 %
2026/07/03 20:43:01.723, 6, 0 MiB, 81920 MiB, 0 %
2026/07/03 20:43:01.723, 7, 0 MiB, 81920 MiB, 0 %
2026/07/03 20:43:11.724, 0, 7733 MiB, 81920 MiB, 0 %
2026/07/03 20:43:11.724, 1, 0 MiB, 81920 MiB, 0 %
2026/07/03 20:43:11.725, 2, 0 MiB, 81920 MiB, 0 %
2026/07/03 20:43:11.725, 3, 0 MiB, 81920 MiB, 0 %
2026/07/03 20:43:11.725, 4, 0 MiB, 81920 MiB, 0 %
2026/07/03 20:43:11.726, 5, 0 MiB, 81920 MiB, 0 %
2026/07/03 20:43:11.726, 6, 0 MiB, 81920 MiB, 0 %
2026/07/03 20:43:11.726, 7, 0 MiB, 81920 MiB, 0 %
2026/07/03 20:43:21.727, 0, 7733 MiB, 81920 MiB, 0 %
2026/07/03 20:43:21.727, 1, 0 MiB, 81920 MiB, 0 %
2026/07/03 20:43:21.728, 2, 0 MiB, 81920 MiB, 0 %
2026/07/03 20:43:21.728, 3, 0 MiB, 81920 MiB, 0 %
2026/07/03 20:43:21.728, 4, 0 MiB, 81920 MiB, 0 %
2026/07/03 20:43:21.729, 5, 0 MiB, 81920 MiB, 0 %
2026/07/03 20:43:21.729, 6, 0 MiB, 81920 MiB, 0 %
2026/07/03 20:43:21.729, 7, 0 MiB, 81920 MiB, 0 %
2026/07/03 20:43:31.730, 0, 7733 MiB, 81920 MiB, 0 %
2026/07/03 20:43:31.730, 1, 0 MiB, 81920 MiB, 0 %
2026/07/03 20:43:31.730, 2, 0 MiB, 81920 MiB, 0 %
2026/07/03 20:43:31.731, 3, 0 MiB, 81920 MiB, 0 %
2026/07/03 20:43:31.731, 4, 0 MiB, 81920 MiB, 0 %
2026/07/03 20:43:31.731, 5, 0 MiB, 81920 MiB, 0 %
2026/07/03 20:43:31.732, 6, 0 MiB, 81920 MiB, 0 %
2026/07/03 20:43:31.732, 7, 0 MiB, 81920 MiB, 0 %
2026/07/03 20:43:41.733, 0, 7733 MiB, 81920 MiB, 0 %
2026/07/03 20:43:41.734, 1, 0 MiB, 81920 MiB, 0 %
2026/07/03 20:43:41.734, 2, 0 MiB, 81920 MiB, 0 %
2026/07/03 20:43:41.734, 3, 0 MiB, 81920 MiB, 0 %
2026/07/03 20:43:41.735, 4, 0 MiB, 81920 MiB, 0 %
2026/07/03 20:43:41.735, 5, 0 MiB, 81920 MiB, 0 %
2026/07/03 20:43:41.735, 6, 0 MiB, 81920 MiB, 0 %
2026/07/03 20:43:41.736, 7, 0 MiB, 81920 MiB, 0 %
2026/07/03 20:43:51.736, 0, 7733 MiB, 81920 MiB, 0 %
2026/07/03 20:43:51.737, 1, 0 MiB, 81920 MiB, 0 %
2026/07/03 20:43:51.737, 2, 0 MiB, 81920 MiB, 0 %
2026/07/03 20:43:51.737, 3, 0 MiB, 81920 MiB, 0 %
2026/07/03 20:43:51.738, 4, 0 MiB, 81920 MiB, 0 %
2026/07/03 20:43:51.738, 5, 0 MiB, 81920 MiB, 0 %
2026/07/03 20:43:51.738, 6, 0 MiB, 81920 MiB, 0 %
2026/07/03 20:43:51.739, 7, 0 MiB, 81920 MiB, 0 %
2026/07/03 20:44:01.739, 0, 7733 MiB, 81920 MiB, 12 %
2026/07/03 20:44:01.740, 1, 0 MiB, 81920 MiB, 0 %
2026/07/03 20:44:01.740, 2, 0 MiB, 81920 MiB, 0 %
2026/07/03 20:44:01.740, 3, 0 MiB, 81920 MiB, 0 %
2026/07/03 20:44:01.740, 4, 0 MiB, 81920 MiB, 0 %
2026/07/03 20:44:01.741, 5, 0 MiB, 81920 MiB, 0 %
2026/07/03 20:44:01.741, 6, 0 MiB, 81920 MiB, 0 %
2026/07/03 20:44:01.741, 7, 0 MiB, 81920 MiB, 0 %
2026/07/03 20:44:11.743, 0, 7733 MiB, 81920 MiB, 0 %
2026/07/03 20:44:11.743, 1, 0 MiB, 81920 MiB, 0 %
2026/07/03 20:44:11.744, 2, 0 MiB, 81920 MiB, 0 %
2026/07/03 20:44:11.744, 3, 0 MiB, 81920 MiB, 0 %
2026/07/03 20:44:11.744, 4, 0 MiB, 81920 MiB, 0 %
2026/07/03 20:44:11.745, 5, 0 MiB, 81920 MiB, 0 %
2026/07/03 20:44:11.745, 6, 0 MiB, 81920 MiB, 0 %
2026/07/03 20:44:11.745, 7, 0 MiB, 81920 MiB, 0 %
2026/07/03 20:44:21.746, 0, 7733 MiB, 81920 MiB, 0 %
2026/07/03 20:44:21.746, 1, 0 MiB, 81920 MiB, 0 %
2026/07/03 20:44:21.747, 2, 0 MiB, 81920 MiB, 0 %
2026/07/03 20:44:21.747, 3, 0 MiB, 81920 MiB, 0 %
2026/07/03 20:44:21.747, 4, 0 MiB, 81920 MiB, 0 %
2026/07/03 20:44:21.747, 5, 0 MiB, 81920 MiB, 0 %
2026/07/03 20:44:21.748, 6, 0 MiB, 81920 MiB, 0 %
2026/07/03 20:44:21.748, 7, 0 MiB, 81920 MiB, 0 %
2026/07/03 20:44:31.749, 0, 7733 MiB, 81920 MiB, 0 %
2026/07/03 20:44:31.750, 1, 0 MiB, 81920 MiB, 0 %
2026/07/03 20:44:31.750, 2, 0 MiB, 81920 MiB, 0 %
2026/07/03 20:44:31.751, 3, 0 MiB, 81920 MiB, 0 %
2026/07/03 20:44:31.751, 4, 0 MiB, 81920 MiB, 0 %
2026/07/03 20:44:31.751, 5, 0 MiB, 81920 MiB, 0 %
2026/07/03 20:44:31.751, 6, 0 MiB, 81920 MiB, 0 %
2026/07/03 20:44:31.752, 7, 0 MiB, 81920 MiB, 0 %
2026/07/03 20:44:41.752, 0, 7733 MiB, 81920 MiB, 0 %
2026/07/03 20:44:41.753, 1, 0 MiB, 81920 MiB, 0 %
2026/07/03 20:44:41.753, 2, 0 MiB, 81920 MiB, 0 %
2026/07/03 20:44:41.753, 3, 0 MiB, 81920 MiB, 0 %
2026/07/03 20:44:41.754, 4, 0 MiB, 81920 MiB, 0 %
2026/07/03 20:44:41.754, 5, 0 MiB, 81920 MiB, 0 %
2026/07/03 20:44:41.754, 6, 0 MiB, 81920 MiB, 0 %
2026/07/03 20:44:41.755, 7, 0 MiB, 81920 MiB, 0 %
2026/07/03 20:44:51.755, 0, 7733 MiB, 81920 MiB, 0 %
2026/07/03 20:44:51.756, 1, 0 MiB, 81920 MiB, 0 %
2026/07/03 20:44:51.756, 2, 0 MiB, 81920 MiB, 0 %
2026/07/03 20:44:51.756, 3, 0 MiB, 81920 MiB, 0 %
2026/07/03 20:44:51.757, 4, 0 MiB, 81920 MiB, 0 %
2026/07/03 20:44:51.757, 5, 0 MiB, 81920 MiB, 0 %
2026/07/03 20:44:51.757, 6, 0 MiB, 81920 MiB, 0 %
2026/07/03 20:44:51.758, 7, 0 MiB, 81920 MiB, 0 %
2026/07/03 20:45:01.759, 0, 7733 MiB, 81920 MiB, 0 %
2026/07/03 20:45:01.759, 1, 0 MiB, 81920 MiB, 0 %
2026/07/03 20:45:01.760, 2, 0 MiB, 81920 MiB, 0 %
2026/07/03 20:45:01.760, 3, 0 MiB, 81920 MiB, 0 %
2026/07/03 20:45:01.760, 4, 0 MiB, 81920 MiB, 0 %
2026/07/03 20:45:01.760, 5, 0 MiB, 81920 MiB, 0 %
2026/07/03 20:45:01.760, 6, 0 MiB, 81920 MiB, 0 %
2026/07/03 20:45:01.761, 7, 0 MiB, 81920 MiB, 0 %
2026/07/03 20:45:11.761, 0, 7733 MiB, 81920 MiB, 0 %
2026/07/03 20:45:11.762, 1, 0 MiB, 81920 MiB, 0 %
2026/07/03 20:45:11.762, 2, 0 MiB, 81920 MiB, 0 %
2026/07/03 20:45:11.762, 3, 0 MiB, 81920 MiB, 0 %
2026/07/03 20:45:11.762, 4, 0 MiB, 81920 MiB, 0 %
2026/07/03 20:45:11.763, 5, 0 MiB, 81920 MiB, 0 %
2026/07/03 20:45:11.763, 6, 0 MiB, 81920 MiB, 0 %
2026/07/03 20:45:11.763, 7, 0 MiB, 81920 MiB, 0 %
2026/07/03 20:45:21.764, 0, 7733 MiB, 81920 MiB, 0 %
2026/07/03 20:45:21.764, 1, 0 MiB, 81920 MiB, 0 %
2026/07/03 20:45:21.765, 2, 0 MiB, 81920 MiB, 0 %
2026/07/03 20:45:21.765, 3, 0 MiB, 81920 MiB, 0 %
2026/07/03 20:45:21.765, 4, 0 MiB, 81920 MiB, 0 %
2026/07/03 20:45:21.766, 5, 0 MiB, 81920 MiB, 0 %
2026/07/03 20:45:21.766, 6, 0 MiB, 81920 MiB, 0 %
2026/07/03 20:45:21.766, 7, 0 MiB, 81920 MiB, 0 %
2026/07/03 20:45:31.767, 0, 7733 MiB, 81920 MiB, 0 %
2026/07/03 20:45:31.767, 1, 0 MiB, 81920 MiB, 0 %
2026/07/03 20:45:31.768, 2, 0 MiB, 81920 MiB, 0 %
2026/07/03 20:45:31.768, 3, 0 MiB, 81920 MiB, 0 %
2026/07/03 20:45:31.768, 4, 0 MiB, 81920 MiB, 0 %
2026/07/03 20:45:31.769, 5, 0 MiB, 81920 MiB, 0 %
2026/07/03 20:45:31.769, 6, 0 MiB, 81920 MiB, 0 %
2026/07/03 20:45:31.769, 7, 0 MiB, 81920 MiB, 0 %
2026/07/03 20:45:41.770, 0, 7733 MiB, 81920 MiB, 0 %
2026/07/03 20:45:41.770, 1, 0 MiB, 81920 MiB, 0 %
2026/07/03 20:45:41.771, 2, 0 MiB, 81920 MiB, 0 %
2026/07/03 20:45:41.771, 3, 0 MiB, 81920 MiB, 0 %
2026/07/03 20:45:41.771, 4, 0 MiB, 81920 MiB, 0 %
2026/07/03 20:45:41.772, 5, 0 MiB, 81920 MiB, 0 %
2026/07/03 20:45:41.772, 6, 0 MiB, 81920 MiB, 0 %
2026/07/03 20:45:41.772, 7, 0 MiB, 81920 MiB, 0 %
2026/07/03 20:45:51.773, 0, 7733 MiB, 81920 MiB, 0 %
2026/07/03 20:45:51.773, 1, 0 MiB, 81920 MiB, 0 %
2026/07/03 20:45:51.773, 2, 0 MiB, 81920 MiB, 0 %
2026/07/03 20:45:51.774, 3, 0 MiB, 81920 MiB, 0 %
2026/07/03 20:45:51.774, 4, 0 MiB, 81920 MiB, 0 %
2026/07/03 20:45:51.774, 5, 0 MiB, 81920 MiB, 0 %
2026/07/03 20:45:51.775, 6, 0 MiB, 81920 MiB, 0 %
2026/07/03 20:45:51.775, 7, 0 MiB, 81920 MiB, 0 %
2026/07/03 20:46:01.776, 0, 7733 MiB, 81920 MiB, 0 %
2026/07/03 20:46:01.777, 1, 0 MiB, 81920 MiB, 0 %
2026/07/03 20:46:01.777, 2, 0 MiB, 81920 MiB, 0 %
2026/07/03 20:46:01.777, 3, 0 MiB, 81920 MiB, 0 %
2026/07/03 20:46:01.778, 4, 0 MiB, 81920 MiB, 0 %
2026/07/03 20:46:01.778, 5, 0 MiB, 81920 MiB, 0 %
2026/07/03 20:46:01.778, 6, 0 MiB, 81920 MiB, 0 %
2026/07/03 20:46:01.778, 7, 0 MiB, 81920 MiB, 0 %
2026/07/03 20:46:11.780, 0, 7733 MiB, 81920 MiB, 0 %
2026/07/03 20:46:11.780, 1, 0 MiB, 81920 MiB, 0 %
2026/07/03 20:46:11.781, 2, 0 MiB, 81920 MiB, 0 %
2026/07/03 20:46:11.781, 3, 0 MiB, 81920 MiB, 0 %
2026/07/03 20:46:11.781, 4, 0 MiB, 81920 MiB, 0 %
2026/07/03 20:46:11.782, 5, 0 MiB, 81920 MiB, 0 %
2026/07/03 20:46:11.782, 6, 0 MiB, 81920 MiB, 0 %
2026/07/03 20:46:11.782, 7, 0 MiB, 81920 MiB, 0 %
2026/07/03 20:46:21.784, 0, 7733 MiB, 81920 MiB, 0 %
2026/07/03 20:46:21.784, 1, 0 MiB, 81920 MiB, 0 %
2026/07/03 20:46:21.784, 2, 0 MiB, 81920 MiB, 0 %
2026/07/03 20:46:21.785, 3, 0 MiB, 81920 MiB, 0 %
2026/07/03 20:46:21.785, 4, 0 MiB, 81920 MiB, 0 %
2026/07/03 20:46:21.785, 5, 0 MiB, 81920 MiB, 0 %
2026/07/03 20:46:21.786, 6, 0 MiB, 81920 MiB, 0 %
2026/07/03 20:46:21.786, 7, 0 MiB, 81920 MiB, 0 %
2026/07/03 20:46:31.787, 0, 7733 MiB, 81920 MiB, 0 %
2026/07/03 20:46:31.788, 1, 0 MiB, 81920 MiB, 0 %
2026/07/03 20:46:31.788, 2, 0 MiB, 81920 MiB, 0 %
2026/07/03 20:46:31.788, 3, 0 MiB, 81920 MiB, 0 %
2026/07/03 20:46:31.789, 4, 0 MiB, 81920 MiB, 0 %
2026/07/03 20:46:31.789, 5, 0 MiB, 81920 MiB, 0 %
2026/07/03 20:46:31.789, 6, 0 MiB, 81920 MiB, 0 %
2026/07/03 20:46:31.790, 7, 0 MiB, 81920 MiB, 0 %
2026/07/03 20:46:41.790, 0, 7733 MiB, 81920 MiB, 0 %
2026/07/03 20:46:41.791, 1, 0 MiB, 81920 MiB, 0 %
2026/07/03 20:46:41.791, 2, 0 MiB, 81920 MiB, 0 %
2026/07/03 20:46:41.791, 3, 0 MiB, 81920 MiB, 0 %
2026/07/03 20:46:41.792, 4, 0 MiB, 81920 MiB, 0 %
2026/07/03 20:46:41.792, 5, 0 MiB, 81920 MiB, 0 %
2026/07/03 20:46:41.792, 6, 0 MiB, 81920 MiB, 0 %
2026/07/03 20:46:41.792, 7, 0 MiB, 81920 MiB, 0 %
2026/07/03 20:46:51.793, 0, 7733 MiB, 81920 MiB, 0 %
2026/07/03 20:46:51.794, 1, 0 MiB, 81920 MiB, 0 %
2026/07/03 20:46:51.794, 2, 0 MiB, 81920 MiB, 0 %
2026/07/03 20:46:51.794, 3, 0 MiB, 81920 MiB, 0 %
2026/07/03 20:46:51.794, 4, 0 MiB, 81920 MiB, 0 %
2026/07/03 20:46:51.795, 5, 0 MiB, 81920 MiB, 0 %
2026/07/03 20:46:51.795, 6, 0 MiB, 81920 MiB, 0 %
2026/07/03 20:46:51.795, 7, 0 MiB, 81920 MiB, 0 %
2026/07/03 20:47:01.797, 0, 7733 MiB, 81920 MiB, 0 %
2026/07/03 20:47:01.797, 1, 0 MiB, 81920 MiB, 0 %
2026/07/03 20:47:01.798, 2, 0 MiB, 81920 MiB, 0 %
2026/07/03 20:47:01.798, 3, 0 MiB, 81920 MiB, 0 %
2026/07/03 20:47:01.798, 4, 0 MiB, 81920 MiB, 0 %
2026/07/03 20:47:01.798, 5, 0 MiB, 81920 MiB, 0 %
2026/07/03 20:47:01.799, 6, 0 MiB, 81920 MiB, 0 %
2026/07/03 20:47:01.799, 7, 0 MiB, 81920 MiB, 0 %
2026/07/03 20:47:11.800, 0, 7733 MiB, 81920 MiB, 0 %
2026/07/03 20:47:11.800, 1, 0 MiB, 81920 MiB, 0 %
2026/07/03 20:47:11.800, 2, 0 MiB, 81920 MiB, 0 %
2026/07/03 20:47:11.801, 3, 0 MiB, 81920 MiB, 0 %
2026/07/03 20:47:11.801, 4, 0 MiB, 81920 MiB, 0 %
2026/07/03 20:47:11.801, 5, 0 MiB, 81920 MiB, 0 %
2026/07/03 20:47:11.802, 6, 0 MiB, 81920 MiB, 0 %
2026/07/03 20:47:11.802, 7, 0 MiB, 81920 MiB, 0 %
2026/07/03 20:47:21.803, 0, 7733 MiB, 81920 MiB, 0 %
2026/07/03 20:47:21.803, 1, 0 MiB, 81920 MiB, 0 %
2026/07/03 20:47:21.803, 2, 0 MiB, 81920 MiB, 0 %
2026/07/03 20:47:21.804, 3, 0 MiB, 81920 MiB, 0 %
2026/07/03 20:47:21.804, 4, 0 MiB, 81920 MiB, 0 %
2026/07/03 20:47:21.804, 5, 0 MiB, 81920 MiB, 0 %
2026/07/03 20:47:21.805, 6, 0 MiB, 81920 MiB, 0 %
2026/07/03 20:47:21.805, 7, 0 MiB, 81920 MiB, 0 %
2026/07/03 20:47:31.806, 0, 7733 MiB, 81920 MiB, 0 %
2026/07/03 20:47:31.806, 1, 0 MiB, 81920 MiB, 0 %
2026/07/03 20:47:31.806, 2, 0 MiB, 81920 MiB, 0 %
2026/07/03 20:47:31.807, 3, 0 MiB, 81920 MiB, 0 %
2026/07/03 20:47:31.807, 4, 0 MiB, 81920 MiB, 0 %
2026/07/03 20:47:31.807, 5, 0 MiB, 81920 MiB, 0 %
2026/07/03 20:47:31.807, 6, 0 MiB, 81920 MiB, 0 %
2026/07/03 20:47:31.808, 7, 0 MiB, 81920 MiB, 0 %
2026/07/03 20:47:41.808, 0, 7733 MiB, 81920 MiB, 0 %
2026/07/03 20:47:41.809, 1, 0 MiB, 81920 MiB, 0 %
2026/07/03 20:47:41.809, 2, 0 MiB, 81920 MiB, 0 %
2026/07/03 20:47:41.810, 3, 0 MiB, 81920 MiB, 0 %
2026/07/03 20:47:41.810, 4, 0 MiB, 81920 MiB, 0 %
2026/07/03 20:47:41.810, 5, 0 MiB, 81920 MiB, 0 %
2026/07/03 20:47:41.810, 6, 0 MiB, 81920 MiB, 0 %
2026/07/03 20:47:41.811, 7, 0 MiB, 81920 MiB, 0 %
2026/07/03 20:47:51.811, 0, 7733 MiB, 81920 MiB, 0 %
2026/07/03 20:47:51.812, 1, 0 MiB, 81920 MiB, 0 %
2026/07/03 20:47:51.812, 2, 0 MiB, 81920 MiB, 0 %
2026/07/03 20:47:51.812, 3, 0 MiB, 81920 MiB, 0 %
2026/07/03 20:47:51.813, 4, 0 MiB, 81920 MiB, 0 %
2026/07/03 20:47:51.813, 5, 0 MiB, 81920 MiB, 0 %
2026/07/03 20:47:51.813, 6, 0 MiB, 81920 MiB, 0 %
2026/07/03 20:47:51.814, 7, 0 MiB, 81920 MiB, 0 %
2026/07/03 20:48:01.814, 0, 7733 MiB, 81920 MiB, 0 %
2026/07/03 20:48:01.815, 1, 0 MiB, 81920 MiB, 0 %
2026/07/03 20:48:01.815, 2, 0 MiB, 81920 MiB, 0 %
2026/07/03 20:48:01.815, 3, 0 MiB, 81920 MiB, 0 %
2026/07/03 20:48:01.815, 4, 0 MiB, 81920 MiB, 0 %
2026/07/03 20:48:01.816, 5, 0 MiB, 81920 MiB, 0 %
2026/07/03 20:48:01.816, 6, 0 MiB, 81920 MiB, 0 %
2026/07/03 20:48:01.816, 7, 0 MiB, 81920 MiB, 0 %
2026/07/03 20:48:11.817, 0, 7733 MiB, 81920 MiB, 0 %
2026/07/03 20:48:11.818, 1, 0 MiB, 81920 MiB, 0 %
2026/07/03 20:48:11.818, 2, 0 MiB, 81920 MiB, 0 %
2026/07/03 20:48:11.818, 3, 0 MiB, 81920 MiB, 0 %
2026/07/03 20:48:11.818, 4, 0 MiB, 81920 MiB, 0 %
2026/07/03 20:48:11.819, 5, 0 MiB, 81920 MiB, 0 %
2026/07/03 20:48:11.819, 6, 0 MiB, 81920 MiB, 0 %
2026/07/03 20:48:11.819, 7, 0 MiB, 81920 MiB, 0 %
2026/07/03 20:48:21.820, 0, 7733 MiB, 81920 MiB, 0 %
2026/07/03 20:48:21.821, 1, 0 MiB, 81920 MiB, 0 %
2026/07/03 20:48:21.821, 2, 0 MiB, 81920 MiB, 0 %
2026/07/03 20:48:21.821, 3, 0 MiB, 81920 MiB, 0 %
2026/07/03 20:48:21.822, 4, 0 MiB, 81920 MiB, 0 %
2026/07/03 20:48:21.822, 5, 0 MiB, 81920 MiB, 0 %
2026/07/03 20:48:21.822, 6, 0 MiB, 81920 MiB, 0 %
2026/07/03 20:48:21.822, 7, 0 MiB, 81920 MiB, 0 %
2026/07/03 20:48:31.823, 0, 7733 MiB, 81920 MiB, 33 %
2026/07/03 20:48:31.823, 1, 0 MiB, 81920 MiB, 0 %
2026/07/03 20:48:31.824, 2, 0 MiB, 81920 MiB, 0 %
2026/07/03 20:48:31.824, 3, 0 MiB, 81920 MiB, 0 %
2026/07/03 20:48:31.824, 4, 0 MiB, 81920 MiB, 0 %
2026/07/03 20:48:31.824, 5, 0 MiB, 81920 MiB, 0 %
2026/07/03 20:48:31.825, 6, 0 MiB, 81920 MiB, 0 %
2026/07/03 20:48:31.825, 7, 0 MiB, 81920 MiB, 0 %
2026/07/03 20:48:41.825, 0, 7733 MiB, 81920 MiB, 50 %
2026/07/03 20:48:41.826, 1, 0 MiB, 81920 MiB, 0 %
2026/07/03 20:48:41.826, 2, 0 MiB, 81920 MiB, 0 %
2026/07/03 20:48:41.826, 3, 0 MiB, 81920 MiB, 0 %
2026/07/03 20:48:41.827, 4, 0 MiB, 81920 MiB, 0 %
2026/07/03 20:48:41.827, 5, 0 MiB, 81920 MiB, 0 %
2026/07/03 20:48:41.827, 6, 0 MiB, 81920 MiB, 0 %
2026/07/03 20:48:41.828, 7, 0 MiB, 81920 MiB, 0 %
2026/07/03 20:48:51.828, 0, 7733 MiB, 81920 MiB, 0 %
2026/07/03 20:48:51.829, 1, 0 MiB, 81920 MiB, 0 %
2026/07/03 20:48:51.829, 2, 0 MiB, 81920 MiB, 0 %
2026/07/03 20:48:51.829, 3, 0 MiB, 81920 MiB, 0 %
2026/07/03 20:48:51.830, 4, 0 MiB, 81920 MiB, 0 %
2026/07/03 20:48:51.830, 5, 0 MiB, 81920 MiB, 0 %
2026/07/03 20:48:51.830, 6, 0 MiB, 81920 MiB, 0 %
2026/07/03 20:48:51.830, 7, 0 MiB, 81920 MiB, 0 %
2026/07/03 20:49:01.831, 0, 7733 MiB, 81920 MiB, 0 %
2026/07/03 20:49:01.832, 1, 0 MiB, 81920 MiB, 0 %
2026/07/03 20:49:01.832, 2, 0 MiB, 81920 MiB, 0 %
2026/07/03 20:49:01.832, 3, 0 MiB, 81920 MiB, 0 %
2026/07/03 20:49:01.833, 4, 0 MiB, 81920 MiB, 0 %
2026/07/03 20:49:01.833, 5, 0 MiB, 81920 MiB, 0 %
2026/07/03 20:49:01.833, 6, 0 MiB, 81920 MiB, 0 %
2026/07/03 20:49:01.834, 7, 0 MiB, 81920 MiB, 0 %
2026/07/03 20:49:11.835, 0, 7733 MiB, 81920 MiB, 0 %
2026/07/03 20:49:11.835, 1, 0 MiB, 81920 MiB, 0 %
2026/07/03 20:49:11.835, 2, 0 MiB, 81920 MiB, 0 %
2026/07/03 20:49:11.836, 3, 0 MiB, 81920 MiB, 0 %
2026/07/03 20:49:11.836, 4, 0 MiB, 81920 MiB, 0 %
2026/07/03 20:49:11.836, 5, 0 MiB, 81920 MiB, 0 %
2026/07/03 20:49:11.837, 6, 0 MiB, 81920 MiB, 0 %
2026/07/03 20:49:11.837, 7, 0 MiB, 81920 MiB, 0 %
2026/07/03 20:49:21.838, 0, 7733 MiB, 81920 MiB, 64 %
2026/07/03 20:49:21.839, 1, 0 MiB, 81920 MiB, 0 %
2026/07/03 20:49:21.839, 2, 0 MiB, 81920 MiB, 0 %
2026/07/03 20:49:21.839, 3, 0 MiB, 81920 MiB, 0 %
2026/07/03 20:49:21.840, 4, 0 MiB, 81920 MiB, 0 %
2026/07/03 20:49:21.840, 5, 0 MiB, 81920 MiB, 0 %
2026/07/03 20:49:21.840, 6, 0 MiB, 81920 MiB, 0 %
2026/07/03 20:49:21.841, 7, 0 MiB, 81920 MiB, 0 %
2026/07/03 20:49:31.842, 0, 7733 MiB, 81920 MiB, 55 %
2026/07/03 20:49:31.843, 1, 0 MiB, 81920 MiB, 0 %
2026/07/03 20:49:31.843, 2, 0 MiB, 81920 MiB, 0 %
2026/07/03 20:49:31.843, 3, 0 MiB, 81920 MiB, 0 %
2026/07/03 20:49:31.843, 4, 0 MiB, 81920 MiB, 0 %
2026/07/03 20:49:31.844, 5, 0 MiB, 81920 MiB, 0 %
2026/07/03 20:49:31.844, 6, 0 MiB, 81920 MiB, 0 %
2026/07/03 20:49:31.844, 7, 0 MiB, 81920 MiB, 0 %
2026/07/03 20:49:41.845, 0, 7733 MiB, 81920 MiB, 0 %
2026/07/03 20:49:41.845, 1, 0 MiB, 81920 MiB, 0 %
2026/07/03 20:49:41.846, 2, 0 MiB, 81920 MiB, 0 %
2026/07/03 20:49:41.846, 3, 0 MiB, 81920 MiB, 0 %
2026/07/03 20:49:41.846, 4, 0 MiB, 81920 MiB, 0 %
2026/07/03 20:49:41.847, 5, 0 MiB, 81920 MiB, 0 %
2026/07/03 20:49:41.847, 6, 0 MiB, 81920 MiB, 0 %
2026/07/03 20:49:41.847, 7, 0 MiB, 81920 MiB, 0 %
2026/07/03 20:49:51.848, 0, 7733 MiB, 81920 MiB, 0 %
2026/07/03 20:49:51.849, 1, 0 MiB, 81920 MiB, 0 %
2026/07/03 20:49:51.849, 2, 0 MiB, 81920 MiB, 0 %
2026/07/03 20:49:51.850, 3, 0 MiB, 81920 MiB, 0 %
2026/07/03 20:49:51.850, 4, 0 MiB, 81920 MiB, 0 %
2026/07/03 20:49:51.850, 5, 0 MiB, 81920 MiB, 0 %
2026/07/03 20:49:51.851, 6, 0 MiB, 81920 MiB, 0 %
2026/07/03 20:49:51.851, 7, 0 MiB, 81920 MiB, 0 %
2026/07/03 20:50:01.852, 0, 7733 MiB, 81920 MiB, 0 %
2026/07/03 20:50:01.853, 1, 0 MiB, 81920 MiB, 0 %
2026/07/03 20:50:01.853, 2, 0 MiB, 81920 MiB, 0 %
2026/07/03 20:50:01.853, 3, 0 MiB, 81920 MiB, 0 %
2026/07/03 20:50:01.854, 4, 0 MiB, 81920 MiB, 0 %
2026/07/03 20:50:01.854, 5, 0 MiB, 81920 MiB, 0 %
2026/07/03 20:50:01.854, 6, 0 MiB, 81920 MiB, 0 %
2026/07/03 20:50:01.854, 7, 0 MiB, 81920 MiB, 0 %
2026/07/03 20:50:11.856, 0, 7733 MiB, 81920 MiB, 0 %
2026/07/03 20:50:11.856, 1, 0 MiB, 81920 MiB, 0 %
2026/07/03 20:50:11.857, 2, 0 MiB, 81920 MiB, 0 %
2026/07/03 20:50:11.857, 3, 0 MiB, 81920 MiB, 0 %
2026/07/03 20:50:11.857, 4, 0 MiB, 81920 MiB, 0 %
2026/07/03 20:50:11.857, 5, 0 MiB, 81920 MiB, 0 %
2026/07/03 20:50:11.858, 6, 0 MiB, 81920 MiB, 0 %
2026/07/03 20:50:11.858, 7, 0 MiB, 81920 MiB, 0 %
2026/07/03 20:50:21.859, 0, 7733 MiB, 81920 MiB, 3 %
2026/07/03 20:50:21.859, 1, 0 MiB, 81920 MiB, 0 %
2026/07/03 20:50:21.860, 2, 0 MiB, 81920 MiB, 0 %
2026/07/03 20:50:21.860, 3, 0 MiB, 81920 MiB, 0 %
2026/07/03 20:50:21.860, 4, 0 MiB, 81920 MiB, 0 %
2026/07/03 20:50:21.861, 5, 0 MiB, 81920 MiB, 0 %
2026/07/03 20:50:21.861, 6, 0 MiB, 81920 MiB, 0 %
2026/07/03 20:50:21.861, 7, 0 MiB, 81920 MiB, 0 %
2026/07/03 20:50:31.862, 0, 7733 MiB, 81920 MiB, 0 %
2026/07/03 20:50:31.862, 1, 0 MiB, 81920 MiB, 0 %
2026/07/03 20:50:31.863, 2, 0 MiB, 81920 MiB, 0 %
2026/07/03 20:50:31.863, 3, 0 MiB, 81920 MiB, 0 %
2026/07/03 20:50:31.863, 4, 0 MiB, 81920 MiB, 0 %
2026/07/03 20:50:31.864, 5, 0 MiB, 81920 MiB, 0 %
2026/07/03 20:50:31.864, 6, 0 MiB, 81920 MiB, 0 %
2026/07/03 20:50:31.864, 7, 0 MiB, 81920 MiB, 0 %
2026/07/03 20:50:41.865, 0, 7733 MiB, 81920 MiB, 0 %
2026/07/03 20:50:41.865, 1, 0 MiB, 81920 MiB, 0 %
2026/07/03 20:50:41.866, 2, 0 MiB, 81920 MiB, 0 %
2026/07/03 20:50:41.866, 3, 0 MiB, 81920 MiB, 0 %
2026/07/03 20:50:41.866, 4, 0 MiB, 81920 MiB, 0 %
2026/07/03 20:50:41.867, 5, 0 MiB, 81920 MiB, 0 %
2026/07/03 20:50:41.867, 6, 0 MiB, 81920 MiB, 0 %
2026/07/03 20:50:41.867, 7, 0 MiB, 81920 MiB, 0 %
2026/07/03 20:50:51.868, 0, 7733 MiB, 81920 MiB, 0 %
2026/07/03 20:50:51.868, 1, 0 MiB, 81920 MiB, 0 %
2026/07/03 20:50:51.869, 2, 0 MiB, 81920 MiB, 0 %
2026/07/03 20:50:51.869, 3, 0 MiB, 81920 MiB, 0 %
2026/07/03 20:50:51.869, 4, 0 MiB, 81920 MiB, 0 %
2026/07/03 20:50:51.870, 5, 0 MiB, 81920 MiB, 0 %
2026/07/03 20:50:51.870, 6, 0 MiB, 81920 MiB, 0 %
2026/07/03 20:50:51.870, 7, 0 MiB, 81920 MiB, 0 %
2026/07/03 20:51:01.871, 0, 7733 MiB, 81920 MiB, 0 %
2026/07/03 20:51:01.871, 1, 0 MiB, 81920 MiB, 0 %
2026/07/03 20:51:01.872, 2, 0 MiB, 81920 MiB, 0 %
2026/07/03 20:51:01.872, 3, 0 MiB, 81920 MiB, 0 %
2026/07/03 20:51:01.872, 4, 0 MiB, 81920 MiB, 0 %
2026/07/03 20:51:01.872, 5, 0 MiB, 81920 MiB, 0 %
2026/07/03 20:51:01.873, 6, 0 MiB, 81920 MiB, 0 %
2026/07/03 20:51:01.873, 7, 0 MiB, 81920 MiB, 0 %
2026/07/03 20:51:11.874, 0, 7733 MiB, 81920 MiB, 0 %
2026/07/03 20:51:11.874, 1, 0 MiB, 81920 MiB, 0 %
2026/07/03 20:51:11.875, 2, 0 MiB, 81920 MiB, 0 %
2026/07/03 20:51:11.875, 3, 0 MiB, 81920 MiB, 0 %
2026/07/03 20:51:11.875, 4, 0 MiB, 81920 MiB, 0 %
2026/07/03 20:51:11.876, 5, 0 MiB, 81920 MiB, 0 %
2026/07/03 20:51:11.876, 6, 0 MiB, 81920 MiB, 0 %
2026/07/03 20:51:11.876, 7, 0 MiB, 81920 MiB, 0 %
2026/07/03 20:51:21.877, 0, 7733 MiB, 81920 MiB, 0 %
2026/07/03 20:51:21.877, 1, 0 MiB, 81920 MiB, 0 %
2026/07/03 20:51:21.878, 2, 0 MiB, 81920 MiB, 0 %
2026/07/03 20:51:21.878, 3, 0 MiB, 81920 MiB, 0 %
2026/07/03 20:51:21.878, 4, 0 MiB, 81920 MiB, 0 %
2026/07/03 20:51:21.879, 5, 0 MiB, 81920 MiB, 0 %
2026/07/03 20:51:21.879, 6, 0 MiB, 81920 MiB, 0 %
2026/07/03 20:51:21.879, 7, 0 MiB, 81920 MiB, 0 %
2026/07/03 20:51:31.881, 0, 7733 MiB, 81920 MiB, 0 %
2026/07/03 20:51:31.881, 1, 0 MiB, 81920 MiB, 0 %
2026/07/03 20:51:31.882, 2, 0 MiB, 81920 MiB, 0 %
2026/07/03 20:51:31.882, 3, 0 MiB, 81920 MiB, 0 %
2026/07/03 20:51:31.882, 4, 0 MiB, 81920 MiB, 0 %
2026/07/03 20:51:31.882, 5, 0 MiB, 81920 MiB, 0 %
2026/07/03 20:51:31.883, 6, 0 MiB, 81920 MiB, 0 %
2026/07/03 20:51:31.883, 7, 0 MiB, 81920 MiB, 0 %
2026/07/03 20:51:41.884, 0, 7733 MiB, 81920 MiB, 0 %
2026/07/03 20:51:41.885, 1, 0 MiB, 81920 MiB, 0 %
2026/07/03 20:51:41.885, 2, 0 MiB, 81920 MiB, 0 %
2026/07/03 20:51:41.886, 3, 0 MiB, 81920 MiB, 0 %
2026/07/03 20:51:41.886, 4, 0 MiB, 81920 MiB, 0 %
2026/07/03 20:51:41.886, 5, 0 MiB, 81920 MiB, 0 %
2026/07/03 20:51:41.886, 6, 0 MiB, 81920 MiB, 0 %
2026/07/03 20:51:41.887, 7, 0 MiB, 81920 MiB, 0 %
2026/07/03 20:51:51.887, 0, 7733 MiB, 81920 MiB, 0 %
2026/07/03 20:51:51.888, 1, 0 MiB, 81920 MiB, 0 %
2026/07/03 20:51:51.888, 2, 0 MiB, 81920 MiB, 0 %
2026/07/03 20:51:51.888, 3, 0 MiB, 81920 MiB, 0 %
2026/07/03 20:51:51.889, 4, 0 MiB, 81920 MiB, 0 %
2026/07/03 20:51:51.889, 5, 0 MiB, 81920 MiB, 0 %
2026/07/03 20:51:51.889, 6, 0 MiB, 81920 MiB, 0 %
2026/07/03 20:51:51.890, 7, 0 MiB, 81920 MiB, 0 %
2026/07/03 20:52:01.890, 0, 7733 MiB, 81920 MiB, 0 %
2026/07/03 20:52:01.891, 1, 0 MiB, 81920 MiB, 0 %
2026/07/03 20:52:01.891, 2, 0 MiB, 81920 MiB, 0 %
2026/07/03 20:52:01.891, 3, 0 MiB, 81920 MiB, 0 %
2026/07/03 20:52:01.892, 4, 0 MiB, 81920 MiB, 0 %
2026/07/03 20:52:01.892, 5, 0 MiB, 81920 MiB, 0 %
2026/07/03 20:52:01.892, 6, 0 MiB, 81920 MiB, 0 %
2026/07/03 20:52:01.893, 7, 0 MiB, 81920 MiB, 0 %
2026/07/03 20:52:11.893, 0, 7733 MiB, 81920 MiB, 0 %
2026/07/03 20:52:11.894, 1, 0 MiB, 81920 MiB, 0 %
2026/07/03 20:52:11.894, 2, 0 MiB, 81920 MiB, 0 %
2026/07/03 20:52:11.895, 3, 0 MiB, 81920 MiB, 0 %
2026/07/03 20:52:11.895, 4, 0 MiB, 81920 MiB, 0 %
2026/07/03 20:52:11.895, 5, 0 MiB, 81920 MiB, 0 %
2026/07/03 20:52:11.895, 6, 0 MiB, 81920 MiB, 0 %
2026/07/03 20:52:11.896, 7, 0 MiB, 81920 MiB, 0 %
2026/07/03 20:52:21.897, 0, 7733 MiB, 81920 MiB, 0 %
2026/07/03 20:52:21.897, 1, 0 MiB, 81920 MiB, 0 %
2026/07/03 20:52:21.898, 2, 0 MiB, 81920 MiB, 0 %
2026/07/03 20:52:21.898, 3, 0 MiB, 81920 MiB, 0 %
2026/07/03 20:52:21.898, 4, 0 MiB, 81920 MiB, 0 %
2026/07/03 20:52:21.899, 5, 0 MiB, 81920 MiB, 0 %
2026/07/03 20:52:21.899, 6, 0 MiB, 81920 MiB, 0 %
2026/07/03 20:52:21.899, 7, 0 MiB, 81920 MiB, 0 %
2026/07/03 20:52:31.900, 0, 7733 MiB, 81920 MiB, 0 %
2026/07/03 20:52:31.900, 1, 0 MiB, 81920 MiB, 0 %
2026/07/03 20:52:31.901, 2, 0 MiB, 81920 MiB, 0 %
2026/07/03 20:52:31.901, 3, 0 MiB, 81920 MiB, 0 %
2026/07/03 20:52:31.901, 4, 0 MiB, 81920 MiB, 0 %
2026/07/03 20:52:31.902, 5, 0 MiB, 81920 MiB, 0 %
2026/07/03 20:52:31.902, 6, 0 MiB, 81920 MiB, 0 %
2026/07/03 20:52:31.902, 7, 0 MiB, 81920 MiB, 0 %
2026/07/03 20:52:41.903, 0, 7733 MiB, 81920 MiB, 0 %
2026/07/03 20:52:41.904, 1, 0 MiB, 81920 MiB, 0 %
2026/07/03 20:52:41.904, 2, 0 MiB, 81920 MiB, 0 %
2026/07/03 20:52:41.904, 3, 0 MiB, 81920 MiB, 0 %
2026/07/03 20:52:41.905, 4, 0 MiB, 81920 MiB, 0 %
2026/07/03 20:52:41.905, 5, 0 MiB, 81920 MiB, 0 %
2026/07/03 20:52:41.905, 6, 0 MiB, 81920 MiB, 0 %
2026/07/03 20:52:41.905, 7, 0 MiB, 81920 MiB, 0 %
2026/07/03 20:52:51.906, 0, 7733 MiB, 81920 MiB, 0 %
2026/07/03 20:52:51.907, 1, 0 MiB, 81920 MiB, 0 %
2026/07/03 20:52:51.907, 2, 0 MiB, 81920 MiB, 0 %
2026/07/03 20:52:51.907, 3, 0 MiB, 81920 MiB, 0 %
2026/07/03 20:52:51.908, 4, 0 MiB, 81920 MiB, 0 %
2026/07/03 20:52:51.908, 5, 0 MiB, 81920 MiB, 0 %
2026/07/03 20:52:51.908, 6, 0 MiB, 81920 MiB, 0 %
2026/07/03 20:52:51.908, 7, 0 MiB, 81920 MiB, 0 %
2026/07/03 20:53:01.909, 0, 7733 MiB, 81920 MiB, 0 %
2026/07/03 20:53:01.910, 1, 0 MiB, 81920 MiB, 0 %
2026/07/03 20:53:01.910, 2, 0 MiB, 81920 MiB, 0 %
2026/07/03 20:53:01.910, 3, 0 MiB, 81920 MiB, 0 %
2026/07/03 20:53:01.911, 4, 0 MiB, 81920 MiB, 0 %
2026/07/03 20:53:01.911, 5, 0 MiB, 81920 MiB, 0 %
2026/07/03 20:53:01.911, 6, 0 MiB, 81920 MiB, 0 %
2026/07/03 20:53:01.912, 7, 0 MiB, 81920 MiB, 0 %
2026/07/03 20:53:11.912, 0, 7733 MiB, 81920 MiB, 0 %
2026/07/03 20:53:11.913, 1, 0 MiB, 81920 MiB, 0 %
2026/07/03 20:53:11.913, 2, 0 MiB, 81920 MiB, 0 %
2026/07/03 20:53:11.914, 3, 0 MiB, 81920 MiB, 0 %
2026/07/03 20:53:11.914, 4, 0 MiB, 81920 MiB, 0 %
2026/07/03 20:53:11.914, 5, 0 MiB, 81920 MiB, 0 %
2026/07/03 20:53:11.914, 6, 0 MiB, 81920 MiB, 0 %
2026/07/03 20:53:11.915, 7, 0 MiB, 81920 MiB, 0 %
2026/07/03 20:53:21.916, 0, 7733 MiB, 81920 MiB, 0 %
2026/07/03 20:53:21.916, 1, 0 MiB, 81920 MiB, 0 %
2026/07/03 20:53:21.916, 2, 0 MiB, 81920 MiB, 0 %
2026/07/03 20:53:21.917, 3, 0 MiB, 81920 MiB, 0 %
2026/07/03 20:53:21.917, 4, 0 MiB, 81920 MiB, 0 %
2026/07/03 20:53:21.917, 5, 0 MiB, 81920 MiB, 0 %
2026/07/03 20:53:21.918, 6, 0 MiB, 81920 MiB, 0 %
2026/07/03 20:53:21.918, 7, 0 MiB, 81920 MiB, 0 %
2026/07/03 20:53:31.919, 0, 7733 MiB, 81920 MiB, 0 %
2026/07/03 20:53:31.920, 1, 0 MiB, 81920 MiB, 0 %
2026/07/03 20:53:31.920, 2, 0 MiB, 81920 MiB, 0 %
2026/07/03 20:53:31.920, 3, 0 MiB, 81920 MiB, 0 %
2026/07/03 20:53:31.920, 4, 0 MiB, 81920 MiB, 0 %
2026/07/03 20:53:31.921, 5, 0 MiB, 81920 MiB, 0 %
2026/07/03 20:53:31.921, 6, 0 MiB, 81920 MiB, 0 %
2026/07/03 20:53:31.921, 7, 0 MiB, 81920 MiB, 0 %
2026/07/03 20:53:41.922, 0, 7733 MiB, 81920 MiB, 0 %
2026/07/03 20:53:41.922, 1, 0 MiB, 81920 MiB, 0 %
2026/07/03 20:53:41.923, 2, 0 MiB, 81920 MiB, 0 %
2026/07/03 20:53:41.923, 3, 0 MiB, 81920 MiB, 0 %
2026/07/03 20:53:41.923, 4, 0 MiB, 81920 MiB, 0 %
2026/07/03 20:53:41.924, 5, 0 MiB, 81920 MiB, 0 %
2026/07/03 20:53:41.924, 6, 0 MiB, 81920 MiB, 0 %
2026/07/03 20:53:41.924, 7, 0 MiB, 81920 MiB, 0 %
2026/07/03 20:53:51.925, 0, 7733 MiB, 81920 MiB, 0 %
2026/07/03 20:53:51.926, 1, 0 MiB, 81920 MiB, 0 %
2026/07/03 20:53:51.926, 2, 0 MiB, 81920 MiB, 0 %
2026/07/03 20:53:51.927, 3, 0 MiB, 81920 MiB, 0 %
2026/07/03 20:53:51.927, 4, 0 MiB, 81920 MiB, 0 %
2026/07/03 20:53:51.927, 5, 0 MiB, 81920 MiB, 0 %
2026/07/03 20:53:51.928, 6, 0 MiB, 81920 MiB, 0 %
2026/07/03 20:53:51.928, 7, 0 MiB, 81920 MiB, 0 %
2026/07/03 20:54:01.928, 0, 7733 MiB, 81920 MiB, 0 %
2026/07/03 20:54:01.929, 1, 0 MiB, 81920 MiB, 0 %
2026/07/03 20:54:01.929, 2, 0 MiB, 81920 MiB, 0 %
2026/07/03 20:54:01.930, 3, 0 MiB, 81920 MiB, 0 %
2026/07/03 20:54:01.930, 4, 0 MiB, 81920 MiB, 0 %
2026/07/03 20:54:01.931, 5, 0 MiB, 81920 MiB, 0 %
2026/07/03 20:54:01.931, 6, 0 MiB, 81920 MiB, 0 %
2026/07/03 20:54:01.931, 7, 0 MiB, 81920 MiB, 0 %
2026/07/03 20:54:11.932, 0, 7733 MiB, 81920 MiB, 0 %
2026/07/03 20:54:11.933, 1, 0 MiB, 81920 MiB, 0 %
2026/07/03 20:54:11.933, 2, 0 MiB, 81920 MiB, 0 %
2026/07/03 20:54:11.933, 3, 0 MiB, 81920 MiB, 0 %
2026/07/03 20:54:11.934, 4, 0 MiB, 81920 MiB, 0 %
2026/07/03 20:54:11.934, 5, 0 MiB, 81920 MiB, 0 %
2026/07/03 20:54:11.934, 6, 0 MiB, 81920 MiB, 0 %
2026/07/03 20:54:11.934, 7, 0 MiB, 81920 MiB, 0 %
2026/07/03 20:54:21.936, 0, 7733 MiB, 81920 MiB, 0 %
2026/07/03 20:54:21.936, 1, 0 MiB, 81920 MiB, 0 %
2026/07/03 20:54:21.937, 2, 0 MiB, 81920 MiB, 0 %
2026/07/03 20:54:21.937, 3, 0 MiB, 81920 MiB, 0 %
2026/07/03 20:54:21.937, 4, 0 MiB, 81920 MiB, 0 %
2026/07/03 20:54:21.938, 5, 0 MiB, 81920 MiB, 0 %
2026/07/03 20:54:21.938, 6, 0 MiB, 81920 MiB, 0 %
2026/07/03 20:54:21.938, 7, 0 MiB, 81920 MiB, 0 %
2026/07/03 20:54:31.940, 0, 7733 MiB, 81920 MiB, 0 %
2026/07/03 20:54:31.940, 1, 0 MiB, 81920 MiB, 0 %
2026/07/03 20:54:31.940, 2, 0 MiB, 81920 MiB, 0 %
2026/07/03 20:54:31.941, 3, 0 MiB, 81920 MiB, 0 %
2026/07/03 20:54:31.941, 4, 0 MiB, 81920 MiB, 0 %
2026/07/03 20:54:31.941, 5, 0 MiB, 81920 MiB, 0 %
2026/07/03 20:54:31.942, 6, 0 MiB, 81920 MiB, 0 %
2026/07/03 20:54:31.942, 7, 0 MiB, 81920 MiB, 0 %
2026/07/03 20:54:41.942, 0, 7733 MiB, 81920 MiB, 0 %
2026/07/03 20:54:41.943, 1, 0 MiB, 81920 MiB, 0 %
2026/07/03 20:54:41.943, 2, 0 MiB, 81920 MiB, 0 %
2026/07/03 20:54:41.944, 3, 0 MiB, 81920 MiB, 0 %
2026/07/03 20:54:41.944, 4, 0 MiB, 81920 MiB, 0 %
2026/07/03 20:54:41.944, 5, 0 MiB, 81920 MiB, 0 %
2026/07/03 20:54:41.944, 6, 0 MiB, 81920 MiB, 0 %
2026/07/03 20:54:41.945, 7, 0 MiB, 81920 MiB, 0 %
2026/07/03 20:54:51.945, 0, 7733 MiB, 81920 MiB, 0 %
2026/07/03 20:54:51.946, 1, 0 MiB, 81920 MiB, 0 %
2026/07/03 20:54:51.946, 2, 0 MiB, 81920 MiB, 0 %
2026/07/03 20:54:51.946, 3, 0 MiB, 81920 MiB, 0 %
2026/07/03 20:54:51.947, 4, 0 MiB, 81920 MiB, 0 %
2026/07/03 20:54:51.947, 5, 0 MiB, 81920 MiB, 0 %
2026/07/03 20:54:51.947, 6, 0 MiB, 81920 MiB, 0 %
2026/07/03 20:54:51.948, 7, 0 MiB, 81920 MiB, 0 %
2026/07/03 20:55:01.948, 0, 7733 MiB, 81920 MiB, 0 %
2026/07/03 20:55:01.949, 1, 0 MiB, 81920 MiB, 0 %
2026/07/03 20:55:01.949, 2, 0 MiB, 81920 MiB, 0 %
2026/07/03 20:55:01.949, 3, 0 MiB, 81920 MiB, 0 %
2026/07/03 20:55:01.950, 4, 0 MiB, 81920 MiB, 0 %
2026/07/03 20:55:01.950, 5, 0 MiB, 81920 MiB, 0 %
2026/07/03 20:55:01.950, 6, 0 MiB, 81920 MiB, 0 %
2026/07/03 20:55:01.951, 7, 0 MiB, 81920 MiB, 0 %
2026/07/03 20:55:11.951, 0, 7733 MiB, 81920 MiB, 0 %
2026/07/03 20:55:11.952, 1, 0 MiB, 81920 MiB, 0 %
2026/07/03 20:55:11.952, 2, 0 MiB, 81920 MiB, 0 %
2026/07/03 20:55:11.952, 3, 0 MiB, 81920 MiB, 0 %
2026/07/03 20:55:11.953, 4, 0 MiB, 81920 MiB, 0 %
2026/07/03 20:55:11.953, 5, 0 MiB, 81920 MiB, 0 %
2026/07/03 20:55:11.953, 6, 0 MiB, 81920 MiB, 0 %
2026/07/03 20:55:11.954, 7, 0 MiB, 81920 MiB, 0 %
2026/07/03 20:55:21.955, 0, 7733 MiB, 81920 MiB, 0 %
2026/07/03 20:55:21.955, 1, 0 MiB, 81920 MiB, 0 %
2026/07/03 20:55:21.956, 2, 0 MiB, 81920 MiB, 0 %
2026/07/03 20:55:21.956, 3, 0 MiB, 81920 MiB, 0 %
2026/07/03 20:55:21.956, 4, 0 MiB, 81920 MiB, 0 %
2026/07/03 20:55:21.957, 5, 0 MiB, 81920 MiB, 0 %
2026/07/03 20:55:21.957, 6, 0 MiB, 81920 MiB, 0 %
2026/07/03 20:55:21.957, 7, 0 MiB, 81920 MiB, 0 %
2026/07/03 20:55:31.958, 0, 7733 MiB, 81920 MiB, 0 %
2026/07/03 20:55:31.958, 1, 0 MiB, 81920 MiB, 0 %
2026/07/03 20:55:31.959, 2, 0 MiB, 81920 MiB, 0 %
2026/07/03 20:55:31.959, 3, 0 MiB, 81920 MiB, 0 %
2026/07/03 20:55:31.959, 4, 0 MiB, 81920 MiB, 0 %
2026/07/03 20:55:31.960, 5, 0 MiB, 81920 MiB, 0 %
2026/07/03 20:55:31.960, 6, 0 MiB, 81920 MiB, 0 %
2026/07/03 20:55:31.960, 7, 0 MiB, 81920 MiB, 0 %
2026/07/03 20:55:41.961, 0, 7733 MiB, 81920 MiB, 0 %
2026/07/03 20:55:41.961, 1, 0 MiB, 81920 MiB, 0 %
2026/07/03 20:55:41.962, 2, 0 MiB, 81920 MiB, 0 %
2026/07/03 20:55:41.962, 3, 0 MiB, 81920 MiB, 0 %
2026/07/03 20:55:41.962, 4, 0 MiB, 81920 MiB, 0 %
2026/07/03 20:55:41.962, 5, 0 MiB, 81920 MiB, 0 %
2026/07/03 20:55:41.963, 6, 0 MiB, 81920 MiB, 0 %
2026/07/03 20:55:41.963, 7, 0 MiB, 81920 MiB, 0 %
2026/07/03 20:55:51.963, 0, 7733 MiB, 81920 MiB, 0 %
2026/07/03 20:55:51.964, 1, 0 MiB, 81920 MiB, 0 %
2026/07/03 20:55:51.964, 2, 0 MiB, 81920 MiB, 0 %
2026/07/03 20:55:51.964, 3, 0 MiB, 81920 MiB, 0 %
2026/07/03 20:55:51.965, 4, 0 MiB, 81920 MiB, 0 %
2026/07/03 20:55:51.965, 5, 0 MiB, 81920 MiB, 0 %
2026/07/03 20:55:51.965, 6, 0 MiB, 81920 MiB, 0 %
2026/07/03 20:55:51.966, 7, 0 MiB, 81920 MiB, 0 %
2026/07/03 20:56:01.966, 0, 7733 MiB, 81920 MiB, 56 %
2026/07/03 20:56:01.967, 1, 0 MiB, 81920 MiB, 0 %
2026/07/03 20:56:01.967, 2, 0 MiB, 81920 MiB, 0 %
2026/07/03 20:56:01.967, 3, 0 MiB, 81920 MiB, 0 %
2026/07/03 20:56:01.968, 4, 0 MiB, 81920 MiB, 0 %
2026/07/03 20:56:01.968, 5, 0 MiB, 81920 MiB, 0 %
2026/07/03 20:56:01.968, 6, 0 MiB, 81920 MiB, 0 %
2026/07/03 20:56:01.969, 7, 0 MiB, 81920 MiB, 0 %
2026/07/03 20:56:11.970, 0, 7733 MiB, 81920 MiB, 0 %
2026/07/03 20:56:11.970, 1, 0 MiB, 81920 MiB, 0 %
2026/07/03 20:56:11.971, 2, 0 MiB, 81920 MiB, 0 %
2026/07/03 20:56:11.971, 3, 0 MiB, 81920 MiB, 0 %
2026/07/03 20:56:11.971, 4, 0 MiB, 81920 MiB, 0 %
2026/07/03 20:56:11.972, 5, 0 MiB, 81920 MiB, 0 %
2026/07/03 20:56:11.972, 6, 0 MiB, 81920 MiB, 0 %
2026/07/03 20:56:11.972, 7, 0 MiB, 81920 MiB, 0 %
2026/07/03 20:56:21.973, 0, 7733 MiB, 81920 MiB, 0 %
2026/07/03 20:56:21.973, 1, 0 MiB, 81920 MiB, 0 %
2026/07/03 20:56:21.974, 2, 0 MiB, 81920 MiB, 0 %
2026/07/03 20:56:21.974, 3, 0 MiB, 81920 MiB, 0 %
2026/07/03 20:56:21.974, 4, 0 MiB, 81920 MiB, 0 %
2026/07/03 20:56:21.975, 5, 0 MiB, 81920 MiB, 0 %
2026/07/03 20:56:21.975, 6, 0 MiB, 81920 MiB, 0 %
2026/07/03 20:56:21.975, 7, 0 MiB, 81920 MiB, 0 %
2026/07/03 20:56:31.976, 0, 7733 MiB, 81920 MiB, 0 %
2026/07/03 20:56:31.977, 1, 0 MiB, 81920 MiB, 0 %
2026/07/03 20:56:31.977, 2, 0 MiB, 81920 MiB, 0 %
2026/07/03 20:56:31.977, 3, 0 MiB, 81920 MiB, 0 %
2026/07/03 20:56:31.977, 4, 0 MiB, 81920 MiB, 0 %
2026/07/03 20:56:31.978, 5, 0 MiB, 81920 MiB, 0 %
2026/07/03 20:56:31.978, 6, 0 MiB, 81920 MiB, 0 %
2026/07/03 20:56:31.978, 7, 0 MiB, 81920 MiB, 0 %
2026/07/03 20:56:41.980, 0, 7733 MiB, 81920 MiB, 0 %
2026/07/03 20:56:41.980, 1, 0 MiB, 81920 MiB, 0 %
2026/07/03 20:56:41.980, 2, 0 MiB, 81920 MiB, 0 %
2026/07/03 20:56:41.981, 3, 0 MiB, 81920 MiB, 0 %
2026/07/03 20:56:41.981, 4, 0 MiB, 81920 MiB, 0 %
2026/07/03 20:56:41.981, 5, 0 MiB, 81920 MiB, 0 %
2026/07/03 20:56:41.982, 6, 0 MiB, 81920 MiB, 0 %
2026/07/03 20:56:41.982, 7, 0 MiB, 81920 MiB, 0 %
2026/07/03 20:56:51.983, 0, 7733 MiB, 81920 MiB, 61 %
2026/07/03 20:56:51.984, 1, 0 MiB, 81920 MiB, 0 %
2026/07/03 20:56:51.984, 2, 0 MiB, 81920 MiB, 0 %
2026/07/03 20:56:51.985, 3, 0 MiB, 81920 MiB, 0 %
2026/07/03 20:56:51.985, 4, 0 MiB, 81920 MiB, 0 %
2026/07/03 20:56:51.985, 5, 0 MiB, 81920 MiB, 0 %
2026/07/03 20:56:51.985, 6, 0 MiB, 81920 MiB, 0 %
2026/07/03 20:56:51.986, 7, 0 MiB, 81920 MiB, 0 %
2026/07/03 20:57:01.986, 0, 7733 MiB, 81920 MiB, 0 %
2026/07/03 20:57:01.987, 1, 0 MiB, 81920 MiB, 0 %
2026/07/03 20:57:01.987, 2, 0 MiB, 81920 MiB, 0 %
2026/07/03 20:57:01.988, 3, 0 MiB, 81920 MiB, 0 %
2026/07/03 20:57:01.988, 4, 0 MiB, 81920 MiB, 0 %
2026/07/03 20:57:01.988, 5, 0 MiB, 81920 MiB, 0 %
2026/07/03 20:57:01.988, 6, 0 MiB, 81920 MiB, 0 %
2026/07/03 20:57:01.989, 7, 0 MiB, 81920 MiB, 0 %
2026/07/03 20:57:11.989, 0, 7733 MiB, 81920 MiB, 0 %
2026/07/03 20:57:11.990, 1, 0 MiB, 81920 MiB, 0 %
2026/07/03 20:57:11.990, 2, 0 MiB, 81920 MiB, 0 %
2026/07/03 20:57:11.991, 3, 0 MiB, 81920 MiB, 0 %
2026/07/03 20:57:11.991, 4, 0 MiB, 81920 MiB, 0 %
2026/07/03 20:57:11.991, 5, 0 MiB, 81920 MiB, 0 %
2026/07/03 20:57:11.991, 6, 0 MiB, 81920 MiB, 0 %
2026/07/03 20:57:11.992, 7, 0 MiB, 81920 MiB, 0 %
2026/07/03 20:57:21.992, 0, 7733 MiB, 81920 MiB, 0 %
2026/07/03 20:57:21.993, 1, 0 MiB, 81920 MiB, 0 %
2026/07/03 20:57:21.993, 2, 0 MiB, 81920 MiB, 0 %
2026/07/03 20:57:21.994, 3, 0 MiB, 81920 MiB, 0 %
2026/07/03 20:57:21.994, 4, 0 MiB, 81920 MiB, 0 %
2026/07/03 20:57:21.994, 5, 0 MiB, 81920 MiB, 0 %
2026/07/03 20:57:21.994, 6, 0 MiB, 81920 MiB, 0 %
2026/07/03 20:57:21.995, 7, 0 MiB, 81920 MiB, 0 %
2026/07/03 20:57:31.996, 0, 7733 MiB, 81920 MiB, 0 %
2026/07/03 20:57:31.996, 1, 0 MiB, 81920 MiB, 0 %
2026/07/03 20:57:31.996, 2, 0 MiB, 81920 MiB, 0 %
2026/07/03 20:57:31.997, 3, 0 MiB, 81920 MiB, 0 %
2026/07/03 20:57:31.997, 4, 0 MiB, 81920 MiB, 0 %
2026/07/03 20:57:31.997, 5, 0 MiB, 81920 MiB, 0 %
2026/07/03 20:57:31.998, 6, 0 MiB, 81920 MiB, 0 %
2026/07/03 20:57:31.998, 7, 0 MiB, 81920 MiB, 0 %
2026/07/03 20:57:41.998, 0, 7733 MiB, 81920 MiB, 0 %
2026/07/03 20:57:41.999, 1, 0 MiB, 81920 MiB, 0 %
2026/07/03 20:57:41.999, 2, 0 MiB, 81920 MiB, 0 %
2026/07/03 20:57:42.000, 3, 0 MiB, 81920 MiB, 0 %
2026/07/03 20:57:42.000, 4, 0 MiB, 81920 MiB, 0 %
2026/07/03 20:57:42.000, 5, 0 MiB, 81920 MiB, 0 %
2026/07/03 20:57:42.001, 6, 0 MiB, 81920 MiB, 0 %
2026/07/03 20:57:42.001, 7, 0 MiB, 81920 MiB, 0 %
2026/07/03 20:57:52.002, 0, 7733 MiB, 81920 MiB, 0 %
2026/07/03 20:57:52.002, 1, 0 MiB, 81920 MiB, 0 %
2026/07/03 20:57:52.003, 2, 0 MiB, 81920 MiB, 0 %
2026/07/03 20:57:52.003, 3, 0 MiB, 81920 MiB, 0 %
2026/07/03 20:57:52.003, 4, 0 MiB, 81920 MiB, 0 %
2026/07/03 20:57:52.004, 5, 0 MiB, 81920 MiB, 0 %
2026/07/03 20:57:52.004, 6, 0 MiB, 81920 MiB, 0 %
2026/07/03 20:57:52.004, 7, 0 MiB, 81920 MiB, 0 %
2026/07/03 20:58:02.005, 0, 7733 MiB, 81920 MiB, 0 %
2026/07/03 20:58:02.005, 1, 0 MiB, 81920 MiB, 0 %
2026/07/03 20:58:02.006, 2, 0 MiB, 81920 MiB, 0 %
2026/07/03 20:58:02.006, 3, 0 MiB, 81920 MiB, 0 %
2026/07/03 20:58:02.006, 4, 0 MiB, 81920 MiB, 0 %
2026/07/03 20:58:02.007, 5, 0 MiB, 81920 MiB, 0 %
2026/07/03 20:58:02.007, 6, 0 MiB, 81920 MiB, 0 %
2026/07/03 20:58:02.007, 7, 0 MiB, 81920 MiB, 0 %
2026/07/03 20:58:12.008, 0, 7733 MiB, 81920 MiB, 0 %
2026/07/03 20:58:12.008, 1, 0 MiB, 81920 MiB, 0 %
2026/07/03 20:58:12.009, 2, 0 MiB, 81920 MiB, 0 %
2026/07/03 20:58:12.009, 3, 0 MiB, 81920 MiB, 0 %
2026/07/03 20:58:12.009, 4, 0 MiB, 81920 MiB, 0 %
2026/07/03 20:58:12.010, 5, 0 MiB, 81920 MiB, 0 %
2026/07/03 20:58:12.010, 6, 0 MiB, 81920 MiB, 0 %
2026/07/03 20:58:12.010, 7, 0 MiB, 81920 MiB, 0 %
2026/07/03 20:58:22.011, 0, 7733 MiB, 81920 MiB, 0 %
2026/07/03 20:58:22.011, 1, 0 MiB, 81920 MiB, 0 %
2026/07/03 20:58:22.012, 2, 0 MiB, 81920 MiB, 0 %
2026/07/03 20:58:22.012, 3, 0 MiB, 81920 MiB, 0 %
2026/07/03 20:58:22.012, 4, 0 MiB, 81920 MiB, 0 %
2026/07/03 20:58:22.013, 5, 0 MiB, 81920 MiB, 0 %
2026/07/03 20:58:22.013, 6, 0 MiB, 81920 MiB, 0 %
2026/07/03 20:58:22.013, 7, 0 MiB, 81920 MiB, 0 %
2026/07/03 20:58:32.014, 0, 7733 MiB, 81920 MiB, 0 %
2026/07/03 20:58:32.014, 1, 0 MiB, 81920 MiB, 0 %
2026/07/03 20:58:32.014, 2, 0 MiB, 81920 MiB, 0 %
2026/07/03 20:58:32.015, 3, 0 MiB, 81920 MiB, 0 %
2026/07/03 20:58:32.015, 4, 0 MiB, 81920 MiB, 0 %
2026/07/03 20:58:32.015, 5, 0 MiB, 81920 MiB, 0 %
2026/07/03 20:58:32.016, 6, 0 MiB, 81920 MiB, 0 %
2026/07/03 20:58:32.016, 7, 0 MiB, 81920 MiB, 0 %
2026/07/03 20:58:42.016, 0, 7733 MiB, 81920 MiB, 0 %
2026/07/03 20:58:42.017, 1, 0 MiB, 81920 MiB, 0 %
2026/07/03 20:58:42.017, 2, 0 MiB, 81920 MiB, 0 %
2026/07/03 20:58:42.018, 3, 0 MiB, 81920 MiB, 0 %
2026/07/03 20:58:42.018, 4, 0 MiB, 81920 MiB, 0 %
2026/07/03 20:58:42.018, 5, 0 MiB, 81920 MiB, 0 %
2026/07/03 20:58:42.018, 6, 0 MiB, 81920 MiB, 0 %
2026/07/03 20:58:42.019, 7, 0 MiB, 81920 MiB, 0 %
2026/07/03 20:58:52.019, 0, 7733 MiB, 81920 MiB, 0 %
2026/07/03 20:58:52.020, 1, 0 MiB, 81920 MiB, 0 %
2026/07/03 20:58:52.020, 2, 0 MiB, 81920 MiB, 0 %
2026/07/03 20:58:52.020, 3, 0 MiB, 81920 MiB, 0 %
2026/07/03 20:58:52.021, 4, 0 MiB, 81920 MiB, 0 %
2026/07/03 20:58:52.021, 5, 0 MiB, 81920 MiB, 0 %
2026/07/03 20:58:52.021, 6, 0 MiB, 81920 MiB, 0 %
2026/07/03 20:58:52.022, 7, 0 MiB, 81920 MiB, 0 %
2026/07/03 20:59:02.022, 0, 7733 MiB, 81920 MiB, 0 %
2026/07/03 20:59:02.023, 1, 0 MiB, 81920 MiB, 0 %
2026/07/03 20:59:02.023, 2, 0 MiB, 81920 MiB, 0 %
2026/07/03 20:59:02.023, 3, 0 MiB, 81920 MiB, 0 %
2026/07/03 20:59:02.024, 4, 0 MiB, 81920 MiB, 0 %
2026/07/03 20:59:02.024, 5, 0 MiB, 81920 MiB, 0 %
2026/07/03 20:59:02.024, 6, 0 MiB, 81920 MiB, 0 %
2026/07/03 20:59:02.025, 7, 0 MiB, 81920 MiB, 0 %
2026/07/03 20:59:12.025, 0, 7733 MiB, 81920 MiB, 0 %
2026/07/03 20:59:12.026, 1, 0 MiB, 81920 MiB, 0 %
2026/07/03 20:59:12.026, 2, 0 MiB, 81920 MiB, 0 %
2026/07/03 20:59:12.026, 3, 0 MiB, 81920 MiB, 0 %
2026/07/03 20:59:12.027, 4, 0 MiB, 81920 MiB, 0 %
2026/07/03 20:59:12.027, 5, 0 MiB, 81920 MiB, 0 %
2026/07/03 20:59:12.027, 6, 0 MiB, 81920 MiB, 0 %
2026/07/03 20:59:12.028, 7, 0 MiB, 81920 MiB, 0 %
2026/07/03 20:59:22.028, 0, 7733 MiB, 81920 MiB, 0 %
2026/07/03 20:59:22.029, 1, 0 MiB, 81920 MiB, 0 %
2026/07/03 20:59:22.029, 2, 0 MiB, 81920 MiB, 0 %
2026/07/03 20:59:22.029, 3, 0 MiB, 81920 MiB, 0 %
2026/07/03 20:59:22.029, 4, 0 MiB, 81920 MiB, 0 %
2026/07/03 20:59:22.029, 5, 0 MiB, 81920 MiB, 0 %
2026/07/03 20:59:22.030, 6, 0 MiB, 81920 MiB, 0 %
2026/07/03 20:59:22.030, 7, 0 MiB, 81920 MiB, 0 %
2026/07/03 20:59:32.030, 0, 7733 MiB, 81920 MiB, 0 %
2026/07/03 20:59:32.031, 1, 0 MiB, 81920 MiB, 0 %
2026/07/03 20:59:32.031, 2, 0 MiB, 81920 MiB, 0 %
2026/07/03 20:59:32.032, 3, 0 MiB, 81920 MiB, 0 %
2026/07/03 20:59:32.032, 4, 0 MiB, 81920 MiB, 0 %
2026/07/03 20:59:32.032, 5, 0 MiB, 81920 MiB, 0 %
2026/07/03 20:59:32.032, 6, 0 MiB, 81920 MiB, 0 %
2026/07/03 20:59:32.033, 7, 0 MiB, 81920 MiB, 0 %
2026/07/03 20:59:42.033, 0, 7733 MiB, 81920 MiB, 0 %
2026/07/03 20:59:42.034, 1, 0 MiB, 81920 MiB, 0 %
2026/07/03 20:59:42.034, 2, 0 MiB, 81920 MiB, 0 %
2026/07/03 20:59:42.034, 3, 0 MiB, 81920 MiB, 0 %
2026/07/03 20:59:42.035, 4, 0 MiB, 81920 MiB, 0 %
2026/07/03 20:59:42.035, 5, 0 MiB, 81920 MiB, 0 %
2026/07/03 20:59:42.035, 6, 0 MiB, 81920 MiB, 0 %
2026/07/03 20:59:42.036, 7, 0 MiB, 81920 MiB, 0 %
2026/07/03 20:59:52.036, 0, 7733 MiB, 81920 MiB, 0 %
2026/07/03 20:59:52.037, 1, 0 MiB, 81920 MiB, 0 %
2026/07/03 20:59:52.037, 2, 0 MiB, 81920 MiB, 0 %
2026/07/03 20:59:52.037, 3, 0 MiB, 81920 MiB, 0 %
2026/07/03 20:59:52.037, 4, 0 MiB, 81920 MiB, 0 %
2026/07/03 20:59:52.038, 5, 0 MiB, 81920 MiB, 0 %
2026/07/03 20:59:52.038, 6, 0 MiB, 81920 MiB, 0 %
2026/07/03 20:59:52.038, 7, 0 MiB, 81920 MiB, 0 %
2026/07/03 21:00:02.039, 0, 7733 MiB, 81920 MiB, 0 %
2026/07/03 21:00:02.039, 1, 0 MiB, 81920 MiB, 0 %
2026/07/03 21:00:02.040, 2, 0 MiB, 81920 MiB, 0 %
2026/07/03 21:00:02.040, 3, 0 MiB, 81920 MiB, 0 %
2026/07/03 21:00:02.040, 4, 0 MiB, 81920 MiB, 0 %
2026/07/03 21:00:02.041, 5, 0 MiB, 81920 MiB, 0 %
2026/07/03 21:00:02.041, 6, 0 MiB, 81920 MiB, 0 %
2026/07/03 21:00:02.041, 7, 0 MiB, 81920 MiB, 0 %
2026/07/03 21:00:12.042, 0, 7733 MiB, 81920 MiB, 0 %
2026/07/03 21:00:12.042, 1, 0 MiB, 81920 MiB, 0 %
2026/07/03 21:00:12.043, 2, 0 MiB, 81920 MiB, 0 %
2026/07/03 21:00:12.043, 3, 0 MiB, 81920 MiB, 0 %
2026/07/03 21:00:12.043, 4, 0 MiB, 81920 MiB, 0 %
2026/07/03 21:00:12.043, 5, 0 MiB, 81920 MiB, 0 %
2026/07/03 21:00:12.044, 6, 0 MiB, 81920 MiB, 0 %
2026/07/03 21:00:12.044, 7, 0 MiB, 81920 MiB, 0 %
2026/07/03 21:00:22.044, 0, 7733 MiB, 81920 MiB, 0 %
2026/07/03 21:00:22.045, 1, 0 MiB, 81920 MiB, 0 %
2026/07/03 21:00:22.045, 2, 0 MiB, 81920 MiB, 0 %
2026/07/03 21:00:22.046, 3, 0 MiB, 81920 MiB, 0 %
2026/07/03 21:00:22.046, 4, 0 MiB, 81920 MiB, 0 %
2026/07/03 21:00:22.046, 5, 0 MiB, 81920 MiB, 0 %
2026/07/03 21:00:22.047, 6, 0 MiB, 81920 MiB, 0 %
2026/07/03 21:00:22.047, 7, 0 MiB, 81920 MiB, 0 %
2026/07/03 21:00:32.047, 0, 7733 MiB, 81920 MiB, 0 %
2026/07/03 21:00:32.048, 1, 0 MiB, 81920 MiB, 0 %
2026/07/03 21:00:32.048, 2, 0 MiB, 81920 MiB, 0 %
2026/07/03 21:00:32.049, 3, 0 MiB, 81920 MiB, 0 %
2026/07/03 21:00:32.049, 4, 0 MiB, 81920 MiB, 0 %
2026/07/03 21:00:32.049, 5, 0 MiB, 81920 MiB, 0 %
2026/07/03 21:00:32.050, 6, 0 MiB, 81920 MiB, 0 %
2026/07/03 21:00:32.050, 7, 0 MiB, 81920 MiB, 0 %
2026/07/03 21:00:42.050, 0, 7733 MiB, 81920 MiB, 0 %
2026/07/03 21:00:42.051, 1, 0 MiB, 81920 MiB, 0 %
2026/07/03 21:00:42.051, 2, 0 MiB, 81920 MiB, 0 %
2026/07/03 21:00:42.051, 3, 0 MiB, 81920 MiB, 0 %
2026/07/03 21:00:42.052, 4, 0 MiB, 81920 MiB, 0 %
2026/07/03 21:00:42.052, 5, 0 MiB, 81920 MiB, 0 %
2026/07/03 21:00:42.052, 6, 0 MiB, 81920 MiB, 0 %
2026/07/03 21:00:42.053, 7, 0 MiB, 81920 MiB, 0 %
2026/07/03 21:00:52.054, 0, 7733 MiB, 81920 MiB, 61 %
2026/07/03 21:00:52.054, 1, 0 MiB, 81920 MiB, 0 %
2026/07/03 21:00:52.055, 2, 0 MiB, 81920 MiB, 0 %
2026/07/03 21:00:52.055, 3, 0 MiB, 81920 MiB, 0 %
2026/07/03 21:00:52.055, 4, 0 MiB, 81920 MiB, 0 %
2026/07/03 21:00:52.056, 5, 0 MiB, 81920 MiB, 0 %
2026/07/03 21:00:52.056, 6, 0 MiB, 81920 MiB, 0 %
2026/07/03 21:00:52.056, 7, 0 MiB, 81920 MiB, 0 %
2026/07/03 21:01:02.057, 0, 7733 MiB, 81920 MiB, 0 %
2026/07/03 21:01:02.058, 1, 0 MiB, 81920 MiB, 0 %
2026/07/03 21:01:02.058, 2, 0 MiB, 81920 MiB, 0 %
2026/07/03 21:01:02.059, 3, 0 MiB, 81920 MiB, 0 %
2026/07/03 21:01:02.059, 4, 0 MiB, 81920 MiB, 0 %
2026/07/03 21:01:02.059, 5, 0 MiB, 81920 MiB, 0 %
2026/07/03 21:01:02.060, 6, 0 MiB, 81920 MiB, 0 %
2026/07/03 21:01:02.060, 7, 0 MiB, 81920 MiB, 0 %
2026/07/03 21:01:12.061, 0, 7733 MiB, 81920 MiB, 0 %
2026/07/03 21:01:12.062, 1, 0 MiB, 81920 MiB, 0 %
2026/07/03 21:01:12.062, 2, 0 MiB, 81920 MiB, 0 %
2026/07/03 21:01:12.062, 3, 0 MiB, 81920 MiB, 0 %
2026/07/03 21:01:12.063, 4, 0 MiB, 81920 MiB, 0 %
2026/07/03 21:01:12.063, 5, 0 MiB, 81920 MiB, 0 %
2026/07/03 21:01:12.063, 6, 0 MiB, 81920 MiB, 0 %
2026/07/03 21:01:12.063, 7, 0 MiB, 81920 MiB, 0 %
2026/07/03 21:01:22.065, 0, 7733 MiB, 81920 MiB, 0 %
2026/07/03 21:01:22.065, 1, 0 MiB, 81920 MiB, 0 %
2026/07/03 21:01:22.066, 2, 0 MiB, 81920 MiB, 0 %
2026/07/03 21:01:22.066, 3, 0 MiB, 81920 MiB, 0 %
2026/07/03 21:01:22.066, 4, 0 MiB, 81920 MiB, 0 %
2026/07/03 21:01:22.067, 5, 0 MiB, 81920 MiB, 0 %
2026/07/03 21:01:22.067, 6, 0 MiB, 81920 MiB, 0 %
2026/07/03 21:01:22.067, 7, 0 MiB, 81920 MiB, 0 %
2026/07/03 21:01:32.068, 0, 7733 MiB, 81920 MiB, 0 %
2026/07/03 21:01:32.068, 1, 0 MiB, 81920 MiB, 0 %
2026/07/03 21:01:32.069, 2, 0 MiB, 81920 MiB, 0 %
2026/07/03 21:01:32.069, 3, 0 MiB, 81920 MiB, 0 %
2026/07/03 21:01:32.069, 4, 0 MiB, 81920 MiB, 0 %
2026/07/03 21:01:32.069, 5, 0 MiB, 81920 MiB, 0 %
2026/07/03 21:01:32.070, 6, 0 MiB, 81920 MiB, 0 %
2026/07/03 21:01:32.070, 7, 0 MiB, 81920 MiB, 0 %
2026/07/03 21:01:42.071, 0, 7733 MiB, 81920 MiB, 0 %
2026/07/03 21:01:42.072, 1, 0 MiB, 81920 MiB, 0 %
2026/07/03 21:01:42.072, 2, 0 MiB, 81920 MiB, 0 %
2026/07/03 21:01:42.073, 3, 0 MiB, 81920 MiB, 0 %
2026/07/03 21:01:42.073, 4, 0 MiB, 81920 MiB, 0 %
2026/07/03 21:01:42.073, 5, 0 MiB, 81920 MiB, 0 %
2026/07/03 21:01:42.073, 6, 0 MiB, 81920 MiB, 0 %
2026/07/03 21:01:42.074, 7, 0 MiB, 81920 MiB, 0 %
2026/07/03 21:01:52.074, 0, 7733 MiB, 81920 MiB, 0 %
2026/07/03 21:01:52.075, 1, 0 MiB, 81920 MiB, 0 %
2026/07/03 21:01:52.075, 2, 0 MiB, 81920 MiB, 0 %
2026/07/03 21:01:52.075, 3, 0 MiB, 81920 MiB, 0 %
2026/07/03 21:01:52.076, 4, 0 MiB, 81920 MiB, 0 %
2026/07/03 21:01:52.076, 5, 0 MiB, 81920 MiB, 0 %
2026/07/03 21:01:52.076, 6, 0 MiB, 81920 MiB, 0 %
2026/07/03 21:01:52.077, 7, 0 MiB, 81920 MiB, 0 %
2026/07/03 21:02:02.078, 0, 7733 MiB, 81920 MiB, 0 %
2026/07/03 21:02:02.078, 1, 0 MiB, 81920 MiB, 0 %
2026/07/03 21:02:02.079, 2, 0 MiB, 81920 MiB, 0 %
2026/07/03 21:02:02.079, 3, 0 MiB, 81920 MiB, 0 %
2026/07/03 21:02:02.079, 4, 0 MiB, 81920 MiB, 0 %
2026/07/03 21:02:02.080, 5, 0 MiB, 81920 MiB, 0 %
2026/07/03 21:02:02.080, 6, 0 MiB, 81920 MiB, 0 %
2026/07/03 21:02:02.080, 7, 0 MiB, 81920 MiB, 0 %
2026/07/03 21:02:12.081, 0, 7733 MiB, 81920 MiB, 0 %
2026/07/03 21:02:12.081, 1, 0 MiB, 81920 MiB, 0 %
2026/07/03 21:02:12.081, 2, 0 MiB, 81920 MiB, 0 %
2026/07/03 21:02:12.082, 3, 0 MiB, 81920 MiB, 0 %
2026/07/03 21:02:12.082, 4, 0 MiB, 81920 MiB, 0 %
2026/07/03 21:02:12.082, 5, 0 MiB, 81920 MiB, 0 %
2026/07/03 21:02:12.083, 6, 0 MiB, 81920 MiB, 0 %
2026/07/03 21:02:12.083, 7, 0 MiB, 81920 MiB, 0 %
2026/07/03 21:02:22.084, 0, 7733 MiB, 81920 MiB, 0 %
2026/07/03 21:02:22.085, 1, 0 MiB, 81920 MiB, 0 %
2026/07/03 21:02:22.085, 2, 0 MiB, 81920 MiB, 0 %
2026/07/03 21:02:22.086, 3, 0 MiB, 81920 MiB, 0 %
2026/07/03 21:02:22.086, 4, 0 MiB, 81920 MiB, 0 %
2026/07/03 21:02:22.086, 5, 0 MiB, 81920 MiB, 0 %
2026/07/03 21:02:22.086, 6, 0 MiB, 81920 MiB, 0 %
2026/07/03 21:02:22.087, 7, 0 MiB, 81920 MiB, 0 %
2026/07/03 21:02:32.088, 0, 7733 MiB, 81920 MiB, 0 %
2026/07/03 21:02:32.089, 1, 0 MiB, 81920 MiB, 0 %
2026/07/03 21:02:32.089, 2, 0 MiB, 81920 MiB, 0 %
2026/07/03 21:02:32.089, 3, 0 MiB, 81920 MiB, 0 %
2026/07/03 21:02:32.089, 4, 0 MiB, 81920 MiB, 0 %
2026/07/03 21:02:32.090, 5, 0 MiB, 81920 MiB, 0 %
2026/07/03 21:02:32.090, 6, 0 MiB, 81920 MiB, 0 %
2026/07/03 21:02:32.090, 7, 0 MiB, 81920 MiB, 0 %
2026/07/03 21:02:42.092, 0, 7733 MiB, 81920 MiB, 0 %
2026/07/03 21:02:42.092, 1, 0 MiB, 81920 MiB, 0 %
2026/07/03 21:02:42.092, 2, 0 MiB, 81920 MiB, 0 %
2026/07/03 21:02:42.093, 3, 0 MiB, 81920 MiB, 0 %
2026/07/03 21:02:42.093, 4, 0 MiB, 81920 MiB, 0 %
2026/07/03 21:02:42.093, 5, 0 MiB, 81920 MiB, 0 %
2026/07/03 21:02:42.094, 6, 0 MiB, 81920 MiB, 0 %
2026/07/03 21:02:42.094, 7, 0 MiB, 81920 MiB, 0 %
2026/07/03 21:02:52.095, 0, 7733 MiB, 81920 MiB, 0 %
2026/07/03 21:02:52.096, 1, 0 MiB, 81920 MiB, 0 %
2026/07/03 21:02:52.096, 2, 0 MiB, 81920 MiB, 0 %
2026/07/03 21:02:52.097, 3, 0 MiB, 81920 MiB, 0 %
2026/07/03 21:02:52.097, 4, 0 MiB, 81920 MiB, 0 %
2026/07/03 21:02:52.097, 5, 0 MiB, 81920 MiB, 0 %
2026/07/03 21:02:52.097, 6, 0 MiB, 81920 MiB, 0 %
2026/07/03 21:02:52.098, 7, 0 MiB, 81920 MiB, 0 %
2026/07/03 21:03:02.099, 0, 7733 MiB, 81920 MiB, 0 %
2026/07/03 21:03:02.100, 1, 0 MiB, 81920 MiB, 0 %
2026/07/03 21:03:02.100, 2, 0 MiB, 81920 MiB, 0 %
2026/07/03 21:03:02.100, 3, 0 MiB, 81920 MiB, 0 %
2026/07/03 21:03:02.101, 4, 0 MiB, 81920 MiB, 0 %
2026/07/03 21:03:02.101, 5, 0 MiB, 81920 MiB, 0 %
2026/07/03 21:03:02.101, 6, 0 MiB, 81920 MiB, 0 %
2026/07/03 21:03:02.101, 7, 0 MiB, 81920 MiB, 0 %
2026/07/03 21:03:12.103, 0, 7733 MiB, 81920 MiB, 0 %
2026/07/03 21:03:12.103, 1, 0 MiB, 81920 MiB, 0 %
2026/07/03 21:03:12.104, 2, 0 MiB, 81920 MiB, 0 %
2026/07/03 21:03:12.104, 3, 0 MiB, 81920 MiB, 0 %
2026/07/03 21:03:12.104, 4, 0 MiB, 81920 MiB, 0 %
2026/07/03 21:03:12.104, 5, 0 MiB, 81920 MiB, 0 %
2026/07/03 21:03:12.105, 6, 0 MiB, 81920 MiB, 0 %
2026/07/03 21:03:12.105, 7, 0 MiB, 81920 MiB, 0 %
2026/07/03 21:03:22.105, 0, 7733 MiB, 81920 MiB, 0 %
2026/07/03 21:03:22.106, 1, 0 MiB, 81920 MiB, 0 %
2026/07/03 21:03:22.106, 2, 0 MiB, 81920 MiB, 0 %
2026/07/03 21:03:22.107, 3, 0 MiB, 81920 MiB, 0 %
2026/07/03 21:03:22.107, 4, 0 MiB, 81920 MiB, 0 %
2026/07/03 21:03:22.107, 5, 0 MiB, 81920 MiB, 0 %
2026/07/03 21:03:22.107, 6, 0 MiB, 81920 MiB, 0 %
2026/07/03 21:03:22.108, 7, 0 MiB, 81920 MiB, 0 %
2026/07/03 21:03:32.109, 0, 7733 MiB, 81920 MiB, 53 %
2026/07/03 21:03:32.109, 1, 0 MiB, 81920 MiB, 0 %
2026/07/03 21:03:32.109, 2, 0 MiB, 81920 MiB, 0 %
2026/07/03 21:03:32.110, 3, 0 MiB, 81920 MiB, 0 %
2026/07/03 21:03:32.110, 4, 0 MiB, 81920 MiB, 0 %
2026/07/03 21:03:32.110, 5, 0 MiB, 81920 MiB, 0 %
2026/07/03 21:03:32.111, 6, 0 MiB, 81920 MiB, 0 %
2026/07/03 21:03:32.111, 7, 0 MiB, 81920 MiB, 0 %
2026/07/03 21:03:42.112, 0, 7733 MiB, 81920 MiB, 0 %
2026/07/03 21:03:42.112, 1, 0 MiB, 81920 MiB, 0 %
2026/07/03 21:03:42.112, 2, 0 MiB, 81920 MiB, 0 %
2026/07/03 21:03:42.113, 3, 0 MiB, 81920 MiB, 0 %
2026/07/03 21:03:42.113, 4, 0 MiB, 81920 MiB, 0 %
2026/07/03 21:03:42.113, 5, 0 MiB, 81920 MiB, 0 %
2026/07/03 21:03:42.114, 6, 0 MiB, 81920 MiB, 0 %
2026/07/03 21:03:42.114, 7, 0 MiB, 81920 MiB, 0 %
2026/07/03 21:03:52.115, 0, 7733 MiB, 81920 MiB, 0 %
2026/07/03 21:03:52.115, 1, 0 MiB, 81920 MiB, 0 %
2026/07/03 21:03:52.116, 2, 0 MiB, 81920 MiB, 0 %
2026/07/03 21:03:52.116, 3, 0 MiB, 81920 MiB, 0 %
2026/07/03 21:03:52.116, 4, 0 MiB, 81920 MiB, 0 %
2026/07/03 21:03:52.116, 5, 0 MiB, 81920 MiB, 0 %
2026/07/03 21:03:52.117, 6, 0 MiB, 81920 MiB, 0 %
2026/07/03 21:03:52.117, 7, 0 MiB, 81920 MiB, 0 %
2026/07/03 21:04:02.118, 0, 7733 MiB, 81920 MiB, 0 %
2026/07/03 21:04:02.119, 1, 0 MiB, 81920 MiB, 0 %
2026/07/03 21:04:02.119, 2, 0 MiB, 81920 MiB, 0 %
2026/07/03 21:04:02.119, 3, 0 MiB, 81920 MiB, 0 %
2026/07/03 21:04:02.119, 4, 0 MiB, 81920 MiB, 0 %
2026/07/03 21:04:02.120, 5, 0 MiB, 81920 MiB, 0 %
2026/07/03 21:04:02.120, 6, 0 MiB, 81920 MiB, 0 %
2026/07/03 21:04:02.120, 7, 0 MiB, 81920 MiB, 0 %
2026/07/03 21:04:12.121, 0, 7733 MiB, 81920 MiB, 0 %
2026/07/03 21:04:12.122, 1, 0 MiB, 81920 MiB, 0 %
2026/07/03 21:04:12.122, 2, 0 MiB, 81920 MiB, 0 %
2026/07/03 21:04:12.122, 3, 0 MiB, 81920 MiB, 0 %
2026/07/03 21:04:12.123, 4, 0 MiB, 81920 MiB, 0 %
2026/07/03 21:04:12.123, 5, 0 MiB, 81920 MiB, 0 %
2026/07/03 21:04:12.123, 6, 0 MiB, 81920 MiB, 0 %
2026/07/03 21:04:12.124, 7, 0 MiB, 81920 MiB, 0 %
2026/07/03 21:04:22.124, 0, 7733 MiB, 81920 MiB, 0 %
2026/07/03 21:04:22.125, 1, 0 MiB, 81920 MiB, 0 %
2026/07/03 21:04:22.125, 2, 0 MiB, 81920 MiB, 0 %
2026/07/03 21:04:22.125, 3, 0 MiB, 81920 MiB, 0 %
2026/07/03 21:04:22.126, 4, 0 MiB, 81920 MiB, 0 %
2026/07/03 21:04:22.126, 5, 0 MiB, 81920 MiB, 0 %
2026/07/03 21:04:22.126, 6, 0 MiB, 81920 MiB, 0 %
2026/07/03 21:04:22.127, 7, 0 MiB, 81920 MiB, 0 %
2026/07/03 21:04:32.127, 0, 7733 MiB, 81920 MiB, 0 %
2026/07/03 21:04:32.128, 1, 0 MiB, 81920 MiB, 0 %
2026/07/03 21:04:32.128, 2, 0 MiB, 81920 MiB, 0 %
2026/07/03 21:04:32.129, 3, 0 MiB, 81920 MiB, 0 %
2026/07/03 21:04:32.129, 4, 0 MiB, 81920 MiB, 0 %
2026/07/03 21:04:32.129, 5, 0 MiB, 81920 MiB, 0 %
2026/07/03 21:04:32.129, 6, 0 MiB, 81920 MiB, 0 %
2026/07/03 21:04:32.130, 7, 0 MiB, 81920 MiB, 0 %
2026/07/03 21:04:42.131, 0, 7733 MiB, 81920 MiB, 0 %
2026/07/03 21:04:42.131, 1, 0 MiB, 81920 MiB, 0 %
2026/07/03 21:04:42.131, 2, 0 MiB, 81920 MiB, 0 %
2026/07/03 21:04:42.132, 3, 0 MiB, 81920 MiB, 0 %
2026/07/03 21:04:42.132, 4, 0 MiB, 81920 MiB, 0 %
2026/07/03 21:04:42.132, 5, 0 MiB, 81920 MiB, 0 %
2026/07/03 21:04:42.133, 6, 0 MiB, 81920 MiB, 0 %
2026/07/03 21:04:42.133, 7, 0 MiB, 81920 MiB, 0 %
2026/07/03 21:04:52.133, 0, 7733 MiB, 81920 MiB, 0 %
2026/07/03 21:04:52.134, 1, 0 MiB, 81920 MiB, 0 %
2026/07/03 21:04:52.134, 2, 0 MiB, 81920 MiB, 0 %
2026/07/03 21:04:52.135, 3, 0 MiB, 81920 MiB, 0 %
2026/07/03 21:04:52.135, 4, 0 MiB, 81920 MiB, 0 %
2026/07/03 21:04:52.135, 5, 0 MiB, 81920 MiB, 0 %
2026/07/03 21:04:52.136, 6, 0 MiB, 81920 MiB, 0 %
2026/07/03 21:04:52.136, 7, 0 MiB, 81920 MiB, 0 %
2026/07/03 21:05:02.136, 0, 7733 MiB, 81920 MiB, 0 %
2026/07/03 21:05:02.137, 1, 0 MiB, 81920 MiB, 0 %
2026/07/03 21:05:02.137, 2, 0 MiB, 81920 MiB, 0 %
2026/07/03 21:05:02.137, 3, 0 MiB, 81920 MiB, 0 %
2026/07/03 21:05:02.138, 4, 0 MiB, 81920 MiB, 0 %
2026/07/03 21:05:02.138, 5, 0 MiB, 81920 MiB, 0 %
2026/07/03 21:05:02.138, 6, 0 MiB, 81920 MiB, 0 %
2026/07/03 21:05:02.139, 7, 0 MiB, 81920 MiB, 0 %
2026/07/03 21:05:12.139, 0, 7733 MiB, 81920 MiB, 0 %
2026/07/03 21:05:12.140, 1, 0 MiB, 81920 MiB, 0 %
2026/07/03 21:05:12.140, 2, 0 MiB, 81920 MiB, 0 %
2026/07/03 21:05:12.140, 3, 0 MiB, 81920 MiB, 0 %
2026/07/03 21:05:12.141, 4, 0 MiB, 81920 MiB, 0 %
2026/07/03 21:05:12.141, 5, 0 MiB, 81920 MiB, 0 %
2026/07/03 21:05:12.141, 6, 0 MiB, 81920 MiB, 0 %
2026/07/03 21:05:12.141, 7, 0 MiB, 81920 MiB, 0 %
2026/07/03 21:05:22.142, 0, 7733 MiB, 81920 MiB, 0 %
2026/07/03 21:05:22.142, 1, 0 MiB, 81920 MiB, 0 %
2026/07/03 21:05:22.143, 2, 0 MiB, 81920 MiB, 0 %
2026/07/03 21:05:22.143, 3, 0 MiB, 81920 MiB, 0 %
2026/07/03 21:05:22.143, 4, 0 MiB, 81920 MiB, 0 %
2026/07/03 21:05:22.144, 5, 0 MiB, 81920 MiB, 0 %
2026/07/03 21:05:22.144, 6, 0 MiB, 81920 MiB, 0 %
2026/07/03 21:05:22.144, 7, 0 MiB, 81920 MiB, 0 %
2026/07/03 21:05:32.145, 0, 7733 MiB, 81920 MiB, 0 %
2026/07/03 21:05:32.145, 1, 0 MiB, 81920 MiB, 0 %
2026/07/03 21:05:32.146, 2, 0 MiB, 81920 MiB, 0 %
2026/07/03 21:05:32.146, 3, 0 MiB, 81920 MiB, 0 %
2026/07/03 21:05:32.146, 4, 0 MiB, 81920 MiB, 0 %
2026/07/03 21:05:32.147, 5, 0 MiB, 81920 MiB, 0 %
2026/07/03 21:05:32.147, 6, 0 MiB, 81920 MiB, 0 %
2026/07/03 21:05:32.147, 7, 0 MiB, 81920 MiB, 0 %
2026/07/03 21:05:42.148, 0, 7733 MiB, 81920 MiB, 0 %
2026/07/03 21:05:42.148, 1, 0 MiB, 81920 MiB, 0 %
2026/07/03 21:05:42.149, 2, 0 MiB, 81920 MiB, 0 %
2026/07/03 21:05:42.149, 3, 0 MiB, 81920 MiB, 0 %
2026/07/03 21:05:42.149, 4, 0 MiB, 81920 MiB, 0 %
2026/07/03 21:05:42.150, 5, 0 MiB, 81920 MiB, 0 %
2026/07/03 21:05:42.150, 6, 0 MiB, 81920 MiB, 0 %
2026/07/03 21:05:42.150, 7, 0 MiB, 81920 MiB, 0 %
2026/07/03 21:05:52.152, 0, 7733 MiB, 81920 MiB, 0 %
2026/07/03 21:05:52.152, 1, 0 MiB, 81920 MiB, 0 %
2026/07/03 21:05:52.152, 2, 0 MiB, 81920 MiB, 0 %
2026/07/03 21:05:52.153, 3, 0 MiB, 81920 MiB, 0 %
2026/07/03 21:05:52.153, 4, 0 MiB, 81920 MiB, 0 %
2026/07/03 21:05:52.153, 5, 0 MiB, 81920 MiB, 0 %
2026/07/03 21:05:52.154, 6, 0 MiB, 81920 MiB, 0 %
2026/07/03 21:05:52.154, 7, 0 MiB, 81920 MiB, 0 %
2026/07/03 21:06:02.155, 0, 7733 MiB, 81920 MiB, 0 %
2026/07/03 21:06:02.156, 1, 0 MiB, 81920 MiB, 0 %
2026/07/03 21:06:02.156, 2, 0 MiB, 81920 MiB, 0 %
2026/07/03 21:06:02.156, 3, 0 MiB, 81920 MiB, 0 %
2026/07/03 21:06:02.157, 4, 0 MiB, 81920 MiB, 0 %
2026/07/03 21:06:02.157, 5, 0 MiB, 81920 MiB, 0 %
2026/07/03 21:06:02.157, 6, 0 MiB, 81920 MiB, 0 %
2026/07/03 21:06:02.158, 7, 0 MiB, 81920 MiB, 0 %
2026/07/03 21:06:12.159, 0, 7733 MiB, 81920 MiB, 0 %
2026/07/03 21:06:12.159, 1, 0 MiB, 81920 MiB, 0 %
2026/07/03 21:06:12.160, 2, 0 MiB, 81920 MiB, 0 %
2026/07/03 21:06:12.160, 3, 0 MiB, 81920 MiB, 0 %
2026/07/03 21:06:12.160, 4, 0 MiB, 81920 MiB, 0 %
2026/07/03 21:06:12.160, 5, 0 MiB, 81920 MiB, 0 %
2026/07/03 21:06:12.161, 6, 0 MiB, 81920 MiB, 0 %
2026/07/03 21:06:12.161, 7, 0 MiB, 81920 MiB, 0 %
2026/07/03 21:06:22.162, 0, 7733 MiB, 81920 MiB, 0 %
2026/07/03 21:06:22.163, 1, 0 MiB, 81920 MiB, 0 %
2026/07/03 21:06:22.163, 2, 0 MiB, 81920 MiB, 0 %
2026/07/03 21:06:22.164, 3, 0 MiB, 81920 MiB, 0 %
2026/07/03 21:06:22.164, 4, 0 MiB, 81920 MiB, 0 %
2026/07/03 21:06:22.164, 5, 0 MiB, 81920 MiB, 0 %
2026/07/03 21:06:22.164, 6, 0 MiB, 81920 MiB, 0 %
2026/07/03 21:06:22.165, 7, 0 MiB, 81920 MiB, 0 %
2026/07/03 21:06:32.166, 0, 7733 MiB, 81920 MiB, 0 %
2026/07/03 21:06:32.166, 1, 0 MiB, 81920 MiB, 0 %
2026/07/03 21:06:32.167, 2, 0 MiB, 81920 MiB, 0 %
2026/07/03 21:06:32.167, 3, 0 MiB, 81920 MiB, 0 %
2026/07/03 21:06:32.167, 4, 0 MiB, 81920 MiB, 0 %
2026/07/03 21:06:32.168, 5, 0 MiB, 81920 MiB, 0 %
2026/07/03 21:06:32.168, 6, 0 MiB, 81920 MiB, 0 %
2026/07/03 21:06:32.168, 7, 0 MiB, 81920 MiB, 0 %
2026/07/03 21:06:42.169, 0, 7733 MiB, 81920 MiB, 0 %
2026/07/03 21:06:42.170, 1, 0 MiB, 81920 MiB, 0 %
2026/07/03 21:06:42.170, 2, 0 MiB, 81920 MiB, 0 %
2026/07/03 21:06:42.171, 3, 0 MiB, 81920 MiB, 0 %
2026/07/03 21:06:42.171, 4, 0 MiB, 81920 MiB, 0 %
2026/07/03 21:06:42.171, 5, 0 MiB, 81920 MiB, 0 %
2026/07/03 21:06:42.171, 6, 0 MiB, 81920 MiB, 0 %
2026/07/03 21:06:42.172, 7, 0 MiB, 81920 MiB, 0 %
2026/07/03 21:06:52.173, 0, 7733 MiB, 81920 MiB, 0 %
2026/07/03 21:06:52.174, 1, 0 MiB, 81920 MiB, 0 %
2026/07/03 21:06:52.174, 2, 0 MiB, 81920 MiB, 0 %
2026/07/03 21:06:52.174, 3, 0 MiB, 81920 MiB, 0 %
2026/07/03 21:06:52.175, 4, 0 MiB, 81920 MiB, 0 %
2026/07/03 21:06:52.175, 5, 0 MiB, 81920 MiB, 0 %
2026/07/03 21:06:52.175, 6, 0 MiB, 81920 MiB, 0 %
2026/07/03 21:06:52.176, 7, 0 MiB, 81920 MiB, 0 %
2026/07/03 21:07:02.176, 0, 7733 MiB, 81920 MiB, 0 %
2026/07/03 21:07:02.177, 1, 0 MiB, 81920 MiB, 0 %
2026/07/03 21:07:02.177, 2, 0 MiB, 81920 MiB, 0 %
2026/07/03 21:07:02.177, 3, 0 MiB, 81920 MiB, 0 %
2026/07/03 21:07:02.178, 4, 0 MiB, 81920 MiB, 0 %
2026/07/03 21:07:02.178, 5, 0 MiB, 81920 MiB, 0 %
2026/07/03 21:07:02.178, 6, 0 MiB, 81920 MiB, 0 %
2026/07/03 21:07:02.179, 7, 0 MiB, 81920 MiB, 0 %
2026/07/03 21:07:12.180, 0, 7733 MiB, 81920 MiB, 0 %
2026/07/03 21:07:12.180, 1, 0 MiB, 81920 MiB, 0 %
2026/07/03 21:07:12.181, 2, 0 MiB, 81920 MiB, 0 %
2026/07/03 21:07:12.181, 3, 0 MiB, 81920 MiB, 0 %
2026/07/03 21:07:12.181, 4, 0 MiB, 81920 MiB, 0 %
2026/07/03 21:07:12.182, 5, 0 MiB, 81920 MiB, 0 %
2026/07/03 21:07:12.182, 6, 0 MiB, 81920 MiB, 0 %
2026/07/03 21:07:12.182, 7, 0 MiB, 81920 MiB, 0 %
2026/07/03 21:07:22.184, 0, 7733 MiB, 81920 MiB, 0 %
2026/07/03 21:07:22.184, 1, 0 MiB, 81920 MiB, 0 %
2026/07/03 21:07:22.185, 2, 0 MiB, 81920 MiB, 0 %
2026/07/03 21:07:22.185, 3, 0 MiB, 81920 MiB, 0 %
2026/07/03 21:07:22.185, 4, 0 MiB, 81920 MiB, 0 %
2026/07/03 21:07:22.186, 5, 0 MiB, 81920 MiB, 0 %
2026/07/03 21:07:22.186, 6, 0 MiB, 81920 MiB, 0 %
2026/07/03 21:07:22.186, 7, 0 MiB, 81920 MiB, 0 %
2026/07/03 21:07:32.187, 0, 7733 MiB, 81920 MiB, 0 %
2026/07/03 21:07:32.187, 1, 0 MiB, 81920 MiB, 0 %
2026/07/03 21:07:32.188, 2, 0 MiB, 81920 MiB, 0 %
2026/07/03 21:07:32.188, 3, 0 MiB, 81920 MiB, 0 %
2026/07/03 21:07:32.188, 4, 0 MiB, 81920 MiB, 0 %
2026/07/03 21:07:32.188, 5, 0 MiB, 81920 MiB, 0 %
2026/07/03 21:07:32.189, 6, 0 MiB, 81920 MiB, 0 %
2026/07/03 21:07:32.189, 7, 0 MiB, 81920 MiB, 0 %
2026/07/03 21:07:42.190, 0, 7733 MiB, 81920 MiB, 61 %
2026/07/03 21:07:42.190, 1, 0 MiB, 81920 MiB, 0 %
2026/07/03 21:07:42.191, 2, 0 MiB, 81920 MiB, 0 %
2026/07/03 21:07:42.191, 3, 0 MiB, 81920 MiB, 0 %
2026/07/03 21:07:42.191, 4, 0 MiB, 81920 MiB, 0 %
2026/07/03 21:07:42.192, 5, 0 MiB, 81920 MiB, 0 %
2026/07/03 21:07:42.192, 6, 0 MiB, 81920 MiB, 0 %
2026/07/03 21:07:42.192, 7, 0 MiB, 81920 MiB, 0 %
2026/07/03 21:07:52.194, 0, 7733 MiB, 81920 MiB, 8 %
2026/07/03 21:07:52.194, 1, 0 MiB, 81920 MiB, 0 %
2026/07/03 21:07:52.194, 2, 0 MiB, 81920 MiB, 0 %
2026/07/03 21:07:52.195, 3, 0 MiB, 81920 MiB, 0 %
2026/07/03 21:07:52.195, 4, 0 MiB, 81920 MiB, 0 %
2026/07/03 21:07:52.195, 5, 0 MiB, 81920 MiB, 0 %
2026/07/03 21:07:52.196, 6, 0 MiB, 81920 MiB, 0 %
2026/07/03 21:07:52.196, 7, 0 MiB, 81920 MiB, 0 %
2026/07/03 21:08:02.197, 0, 7733 MiB, 81920 MiB, 0 %
2026/07/03 21:08:02.197, 1, 0 MiB, 81920 MiB, 0 %
2026/07/03 21:08:02.198, 2, 0 MiB, 81920 MiB, 0 %
2026/07/03 21:08:02.198, 3, 0 MiB, 81920 MiB, 0 %
2026/07/03 21:08:02.198, 4, 0 MiB, 81920 MiB, 0 %
2026/07/03 21:08:02.199, 5, 0 MiB, 81920 MiB, 0 %
2026/07/03 21:08:02.199, 6, 0 MiB, 81920 MiB, 0 %
2026/07/03 21:08:02.199, 7, 0 MiB, 81920 MiB, 0 %
2026/07/03 21:08:12.200, 0, 7733 MiB, 81920 MiB, 0 %
2026/07/03 21:08:12.200, 1, 0 MiB, 81920 MiB, 0 %
2026/07/03 21:08:12.201, 2, 0 MiB, 81920 MiB, 0 %
2026/07/03 21:08:12.201, 3, 0 MiB, 81920 MiB, 0 %
2026/07/03 21:08:12.201, 4, 0 MiB, 81920 MiB, 0 %
2026/07/03 21:08:12.201, 5, 0 MiB, 81920 MiB, 0 %
2026/07/03 21:08:12.202, 6, 0 MiB, 81920 MiB, 0 %
2026/07/03 21:08:12.202, 7, 0 MiB, 81920 MiB, 0 %
2026/07/03 21:08:22.203, 0, 7733 MiB, 81920 MiB, 0 %
2026/07/03 21:08:22.204, 1, 0 MiB, 81920 MiB, 0 %
2026/07/03 21:08:22.204, 2, 0 MiB, 81920 MiB, 0 %
2026/07/03 21:08:22.204, 3, 0 MiB, 81920 MiB, 0 %
2026/07/03 21:08:22.205, 4, 0 MiB, 81920 MiB, 0 %
2026/07/03 21:08:22.205, 5, 0 MiB, 81920 MiB, 0 %
2026/07/03 21:08:22.205, 6, 0 MiB, 81920 MiB, 0 %
2026/07/03 21:08:22.206, 7, 0 MiB, 81920 MiB, 0 %
2026/07/03 21:08:32.207, 0, 7733 MiB, 81920 MiB, 0 %
2026/07/03 21:08:32.207, 1, 0 MiB, 81920 MiB, 0 %
2026/07/03 21:08:32.208, 2, 0 MiB, 81920 MiB, 0 %
2026/07/03 21:08:32.208, 3, 0 MiB, 81920 MiB, 0 %
2026/07/03 21:08:32.208, 4, 0 MiB, 81920 MiB, 0 %
2026/07/03 21:08:32.209, 5, 0 MiB, 81920 MiB, 0 %
2026/07/03 21:08:32.209, 6, 0 MiB, 81920 MiB, 0 %
2026/07/03 21:08:32.209, 7, 0 MiB, 81920 MiB, 0 %
2026/07/03 21:08:42.211, 0, 7733 MiB, 81920 MiB, 0 %
2026/07/03 21:08:42.211, 1, 0 MiB, 81920 MiB, 0 %
2026/07/03 21:08:42.211, 2, 0 MiB, 81920 MiB, 0 %
2026/07/03 21:08:42.212, 3, 0 MiB, 81920 MiB, 0 %
2026/07/03 21:08:42.212, 4, 0 MiB, 81920 MiB, 0 %
2026/07/03 21:08:42.212, 5, 0 MiB, 81920 MiB, 0 %
2026/07/03 21:08:42.212, 6, 0 MiB, 81920 MiB, 0 %
2026/07/03 21:08:42.213, 7, 0 MiB, 81920 MiB, 0 %
2026/07/03 21:08:52.213, 0, 7733 MiB, 81920 MiB, 0 %
2026/07/03 21:08:52.214, 1, 0 MiB, 81920 MiB, 0 %
2026/07/03 21:08:52.214, 2, 0 MiB, 81920 MiB, 0 %
2026/07/03 21:08:52.215, 3, 0 MiB, 81920 MiB, 0 %
2026/07/03 21:08:52.215, 4, 0 MiB, 81920 MiB, 0 %
2026/07/03 21:08:52.215, 5, 0 MiB, 81920 MiB, 0 %
2026/07/03 21:08:52.215, 6, 0 MiB, 81920 MiB, 0 %
2026/07/03 21:08:52.216, 7, 0 MiB, 81920 MiB, 0 %
2026/07/03 21:09:02.217, 0, 7733 MiB, 81920 MiB, 0 %
2026/07/03 21:09:02.217, 1, 0 MiB, 81920 MiB, 0 %
2026/07/03 21:09:02.218, 2, 0 MiB, 81920 MiB, 0 %
2026/07/03 21:09:02.218, 3, 0 MiB, 81920 MiB, 0 %
2026/07/03 21:09:02.218, 4, 0 MiB, 81920 MiB, 0 %
2026/07/03 21:09:02.219, 5, 0 MiB, 81920 MiB, 0 %
2026/07/03 21:09:02.219, 6, 0 MiB, 81920 MiB, 0 %
2026/07/03 21:09:02.219, 7, 0 MiB, 81920 MiB, 0 %
2026/07/03 21:09:12.220, 0, 7733 MiB, 81920 MiB, 0 %
2026/07/03 21:09:12.220, 1, 0 MiB, 81920 MiB, 0 %
2026/07/03 21:09:12.221, 2, 0 MiB, 81920 MiB, 0 %
2026/07/03 21:09:12.221, 3, 0 MiB, 81920 MiB, 0 %
2026/07/03 21:09:12.221, 4, 0 MiB, 81920 MiB, 0 %
2026/07/03 21:09:12.222, 5, 0 MiB, 81920 MiB, 0 %
2026/07/03 21:09:12.222, 6, 0 MiB, 81920 MiB, 0 %
2026/07/03 21:09:12.222, 7, 0 MiB, 81920 MiB, 0 %
2026/07/03 21:09:22.223, 0, 7733 MiB, 81920 MiB, 0 %
2026/07/03 21:09:22.224, 1, 0 MiB, 81920 MiB, 0 %
2026/07/03 21:09:22.224, 2, 0 MiB, 81920 MiB, 0 %
2026/07/03 21:09:22.224, 3, 0 MiB, 81920 MiB, 0 %
2026/07/03 21:09:22.225, 4, 0 MiB, 81920 MiB, 0 %
2026/07/03 21:09:22.225, 5, 0 MiB, 81920 MiB, 0 %
2026/07/03 21:09:22.225, 6, 0 MiB, 81920 MiB, 0 %
2026/07/03 21:09:22.226, 7, 0 MiB, 81920 MiB, 0 %
2026/07/03 21:09:32.227, 0, 7733 MiB, 81920 MiB, 0 %
2026/07/03 21:09:32.227, 1, 0 MiB, 81920 MiB, 0 %
2026/07/03 21:09:32.227, 2, 0 MiB, 81920 MiB, 0 %
2026/07/03 21:09:32.228, 3, 0 MiB, 81920 MiB, 0 %
2026/07/03 21:09:32.228, 4, 0 MiB, 81920 MiB, 0 %
2026/07/03 21:09:32.228, 5, 0 MiB, 81920 MiB, 0 %
2026/07/03 21:09:32.229, 6, 0 MiB, 81920 MiB, 0 %
2026/07/03 21:09:32.229, 7, 0 MiB, 81920 MiB, 0 %
2026/07/03 21:09:42.230, 0, 7733 MiB, 81920 MiB, 0 %
2026/07/03 21:09:42.231, 1, 0 MiB, 81920 MiB, 0 %
2026/07/03 21:09:42.231, 2, 0 MiB, 81920 MiB, 0 %
2026/07/03 21:09:42.231, 3, 0 MiB, 81920 MiB, 0 %
2026/07/03 21:09:42.231, 4, 0 MiB, 81920 MiB, 0 %
2026/07/03 21:09:42.232, 5, 0 MiB, 81920 MiB, 0 %
2026/07/03 21:09:42.232, 6, 0 MiB, 81920 MiB, 0 %
2026/07/03 21:09:42.232, 7, 0 MiB, 81920 MiB, 0 %
2026/07/03 21:09:52.234, 0, 7733 MiB, 81920 MiB, 0 %
2026/07/03 21:09:52.234, 1, 0 MiB, 81920 MiB, 0 %
2026/07/03 21:09:52.234, 2, 0 MiB, 81920 MiB, 0 %
2026/07/03 21:09:52.235, 3, 0 MiB, 81920 MiB, 0 %
2026/07/03 21:09:52.235, 4, 0 MiB, 81920 MiB, 0 %
2026/07/03 21:09:52.235, 5, 0 MiB, 81920 MiB, 0 %
2026/07/03 21:09:52.236, 6, 0 MiB, 81920 MiB, 0 %
2026/07/03 21:09:52.236, 7, 0 MiB, 81920 MiB, 0 %
2026/07/03 21:10:02.237, 0, 7733 MiB, 81920 MiB, 0 %
2026/07/03 21:10:02.238, 1, 0 MiB, 81920 MiB, 0 %
2026/07/03 21:10:02.238, 2, 0 MiB, 81920 MiB, 0 %
2026/07/03 21:10:02.238, 3, 0 MiB, 81920 MiB, 0 %
2026/07/03 21:10:02.239, 4, 0 MiB, 81920 MiB, 0 %
2026/07/03 21:10:02.239, 5, 0 MiB, 81920 MiB, 0 %
2026/07/03 21:10:02.239, 6, 0 MiB, 81920 MiB, 0 %
2026/07/03 21:10:02.239, 7, 0 MiB, 81920 MiB, 0 %
2026/07/03 21:10:12.241, 0, 7733 MiB, 81920 MiB, 0 %
2026/07/03 21:10:12.241, 1, 0 MiB, 81920 MiB, 0 %
2026/07/03 21:10:12.241, 2, 0 MiB, 81920 MiB, 0 %
2026/07/03 21:10:12.242, 3, 0 MiB, 81920 MiB, 0 %
2026/07/03 21:10:12.242, 4, 0 MiB, 81920 MiB, 0 %
2026/07/03 21:10:12.242, 5, 0 MiB, 81920 MiB, 0 %
2026/07/03 21:10:12.243, 6, 0 MiB, 81920 MiB, 0 %
2026/07/03 21:10:12.243, 7, 0 MiB, 81920 MiB, 0 %
2026/07/03 21:10:22.244, 0, 7733 MiB, 81920 MiB, 0 %
2026/07/03 21:10:22.245, 1, 0 MiB, 81920 MiB, 0 %
2026/07/03 21:10:22.245, 2, 0 MiB, 81920 MiB, 0 %
2026/07/03 21:10:22.245, 3, 0 MiB, 81920 MiB, 0 %
2026/07/03 21:10:22.246, 4, 0 MiB, 81920 MiB, 0 %
2026/07/03 21:10:22.246, 5, 0 MiB, 81920 MiB, 0 %
2026/07/03 21:10:22.246, 6, 0 MiB, 81920 MiB, 0 %
2026/07/03 21:10:22.246, 7, 0 MiB, 81920 MiB, 0 %
2026/07/03 21:10:32.247, 0, 7733 MiB, 81920 MiB, 61 %
2026/07/03 21:10:32.247, 1, 0 MiB, 81920 MiB, 0 %
2026/07/03 21:10:32.248, 2, 0 MiB, 81920 MiB, 0 %
2026/07/03 21:10:32.248, 3, 0 MiB, 81920 MiB, 0 %
2026/07/03 21:10:32.248, 4, 0 MiB, 81920 MiB, 0 %
2026/07/03 21:10:32.249, 5, 0 MiB, 81920 MiB, 0 %
2026/07/03 21:10:32.249, 6, 0 MiB, 81920 MiB, 0 %
2026/07/03 21:10:32.249, 7, 0 MiB, 81920 MiB, 0 %
2026/07/03 21:10:42.250, 0, 7733 MiB, 81920 MiB, 61 %
2026/07/03 21:10:42.250, 1, 0 MiB, 81920 MiB, 0 %
2026/07/03 21:10:42.250, 2, 0 MiB, 81920 MiB, 0 %
2026/07/03 21:10:42.251, 3, 0 MiB, 81920 MiB, 0 %
2026/07/03 21:10:42.251, 4, 0 MiB, 81920 MiB, 0 %
2026/07/03 21:10:42.251, 5, 0 MiB, 81920 MiB, 0 %
2026/07/03 21:10:42.252, 6, 0 MiB, 81920 MiB, 0 %
2026/07/03 21:10:42.252, 7, 0 MiB, 81920 MiB, 0 %
2026/07/03 21:10:52.253, 0, 7733 MiB, 81920 MiB, 0 %
2026/07/03 21:10:52.254, 1, 0 MiB, 81920 MiB, 0 %
2026/07/03 21:10:52.254, 2, 0 MiB, 81920 MiB, 0 %
2026/07/03 21:10:52.254, 3, 0 MiB, 81920 MiB, 0 %
2026/07/03 21:10:52.255, 4, 0 MiB, 81920 MiB, 0 %
2026/07/03 21:10:52.255, 5, 0 MiB, 81920 MiB, 0 %
2026/07/03 21:10:52.255, 6, 0 MiB, 81920 MiB, 0 %
2026/07/03 21:10:52.255, 7, 0 MiB, 81920 MiB, 0 %
2026/07/03 21:11:02.257, 0, 7733 MiB, 81920 MiB, 0 %
2026/07/03 21:11:02.257, 1, 0 MiB, 81920 MiB, 0 %
2026/07/03 21:11:02.258, 2, 0 MiB, 81920 MiB, 0 %
2026/07/03 21:11:02.258, 3, 0 MiB, 81920 MiB, 0 %
2026/07/03 21:11:02.258, 4, 0 MiB, 81920 MiB, 0 %
2026/07/03 21:11:02.259, 5, 0 MiB, 81920 MiB, 0 %
2026/07/03 21:11:02.259, 6, 0 MiB, 81920 MiB, 0 %
2026/07/03 21:11:02.259, 7, 0 MiB, 81920 MiB, 0 %
2026/07/03 21:11:12.260, 0, 7733 MiB, 81920 MiB, 0 %
2026/07/03 21:11:12.261, 1, 0 MiB, 81920 MiB, 0 %
2026/07/03 21:11:12.261, 2, 0 MiB, 81920 MiB, 0 %
2026/07/03 21:11:12.262, 3, 0 MiB, 81920 MiB, 0 %
2026/07/03 21:11:12.262, 4, 0 MiB, 81920 MiB, 0 %
2026/07/03 21:11:12.262, 5, 0 MiB, 81920 MiB, 0 %
2026/07/03 21:11:12.262, 6, 0 MiB, 81920 MiB, 0 %
2026/07/03 21:11:12.263, 7, 0 MiB, 81920 MiB, 0 %
2026/07/03 21:11:22.264, 0, 7733 MiB, 81920 MiB, 60 %
2026/07/03 21:11:22.264, 1, 0 MiB, 81920 MiB, 0 %
2026/07/03 21:11:22.265, 2, 0 MiB, 81920 MiB, 0 %
2026/07/03 21:11:22.265, 3, 0 MiB, 81920 MiB, 0 %
2026/07/03 21:11:22.265, 4, 0 MiB, 81920 MiB, 0 %
2026/07/03 21:11:22.266, 5, 0 MiB, 81920 MiB, 0 %
2026/07/03 21:11:22.266, 6, 0 MiB, 81920 MiB, 0 %
2026/07/03 21:11:22.266, 7, 0 MiB, 81920 MiB, 0 %
2026/07/03 21:11:32.267, 0, 7733 MiB, 81920 MiB, 62 %
2026/07/03 21:11:32.268, 1, 0 MiB, 81920 MiB, 0 %
2026/07/03 21:11:32.268, 2, 0 MiB, 81920 MiB, 0 %
2026/07/03 21:11:32.269, 3, 0 MiB, 81920 MiB, 0 %
2026/07/03 21:11:32.269, 4, 0 MiB, 81920 MiB, 0 %
2026/07/03 21:11:32.269, 5, 0 MiB, 81920 MiB, 0 %
2026/07/03 21:11:32.270, 6, 0 MiB, 81920 MiB, 0 %
2026/07/03 21:11:32.270, 7, 0 MiB, 81920 MiB, 0 %
2026/07/03 21:11:42.271, 0, 7733 MiB, 81920 MiB, 0 %
2026/07/03 21:11:42.272, 1, 0 MiB, 81920 MiB, 0 %
2026/07/03 21:11:42.272, 2, 0 MiB, 81920 MiB, 0 %
2026/07/03 21:11:42.272, 3, 0 MiB, 81920 MiB, 0 %
2026/07/03 21:11:42.272, 4, 0 MiB, 81920 MiB, 0 %
2026/07/03 21:11:42.273, 5, 0 MiB, 81920 MiB, 0 %
2026/07/03 21:11:42.273, 6, 0 MiB, 81920 MiB, 0 %
2026/07/03 21:11:42.273, 7, 0 MiB, 81920 MiB, 0 %
2026/07/03 21:11:52.275, 0, 7733 MiB, 81920 MiB, 0 %
2026/07/03 21:11:52.275, 1, 0 MiB, 81920 MiB, 0 %
2026/07/03 21:11:52.276, 2, 0 MiB, 81920 MiB, 0 %
2026/07/03 21:11:52.276, 3, 0 MiB, 81920 MiB, 0 %
2026/07/03 21:11:52.276, 4, 0 MiB, 81920 MiB, 0 %
2026/07/03 21:11:52.276, 5, 0 MiB, 81920 MiB, 0 %
2026/07/03 21:11:52.277, 6, 0 MiB, 81920 MiB, 0 %
2026/07/03 21:11:52.277, 7, 0 MiB, 81920 MiB, 0 %
2026/07/03 21:12:02.278, 0, 7733 MiB, 81920 MiB, 0 %
2026/07/03 21:12:02.279, 1, 0 MiB, 81920 MiB, 0 %
2026/07/03 21:12:02.279, 2, 0 MiB, 81920 MiB, 0 %
2026/07/03 21:12:02.279, 3, 0 MiB, 81920 MiB, 0 %
2026/07/03 21:12:02.279, 4, 0 MiB, 81920 MiB, 0 %
2026/07/03 21:12:02.280, 5, 0 MiB, 81920 MiB, 0 %
2026/07/03 21:12:02.280, 6, 0 MiB, 81920 MiB, 0 %
2026/07/03 21:12:02.280, 7, 0 MiB, 81920 MiB, 0 %
2026/07/03 21:12:12.282, 0, 7733 MiB, 81920 MiB, 0 %
2026/07/03 21:12:12.282, 1, 0 MiB, 81920 MiB, 0 %
2026/07/03 21:12:12.282, 2, 0 MiB, 81920 MiB, 0 %
2026/07/03 21:12:12.283, 3, 0 MiB, 81920 MiB, 0 %
2026/07/03 21:12:12.283, 4, 0 MiB, 81920 MiB, 0 %
2026/07/03 21:12:12.283, 5, 0 MiB, 81920 MiB, 0 %
2026/07/03 21:12:12.284, 6, 0 MiB, 81920 MiB, 0 %
2026/07/03 21:12:12.284, 7, 0 MiB, 81920 MiB, 0 %
2026/07/03 21:12:22.285, 0, 7733 MiB, 81920 MiB, 0 %
2026/07/03 21:12:22.285, 1, 0 MiB, 81920 MiB, 0 %
2026/07/03 21:12:22.285, 2, 0 MiB, 81920 MiB, 0 %
2026/07/03 21:12:22.286, 3, 0 MiB, 81920 MiB, 0 %
2026/07/03 21:12:22.286, 4, 0 MiB, 81920 MiB, 0 %
2026/07/03 21:12:22.286, 5, 0 MiB, 81920 MiB, 0 %
2026/07/03 21:12:22.287, 6, 0 MiB, 81920 MiB, 0 %
2026/07/03 21:12:22.287, 7, 0 MiB, 81920 MiB, 0 %
2026/07/03 21:12:32.288, 0, 7733 MiB, 81920 MiB, 56 %
2026/07/03 21:12:32.289, 1, 0 MiB, 81920 MiB, 0 %
2026/07/03 21:12:32.289, 2, 0 MiB, 81920 MiB, 0 %
2026/07/03 21:12:32.289, 3, 0 MiB, 81920 MiB, 0 %
2026/07/03 21:12:32.289, 4, 0 MiB, 81920 MiB, 0 %
2026/07/03 21:12:32.290, 5, 0 MiB, 81920 MiB, 0 %
2026/07/03 21:12:32.290, 6, 0 MiB, 81920 MiB, 0 %
2026/07/03 21:12:32.290, 7, 0 MiB, 81920 MiB, 0 %
2026/07/03 21:12:42.291, 0, 7733 MiB, 81920 MiB, 0 %
2026/07/03 21:12:42.291, 1, 0 MiB, 81920 MiB, 0 %
2026/07/03 21:12:42.292, 2, 0 MiB, 81920 MiB, 0 %
2026/07/03 21:12:42.292, 3, 0 MiB, 81920 MiB, 0 %
2026/07/03 21:12:42.292, 4, 0 MiB, 81920 MiB, 0 %
2026/07/03 21:12:42.293, 5, 0 MiB, 81920 MiB, 0 %
2026/07/03 21:12:42.293, 6, 0 MiB, 81920 MiB, 0 %
2026/07/03 21:12:42.293, 7, 0 MiB, 81920 MiB, 0 %
2026/07/03 21:12:52.294, 0, 7733 MiB, 81920 MiB, 0 %
2026/07/03 21:12:52.295, 1, 0 MiB, 81920 MiB, 0 %
2026/07/03 21:12:52.295, 2, 0 MiB, 81920 MiB, 0 %
2026/07/03 21:12:52.295, 3, 0 MiB, 81920 MiB, 0 %
2026/07/03 21:12:52.296, 4, 0 MiB, 81920 MiB, 0 %
2026/07/03 21:12:52.296, 5, 0 MiB, 81920 MiB, 0 %
2026/07/03 21:12:52.296, 6, 0 MiB, 81920 MiB, 0 %
2026/07/03 21:12:52.297, 7, 0 MiB, 81920 MiB, 0 %
2026/07/03 21:13:02.298, 0, 7733 MiB, 81920 MiB, 0 %
2026/07/03 21:13:02.299, 1, 0 MiB, 81920 MiB, 0 %
2026/07/03 21:13:02.299, 2, 0 MiB, 81920 MiB, 0 %
2026/07/03 21:13:02.299, 3, 0 MiB, 81920 MiB, 0 %
2026/07/03 21:13:02.299, 4, 0 MiB, 81920 MiB, 0 %
2026/07/03 21:13:02.300, 5, 0 MiB, 81920 MiB, 0 %
2026/07/03 21:13:02.300, 6, 0 MiB, 81920 MiB, 0 %
2026/07/03 21:13:02.300, 7, 0 MiB, 81920 MiB, 0 %
2026/07/03 21:13:12.302, 0, 7733 MiB, 81920 MiB, 0 %
2026/07/03 21:13:12.302, 1, 0 MiB, 81920 MiB, 0 %
2026/07/03 21:13:12.303, 2, 0 MiB, 81920 MiB, 0 %
2026/07/03 21:13:12.303, 3, 0 MiB, 81920 MiB, 0 %
2026/07/03 21:13:12.303, 4, 0 MiB, 81920 MiB, 0 %
2026/07/03 21:13:12.303, 5, 0 MiB, 81920 MiB, 0 %
2026/07/03 21:13:12.304, 6, 0 MiB, 81920 MiB, 0 %
2026/07/03 21:13:12.304, 7, 0 MiB, 81920 MiB, 0 %
2026/07/03 21:13:22.305, 0, 7733 MiB, 81920 MiB, 0 %
2026/07/03 21:13:22.306, 1, 0 MiB, 81920 MiB, 0 %
2026/07/03 21:13:22.306, 2, 0 MiB, 81920 MiB, 0 %
2026/07/03 21:13:22.306, 3, 0 MiB, 81920 MiB, 0 %
2026/07/03 21:13:22.307, 4, 0 MiB, 81920 MiB, 0 %
2026/07/03 21:13:22.307, 5, 0 MiB, 81920 MiB, 0 %
2026/07/03 21:13:22.307, 6, 0 MiB, 81920 MiB, 0 %
2026/07/03 21:13:22.308, 7, 0 MiB, 81920 MiB, 0 %
2026/07/03 21:13:32.309, 0, 7733 MiB, 81920 MiB, 62 %
2026/07/03 21:13:32.309, 1, 0 MiB, 81920 MiB, 0 %
2026/07/03 21:13:32.310, 2, 0 MiB, 81920 MiB, 0 %
2026/07/03 21:13:32.310, 3, 0 MiB, 81920 MiB, 0 %
2026/07/03 21:13:32.310, 4, 0 MiB, 81920 MiB, 0 %
2026/07/03 21:13:32.311, 5, 0 MiB, 81920 MiB, 0 %
2026/07/03 21:13:32.311, 6, 0 MiB, 81920 MiB, 0 %
2026/07/03 21:13:32.311, 7, 0 MiB, 81920 MiB, 0 %
2026/07/03 21:13:42.312, 0, 7733 MiB, 81920 MiB, 60 %
2026/07/03 21:13:42.313, 1, 0 MiB, 81920 MiB, 0 %
2026/07/03 21:13:42.313, 2, 0 MiB, 81920 MiB, 0 %
2026/07/03 21:13:42.314, 3, 0 MiB, 81920 MiB, 0 %
2026/07/03 21:13:42.314, 4, 0 MiB, 81920 MiB, 0 %
2026/07/03 21:13:42.314, 5, 0 MiB, 81920 MiB, 0 %
2026/07/03 21:13:42.315, 6, 0 MiB, 81920 MiB, 0 %
2026/07/03 21:13:42.315, 7, 0 MiB, 81920 MiB, 0 %
2026/07/03 21:13:52.316, 0, 7733 MiB, 81920 MiB, 0 %
2026/07/03 21:13:52.317, 1, 0 MiB, 81920 MiB, 0 %
2026/07/03 21:13:52.317, 2, 0 MiB, 81920 MiB, 0 %
2026/07/03 21:13:52.317, 3, 0 MiB, 81920 MiB, 0 %
2026/07/03 21:13:52.318, 4, 0 MiB, 81920 MiB, 0 %
2026/07/03 21:13:52.318, 5, 0 MiB, 81920 MiB, 0 %
2026/07/03 21:13:52.318, 6, 0 MiB, 81920 MiB, 0 %
2026/07/03 21:13:52.318, 7, 0 MiB, 81920 MiB, 0 %
2026/07/03 21:14:02.319, 0, 7733 MiB, 81920 MiB, 0 %
2026/07/03 21:14:02.320, 1, 0 MiB, 81920 MiB, 0 %
2026/07/03 21:14:02.320, 2, 0 MiB, 81920 MiB, 0 %
2026/07/03 21:14:02.320, 3, 0 MiB, 81920 MiB, 0 %
2026/07/03 21:14:02.320, 4, 0 MiB, 81920 MiB, 0 %
2026/07/03 21:14:02.321, 5, 0 MiB, 81920 MiB, 0 %
2026/07/03 21:14:02.321, 6, 0 MiB, 81920 MiB, 0 %
2026/07/03 21:14:02.321, 7, 0 MiB, 81920 MiB, 0 %
2026/07/03 21:14:12.322, 0, 7733 MiB, 81920 MiB, 0 %
2026/07/03 21:14:12.322, 1, 0 MiB, 81920 MiB, 0 %
2026/07/03 21:14:12.323, 2, 0 MiB, 81920 MiB, 0 %
2026/07/03 21:14:12.323, 3, 0 MiB, 81920 MiB, 0 %
2026/07/03 21:14:12.323, 4, 0 MiB, 81920 MiB, 0 %
2026/07/03 21:14:12.323, 5, 0 MiB, 81920 MiB, 0 %
2026/07/03 21:14:12.324, 6, 0 MiB, 81920 MiB, 0 %
2026/07/03 21:14:12.324, 7, 0 MiB, 81920 MiB, 0 %
2026/07/03 21:14:22.325, 0, 7733 MiB, 81920 MiB, 2 %
2026/07/03 21:14:22.325, 1, 0 MiB, 81920 MiB, 0 %
2026/07/03 21:14:22.325, 2, 0 MiB, 81920 MiB, 0 %
2026/07/03 21:14:22.326, 3, 0 MiB, 81920 MiB, 0 %
2026/07/03 21:14:22.326, 4, 0 MiB, 81920 MiB, 0 %
2026/07/03 21:14:22.326, 5, 0 MiB, 81920 MiB, 0 %
2026/07/03 21:14:22.327, 6, 0 MiB, 81920 MiB, 0 %
2026/07/03 21:14:22.327, 7, 0 MiB, 81920 MiB, 0 %
2026/07/03 21:14:32.328, 0, 7733 MiB, 81920 MiB, 0 %
2026/07/03 21:14:32.329, 1, 0 MiB, 81920 MiB, 0 %
2026/07/03 21:14:32.329, 2, 0 MiB, 81920 MiB, 0 %
2026/07/03 21:14:32.329, 3, 0 MiB, 81920 MiB, 0 %
2026/07/03 21:14:32.330, 4, 0 MiB, 81920 MiB, 0 %
2026/07/03 21:14:32.330, 5, 0 MiB, 81920 MiB, 0 %
2026/07/03 21:14:32.330, 6, 0 MiB, 81920 MiB, 0 %
2026/07/03 21:14:32.330, 7, 0 MiB, 81920 MiB, 0 %
2026/07/03 21:14:42.331, 0, 7733 MiB, 81920 MiB, 0 %
2026/07/03 21:14:42.331, 1, 0 MiB, 81920 MiB, 0 %
2026/07/03 21:14:42.332, 2, 0 MiB, 81920 MiB, 0 %
2026/07/03 21:14:42.332, 3, 0 MiB, 81920 MiB, 0 %
2026/07/03 21:14:42.332, 4, 0 MiB, 81920 MiB, 0 %
2026/07/03 21:14:42.333, 5, 0 MiB, 81920 MiB, 0 %
2026/07/03 21:14:42.333, 6, 0 MiB, 81920 MiB, 0 %
2026/07/03 21:14:42.333, 7, 0 MiB, 81920 MiB, 0 %
2026/07/03 21:14:52.335, 0, 7733 MiB, 81920 MiB, 0 %
2026/07/03 21:14:52.335, 1, 0 MiB, 81920 MiB, 0 %
2026/07/03 21:14:52.335, 2, 0 MiB, 81920 MiB, 0 %
2026/07/03 21:14:52.336, 3, 0 MiB, 81920 MiB, 0 %
2026/07/03 21:14:52.336, 4, 0 MiB, 81920 MiB, 0 %
2026/07/03 21:14:52.336, 5, 0 MiB, 81920 MiB, 0 %
2026/07/03 21:14:52.337, 6, 0 MiB, 81920 MiB, 0 %
2026/07/03 21:14:52.337, 7, 0 MiB, 81920 MiB, 0 %
2026/07/03 21:15:02.337, 0, 7733 MiB, 81920 MiB, 0 %
2026/07/03 21:15:02.338, 1, 0 MiB, 81920 MiB, 0 %
2026/07/03 21:15:02.338, 2, 0 MiB, 81920 MiB, 0 %
2026/07/03 21:15:02.338, 3, 0 MiB, 81920 MiB, 0 %
2026/07/03 21:15:02.339, 4, 0 MiB, 81920 MiB, 0 %
2026/07/03 21:15:02.339, 5, 0 MiB, 81920 MiB, 0 %
2026/07/03 21:15:02.339, 6, 0 MiB, 81920 MiB, 0 %
2026/07/03 21:15:02.340, 7, 0 MiB, 81920 MiB, 0 %
2026/07/03 21:15:12.340, 0, 7733 MiB, 81920 MiB, 0 %
2026/07/03 21:15:12.341, 1, 0 MiB, 81920 MiB, 0 %
2026/07/03 21:15:12.341, 2, 0 MiB, 81920 MiB, 0 %
2026/07/03 21:15:12.341, 3, 0 MiB, 81920 MiB, 0 %
2026/07/03 21:15:12.341, 4, 0 MiB, 81920 MiB, 0 %
2026/07/03 21:15:12.342, 5, 0 MiB, 81920 MiB, 0 %
2026/07/03 21:15:12.342, 6, 0 MiB, 81920 MiB, 0 %
2026/07/03 21:15:12.342, 7, 0 MiB, 81920 MiB, 0 %
2026/07/03 21:15:22.344, 0, 7733 MiB, 81920 MiB, 0 %
2026/07/03 21:15:22.344, 1, 0 MiB, 81920 MiB, 0 %
2026/07/03 21:15:22.344, 2, 0 MiB, 81920 MiB, 0 %
2026/07/03 21:15:22.345, 3, 0 MiB, 81920 MiB, 0 %
2026/07/03 21:15:22.345, 4, 0 MiB, 81920 MiB, 0 %
2026/07/03 21:15:22.345, 5, 0 MiB, 81920 MiB, 0 %
2026/07/03 21:15:22.345, 6, 0 MiB, 81920 MiB, 0 %
2026/07/03 21:15:22.346, 7, 0 MiB, 81920 MiB, 0 %
2026/07/03 21:15:32.347, 0, 7733 MiB, 81920 MiB, 0 %
2026/07/03 21:15:32.348, 1, 0 MiB, 81920 MiB, 0 %
2026/07/03 21:15:32.348, 2, 0 MiB, 81920 MiB, 0 %
2026/07/03 21:15:32.348, 3, 0 MiB, 81920 MiB, 0 %
2026/07/03 21:15:32.349, 4, 0 MiB, 81920 MiB, 0 %
2026/07/03 21:15:32.349, 5, 0 MiB, 81920 MiB, 0 %
2026/07/03 21:15:32.349, 6, 0 MiB, 81920 MiB, 0 %
2026/07/03 21:15:32.350, 7, 0 MiB, 81920 MiB, 0 %
2026/07/03 21:15:42.351, 0, 7733 MiB, 81920 MiB, 0 %
2026/07/03 21:15:42.351, 1, 0 MiB, 81920 MiB, 0 %
2026/07/03 21:15:42.352, 2, 0 MiB, 81920 MiB, 0 %
2026/07/03 21:15:42.352, 3, 0 MiB, 81920 MiB, 0 %
2026/07/03 21:15:42.352, 4, 0 MiB, 81920 MiB, 0 %
2026/07/03 21:15:42.352, 5, 0 MiB, 81920 MiB, 0 %
2026/07/03 21:15:42.353, 6, 0 MiB, 81920 MiB, 0 %
2026/07/03 21:15:42.353, 7, 0 MiB, 81920 MiB, 0 %
2026/07/03 21:15:52.354, 0, 7733 MiB, 81920 MiB, 0 %
2026/07/03 21:15:52.355, 1, 0 MiB, 81920 MiB, 0 %
2026/07/03 21:15:52.355, 2, 0 MiB, 81920 MiB, 0 %
2026/07/03 21:15:52.356, 3, 0 MiB, 81920 MiB, 0 %
2026/07/03 21:15:52.356, 4, 0 MiB, 81920 MiB, 0 %
2026/07/03 21:15:52.356, 5, 0 MiB, 81920 MiB, 0 %
2026/07/03 21:15:52.356, 6, 0 MiB, 81920 MiB, 0 %
2026/07/03 21:15:52.357, 7, 0 MiB, 81920 MiB, 0 %
2026/07/03 21:16:02.358, 0, 7733 MiB, 81920 MiB, 0 %
2026/07/03 21:16:02.359, 1, 0 MiB, 81920 MiB, 0 %
2026/07/03 21:16:02.359, 2, 0 MiB, 81920 MiB, 0 %
2026/07/03 21:16:02.359, 3, 0 MiB, 81920 MiB, 0 %
2026/07/03 21:16:02.360, 4, 0 MiB, 81920 MiB, 0 %
2026/07/03 21:16:02.360, 5, 0 MiB, 81920 MiB, 0 %
2026/07/03 21:16:02.360, 6, 0 MiB, 81920 MiB, 0 %
2026/07/03 21:16:02.360, 7, 0 MiB, 81920 MiB, 0 %
2026/07/03 21:16:12.362, 0, 7733 MiB, 81920 MiB, 0 %
2026/07/03 21:16:12.362, 1, 0 MiB, 81920 MiB, 0 %
2026/07/03 21:16:12.363, 2, 0 MiB, 81920 MiB, 0 %
2026/07/03 21:16:12.363, 3, 0 MiB, 81920 MiB, 0 %
2026/07/03 21:16:12.363, 4, 0 MiB, 81920 MiB, 0 %
2026/07/03 21:16:12.363, 5, 0 MiB, 81920 MiB, 0 %
2026/07/03 21:16:12.364, 6, 0 MiB, 81920 MiB, 0 %
2026/07/03 21:16:12.364, 7, 0 MiB, 81920 MiB, 0 %
2026/07/03 21:16:22.365, 0, 7733 MiB, 81920 MiB, 0 %
2026/07/03 21:16:22.366, 1, 0 MiB, 81920 MiB, 0 %
2026/07/03 21:16:22.366, 2, 0 MiB, 81920 MiB, 0 %
2026/07/03 21:16:22.366, 3, 0 MiB, 81920 MiB, 0 %
2026/07/03 21:16:22.367, 4, 0 MiB, 81920 MiB, 0 %
2026/07/03 21:16:22.367, 5, 0 MiB, 81920 MiB, 0 %
2026/07/03 21:16:22.367, 6, 0 MiB, 81920 MiB, 0 %
2026/07/03 21:16:22.368, 7, 0 MiB, 81920 MiB, 0 %
2026/07/03 21:16:32.368, 0, 7733 MiB, 81920 MiB, 0 %
2026/07/03 21:16:32.369, 1, 0 MiB, 81920 MiB, 0 %
2026/07/03 21:16:32.369, 2, 0 MiB, 81920 MiB, 0 %
2026/07/03 21:16:32.369, 3, 0 MiB, 81920 MiB, 0 %
2026/07/03 21:16:32.370, 4, 0 MiB, 81920 MiB, 0 %
2026/07/03 21:16:32.370, 5, 0 MiB, 81920 MiB, 0 %
2026/07/03 21:16:32.370, 6, 0 MiB, 81920 MiB, 0 %
2026/07/03 21:16:32.371, 7, 0 MiB, 81920 MiB, 0 %
2026/07/03 21:16:42.371, 0, 7733 MiB, 81920 MiB, 0 %
2026/07/03 21:16:42.372, 1, 0 MiB, 81920 MiB, 0 %
2026/07/03 21:16:42.372, 2, 0 MiB, 81920 MiB, 0 %
2026/07/03 21:16:42.372, 3, 0 MiB, 81920 MiB, 0 %
2026/07/03 21:16:42.372, 4, 0 MiB, 81920 MiB, 0 %
2026/07/03 21:16:42.373, 5, 0 MiB, 81920 MiB, 0 %
2026/07/03 21:16:42.373, 6, 0 MiB, 81920 MiB, 0 %
2026/07/03 21:16:42.373, 7, 0 MiB, 81920 MiB, 0 %
2026/07/03 21:16:52.375, 0, 7733 MiB, 81920 MiB, 0 %
2026/07/03 21:16:52.375, 1, 0 MiB, 81920 MiB, 0 %
2026/07/03 21:16:52.376, 2, 0 MiB, 81920 MiB, 0 %
2026/07/03 21:16:52.376, 3, 0 MiB, 81920 MiB, 0 %
2026/07/03 21:16:52.376, 4, 0 MiB, 81920 MiB, 0 %
2026/07/03 21:16:52.376, 5, 0 MiB, 81920 MiB, 0 %
2026/07/03 21:16:52.377, 6, 0 MiB, 81920 MiB, 0 %
2026/07/03 21:16:52.377, 7, 0 MiB, 81920 MiB, 0 %
2026/07/03 21:17:02.378, 0, 7733 MiB, 81920 MiB, 0 %
2026/07/03 21:17:02.379, 1, 0 MiB, 81920 MiB, 0 %
2026/07/03 21:17:02.379, 2, 0 MiB, 81920 MiB, 0 %
2026/07/03 21:17:02.379, 3, 0 MiB, 81920 MiB, 0 %
2026/07/03 21:17:02.380, 4, 0 MiB, 81920 MiB, 0 %
2026/07/03 21:17:02.380, 5, 0 MiB, 81920 MiB, 0 %
2026/07/03 21:17:02.380, 6, 0 MiB, 81920 MiB, 0 %
2026/07/03 21:17:02.381, 7, 0 MiB, 81920 MiB, 0 %
2026/07/03 21:17:12.381, 0, 7733 MiB, 81920 MiB, 0 %
2026/07/03 21:17:12.382, 1, 0 MiB, 81920 MiB, 0 %
2026/07/03 21:17:12.382, 2, 0 MiB, 81920 MiB, 0 %
2026/07/03 21:17:12.382, 3, 0 MiB, 81920 MiB, 0 %
2026/07/03 21:17:12.382, 4, 0 MiB, 81920 MiB, 0 %
2026/07/03 21:17:12.383, 5, 0 MiB, 81920 MiB, 0 %
2026/07/03 21:17:12.383, 6, 0 MiB, 81920 MiB, 0 %
2026/07/03 21:17:12.383, 7, 0 MiB, 81920 MiB, 0 %
2026/07/03 21:17:22.384, 0, 7733 MiB, 81920 MiB, 0 %
2026/07/03 21:17:22.384, 1, 0 MiB, 81920 MiB, 0 %
2026/07/03 21:17:22.385, 2, 0 MiB, 81920 MiB, 0 %
2026/07/03 21:17:22.385, 3, 0 MiB, 81920 MiB, 0 %
2026/07/03 21:17:22.385, 4, 0 MiB, 81920 MiB, 0 %
2026/07/03 21:17:22.386, 5, 0 MiB, 81920 MiB, 0 %
2026/07/03 21:17:22.386, 6, 0 MiB, 81920 MiB, 0 %
2026/07/03 21:17:22.386, 7, 0 MiB, 81920 MiB, 0 %
2026/07/03 21:17:32.387, 0, 7733 MiB, 81920 MiB, 0 %
2026/07/03 21:17:32.388, 1, 0 MiB, 81920 MiB, 0 %
2026/07/03 21:17:32.388, 2, 0 MiB, 81920 MiB, 0 %
2026/07/03 21:17:32.389, 3, 0 MiB, 81920 MiB, 0 %
2026/07/03 21:17:32.389, 4, 0 MiB, 81920 MiB, 0 %
2026/07/03 21:17:32.389, 5, 0 MiB, 81920 MiB, 0 %
2026/07/03 21:17:32.389, 6, 0 MiB, 81920 MiB, 0 %
2026/07/03 21:17:32.390, 7, 0 MiB, 81920 MiB, 0 %
2026/07/03 21:17:42.391, 0, 7733 MiB, 81920 MiB, 0 %
2026/07/03 21:17:42.392, 1, 0 MiB, 81920 MiB, 0 %
2026/07/03 21:17:42.392, 2, 0 MiB, 81920 MiB, 0 %
2026/07/03 21:17:42.392, 3, 0 MiB, 81920 MiB, 0 %
2026/07/03 21:17:42.392, 4, 0 MiB, 81920 MiB, 0 %
2026/07/03 21:17:42.393, 5, 0 MiB, 81920 MiB, 0 %
2026/07/03 21:17:42.393, 6, 0 MiB, 81920 MiB, 0 %
2026/07/03 21:17:42.393, 7, 0 MiB, 81920 MiB, 0 %
2026/07/03 21:17:52.395, 0, 7733 MiB, 81920 MiB, 0 %
2026/07/03 21:17:52.395, 1, 0 MiB, 81920 MiB, 0 %
2026/07/03 21:17:52.395, 2, 0 MiB, 81920 MiB, 0 %
2026/07/03 21:17:52.396, 3, 0 MiB, 81920 MiB, 0 %
2026/07/03 21:17:52.396, 4, 0 MiB, 81920 MiB, 0 %
2026/07/03 21:17:52.396, 5, 0 MiB, 81920 MiB, 0 %
2026/07/03 21:17:52.397, 6, 0 MiB, 81920 MiB, 0 %
2026/07/03 21:17:52.397, 7, 0 MiB, 81920 MiB, 0 %
2026/07/03 21:18:02.398, 0, 7733 MiB, 81920 MiB, 0 %
2026/07/03 21:18:02.399, 1, 0 MiB, 81920 MiB, 0 %
2026/07/03 21:18:02.399, 2, 0 MiB, 81920 MiB, 0 %
2026/07/03 21:18:02.399, 3, 0 MiB, 81920 MiB, 0 %
2026/07/03 21:18:02.400, 4, 0 MiB, 81920 MiB, 0 %
2026/07/03 21:18:02.400, 5, 0 MiB, 81920 MiB, 0 %
2026/07/03 21:18:02.400, 6, 0 MiB, 81920 MiB, 0 %
2026/07/03 21:18:02.401, 7, 0 MiB, 81920 MiB, 0 %
2026/07/03 21:18:12.402, 0, 7733 MiB, 81920 MiB, 0 %
2026/07/03 21:18:12.402, 1, 0 MiB, 81920 MiB, 0 %
2026/07/03 21:18:12.403, 2, 0 MiB, 81920 MiB, 0 %
2026/07/03 21:18:12.403, 3, 0 MiB, 81920 MiB, 0 %
2026/07/03 21:18:12.403, 4, 0 MiB, 81920 MiB, 0 %
2026/07/03 21:18:12.403, 5, 0 MiB, 81920 MiB, 0 %
2026/07/03 21:18:12.404, 6, 0 MiB, 81920 MiB, 0 %
2026/07/03 21:18:12.404, 7, 0 MiB, 81920 MiB, 0 %
2026/07/03 21:18:22.405, 0, 7733 MiB, 81920 MiB, 0 %
2026/07/03 21:18:22.406, 1, 0 MiB, 81920 MiB, 0 %
2026/07/03 21:18:22.406, 2, 0 MiB, 81920 MiB, 0 %
2026/07/03 21:18:22.406, 3, 0 MiB, 81920 MiB, 0 %
2026/07/03 21:18:22.407, 4, 0 MiB, 81920 MiB, 0 %
2026/07/03 21:18:22.407, 5, 0 MiB, 81920 MiB, 0 %
2026/07/03 21:18:22.407, 6, 0 MiB, 81920 MiB, 0 %
2026/07/03 21:18:22.408, 7, 0 MiB, 81920 MiB, 0 %
2026/07/03 21:18:32.409, 0, 7733 MiB, 81920 MiB, 0 %
2026/07/03 21:18:32.409, 1, 0 MiB, 81920 MiB, 0 %
2026/07/03 21:18:32.410, 2, 0 MiB, 81920 MiB, 0 %
2026/07/03 21:18:32.410, 3, 0 MiB, 81920 MiB, 0 %
2026/07/03 21:18:32.410, 4, 0 MiB, 81920 MiB, 0 %
2026/07/03 21:18:32.411, 5, 0 MiB, 81920 MiB, 0 %
2026/07/03 21:18:32.411, 6, 0 MiB, 81920 MiB, 0 %
2026/07/03 21:18:32.411, 7, 0 MiB, 81920 MiB, 0 %
2026/07/03 21:18:42.413, 0, 7733 MiB, 81920 MiB, 0 %
2026/07/03 21:18:42.413, 1, 0 MiB, 81920 MiB, 0 %
2026/07/03 21:18:42.413, 2, 0 MiB, 81920 MiB, 0 %
2026/07/03 21:18:42.414, 3, 0 MiB, 81920 MiB, 0 %
2026/07/03 21:18:42.414, 4, 0 MiB, 81920 MiB, 0 %
2026/07/03 21:18:42.414, 5, 0 MiB, 81920 MiB, 0 %
2026/07/03 21:18:42.415, 6, 0 MiB, 81920 MiB, 0 %
2026/07/03 21:18:42.415, 7, 0 MiB, 81920 MiB, 0 %
2026/07/03 21:18:52.416, 0, 7733 MiB, 81920 MiB, 0 %
2026/07/03 21:18:52.416, 1, 0 MiB, 81920 MiB, 0 %
2026/07/03 21:18:52.416, 2, 0 MiB, 81920 MiB, 0 %
2026/07/03 21:18:52.417, 3, 0 MiB, 81920 MiB, 0 %
2026/07/03 21:18:52.417, 4, 0 MiB, 81920 MiB, 0 %
2026/07/03 21:18:52.417, 5, 0 MiB, 81920 MiB, 0 %
2026/07/03 21:18:52.418, 6, 0 MiB, 81920 MiB, 0 %
2026/07/03 21:18:52.418, 7, 0 MiB, 81920 MiB, 0 %
2026/07/03 21:19:02.419, 0, 7733 MiB, 81920 MiB, 0 %
2026/07/03 21:19:02.420, 1, 0 MiB, 81920 MiB, 0 %
2026/07/03 21:19:02.420, 2, 0 MiB, 81920 MiB, 0 %
2026/07/03 21:19:02.420, 3, 0 MiB, 81920 MiB, 0 %
2026/07/03 21:19:02.420, 4, 0 MiB, 81920 MiB, 0 %
2026/07/03 21:19:02.421, 5, 0 MiB, 81920 MiB, 0 %
2026/07/03 21:19:02.421, 6, 0 MiB, 81920 MiB, 0 %
2026/07/03 21:19:02.421, 7, 0 MiB, 81920 MiB, 0 %
2026/07/03 21:19:12.422, 0, 7733 MiB, 81920 MiB, 0 %
2026/07/03 21:19:12.422, 1, 0 MiB, 81920 MiB, 0 %
2026/07/03 21:19:12.423, 2, 0 MiB, 81920 MiB, 0 %
2026/07/03 21:19:12.423, 3, 0 MiB, 81920 MiB, 0 %
2026/07/03 21:19:12.423, 4, 0 MiB, 81920 MiB, 0 %
2026/07/03 21:19:12.423, 5, 0 MiB, 81920 MiB, 0 %
2026/07/03 21:19:12.424, 6, 0 MiB, 81920 MiB, 0 %
2026/07/03 21:19:12.424, 7, 0 MiB, 81920 MiB, 0 %
2026/07/03 21:19:22.424, 0, 7733 MiB, 81920 MiB, 0 %
2026/07/03 21:19:22.425, 1, 0 MiB, 81920 MiB, 0 %
2026/07/03 21:19:22.425, 2, 0 MiB, 81920 MiB, 0 %
2026/07/03 21:19:22.426, 3, 0 MiB, 81920 MiB, 0 %
2026/07/03 21:19:22.426, 4, 0 MiB, 81920 MiB, 0 %
2026/07/03 21:19:22.426, 5, 0 MiB, 81920 MiB, 0 %
2026/07/03 21:19:22.427, 6, 0 MiB, 81920 MiB, 0 %
2026/07/03 21:19:22.427, 7, 0 MiB, 81920 MiB, 0 %
2026/07/03 21:19:32.428, 0, 7733 MiB, 81920 MiB, 0 %
2026/07/03 21:19:32.429, 1, 0 MiB, 81920 MiB, 0 %
2026/07/03 21:19:32.429, 2, 0 MiB, 81920 MiB, 0 %
2026/07/03 21:19:32.429, 3, 0 MiB, 81920 MiB, 0 %
2026/07/03 21:19:32.430, 4, 0 MiB, 81920 MiB, 0 %
2026/07/03 21:19:32.430, 5, 0 MiB, 81920 MiB, 0 %
2026/07/03 21:19:32.430, 6, 0 MiB, 81920 MiB, 0 %
2026/07/03 21:19:32.431, 7, 0 MiB, 81920 MiB, 0 %
2026/07/03 21:19:42.431, 0, 7733 MiB, 81920 MiB, 0 %
2026/07/03 21:19:42.431, 1, 0 MiB, 81920 MiB, 0 %
2026/07/03 21:19:42.432, 2, 0 MiB, 81920 MiB, 0 %
2026/07/03 21:19:42.432, 3, 0 MiB, 81920 MiB, 0 %
2026/07/03 21:19:42.432, 4, 0 MiB, 81920 MiB, 0 %
2026/07/03 21:19:42.433, 5, 0 MiB, 81920 MiB, 0 %
2026/07/03 21:19:42.433, 6, 0 MiB, 81920 MiB, 0 %
2026/07/03 21:19:42.433, 7, 0 MiB, 81920 MiB, 0 %
2026/07/03 21:19:52.434, 0, 7733 MiB, 81920 MiB, 0 %
2026/07/03 21:19:52.435, 1, 0 MiB, 81920 MiB, 0 %
2026/07/03 21:19:52.435, 2, 0 MiB, 81920 MiB, 0 %
2026/07/03 21:19:52.435, 3, 0 MiB, 81920 MiB, 0 %
2026/07/03 21:19:52.436, 4, 0 MiB, 81920 MiB, 0 %
2026/07/03 21:19:52.436, 5, 0 MiB, 81920 MiB, 0 %
2026/07/03 21:19:52.436, 6, 0 MiB, 81920 MiB, 0 %
2026/07/03 21:19:52.436, 7, 0 MiB, 81920 MiB, 0 %
2026/07/03 21:20:02.437, 0, 7733 MiB, 81920 MiB, 0 %
2026/07/03 21:20:02.438, 1, 0 MiB, 81920 MiB, 0 %
2026/07/03 21:20:02.438, 2, 0 MiB, 81920 MiB, 0 %
2026/07/03 21:20:02.438, 3, 0 MiB, 81920 MiB, 0 %
2026/07/03 21:20:02.439, 4, 0 MiB, 81920 MiB, 0 %
2026/07/03 21:20:02.439, 5, 0 MiB, 81920 MiB, 0 %
2026/07/03 21:20:02.439, 6, 0 MiB, 81920 MiB, 0 %
2026/07/03 21:20:02.439, 7, 0 MiB, 81920 MiB, 0 %
2026/07/03 21:20:12.440, 0, 7733 MiB, 81920 MiB, 40 %
2026/07/03 21:20:12.441, 1, 0 MiB, 81920 MiB, 0 %
2026/07/03 21:20:12.441, 2, 0 MiB, 81920 MiB, 0 %
2026/07/03 21:20:12.441, 3, 0 MiB, 81920 MiB, 0 %
2026/07/03 21:20:12.441, 4, 0 MiB, 81920 MiB, 0 %
2026/07/03 21:20:12.442, 5, 0 MiB, 81920 MiB, 0 %
2026/07/03 21:20:12.442, 6, 0 MiB, 81920 MiB, 0 %
2026/07/03 21:20:12.442, 7, 0 MiB, 81920 MiB, 0 %
2026/07/03 21:20:22.443, 0, 7733 MiB, 81920 MiB, 0 %
2026/07/03 21:20:22.444, 1, 0 MiB, 81920 MiB, 0 %
2026/07/03 21:20:22.444, 2, 0 MiB, 81920 MiB, 0 %
2026/07/03 21:20:22.444, 3, 0 MiB, 81920 MiB, 0 %
2026/07/03 21:20:22.445, 4, 0 MiB, 81920 MiB, 0 %
2026/07/03 21:20:22.445, 5, 0 MiB, 81920 MiB, 0 %
2026/07/03 21:20:22.445, 6, 0 MiB, 81920 MiB, 0 %
2026/07/03 21:20:22.445, 7, 0 MiB, 81920 MiB, 0 %
2026/07/03 21:20:32.447, 0, 7733 MiB, 81920 MiB, 0 %
2026/07/03 21:20:32.447, 1, 0 MiB, 81920 MiB, 0 %
2026/07/03 21:20:32.448, 2, 0 MiB, 81920 MiB, 0 %
2026/07/03 21:20:32.448, 3, 0 MiB, 81920 MiB, 0 %
2026/07/03 21:20:32.448, 4, 0 MiB, 81920 MiB, 0 %
2026/07/03 21:20:32.448, 5, 0 MiB, 81920 MiB, 0 %
2026/07/03 21:20:32.449, 6, 0 MiB, 81920 MiB, 0 %
2026/07/03 21:20:32.449, 7, 0 MiB, 81920 MiB, 0 %
2026/07/03 21:20:42.450, 0, 7733 MiB, 81920 MiB, 0 %
2026/07/03 21:20:42.451, 1, 0 MiB, 81920 MiB, 0 %
2026/07/03 21:20:42.451, 2, 0 MiB, 81920 MiB, 0 %
2026/07/03 21:20:42.452, 3, 0 MiB, 81920 MiB, 0 %
2026/07/03 21:20:42.452, 4, 0 MiB, 81920 MiB, 0 %
2026/07/03 21:20:42.452, 5, 0 MiB, 81920 MiB, 0 %
2026/07/03 21:20:42.452, 6, 0 MiB, 81920 MiB, 0 %
2026/07/03 21:20:42.453, 7, 0 MiB, 81920 MiB, 0 %
2026/07/03 21:20:52.453, 0, 7733 MiB, 81920 MiB, 0 %
2026/07/03 21:20:52.454, 1, 0 MiB, 81920 MiB, 0 %
2026/07/03 21:20:52.454, 2, 0 MiB, 81920 MiB, 0 %
2026/07/03 21:20:52.454, 3, 0 MiB, 81920 MiB, 0 %
2026/07/03 21:20:52.455, 4, 0 MiB, 81920 MiB, 0 %
2026/07/03 21:20:52.455, 5, 0 MiB, 81920 MiB, 0 %
2026/07/03 21:20:52.455, 6, 0 MiB, 81920 MiB, 0 %
2026/07/03 21:20:52.455, 7, 0 MiB, 81920 MiB, 0 %
2026/07/03 21:21:02.457, 0, 7733 MiB, 81920 MiB, 0 %
2026/07/03 21:21:02.457, 1, 0 MiB, 81920 MiB, 0 %
2026/07/03 21:21:02.457, 2, 0 MiB, 81920 MiB, 0 %
2026/07/03 21:21:02.458, 3, 0 MiB, 81920 MiB, 0 %
2026/07/03 21:21:02.458, 4, 0 MiB, 81920 MiB, 0 %
2026/07/03 21:21:02.458, 5, 0 MiB, 81920 MiB, 0 %
2026/07/03 21:21:02.458, 6, 0 MiB, 81920 MiB, 0 %
2026/07/03 21:21:02.458, 7, 0 MiB, 81920 MiB, 0 %
2026/07/03 21:21:12.459, 0, 7733 MiB, 81920 MiB, 0 %
2026/07/03 21:21:12.459, 1, 0 MiB, 81920 MiB, 0 %
2026/07/03 21:21:12.460, 2, 0 MiB, 81920 MiB, 0 %
2026/07/03 21:21:12.460, 3, 0 MiB, 81920 MiB, 0 %
2026/07/03 21:21:12.460, 4, 0 MiB, 81920 MiB, 0 %
2026/07/03 21:21:12.460, 5, 0 MiB, 81920 MiB, 0 %
2026/07/03 21:21:12.460, 6, 0 MiB, 81920 MiB, 0 %
2026/07/03 21:21:12.461, 7, 0 MiB, 81920 MiB, 0 %
2026/07/03 21:21:22.461, 0, 7733 MiB, 81920 MiB, 0 %
2026/07/03 21:21:22.462, 1, 0 MiB, 81920 MiB, 0 %
2026/07/03 21:21:22.462, 2, 0 MiB, 81920 MiB, 0 %
2026/07/03 21:21:22.462, 3, 0 MiB, 81920 MiB, 0 %
2026/07/03 21:21:22.463, 4, 0 MiB, 81920 MiB, 0 %
2026/07/03 21:21:22.463, 5, 0 MiB, 81920 MiB, 0 %
2026/07/03 21:21:22.463, 6, 0 MiB, 81920 MiB, 0 %
2026/07/03 21:21:22.464, 7, 0 MiB, 81920 MiB, 0 %
2026/07/03 21:21:32.464, 0, 7733 MiB, 81920 MiB, 0 %
2026/07/03 21:21:32.465, 1, 0 MiB, 81920 MiB, 0 %
2026/07/03 21:21:32.465, 2, 0 MiB, 81920 MiB, 0 %
2026/07/03 21:21:32.466, 3, 0 MiB, 81920 MiB, 0 %
2026/07/03 21:21:32.466, 4, 0 MiB, 81920 MiB, 0 %
2026/07/03 21:21:32.466, 5, 0 MiB, 81920 MiB, 0 %
2026/07/03 21:21:32.466, 6, 0 MiB, 81920 MiB, 0 %
2026/07/03 21:21:32.467, 7, 0 MiB, 81920 MiB, 0 %
2026/07/03 21:21:42.468, 0, 7733 MiB, 81920 MiB, 0 %
2026/07/03 21:21:42.468, 1, 0 MiB, 81920 MiB, 0 %
2026/07/03 21:21:42.469, 2, 0 MiB, 81920 MiB, 0 %
2026/07/03 21:21:42.469, 3, 0 MiB, 81920 MiB, 0 %
2026/07/03 21:21:42.469, 4, 0 MiB, 81920 MiB, 0 %
2026/07/03 21:21:42.470, 5, 0 MiB, 81920 MiB, 0 %
2026/07/03 21:21:42.470, 6, 0 MiB, 81920 MiB, 0 %
2026/07/03 21:21:42.470, 7, 0 MiB, 81920 MiB, 0 %
2026/07/03 21:21:52.471, 0, 7733 MiB, 81920 MiB, 0 %
2026/07/03 21:21:52.471, 1, 0 MiB, 81920 MiB, 0 %
2026/07/03 21:21:52.472, 2, 0 MiB, 81920 MiB, 0 %
2026/07/03 21:21:52.472, 3, 0 MiB, 81920 MiB, 0 %
2026/07/03 21:21:52.472, 4, 0 MiB, 81920 MiB, 0 %
2026/07/03 21:21:52.472, 5, 0 MiB, 81920 MiB, 0 %
2026/07/03 21:21:52.473, 6, 0 MiB, 81920 MiB, 0 %
2026/07/03 21:21:52.473, 7, 0 MiB, 81920 MiB, 0 %
2026/07/03 21:22:02.474, 0, 7733 MiB, 81920 MiB, 0 %
2026/07/03 21:22:02.475, 1, 0 MiB, 81920 MiB, 0 %
2026/07/03 21:22:02.475, 2, 0 MiB, 81920 MiB, 0 %
2026/07/03 21:22:02.475, 3, 0 MiB, 81920 MiB, 0 %
2026/07/03 21:22:02.475, 4, 0 MiB, 81920 MiB, 0 %
2026/07/03 21:22:02.476, 5, 0 MiB, 81920 MiB, 0 %
2026/07/03 21:22:02.476, 6, 0 MiB, 81920 MiB, 0 %
2026/07/03 21:22:02.476, 7, 0 MiB, 81920 MiB, 0 %
2026/07/03 21:22:12.477, 0, 7733 MiB, 81920 MiB, 0 %
2026/07/03 21:22:12.477, 1, 0 MiB, 81920 MiB, 0 %
2026/07/03 21:22:12.478, 2, 0 MiB, 81920 MiB, 0 %
2026/07/03 21:22:12.478, 3, 0 MiB, 81920 MiB, 0 %
2026/07/03 21:22:12.478, 4, 0 MiB, 81920 MiB, 0 %
2026/07/03 21:22:12.478, 5, 0 MiB, 81920 MiB, 0 %
2026/07/03 21:22:12.479, 6, 0 MiB, 81920 MiB, 0 %
2026/07/03 21:22:12.479, 7, 0 MiB, 81920 MiB, 0 %
2026/07/03 21:22:22.480, 0, 7733 MiB, 81920 MiB, 0 %
2026/07/03 21:22:22.481, 1, 0 MiB, 81920 MiB, 0 %
2026/07/03 21:22:22.481, 2, 0 MiB, 81920 MiB, 0 %
2026/07/03 21:22:22.481, 3, 0 MiB, 81920 MiB, 0 %
2026/07/03 21:22:22.482, 4, 0 MiB, 81920 MiB, 0 %
2026/07/03 21:22:22.482, 5, 0 MiB, 81920 MiB, 0 %
2026/07/03 21:22:22.482, 6, 0 MiB, 81920 MiB, 0 %
2026/07/03 21:22:22.483, 7, 0 MiB, 81920 MiB, 0 %
2026/07/03 21:22:32.483, 0, 7733 MiB, 81920 MiB, 0 %
2026/07/03 21:22:32.484, 1, 0 MiB, 81920 MiB, 0 %
2026/07/03 21:22:32.484, 2, 0 MiB, 81920 MiB, 0 %
2026/07/03 21:22:32.484, 3, 0 MiB, 81920 MiB, 0 %
2026/07/03 21:22:32.485, 4, 0 MiB, 81920 MiB, 0 %
2026/07/03 21:22:32.485, 5, 0 MiB, 81920 MiB, 0 %
2026/07/03 21:22:32.485, 6, 0 MiB, 81920 MiB, 0 %
2026/07/03 21:22:32.486, 7, 0 MiB, 81920 MiB, 0 %
2026/07/03 21:22:42.487, 0, 7733 MiB, 81920 MiB, 60 %
2026/07/03 21:22:42.487, 1, 0 MiB, 81920 MiB, 0 %
2026/07/03 21:22:42.488, 2, 0 MiB, 81920 MiB, 0 %
2026/07/03 21:22:42.488, 3, 0 MiB, 81920 MiB, 0 %
2026/07/03 21:22:42.488, 4, 0 MiB, 81920 MiB, 0 %
2026/07/03 21:22:42.488, 5, 0 MiB, 81920 MiB, 0 %
2026/07/03 21:22:42.489, 6, 0 MiB, 81920 MiB, 0 %
2026/07/03 21:22:42.489, 7, 0 MiB, 81920 MiB, 0 %
2026/07/03 21:22:52.489, 0, 7733 MiB, 81920 MiB, 47 %
2026/07/03 21:22:52.490, 1, 0 MiB, 81920 MiB, 0 %
2026/07/03 21:22:52.490, 2, 0 MiB, 81920 MiB, 0 %
2026/07/03 21:22:52.491, 3, 0 MiB, 81920 MiB, 0 %
2026/07/03 21:22:52.491, 4, 0 MiB, 81920 MiB, 0 %
2026/07/03 21:22:52.491, 5, 0 MiB, 81920 MiB, 0 %
2026/07/03 21:22:52.491, 6, 0 MiB, 81920 MiB, 0 %
2026/07/03 21:22:52.492, 7, 0 MiB, 81920 MiB, 0 %
2026/07/03 21:23:02.493, 0, 7733 MiB, 81920 MiB, 0 %
2026/07/03 21:23:02.494, 1, 0 MiB, 81920 MiB, 0 %
2026/07/03 21:23:02.494, 2, 0 MiB, 81920 MiB, 0 %
2026/07/03 21:23:02.494, 3, 0 MiB, 81920 MiB, 0 %
2026/07/03 21:23:02.494, 4, 0 MiB, 81920 MiB, 0 %
2026/07/03 21:23:02.495, 5, 0 MiB, 81920 MiB, 0 %
2026/07/03 21:23:02.495, 6, 0 MiB, 81920 MiB, 0 %
2026/07/03 21:23:02.495, 7, 0 MiB, 81920 MiB, 0 %
2026/07/03 21:23:12.496, 0, 7733 MiB, 81920 MiB, 0 %
2026/07/03 21:23:12.497, 1, 0 MiB, 81920 MiB, 0 %
2026/07/03 21:23:12.497, 2, 0 MiB, 81920 MiB, 0 %
2026/07/03 21:23:12.497, 3, 0 MiB, 81920 MiB, 0 %
2026/07/03 21:23:12.498, 4, 0 MiB, 81920 MiB, 0 %
2026/07/03 21:23:12.498, 5, 0 MiB, 81920 MiB, 0 %
2026/07/03 21:23:12.498, 6, 0 MiB, 81920 MiB, 0 %
2026/07/03 21:23:12.499, 7, 0 MiB, 81920 MiB, 0 %
2026/07/03 21:23:22.500, 0, 7733 MiB, 81920 MiB, 60 %
2026/07/03 21:23:22.501, 1, 0 MiB, 81920 MiB, 0 %
2026/07/03 21:23:22.501, 2, 0 MiB, 81920 MiB, 0 %
2026/07/03 21:23:22.501, 3, 0 MiB, 81920 MiB, 0 %
2026/07/03 21:23:22.501, 4, 0 MiB, 81920 MiB, 0 %
2026/07/03 21:23:22.502, 5, 0 MiB, 81920 MiB, 0 %
2026/07/03 21:23:22.502, 6, 0 MiB, 81920 MiB, 0 %
2026/07/03 21:23:22.502, 7, 0 MiB, 81920 MiB, 0 %
2026/07/03 21:23:32.504, 0, 7733 MiB, 81920 MiB, 0 %
2026/07/03 21:23:32.504, 1, 0 MiB, 81920 MiB, 0 %
2026/07/03 21:23:32.504, 2, 0 MiB, 81920 MiB, 0 %
2026/07/03 21:23:32.505, 3, 0 MiB, 81920 MiB, 0 %
2026/07/03 21:23:32.505, 4, 0 MiB, 81920 MiB, 0 %
2026/07/03 21:23:32.505, 5, 0 MiB, 81920 MiB, 0 %
2026/07/03 21:23:32.506, 6, 0 MiB, 81920 MiB, 0 %
2026/07/03 21:23:32.506, 7, 0 MiB, 81920 MiB, 0 %
2026/07/03 21:23:42.507, 0, 7733 MiB, 81920 MiB, 0 %
2026/07/03 21:23:42.508, 1, 0 MiB, 81920 MiB, 0 %
2026/07/03 21:23:42.508, 2, 0 MiB, 81920 MiB, 0 %
2026/07/03 21:23:42.509, 3, 0 MiB, 81920 MiB, 0 %
2026/07/03 21:23:42.509, 4, 0 MiB, 81920 MiB, 0 %
2026/07/03 21:23:42.509, 5, 0 MiB, 81920 MiB, 0 %
2026/07/03 21:23:42.509, 6, 0 MiB, 81920 MiB, 0 %
2026/07/03 21:23:42.510, 7, 0 MiB, 81920 MiB, 0 %
2026/07/03 21:23:52.511, 0, 7733 MiB, 81920 MiB, 0 %
2026/07/03 21:23:52.512, 1, 0 MiB, 81920 MiB, 0 %
2026/07/03 21:23:52.512, 2, 0 MiB, 81920 MiB, 0 %
2026/07/03 21:23:52.512, 3, 0 MiB, 81920 MiB, 0 %
2026/07/03 21:23:52.513, 4, 0 MiB, 81920 MiB, 0 %
2026/07/03 21:23:52.513, 5, 0 MiB, 81920 MiB, 0 %
2026/07/03 21:23:52.513, 6, 0 MiB, 81920 MiB, 0 %
2026/07/03 21:23:52.514, 7, 0 MiB, 81920 MiB, 0 %
2026/07/03 21:24:02.515, 0, 7733 MiB, 81920 MiB, 0 %
2026/07/03 21:24:02.515, 1, 0 MiB, 81920 MiB, 0 %
2026/07/03 21:24:02.516, 2, 0 MiB, 81920 MiB, 0 %
2026/07/03 21:24:02.516, 3, 0 MiB, 81920 MiB, 0 %
2026/07/03 21:24:02.516, 4, 0 MiB, 81920 MiB, 0 %
2026/07/03 21:24:02.517, 5, 0 MiB, 81920 MiB, 0 %
2026/07/03 21:24:02.517, 6, 0 MiB, 81920 MiB, 0 %
2026/07/03 21:24:02.517, 7, 0 MiB, 81920 MiB, 0 %
2026/07/03 21:24:12.518, 0, 7733 MiB, 81920 MiB, 0 %
2026/07/03 21:24:12.518, 1, 0 MiB, 81920 MiB, 0 %
2026/07/03 21:24:12.519, 2, 0 MiB, 81920 MiB, 0 %
2026/07/03 21:24:12.519, 3, 0 MiB, 81920 MiB, 0 %
2026/07/03 21:24:12.519, 4, 0 MiB, 81920 MiB, 0 %
2026/07/03 21:24:12.520, 5, 0 MiB, 81920 MiB, 0 %
2026/07/03 21:24:12.520, 6, 0 MiB, 81920 MiB, 0 %
2026/07/03 21:24:12.520, 7, 0 MiB, 81920 MiB, 0 %
2026/07/03 21:24:22.522, 0, 7733 MiB, 81920 MiB, 0 %
2026/07/03 21:24:22.522, 1, 0 MiB, 81920 MiB, 0 %
2026/07/03 21:24:22.522, 2, 0 MiB, 81920 MiB, 0 %
2026/07/03 21:24:22.523, 3, 0 MiB, 81920 MiB, 0 %
2026/07/03 21:24:22.523, 4, 0 MiB, 81920 MiB, 0 %
2026/07/03 21:24:22.523, 5, 0 MiB, 81920 MiB, 0 %
2026/07/03 21:24:22.524, 6, 0 MiB, 81920 MiB, 0 %
2026/07/03 21:24:22.524, 7, 0 MiB, 81920 MiB, 0 %
2026/07/03 21:24:32.524, 0, 7733 MiB, 81920 MiB, 62 %
2026/07/03 21:24:32.525, 1, 0 MiB, 81920 MiB, 0 %
2026/07/03 21:24:32.525, 2, 0 MiB, 81920 MiB, 0 %
2026/07/03 21:24:32.525, 3, 0 MiB, 81920 MiB, 0 %
2026/07/03 21:24:32.526, 4, 0 MiB, 81920 MiB, 0 %
2026/07/03 21:24:32.526, 5, 0 MiB, 81920 MiB, 0 %
2026/07/03 21:24:32.526, 6, 0 MiB, 81920 MiB, 0 %
2026/07/03 21:24:32.527, 7, 0 MiB, 81920 MiB, 0 %
2026/07/03 21:24:42.527, 0, 7733 MiB, 81920 MiB, 0 %
2026/07/03 21:24:42.528, 1, 0 MiB, 81920 MiB, 0 %
2026/07/03 21:24:42.528, 2, 0 MiB, 81920 MiB, 0 %
2026/07/03 21:24:42.529, 3, 0 MiB, 81920 MiB, 0 %
2026/07/03 21:24:42.529, 4, 0 MiB, 81920 MiB, 0 %
2026/07/03 21:24:42.529, 5, 0 MiB, 81920 MiB, 0 %
2026/07/03 21:24:42.530, 6, 0 MiB, 81920 MiB, 0 %
2026/07/03 21:24:42.530, 7, 0 MiB, 81920 MiB, 0 %
2026/07/03 21:24:52.531, 0, 7733 MiB, 81920 MiB, 0 %
2026/07/03 21:24:52.531, 1, 0 MiB, 81920 MiB, 0 %
2026/07/03 21:24:52.531, 2, 0 MiB, 81920 MiB, 0 %
2026/07/03 21:24:52.532, 3, 0 MiB, 81920 MiB, 0 %
2026/07/03 21:24:52.532, 4, 0 MiB, 81920 MiB, 0 %
2026/07/03 21:24:52.532, 5, 0 MiB, 81920 MiB, 0 %
2026/07/03 21:24:52.533, 6, 0 MiB, 81920 MiB, 0 %
2026/07/03 21:24:52.533, 7, 0 MiB, 81920 MiB, 0 %
2026/07/03 21:25:02.534, 0, 7733 MiB, 81920 MiB, 0 %
2026/07/03 21:25:02.534, 1, 0 MiB, 81920 MiB, 0 %
2026/07/03 21:25:02.534, 2, 0 MiB, 81920 MiB, 0 %
2026/07/03 21:25:02.535, 3, 0 MiB, 81920 MiB, 0 %
2026/07/03 21:25:02.535, 4, 0 MiB, 81920 MiB, 0 %
2026/07/03 21:25:02.535, 5, 0 MiB, 81920 MiB, 0 %
2026/07/03 21:25:02.536, 6, 0 MiB, 81920 MiB, 0 %
2026/07/03 21:25:02.536, 7, 0 MiB, 81920 MiB, 0 %
2026/07/03 21:25:12.537, 0, 7733 MiB, 81920 MiB, 0 %
2026/07/03 21:25:12.538, 1, 0 MiB, 81920 MiB, 0 %
2026/07/03 21:25:12.538, 2, 0 MiB, 81920 MiB, 0 %
2026/07/03 21:25:12.538, 3, 0 MiB, 81920 MiB, 0 %
2026/07/03 21:25:12.539, 4, 0 MiB, 81920 MiB, 0 %
2026/07/03 21:25:12.539, 5, 0 MiB, 81920 MiB, 0 %
2026/07/03 21:25:12.539, 6, 0 MiB, 81920 MiB, 0 %
2026/07/03 21:25:12.540, 7, 0 MiB, 81920 MiB, 0 %
2026/07/03 21:25:22.541, 0, 7733 MiB, 81920 MiB, 61 %
2026/07/03 21:25:22.541, 1, 0 MiB, 81920 MiB, 0 %
2026/07/03 21:25:22.542, 2, 0 MiB, 81920 MiB, 0 %
2026/07/03 21:25:22.542, 3, 0 MiB, 81920 MiB, 0 %
2026/07/03 21:25:22.542, 4, 0 MiB, 81920 MiB, 0 %
2026/07/03 21:25:22.543, 5, 0 MiB, 81920 MiB, 0 %
2026/07/03 21:25:22.543, 6, 0 MiB, 81920 MiB, 0 %
2026/07/03 21:25:22.543, 7, 0 MiB, 81920 MiB, 0 %
2026/07/03 21:25:32.545, 0, 7733 MiB, 81920 MiB, 0 %
2026/07/03 21:25:32.545, 1, 0 MiB, 81920 MiB, 0 %
2026/07/03 21:25:32.545, 2, 0 MiB, 81920 MiB, 0 %
2026/07/03 21:25:32.546, 3, 0 MiB, 81920 MiB, 0 %
2026/07/03 21:25:32.546, 4, 0 MiB, 81920 MiB, 0 %
2026/07/03 21:25:32.546, 5, 0 MiB, 81920 MiB, 0 %
2026/07/03 21:25:32.547, 6, 0 MiB, 81920 MiB, 0 %
2026/07/03 21:25:32.547, 7, 0 MiB, 81920 MiB, 0 %
2026/07/03 21:25:42.548, 0, 7733 MiB, 81920 MiB, 0 %
2026/07/03 21:25:42.549, 1, 0 MiB, 81920 MiB, 0 %
2026/07/03 21:25:42.549, 2, 0 MiB, 81920 MiB, 0 %
2026/07/03 21:25:42.549, 3, 0 MiB, 81920 MiB, 0 %
2026/07/03 21:25:42.550, 4, 0 MiB, 81920 MiB, 0 %
2026/07/03 21:25:42.550, 5, 0 MiB, 81920 MiB, 0 %
2026/07/03 21:25:42.550, 6, 0 MiB, 81920 MiB, 0 %
2026/07/03 21:25:42.550, 7, 0 MiB, 81920 MiB, 0 %
2026/07/03 21:25:52.551, 0, 7733 MiB, 81920 MiB, 0 %
2026/07/03 21:25:52.551, 1, 0 MiB, 81920 MiB, 0 %
2026/07/03 21:25:52.552, 2, 0 MiB, 81920 MiB, 0 %
2026/07/03 21:25:52.552, 3, 0 MiB, 81920 MiB, 0 %
2026/07/03 21:25:52.552, 4, 0 MiB, 81920 MiB, 0 %
2026/07/03 21:25:52.553, 5, 0 MiB, 81920 MiB, 0 %
2026/07/03 21:25:52.553, 6, 0 MiB, 81920 MiB, 0 %
2026/07/03 21:25:52.553, 7, 0 MiB, 81920 MiB, 0 %
2026/07/03 21:26:02.554, 0, 7733 MiB, 81920 MiB, 0 %
2026/07/03 21:26:02.555, 1, 0 MiB, 81920 MiB, 0 %
2026/07/03 21:26:02.555, 2, 0 MiB, 81920 MiB, 0 %
2026/07/03 21:26:02.556, 3, 0 MiB, 81920 MiB, 0 %
2026/07/03 21:26:02.556, 4, 0 MiB, 81920 MiB, 0 %
2026/07/03 21:26:02.556, 5, 0 MiB, 81920 MiB, 0 %
2026/07/03 21:26:02.557, 6, 0 MiB, 81920 MiB, 0 %
2026/07/03 21:26:02.557, 7, 0 MiB, 81920 MiB, 0 %
2026/07/03 21:26:12.557, 0, 7733 MiB, 81920 MiB, 0 %
2026/07/03 21:26:12.558, 1, 0 MiB, 81920 MiB, 0 %
2026/07/03 21:26:12.558, 2, 0 MiB, 81920 MiB, 0 %
2026/07/03 21:26:12.558, 3, 0 MiB, 81920 MiB, 0 %
2026/07/03 21:26:12.559, 4, 0 MiB, 81920 MiB, 0 %
2026/07/03 21:26:12.559, 5, 0 MiB, 81920 MiB, 0 %
2026/07/03 21:26:12.559, 6, 0 MiB, 81920 MiB, 0 %
2026/07/03 21:26:12.560, 7, 0 MiB, 81920 MiB, 0 %
2026/07/03 21:26:22.561, 0, 7733 MiB, 81920 MiB, 37 %
2026/07/03 21:26:22.561, 1, 0 MiB, 81920 MiB, 0 %
2026/07/03 21:26:22.562, 2, 0 MiB, 81920 MiB, 0 %
2026/07/03 21:26:22.562, 3, 0 MiB, 81920 MiB, 0 %
2026/07/03 21:26:22.562, 4, 0 MiB, 81920 MiB, 0 %
2026/07/03 21:26:22.563, 5, 0 MiB, 81920 MiB, 0 %
2026/07/03 21:26:22.563, 6, 0 MiB, 81920 MiB, 0 %
2026/07/03 21:26:22.563, 7, 0 MiB, 81920 MiB, 0 %
2026/07/03 21:26:32.565, 0, 7733 MiB, 81920 MiB, 0 %
2026/07/03 21:26:32.565, 1, 0 MiB, 81920 MiB, 0 %
2026/07/03 21:26:32.565, 2, 0 MiB, 81920 MiB, 0 %
2026/07/03 21:26:32.566, 3, 0 MiB, 81920 MiB, 0 %
2026/07/03 21:26:32.566, 4, 0 MiB, 81920 MiB, 0 %
2026/07/03 21:26:32.566, 5, 0 MiB, 81920 MiB, 0 %
2026/07/03 21:26:32.567, 6, 0 MiB, 81920 MiB, 0 %
2026/07/03 21:26:32.567, 7, 0 MiB, 81920 MiB, 0 %
2026/07/03 21:26:42.568, 0, 7733 MiB, 81920 MiB, 0 %
2026/07/03 21:26:42.568, 1, 0 MiB, 81920 MiB, 0 %
2026/07/03 21:26:42.569, 2, 0 MiB, 81920 MiB, 0 %
2026/07/03 21:26:42.569, 3, 0 MiB, 81920 MiB, 0 %
2026/07/03 21:26:42.569, 4, 0 MiB, 81920 MiB, 0 %
2026/07/03 21:26:42.569, 5, 0 MiB, 81920 MiB, 0 %
2026/07/03 21:26:42.570, 6, 0 MiB, 81920 MiB, 0 %
2026/07/03 21:26:42.570, 7, 0 MiB, 81920 MiB, 0 %
2026/07/03 21:26:52.571, 0, 7733 MiB, 81920 MiB, 0 %
2026/07/03 21:26:52.572, 1, 0 MiB, 81920 MiB, 0 %
2026/07/03 21:26:52.572, 2, 0 MiB, 81920 MiB, 0 %
2026/07/03 21:26:52.572, 3, 0 MiB, 81920 MiB, 0 %
2026/07/03 21:26:52.573, 4, 0 MiB, 81920 MiB, 0 %
2026/07/03 21:26:52.573, 5, 0 MiB, 81920 MiB, 0 %
2026/07/03 21:26:52.573, 6, 0 MiB, 81920 MiB, 0 %
2026/07/03 21:26:52.574, 7, 0 MiB, 81920 MiB, 0 %
2026/07/03 21:27:02.574, 0, 7733 MiB, 81920 MiB, 0 %
2026/07/03 21:27:02.575, 1, 0 MiB, 81920 MiB, 0 %
2026/07/03 21:27:02.575, 2, 0 MiB, 81920 MiB, 0 %
2026/07/03 21:27:02.576, 3, 0 MiB, 81920 MiB, 0 %
2026/07/03 21:27:02.576, 4, 0 MiB, 81920 MiB, 0 %
2026/07/03 21:27:02.576, 5, 0 MiB, 81920 MiB, 0 %
2026/07/03 21:27:02.577, 6, 0 MiB, 81920 MiB, 0 %
2026/07/03 21:27:02.577, 7, 0 MiB, 81920 MiB, 0 %
2026/07/03 21:27:12.578, 0, 7733 MiB, 81920 MiB, 0 %
2026/07/03 21:27:12.578, 1, 0 MiB, 81920 MiB, 0 %
2026/07/03 21:27:12.578, 2, 0 MiB, 81920 MiB, 0 %
2026/07/03 21:27:12.579, 3, 0 MiB, 81920 MiB, 0 %
2026/07/03 21:27:12.579, 4, 0 MiB, 81920 MiB, 0 %
2026/07/03 21:27:12.579, 5, 0 MiB, 81920 MiB, 0 %
2026/07/03 21:27:12.580, 6, 0 MiB, 81920 MiB, 0 %
2026/07/03 21:27:12.580, 7, 0 MiB, 81920 MiB, 0 %
2026/07/03 21:27:22.580, 0, 7733 MiB, 81920 MiB, 0 %
2026/07/03 21:27:22.581, 1, 0 MiB, 81920 MiB, 0 %
2026/07/03 21:27:22.581, 2, 0 MiB, 81920 MiB, 0 %
2026/07/03 21:27:22.582, 3, 0 MiB, 81920 MiB, 0 %
2026/07/03 21:27:22.582, 4, 0 MiB, 81920 MiB, 0 %
2026/07/03 21:27:22.582, 5, 0 MiB, 81920 MiB, 0 %
2026/07/03 21:27:22.582, 6, 0 MiB, 81920 MiB, 0 %
2026/07/03 21:27:22.583, 7, 0 MiB, 81920 MiB, 0 %
2026/07/03 21:27:32.583, 0, 7733 MiB, 81920 MiB, 62 %
2026/07/03 21:27:32.584, 1, 0 MiB, 81920 MiB, 0 %
2026/07/03 21:27:32.584, 2, 0 MiB, 81920 MiB, 0 %
2026/07/03 21:27:32.584, 3, 0 MiB, 81920 MiB, 0 %
2026/07/03 21:27:32.585, 4, 0 MiB, 81920 MiB, 0 %
2026/07/03 21:27:32.585, 5, 0 MiB, 81920 MiB, 0 %
2026/07/03 21:27:32.585, 6, 0 MiB, 81920 MiB, 0 %
2026/07/03 21:27:32.586, 7, 0 MiB, 81920 MiB, 0 %
2026/07/03 21:27:42.586, 0, 7733 MiB, 81920 MiB, 60 %
2026/07/03 21:27:42.587, 1, 0 MiB, 81920 MiB, 0 %
2026/07/03 21:27:42.587, 2, 0 MiB, 81920 MiB, 0 %
2026/07/03 21:27:42.588, 3, 0 MiB, 81920 MiB, 0 %
2026/07/03 21:27:42.588, 4, 0 MiB, 81920 MiB, 0 %
2026/07/03 21:27:42.588, 5, 0 MiB, 81920 MiB, 0 %
2026/07/03 21:27:42.589, 6, 0 MiB, 81920 MiB, 0 %
2026/07/03 21:27:42.589, 7, 0 MiB, 81920 MiB, 0 %
2026/07/03 21:27:52.590, 0, 7733 MiB, 81920 MiB, 0 %
2026/07/03 21:27:52.590, 1, 0 MiB, 81920 MiB, 0 %
2026/07/03 21:27:52.591, 2, 0 MiB, 81920 MiB, 0 %
2026/07/03 21:27:52.591, 3, 0 MiB, 81920 MiB, 0 %
2026/07/03 21:27:52.591, 4, 0 MiB, 81920 MiB, 0 %
2026/07/03 21:27:52.592, 5, 0 MiB, 81920 MiB, 0 %
2026/07/03 21:27:52.592, 6, 0 MiB, 81920 MiB, 0 %
2026/07/03 21:27:52.592, 7, 0 MiB, 81920 MiB, 0 %
2026/07/03 21:28:02.593, 0, 7733 MiB, 81920 MiB, 0 %
2026/07/03 21:28:02.594, 1, 0 MiB, 81920 MiB, 0 %
2026/07/03 21:28:02.594, 2, 0 MiB, 81920 MiB, 0 %
2026/07/03 21:28:02.594, 3, 0 MiB, 81920 MiB, 0 %
2026/07/03 21:28:02.595, 4, 0 MiB, 81920 MiB, 0 %
2026/07/03 21:28:02.595, 5, 0 MiB, 81920 MiB, 0 %
2026/07/03 21:28:02.595, 6, 0 MiB, 81920 MiB, 0 %
2026/07/03 21:28:02.595, 7, 0 MiB, 81920 MiB, 0 %
2026/07/03 21:28:12.596, 0, 7733 MiB, 81920 MiB, 0 %
2026/07/03 21:28:12.597, 1, 0 MiB, 81920 MiB, 0 %
2026/07/03 21:28:12.597, 2, 0 MiB, 81920 MiB, 0 %
2026/07/03 21:28:12.598, 3, 0 MiB, 81920 MiB, 0 %
2026/07/03 21:28:12.598, 4, 0 MiB, 81920 MiB, 0 %
2026/07/03 21:28:12.598, 5, 0 MiB, 81920 MiB, 0 %
2026/07/03 21:28:12.598, 6, 0 MiB, 81920 MiB, 0 %
2026/07/03 21:28:12.599, 7, 0 MiB, 81920 MiB, 0 %
2026/07/03 21:28:22.599, 0, 7733 MiB, 81920 MiB, 0 %
2026/07/03 21:28:22.600, 1, 0 MiB, 81920 MiB, 0 %
2026/07/03 21:28:22.600, 2, 0 MiB, 81920 MiB, 0 %
2026/07/03 21:28:22.601, 3, 0 MiB, 81920 MiB, 0 %
2026/07/03 21:28:22.601, 4, 0 MiB, 81920 MiB, 0 %
2026/07/03 21:28:22.601, 5, 0 MiB, 81920 MiB, 0 %
2026/07/03 21:28:22.602, 6, 0 MiB, 81920 MiB, 0 %
2026/07/03 21:28:22.602, 7, 0 MiB, 81920 MiB, 0 %
2026/07/03 21:28:32.603, 0, 7733 MiB, 81920 MiB, 0 %
2026/07/03 21:28:32.604, 1, 0 MiB, 81920 MiB, 0 %
2026/07/03 21:28:32.604, 2, 0 MiB, 81920 MiB, 0 %
2026/07/03 21:28:32.604, 3, 0 MiB, 81920 MiB, 0 %
2026/07/03 21:28:32.605, 4, 0 MiB, 81920 MiB, 0 %
2026/07/03 21:28:32.605, 5, 0 MiB, 81920 MiB, 0 %
2026/07/03 21:28:32.605, 6, 0 MiB, 81920 MiB, 0 %
2026/07/03 21:28:32.606, 7, 0 MiB, 81920 MiB, 0 %
2026/07/03 21:28:42.607, 0, 7733 MiB, 81920 MiB, 0 %
2026/07/03 21:28:42.607, 1, 0 MiB, 81920 MiB, 0 %
2026/07/03 21:28:42.608, 2, 0 MiB, 81920 MiB, 0 %
2026/07/03 21:28:42.608, 3, 0 MiB, 81920 MiB, 0 %
2026/07/03 21:28:42.608, 4, 0 MiB, 81920 MiB, 0 %
2026/07/03 21:28:42.609, 5, 0 MiB, 81920 MiB, 0 %
2026/07/03 21:28:42.609, 6, 0 MiB, 81920 MiB, 0 %
2026/07/03 21:28:42.609, 7, 0 MiB, 81920 MiB, 0 %
2026/07/03 21:28:52.611, 0, 7733 MiB, 81920 MiB, 0 %
2026/07/03 21:28:52.611, 1, 0 MiB, 81920 MiB, 0 %
2026/07/03 21:28:52.611, 2, 0 MiB, 81920 MiB, 0 %
2026/07/03 21:28:52.612, 3, 0 MiB, 81920 MiB, 0 %
2026/07/03 21:28:52.612, 4, 0 MiB, 81920 MiB, 0 %
2026/07/03 21:28:52.612, 5, 0 MiB, 81920 MiB, 0 %
2026/07/03 21:28:52.613, 6, 0 MiB, 81920 MiB, 0 %
2026/07/03 21:28:52.613, 7, 0 MiB, 81920 MiB, 0 %
2026/07/03 21:29:02.614, 0, 7733 MiB, 81920 MiB, 0 %
2026/07/03 21:29:02.615, 1, 0 MiB, 81920 MiB, 0 %
2026/07/03 21:29:02.615, 2, 0 MiB, 81920 MiB, 0 %
2026/07/03 21:29:02.615, 3, 0 MiB, 81920 MiB, 0 %
2026/07/03 21:29:02.616, 4, 0 MiB, 81920 MiB, 0 %
2026/07/03 21:29:02.616, 5, 0 MiB, 81920 MiB, 0 %
2026/07/03 21:29:02.616, 6, 0 MiB, 81920 MiB, 0 %
2026/07/03 21:29:02.617, 7, 0 MiB, 81920 MiB, 0 %
2026/07/03 21:29:12.617, 0, 7733 MiB, 81920 MiB, 0 %
2026/07/03 21:29:12.618, 1, 0 MiB, 81920 MiB, 0 %
2026/07/03 21:29:12.618, 2, 0 MiB, 81920 MiB, 0 %
2026/07/03 21:29:12.619, 3, 0 MiB, 81920 MiB, 0 %
2026/07/03 21:29:12.619, 4, 0 MiB, 81920 MiB, 0 %
2026/07/03 21:29:12.619, 5, 0 MiB, 81920 MiB, 0 %
2026/07/03 21:29:12.619, 6, 0 MiB, 81920 MiB, 0 %
2026/07/03 21:29:12.620, 7, 0 MiB, 81920 MiB, 0 %
2026/07/03 21:29:22.621, 0, 7733 MiB, 81920 MiB, 0 %
2026/07/03 21:29:22.622, 1, 0 MiB, 81920 MiB, 0 %
2026/07/03 21:29:22.622, 2, 0 MiB, 81920 MiB, 0 %
2026/07/03 21:29:22.622, 3, 0 MiB, 81920 MiB, 0 %
2026/07/03 21:29:22.622, 4, 0 MiB, 81920 MiB, 0 %
2026/07/03 21:29:22.623, 5, 0 MiB, 81920 MiB, 0 %
2026/07/03 21:29:22.623, 6, 0 MiB, 81920 MiB, 0 %
2026/07/03 21:29:22.623, 7, 0 MiB, 81920 MiB, 0 %
2026/07/03 21:29:32.625, 0, 7733 MiB, 81920 MiB, 0 %
2026/07/03 21:29:32.625, 1, 0 MiB, 81920 MiB, 0 %
2026/07/03 21:29:32.626, 2, 0 MiB, 81920 MiB, 0 %
2026/07/03 21:29:32.626, 3, 0 MiB, 81920 MiB, 0 %
2026/07/03 21:29:32.626, 4, 0 MiB, 81920 MiB, 0 %
2026/07/03 21:29:32.626, 5, 0 MiB, 81920 MiB, 0 %
2026/07/03 21:29:32.627, 6, 0 MiB, 81920 MiB, 0 %
2026/07/03 21:29:32.627, 7, 0 MiB, 81920 MiB, 0 %
2026/07/03 21:29:42.628, 0, 7733 MiB, 81920 MiB, 61 %
2026/07/03 21:29:42.629, 1, 0 MiB, 81920 MiB, 0 %
2026/07/03 21:29:42.629, 2, 0 MiB, 81920 MiB, 0 %
2026/07/03 21:29:42.629, 3, 0 MiB, 81920 MiB, 0 %
2026/07/03 21:29:42.630, 4, 0 MiB, 81920 MiB, 0 %
2026/07/03 21:29:42.630, 5, 0 MiB, 81920 MiB, 0 %
2026/07/03 21:29:42.630, 6, 0 MiB, 81920 MiB, 0 %
2026/07/03 21:29:42.631, 7, 0 MiB, 81920 MiB, 0 %
2026/07/03 21:29:52.631, 0, 7733 MiB, 81920 MiB, 0 %
2026/07/03 21:29:52.632, 1, 0 MiB, 81920 MiB, 0 %
2026/07/03 21:29:52.632, 2, 0 MiB, 81920 MiB, 0 %
2026/07/03 21:29:52.632, 3, 0 MiB, 81920 MiB, 0 %
2026/07/03 21:29:52.633, 4, 0 MiB, 81920 MiB, 0 %
2026/07/03 21:29:52.633, 5, 0 MiB, 81920 MiB, 0 %
2026/07/03 21:29:52.633, 6, 0 MiB, 81920 MiB, 0 %
2026/07/03 21:29:52.633, 7, 0 MiB, 81920 MiB, 0 %
2026/07/03 21:30:02.634, 0, 7733 MiB, 81920 MiB, 57 %
2026/07/03 21:30:02.635, 1, 0 MiB, 81920 MiB, 0 %
2026/07/03 21:30:02.635, 2, 0 MiB, 81920 MiB, 0 %
2026/07/03 21:30:02.635, 3, 0 MiB, 81920 MiB, 0 %
2026/07/03 21:30:02.636, 4, 0 MiB, 81920 MiB, 0 %
2026/07/03 21:30:02.636, 5, 0 MiB, 81920 MiB, 0 %
2026/07/03 21:30:02.636, 6, 0 MiB, 81920 MiB, 0 %
2026/07/03 21:30:02.637, 7, 0 MiB, 81920 MiB, 0 %
2026/07/03 21:30:12.637, 0, 7733 MiB, 81920 MiB, 0 %
2026/07/03 21:30:12.638, 1, 0 MiB, 81920 MiB, 0 %
2026/07/03 21:30:12.638, 2, 0 MiB, 81920 MiB, 0 %
2026/07/03 21:30:12.638, 3, 0 MiB, 81920 MiB, 0 %
2026/07/03 21:30:12.639, 4, 0 MiB, 81920 MiB, 0 %
2026/07/03 21:30:12.639, 5, 0 MiB, 81920 MiB, 0 %
2026/07/03 21:30:12.639, 6, 0 MiB, 81920 MiB, 0 %
2026/07/03 21:30:12.640, 7, 0 MiB, 81920 MiB, 0 %
2026/07/03 21:30:22.641, 0, 7733 MiB, 81920 MiB, 0 %
2026/07/03 21:30:22.641, 1, 0 MiB, 81920 MiB, 0 %
2026/07/03 21:30:22.641, 2, 0 MiB, 81920 MiB, 0 %
2026/07/03 21:30:22.642, 3, 0 MiB, 81920 MiB, 0 %
2026/07/03 21:30:22.642, 4, 0 MiB, 81920 MiB, 0 %
2026/07/03 21:30:22.642, 5, 0 MiB, 81920 MiB, 0 %
2026/07/03 21:30:22.643, 6, 0 MiB, 81920 MiB, 0 %
2026/07/03 21:30:22.643, 7, 0 MiB, 81920 MiB, 0 %
2026/07/03 21:30:32.644, 0, 7733 MiB, 81920 MiB, 16 %
2026/07/03 21:30:32.644, 1, 0 MiB, 81920 MiB, 0 %
2026/07/03 21:30:32.645, 2, 0 MiB, 81920 MiB, 0 %
2026/07/03 21:30:32.645, 3, 0 MiB, 81920 MiB, 0 %
2026/07/03 21:30:32.645, 4, 0 MiB, 81920 MiB, 0 %
2026/07/03 21:30:32.645, 5, 0 MiB, 81920 MiB, 0 %
2026/07/03 21:30:32.646, 6, 0 MiB, 81920 MiB, 0 %
2026/07/03 21:30:32.646, 7, 0 MiB, 81920 MiB, 0 %
2026/07/03 21:30:42.647, 0, 7733 MiB, 81920 MiB, 0 %
2026/07/03 21:30:42.647, 1, 0 MiB, 81920 MiB, 0 %
2026/07/03 21:30:42.648, 2, 0 MiB, 81920 MiB, 0 %
2026/07/03 21:30:42.648, 3, 0 MiB, 81920 MiB, 0 %
2026/07/03 21:30:42.648, 4, 0 MiB, 81920 MiB, 0 %
2026/07/03 21:30:42.649, 5, 0 MiB, 81920 MiB, 0 %
2026/07/03 21:30:42.649, 6, 0 MiB, 81920 MiB, 0 %
2026/07/03 21:30:42.649, 7, 0 MiB, 81920 MiB, 0 %
2026/07/03 21:30:52.651, 0, 7733 MiB, 81920 MiB, 61 %
2026/07/03 21:30:52.651, 1, 0 MiB, 81920 MiB, 0 %
2026/07/03 21:30:52.651, 2, 0 MiB, 81920 MiB, 0 %
2026/07/03 21:30:52.652, 3, 0 MiB, 81920 MiB, 0 %
2026/07/03 21:30:52.652, 4, 0 MiB, 81920 MiB, 0 %
2026/07/03 21:30:52.652, 5, 0 MiB, 81920 MiB, 0 %
2026/07/03 21:30:52.653, 6, 0 MiB, 81920 MiB, 0 %
2026/07/03 21:30:52.653, 7, 0 MiB, 81920 MiB, 0 %
2026/07/03 21:31:02.654, 0, 7733 MiB, 81920 MiB, 0 %
2026/07/03 21:31:02.655, 1, 0 MiB, 81920 MiB, 0 %
2026/07/03 21:31:02.655, 2, 0 MiB, 81920 MiB, 0 %
2026/07/03 21:31:02.655, 3, 0 MiB, 81920 MiB, 0 %
2026/07/03 21:31:02.656, 4, 0 MiB, 81920 MiB, 0 %
2026/07/03 21:31:02.656, 5, 0 MiB, 81920 MiB, 0 %
2026/07/03 21:31:02.656, 6, 0 MiB, 81920 MiB, 0 %
2026/07/03 21:31:02.657, 7, 0 MiB, 81920 MiB, 0 %
2026/07/03 21:31:12.657, 0, 7733 MiB, 81920 MiB, 0 %
2026/07/03 21:31:12.658, 1, 0 MiB, 81920 MiB, 0 %
2026/07/03 21:31:12.658, 2, 0 MiB, 81920 MiB, 0 %
2026/07/03 21:31:12.658, 3, 0 MiB, 81920 MiB, 0 %
2026/07/03 21:31:12.659, 4, 0 MiB, 81920 MiB, 0 %
2026/07/03 21:31:12.659, 5, 0 MiB, 81920 MiB, 0 %
2026/07/03 21:31:12.659, 6, 0 MiB, 81920 MiB, 0 %
2026/07/03 21:31:12.659, 7, 0 MiB, 81920 MiB, 0 %
2026/07/03 21:31:22.660, 0, 7733 MiB, 81920 MiB, 0 %
2026/07/03 21:31:22.661, 1, 0 MiB, 81920 MiB, 0 %
2026/07/03 21:31:22.661, 2, 0 MiB, 81920 MiB, 0 %
2026/07/03 21:31:22.661, 3, 0 MiB, 81920 MiB, 0 %
2026/07/03 21:31:22.662, 4, 0 MiB, 81920 MiB, 0 %
2026/07/03 21:31:22.662, 5, 0 MiB, 81920 MiB, 0 %
2026/07/03 21:31:22.662, 6, 0 MiB, 81920 MiB, 0 %
2026/07/03 21:31:22.662, 7, 0 MiB, 81920 MiB, 0 %
2026/07/03 21:31:32.663, 0, 7733 MiB, 81920 MiB, 0 %
2026/07/03 21:31:32.664, 1, 0 MiB, 81920 MiB, 0 %
2026/07/03 21:31:32.664, 2, 0 MiB, 81920 MiB, 0 %
2026/07/03 21:31:32.664, 3, 0 MiB, 81920 MiB, 0 %
2026/07/03 21:31:32.665, 4, 0 MiB, 81920 MiB, 0 %
2026/07/03 21:31:32.665, 5, 0 MiB, 81920 MiB, 0 %
2026/07/03 21:31:32.665, 6, 0 MiB, 81920 MiB, 0 %
2026/07/03 21:31:32.666, 7, 0 MiB, 81920 MiB, 0 %
2026/07/03 21:31:42.666, 0, 7733 MiB, 81920 MiB, 0 %
2026/07/03 21:31:42.667, 1, 0 MiB, 81920 MiB, 0 %
2026/07/03 21:31:42.667, 2, 0 MiB, 81920 MiB, 0 %
2026/07/03 21:31:42.668, 3, 0 MiB, 81920 MiB, 0 %
2026/07/03 21:31:42.668, 4, 0 MiB, 81920 MiB, 0 %
2026/07/03 21:31:42.668, 5, 0 MiB, 81920 MiB, 0 %
2026/07/03 21:31:42.668, 6, 0 MiB, 81920 MiB, 0 %
2026/07/03 21:31:42.669, 7, 0 MiB, 81920 MiB, 0 %
2026/07/03 21:31:52.670, 0, 7733 MiB, 81920 MiB, 0 %
2026/07/03 21:31:52.670, 1, 0 MiB, 81920 MiB, 0 %
2026/07/03 21:31:52.671, 2, 0 MiB, 81920 MiB, 0 %
2026/07/03 21:31:52.671, 3, 0 MiB, 81920 MiB, 0 %
2026/07/03 21:31:52.671, 4, 0 MiB, 81920 MiB, 0 %
2026/07/03 21:31:52.672, 5, 0 MiB, 81920 MiB, 0 %
2026/07/03 21:31:52.672, 6, 0 MiB, 81920 MiB, 0 %
2026/07/03 21:31:52.672, 7, 0 MiB, 81920 MiB, 0 %
2026/07/03 21:32:02.674, 0, 7733 MiB, 81920 MiB, 0 %
2026/07/03 21:32:02.674, 1, 0 MiB, 81920 MiB, 0 %
2026/07/03 21:32:02.674, 2, 0 MiB, 81920 MiB, 0 %
2026/07/03 21:32:02.675, 3, 0 MiB, 81920 MiB, 0 %
2026/07/03 21:32:02.675, 4, 0 MiB, 81920 MiB, 0 %
2026/07/03 21:32:02.675, 5, 0 MiB, 81920 MiB, 0 %
2026/07/03 21:32:02.676, 6, 0 MiB, 81920 MiB, 0 %
2026/07/03 21:32:02.676, 7, 0 MiB, 81920 MiB, 0 %
2026/07/03 21:32:12.676, 0, 7733 MiB, 81920 MiB, 0 %
2026/07/03 21:32:12.677, 1, 0 MiB, 81920 MiB, 0 %
2026/07/03 21:32:12.677, 2, 0 MiB, 81920 MiB, 0 %
2026/07/03 21:32:12.677, 3, 0 MiB, 81920 MiB, 0 %
2026/07/03 21:32:12.678, 4, 0 MiB, 81920 MiB, 0 %
2026/07/03 21:32:12.678, 5, 0 MiB, 81920 MiB, 0 %
2026/07/03 21:32:12.678, 6, 0 MiB, 81920 MiB, 0 %
2026/07/03 21:32:12.679, 7, 0 MiB, 81920 MiB, 0 %
2026/07/03 21:32:22.680, 0, 7733 MiB, 81920 MiB, 0 %
2026/07/03 21:32:22.681, 1, 0 MiB, 81920 MiB, 0 %
2026/07/03 21:32:22.681, 2, 0 MiB, 81920 MiB, 0 %
2026/07/03 21:32:22.681, 3, 0 MiB, 81920 MiB, 0 %
2026/07/03 21:32:22.682, 4, 0 MiB, 81920 MiB, 0 %
2026/07/03 21:32:22.682, 5, 0 MiB, 81920 MiB, 0 %
2026/07/03 21:32:22.682, 6, 0 MiB, 81920 MiB, 0 %
2026/07/03 21:32:22.682, 7, 0 MiB, 81920 MiB, 0 %
2026/07/03 21:32:32.683, 0, 7733 MiB, 81920 MiB, 0 %
2026/07/03 21:32:32.684, 1, 0 MiB, 81920 MiB, 0 %
2026/07/03 21:32:32.684, 2, 0 MiB, 81920 MiB, 0 %
2026/07/03 21:32:32.684, 3, 0 MiB, 81920 MiB, 0 %
2026/07/03 21:32:32.685, 4, 0 MiB, 81920 MiB, 0 %
2026/07/03 21:32:32.685, 5, 0 MiB, 81920 MiB, 0 %
2026/07/03 21:32:32.685, 6, 0 MiB, 81920 MiB, 0 %
2026/07/03 21:32:32.686, 7, 0 MiB, 81920 MiB, 0 %
2026/07/03 21:32:42.686, 0, 7733 MiB, 81920 MiB, 0 %
2026/07/03 21:32:42.687, 1, 0 MiB, 81920 MiB, 0 %
2026/07/03 21:32:42.687, 2, 0 MiB, 81920 MiB, 0 %
2026/07/03 21:32:42.688, 3, 0 MiB, 81920 MiB, 0 %
2026/07/03 21:32:42.688, 4, 0 MiB, 81920 MiB, 0 %
2026/07/03 21:32:42.688, 5, 0 MiB, 81920 MiB, 0 %
2026/07/03 21:32:42.688, 6, 0 MiB, 81920 MiB, 0 %
2026/07/03 21:32:42.689, 7, 0 MiB, 81920 MiB, 0 %
2026/07/03 21:32:52.690, 0, 7733 MiB, 81920 MiB, 0 %
2026/07/03 21:32:52.691, 1, 0 MiB, 81920 MiB, 0 %
2026/07/03 21:32:52.691, 2, 0 MiB, 81920 MiB, 0 %
2026/07/03 21:32:52.691, 3, 0 MiB, 81920 MiB, 0 %
2026/07/03 21:32:52.692, 4, 0 MiB, 81920 MiB, 0 %
2026/07/03 21:32:52.692, 5, 0 MiB, 81920 MiB, 0 %
2026/07/03 21:32:52.692, 6, 0 MiB, 81920 MiB, 0 %
2026/07/03 21:32:52.693, 7, 0 MiB, 81920 MiB, 0 %
2026/07/03 21:33:02.694, 0, 7733 MiB, 81920 MiB, 0 %
2026/07/03 21:33:02.694, 1, 0 MiB, 81920 MiB, 0 %
2026/07/03 21:33:02.695, 2, 0 MiB, 81920 MiB, 0 %
2026/07/03 21:33:02.695, 3, 0 MiB, 81920 MiB, 0 %
2026/07/03 21:33:02.695, 4, 0 MiB, 81920 MiB, 0 %
2026/07/03 21:33:02.696, 5, 0 MiB, 81920 MiB, 0 %
2026/07/03 21:33:02.696, 6, 0 MiB, 81920 MiB, 0 %
2026/07/03 21:33:02.696, 7, 0 MiB, 81920 MiB, 0 %
2026/07/03 21:33:12.697, 0, 7733 MiB, 81920 MiB, 0 %
2026/07/03 21:33:12.697, 1, 0 MiB, 81920 MiB, 0 %
2026/07/03 21:33:12.698, 2, 0 MiB, 81920 MiB, 0 %
2026/07/03 21:33:12.698, 3, 0 MiB, 81920 MiB, 0 %
2026/07/03 21:33:12.698, 4, 0 MiB, 81920 MiB, 0 %
2026/07/03 21:33:12.699, 5, 0 MiB, 81920 MiB, 0 %
2026/07/03 21:33:12.699, 6, 0 MiB, 81920 MiB, 0 %
2026/07/03 21:33:12.699, 7, 0 MiB, 81920 MiB, 0 %
2026/07/03 21:33:22.700, 0, 7733 MiB, 81920 MiB, 0 %
2026/07/03 21:33:22.700, 1, 0 MiB, 81920 MiB, 0 %
2026/07/03 21:33:22.701, 2, 0 MiB, 81920 MiB, 0 %
2026/07/03 21:33:22.701, 3, 0 MiB, 81920 MiB, 0 %
2026/07/03 21:33:22.701, 4, 0 MiB, 81920 MiB, 0 %
2026/07/03 21:33:22.702, 5, 0 MiB, 81920 MiB, 0 %
2026/07/03 21:33:22.702, 6, 0 MiB, 81920 MiB, 0 %
2026/07/03 21:33:22.702, 7, 0 MiB, 81920 MiB, 0 %
2026/07/03 21:33:32.703, 0, 7733 MiB, 81920 MiB, 0 %
2026/07/03 21:33:32.704, 1, 0 MiB, 81920 MiB, 0 %
2026/07/03 21:33:32.704, 2, 0 MiB, 81920 MiB, 0 %
2026/07/03 21:33:32.704, 3, 0 MiB, 81920 MiB, 0 %
2026/07/03 21:33:32.705, 4, 0 MiB, 81920 MiB, 0 %
2026/07/03 21:33:32.705, 5, 0 MiB, 81920 MiB, 0 %
2026/07/03 21:33:32.705, 6, 0 MiB, 81920 MiB, 0 %
2026/07/03 21:33:32.706, 7, 0 MiB, 81920 MiB, 0 %
2026/07/03 21:33:42.706, 0, 7733 MiB, 81920 MiB, 0 %
2026/07/03 21:33:42.707, 1, 0 MiB, 81920 MiB, 0 %
2026/07/03 21:33:42.707, 2, 0 MiB, 81920 MiB, 0 %
2026/07/03 21:33:42.708, 3, 0 MiB, 81920 MiB, 0 %
2026/07/03 21:33:42.708, 4, 0 MiB, 81920 MiB, 0 %
2026/07/03 21:33:42.708, 5, 0 MiB, 81920 MiB, 0 %
2026/07/03 21:33:42.709, 6, 0 MiB, 81920 MiB, 0 %
2026/07/03 21:33:42.709, 7, 0 MiB, 81920 MiB, 0 %
2026/07/03 21:33:52.710, 0, 7733 MiB, 81920 MiB, 0 %
2026/07/03 21:33:52.710, 1, 0 MiB, 81920 MiB, 0 %
2026/07/03 21:33:52.711, 2, 0 MiB, 81920 MiB, 0 %
2026/07/03 21:33:52.711, 3, 0 MiB, 81920 MiB, 0 %
2026/07/03 21:33:52.711, 4, 0 MiB, 81920 MiB, 0 %
2026/07/03 21:33:52.712, 5, 0 MiB, 81920 MiB, 0 %
2026/07/03 21:33:52.712, 6, 0 MiB, 81920 MiB, 0 %
2026/07/03 21:33:52.712, 7, 0 MiB, 81920 MiB, 0 %
2026/07/03 21:34:02.713, 0, 7733 MiB, 81920 MiB, 0 %
2026/07/03 21:34:02.714, 1, 0 MiB, 81920 MiB, 0 %
2026/07/03 21:34:02.714, 2, 0 MiB, 81920 MiB, 0 %
2026/07/03 21:34:02.714, 3, 0 MiB, 81920 MiB, 0 %
2026/07/03 21:34:02.714, 4, 0 MiB, 81920 MiB, 0 %
2026/07/03 21:34:02.715, 5, 0 MiB, 81920 MiB, 0 %
2026/07/03 21:34:02.715, 6, 0 MiB, 81920 MiB, 0 %
2026/07/03 21:34:02.715, 7, 0 MiB, 81920 MiB, 0 %
2026/07/03 21:34:12.716, 0, 7733 MiB, 81920 MiB, 0 %
2026/07/03 21:34:12.717, 1, 0 MiB, 81920 MiB, 0 %
2026/07/03 21:34:12.717, 2, 0 MiB, 81920 MiB, 0 %
2026/07/03 21:34:12.717, 3, 0 MiB, 81920 MiB, 0 %
2026/07/03 21:34:12.718, 4, 0 MiB, 81920 MiB, 0 %
2026/07/03 21:34:12.718, 5, 0 MiB, 81920 MiB, 0 %
2026/07/03 21:34:12.718, 6, 0 MiB, 81920 MiB, 0 %
2026/07/03 21:34:12.719, 7, 0 MiB, 81920 MiB, 0 %
2026/07/03 21:34:22.720, 0, 7733 MiB, 81920 MiB, 0 %
2026/07/03 21:34:22.720, 1, 0 MiB, 81920 MiB, 0 %
2026/07/03 21:34:22.721, 2, 0 MiB, 81920 MiB, 0 %
2026/07/03 21:34:22.721, 3, 0 MiB, 81920 MiB, 0 %
2026/07/03 21:34:22.721, 4, 0 MiB, 81920 MiB, 0 %
2026/07/03 21:34:22.721, 5, 0 MiB, 81920 MiB, 0 %
2026/07/03 21:34:22.722, 6, 0 MiB, 81920 MiB, 0 %
2026/07/03 21:34:22.722, 7, 0 MiB, 81920 MiB, 0 %
2026/07/03 21:34:32.723, 0, 7733 MiB, 81920 MiB, 0 %
2026/07/03 21:34:32.723, 1, 0 MiB, 81920 MiB, 0 %
2026/07/03 21:34:32.724, 2, 0 MiB, 81920 MiB, 0 %
2026/07/03 21:34:32.724, 3, 0 MiB, 81920 MiB, 0 %
2026/07/03 21:34:32.724, 4, 0 MiB, 81920 MiB, 0 %
2026/07/03 21:34:32.725, 5, 0 MiB, 81920 MiB, 0 %
2026/07/03 21:34:32.725, 6, 0 MiB, 81920 MiB, 0 %
2026/07/03 21:34:32.725, 7, 0 MiB, 81920 MiB, 0 %
2026/07/03 21:34:42.726, 0, 7733 MiB, 81920 MiB, 0 %
2026/07/03 21:34:42.727, 1, 0 MiB, 81920 MiB, 0 %
2026/07/03 21:34:42.727, 2, 0 MiB, 81920 MiB, 0 %
2026/07/03 21:34:42.727, 3, 0 MiB, 81920 MiB, 0 %
2026/07/03 21:34:42.727, 4, 0 MiB, 81920 MiB, 0 %
2026/07/03 21:34:42.728, 5, 0 MiB, 81920 MiB, 0 %
2026/07/03 21:34:42.728, 6, 0 MiB, 81920 MiB, 0 %
2026/07/03 21:34:42.728, 7, 0 MiB, 81920 MiB, 0 %
2026/07/03 21:34:52.729, 0, 7733 MiB, 81920 MiB, 0 %
2026/07/03 21:34:52.730, 1, 0 MiB, 81920 MiB, 0 %
2026/07/03 21:34:52.730, 2, 0 MiB, 81920 MiB, 0 %
2026/07/03 21:34:52.730, 3, 0 MiB, 81920 MiB, 0 %
2026/07/03 21:34:52.730, 4, 0 MiB, 81920 MiB, 0 %
2026/07/03 21:34:52.731, 5, 0 MiB, 81920 MiB, 0 %
2026/07/03 21:34:52.731, 6, 0 MiB, 81920 MiB, 0 %
2026/07/03 21:34:52.731, 7, 0 MiB, 81920 MiB, 0 %
2026/07/03 21:35:02.732, 0, 7733 MiB, 81920 MiB, 0 %
2026/07/03 21:35:02.733, 1, 0 MiB, 81920 MiB, 0 %
2026/07/03 21:35:02.733, 2, 0 MiB, 81920 MiB, 0 %
2026/07/03 21:35:02.734, 3, 0 MiB, 81920 MiB, 0 %
2026/07/03 21:35:02.734, 4, 0 MiB, 81920 MiB, 0 %
2026/07/03 21:35:02.734, 5, 0 MiB, 81920 MiB, 0 %
2026/07/03 21:35:02.735, 6, 0 MiB, 81920 MiB, 0 %
2026/07/03 21:35:02.735, 7, 0 MiB, 81920 MiB, 0 %
2026/07/03 21:35:12.736, 0, 7733 MiB, 81920 MiB, 0 %
2026/07/03 21:35:12.736, 1, 0 MiB, 81920 MiB, 0 %
2026/07/03 21:35:12.737, 2, 0 MiB, 81920 MiB, 0 %
2026/07/03 21:35:12.737, 3, 0 MiB, 81920 MiB, 0 %
2026/07/03 21:35:12.737, 4, 0 MiB, 81920 MiB, 0 %
2026/07/03 21:35:12.738, 5, 0 MiB, 81920 MiB, 0 %
2026/07/03 21:35:12.738, 6, 0 MiB, 81920 MiB, 0 %
2026/07/03 21:35:12.738, 7, 0 MiB, 81920 MiB, 0 %
2026/07/03 21:35:22.739, 0, 7733 MiB, 81920 MiB, 55 %
2026/07/03 21:35:22.739, 1, 0 MiB, 81920 MiB, 0 %
2026/07/03 21:35:22.740, 2, 0 MiB, 81920 MiB, 0 %
2026/07/03 21:35:22.740, 3, 0 MiB, 81920 MiB, 0 %
2026/07/03 21:35:22.740, 4, 0 MiB, 81920 MiB, 0 %
2026/07/03 21:35:22.741, 5, 0 MiB, 81920 MiB, 0 %
2026/07/03 21:35:22.741, 6, 0 MiB, 81920 MiB, 0 %
2026/07/03 21:35:22.741, 7, 0 MiB, 81920 MiB, 0 %
2026/07/03 21:35:32.742, 0, 7733 MiB, 81920 MiB, 0 %
2026/07/03 21:35:32.742, 1, 0 MiB, 81920 MiB, 0 %
2026/07/03 21:35:32.743, 2, 0 MiB, 81920 MiB, 0 %
2026/07/03 21:35:32.743, 3, 0 MiB, 81920 MiB, 0 %
2026/07/03 21:35:32.743, 4, 0 MiB, 81920 MiB, 0 %
2026/07/03 21:35:32.744, 5, 0 MiB, 81920 MiB, 0 %
2026/07/03 21:35:32.744, 6, 0 MiB, 81920 MiB, 0 %
2026/07/03 21:35:32.744, 7, 0 MiB, 81920 MiB, 0 %
2026/07/03 21:35:42.745, 0, 7733 MiB, 81920 MiB, 0 %
2026/07/03 21:35:42.746, 1, 0 MiB, 81920 MiB, 0 %
2026/07/03 21:35:42.746, 2, 0 MiB, 81920 MiB, 0 %
2026/07/03 21:35:42.746, 3, 0 MiB, 81920 MiB, 0 %
2026/07/03 21:35:42.747, 4, 0 MiB, 81920 MiB, 0 %
2026/07/03 21:35:42.747, 5, 0 MiB, 81920 MiB, 0 %
2026/07/03 21:35:42.747, 6, 0 MiB, 81920 MiB, 0 %
2026/07/03 21:35:42.748, 7, 0 MiB, 81920 MiB, 0 %
2026/07/03 21:35:52.748, 0, 7733 MiB, 81920 MiB, 0 %
2026/07/03 21:35:52.749, 1, 0 MiB, 81920 MiB, 0 %
2026/07/03 21:35:52.749, 2, 0 MiB, 81920 MiB, 0 %
2026/07/03 21:35:52.750, 3, 0 MiB, 81920 MiB, 0 %
2026/07/03 21:35:52.750, 4, 0 MiB, 81920 MiB, 0 %
2026/07/03 21:35:52.750, 5, 0 MiB, 81920 MiB, 0 %
2026/07/03 21:35:52.750, 6, 0 MiB, 81920 MiB, 0 %
2026/07/03 21:35:52.751, 7, 0 MiB, 81920 MiB, 0 %
2026/07/03 21:36:02.752, 0, 7733 MiB, 81920 MiB, 0 %
2026/07/03 21:36:02.752, 1, 0 MiB, 81920 MiB, 0 %
2026/07/03 21:36:02.752, 2, 0 MiB, 81920 MiB, 0 %
2026/07/03 21:36:02.753, 3, 0 MiB, 81920 MiB, 0 %
2026/07/03 21:36:02.753, 4, 0 MiB, 81920 MiB, 0 %
2026/07/03 21:36:02.753, 5, 0 MiB, 81920 MiB, 0 %
2026/07/03 21:36:02.754, 6, 0 MiB, 81920 MiB, 0 %
2026/07/03 21:36:02.754, 7, 0 MiB, 81920 MiB, 0 %
2026/07/03 21:36:12.755, 0, 7733 MiB, 81920 MiB, 0 %
2026/07/03 21:36:12.756, 1, 0 MiB, 81920 MiB, 0 %
2026/07/03 21:36:12.756, 2, 0 MiB, 81920 MiB, 0 %
2026/07/03 21:36:12.756, 3, 0 MiB, 81920 MiB, 0 %
2026/07/03 21:36:12.757, 4, 0 MiB, 81920 MiB, 0 %
2026/07/03 21:36:12.757, 5, 0 MiB, 81920 MiB, 0 %
2026/07/03 21:36:12.757, 6, 0 MiB, 81920 MiB, 0 %
2026/07/03 21:36:12.758, 7, 0 MiB, 81920 MiB, 0 %
2026/07/03 21:36:22.759, 0, 7733 MiB, 81920 MiB, 0 %
2026/07/03 21:36:22.759, 1, 0 MiB, 81920 MiB, 0 %
2026/07/03 21:36:22.759, 2, 0 MiB, 81920 MiB, 0 %
2026/07/03 21:36:22.760, 3, 0 MiB, 81920 MiB, 0 %
2026/07/03 21:36:22.760, 4, 0 MiB, 81920 MiB, 0 %
2026/07/03 21:36:22.760, 5, 0 MiB, 81920 MiB, 0 %
2026/07/03 21:36:22.761, 6, 0 MiB, 81920 MiB, 0 %
2026/07/03 21:36:22.761, 7, 0 MiB, 81920 MiB, 0 %
2026/07/03 21:36:32.762, 0, 7733 MiB, 81920 MiB, 0 %
2026/07/03 21:36:32.762, 1, 0 MiB, 81920 MiB, 0 %
2026/07/03 21:36:32.763, 2, 0 MiB, 81920 MiB, 0 %
2026/07/03 21:36:32.763, 3, 0 MiB, 81920 MiB, 0 %
2026/07/03 21:36:32.763, 4, 0 MiB, 81920 MiB, 0 %
2026/07/03 21:36:32.764, 5, 0 MiB, 81920 MiB, 0 %
2026/07/03 21:36:32.764, 6, 0 MiB, 81920 MiB, 0 %
2026/07/03 21:36:32.764, 7, 0 MiB, 81920 MiB, 0 %
2026/07/03 21:36:42.765, 0, 7733 MiB, 81920 MiB, 0 %
2026/07/03 21:36:42.765, 1, 0 MiB, 81920 MiB, 0 %
2026/07/03 21:36:42.766, 2, 0 MiB, 81920 MiB, 0 %
2026/07/03 21:36:42.766, 3, 0 MiB, 81920 MiB, 0 %
2026/07/03 21:36:42.766, 4, 0 MiB, 81920 MiB, 0 %
2026/07/03 21:36:42.767, 5, 0 MiB, 81920 MiB, 0 %
2026/07/03 21:36:42.767, 6, 0 MiB, 81920 MiB, 0 %
2026/07/03 21:36:42.767, 7, 0 MiB, 81920 MiB, 0 %
2026/07/03 21:36:52.769, 0, 7733 MiB, 81920 MiB, 0 %
2026/07/03 21:36:52.769, 1, 0 MiB, 81920 MiB, 0 %
2026/07/03 21:36:52.769, 2, 0 MiB, 81920 MiB, 0 %
2026/07/03 21:36:52.770, 3, 0 MiB, 81920 MiB, 0 %
2026/07/03 21:36:52.770, 4, 0 MiB, 81920 MiB, 0 %
2026/07/03 21:36:52.770, 5, 0 MiB, 81920 MiB, 0 %
2026/07/03 21:36:52.771, 6, 0 MiB, 81920 MiB, 0 %
2026/07/03 21:36:52.771, 7, 0 MiB, 81920 MiB, 0 %
2026/07/03 21:37:02.771, 0, 7733 MiB, 81920 MiB, 42 %
2026/07/03 21:37:02.772, 1, 0 MiB, 81920 MiB, 0 %
2026/07/03 21:37:02.772, 2, 0 MiB, 81920 MiB, 0 %
2026/07/03 21:37:02.773, 3, 0 MiB, 81920 MiB, 0 %
2026/07/03 21:37:02.773, 4, 0 MiB, 81920 MiB, 0 %
2026/07/03 21:37:02.773, 5, 0 MiB, 81920 MiB, 0 %
2026/07/03 21:37:02.774, 6, 0 MiB, 81920 MiB, 0 %
2026/07/03 21:37:02.774, 7, 0 MiB, 81920 MiB, 0 %
2026/07/03 21:37:12.775, 0, 7733 MiB, 81920 MiB, 0 %
2026/07/03 21:37:12.775, 1, 0 MiB, 81920 MiB, 0 %
2026/07/03 21:37:12.775, 2, 0 MiB, 81920 MiB, 0 %
2026/07/03 21:37:12.776, 3, 0 MiB, 81920 MiB, 0 %
2026/07/03 21:37:12.776, 4, 0 MiB, 81920 MiB, 0 %
2026/07/03 21:37:12.776, 5, 0 MiB, 81920 MiB, 0 %
2026/07/03 21:37:12.777, 6, 0 MiB, 81920 MiB, 0 %
2026/07/03 21:37:12.777, 7, 0 MiB, 81920 MiB, 0 %
2026/07/03 21:37:22.778, 0, 7733 MiB, 81920 MiB, 0 %
2026/07/03 21:37:22.778, 1, 0 MiB, 81920 MiB, 0 %
2026/07/03 21:37:22.779, 2, 0 MiB, 81920 MiB, 0 %
2026/07/03 21:37:22.779, 3, 0 MiB, 81920 MiB, 0 %
2026/07/03 21:37:22.779, 4, 0 MiB, 81920 MiB, 0 %
2026/07/03 21:37:22.779, 5, 0 MiB, 81920 MiB, 0 %
2026/07/03 21:37:22.780, 6, 0 MiB, 81920 MiB, 0 %
2026/07/03 21:37:22.780, 7, 0 MiB, 81920 MiB, 0 %
2026/07/03 21:37:32.781, 0, 7733 MiB, 81920 MiB, 0 %
2026/07/03 21:37:32.781, 1, 0 MiB, 81920 MiB, 0 %
2026/07/03 21:37:32.782, 2, 0 MiB, 81920 MiB, 0 %
2026/07/03 21:37:32.782, 3, 0 MiB, 81920 MiB, 0 %
2026/07/03 21:37:32.782, 4, 0 MiB, 81920 MiB, 0 %
2026/07/03 21:37:32.782, 5, 0 MiB, 81920 MiB, 0 %
2026/07/03 21:37:32.783, 6, 0 MiB, 81920 MiB, 0 %
2026/07/03 21:37:32.783, 7, 0 MiB, 81920 MiB, 0 %
2026/07/03 21:37:42.784, 0, 7733 MiB, 81920 MiB, 0 %
2026/07/03 21:37:42.785, 1, 0 MiB, 81920 MiB, 0 %
2026/07/03 21:37:42.785, 2, 0 MiB, 81920 MiB, 0 %
2026/07/03 21:37:42.786, 3, 0 MiB, 81920 MiB, 0 %
2026/07/03 21:37:42.786, 4, 0 MiB, 81920 MiB, 0 %
2026/07/03 21:37:42.786, 5, 0 MiB, 81920 MiB, 0 %
2026/07/03 21:37:42.786, 6, 0 MiB, 81920 MiB, 0 %
2026/07/03 21:37:42.787, 7, 0 MiB, 81920 MiB, 0 %
2026/07/03 21:37:52.788, 0, 7733 MiB, 81920 MiB, 0 %
2026/07/03 21:37:52.789, 1, 0 MiB, 81920 MiB, 0 %
2026/07/03 21:37:52.789, 2, 0 MiB, 81920 MiB, 0 %
2026/07/03 21:37:52.789, 3, 0 MiB, 81920 MiB, 0 %
2026/07/03 21:37:52.790, 4, 0 MiB, 81920 MiB, 0 %
2026/07/03 21:37:52.790, 5, 0 MiB, 81920 MiB, 0 %
2026/07/03 21:37:52.790, 6, 0 MiB, 81920 MiB, 0 %
2026/07/03 21:37:52.790, 7, 0 MiB, 81920 MiB, 0 %
2026/07/03 21:38:02.791, 0, 7733 MiB, 81920 MiB, 62 %
2026/07/03 21:38:02.791, 1, 0 MiB, 81920 MiB, 0 %
2026/07/03 21:38:02.792, 2, 0 MiB, 81920 MiB, 0 %
2026/07/03 21:38:02.792, 3, 0 MiB, 81920 MiB, 0 %
2026/07/03 21:38:02.792, 4, 0 MiB, 81920 MiB, 0 %
2026/07/03 21:38:02.793, 5, 0 MiB, 81920 MiB, 0 %
2026/07/03 21:38:02.793, 6, 0 MiB, 81920 MiB, 0 %
2026/07/03 21:38:02.793, 7, 0 MiB, 81920 MiB, 0 %
2026/07/03 21:38:12.794, 0, 7733 MiB, 81920 MiB, 0 %
2026/07/03 21:38:12.794, 1, 0 MiB, 81920 MiB, 0 %
2026/07/03 21:38:12.795, 2, 0 MiB, 81920 MiB, 0 %
2026/07/03 21:38:12.795, 3, 0 MiB, 81920 MiB, 0 %
2026/07/03 21:38:12.795, 4, 0 MiB, 81920 MiB, 0 %
2026/07/03 21:38:12.795, 5, 0 MiB, 81920 MiB, 0 %
2026/07/03 21:38:12.796, 6, 0 MiB, 81920 MiB, 0 %
2026/07/03 21:38:12.796, 7, 0 MiB, 81920 MiB, 0 %
2026/07/03 21:38:22.797, 0, 7733 MiB, 81920 MiB, 0 %
2026/07/03 21:38:22.797, 1, 0 MiB, 81920 MiB, 0 %
2026/07/03 21:38:22.797, 2, 0 MiB, 81920 MiB, 0 %
2026/07/03 21:38:22.798, 3, 0 MiB, 81920 MiB, 0 %
2026/07/03 21:38:22.798, 4, 0 MiB, 81920 MiB, 0 %
2026/07/03 21:38:22.798, 5, 0 MiB, 81920 MiB, 0 %
2026/07/03 21:38:22.799, 6, 0 MiB, 81920 MiB, 0 %
2026/07/03 21:38:22.799, 7, 0 MiB, 81920 MiB, 0 %
2026/07/03 21:38:32.800, 0, 7733 MiB, 81920 MiB, 0 %
2026/07/03 21:38:32.801, 1, 0 MiB, 81920 MiB, 0 %
2026/07/03 21:38:32.801, 2, 0 MiB, 81920 MiB, 0 %
2026/07/03 21:38:32.801, 3, 0 MiB, 81920 MiB, 0 %
2026/07/03 21:38:32.802, 4, 0 MiB, 81920 MiB, 0 %
2026/07/03 21:38:32.802, 5, 0 MiB, 81920 MiB, 0 %
2026/07/03 21:38:32.802, 6, 0 MiB, 81920 MiB, 0 %
2026/07/03 21:38:32.803, 7, 0 MiB, 81920 MiB, 0 %
2026/07/03 21:38:42.804, 0, 7733 MiB, 81920 MiB, 60 %
2026/07/03 21:38:42.805, 1, 0 MiB, 81920 MiB, 0 %
2026/07/03 21:38:42.805, 2, 0 MiB, 81920 MiB, 0 %
2026/07/03 21:38:42.805, 3, 0 MiB, 81920 MiB, 0 %
2026/07/03 21:38:42.805, 4, 0 MiB, 81920 MiB, 0 %
2026/07/03 21:38:42.806, 5, 0 MiB, 81920 MiB, 0 %
2026/07/03 21:38:42.806, 6, 0 MiB, 81920 MiB, 0 %
2026/07/03 21:38:42.806, 7, 0 MiB, 81920 MiB, 0 %
2026/07/03 21:38:52.808, 0, 7733 MiB, 81920 MiB, 0 %
2026/07/03 21:38:52.808, 1, 0 MiB, 81920 MiB, 0 %
2026/07/03 21:38:52.809, 2, 0 MiB, 81920 MiB, 0 %
2026/07/03 21:38:52.809, 3, 0 MiB, 81920 MiB, 0 %
2026/07/03 21:38:52.809, 4, 0 MiB, 81920 MiB, 0 %
2026/07/03 21:38:52.809, 5, 0 MiB, 81920 MiB, 0 %
2026/07/03 21:38:52.810, 6, 0 MiB, 81920 MiB, 0 %
2026/07/03 21:38:52.810, 7, 0 MiB, 81920 MiB, 0 %
2026/07/03 21:39:02.811, 0, 7733 MiB, 81920 MiB, 0 %
2026/07/03 21:39:02.812, 1, 0 MiB, 81920 MiB, 0 %
2026/07/03 21:39:02.812, 2, 0 MiB, 81920 MiB, 0 %
2026/07/03 21:39:02.812, 3, 0 MiB, 81920 MiB, 0 %
2026/07/03 21:39:02.813, 4, 0 MiB, 81920 MiB, 0 %
2026/07/03 21:39:02.813, 5, 0 MiB, 81920 MiB, 0 %
2026/07/03 21:39:02.813, 6, 0 MiB, 81920 MiB, 0 %
2026/07/03 21:39:02.814, 7, 0 MiB, 81920 MiB, 0 %
2026/07/03 21:39:12.815, 0, 7733 MiB, 81920 MiB, 0 %
2026/07/03 21:39:12.816, 1, 0 MiB, 81920 MiB, 0 %
2026/07/03 21:39:12.816, 2, 0 MiB, 81920 MiB, 0 %
2026/07/03 21:39:12.816, 3, 0 MiB, 81920 MiB, 0 %
2026/07/03 21:39:12.816, 4, 0 MiB, 81920 MiB, 0 %
2026/07/03 21:39:12.817, 5, 0 MiB, 81920 MiB, 0 %
2026/07/03 21:39:12.817, 6, 0 MiB, 81920 MiB, 0 %
2026/07/03 21:39:12.817, 7, 0 MiB, 81920 MiB, 0 %
2026/07/03 21:39:22.818, 0, 7733 MiB, 81920 MiB, 0 %
2026/07/03 21:39:22.819, 1, 0 MiB, 81920 MiB, 0 %
2026/07/03 21:39:22.819, 2, 0 MiB, 81920 MiB, 0 %
2026/07/03 21:39:22.819, 3, 0 MiB, 81920 MiB, 0 %
2026/07/03 21:39:22.820, 4, 0 MiB, 81920 MiB, 0 %
2026/07/03 21:39:22.820, 5, 0 MiB, 81920 MiB, 0 %
2026/07/03 21:39:22.820, 6, 0 MiB, 81920 MiB, 0 %
2026/07/03 21:39:22.820, 7, 0 MiB, 81920 MiB, 0 %
2026/07/03 21:39:32.822, 0, 7733 MiB, 81920 MiB, 0 %
2026/07/03 21:39:32.822, 1, 0 MiB, 81920 MiB, 0 %
2026/07/03 21:39:32.823, 2, 0 MiB, 81920 MiB, 0 %
2026/07/03 21:39:32.823, 3, 0 MiB, 81920 MiB, 0 %
2026/07/03 21:39:32.823, 4, 0 MiB, 81920 MiB, 0 %
2026/07/03 21:39:32.823, 5, 0 MiB, 81920 MiB, 0 %
2026/07/03 21:39:32.824, 6, 0 MiB, 81920 MiB, 0 %
2026/07/03 21:39:32.824, 7, 0 MiB, 81920 MiB, 0 %
2026/07/03 21:39:42.825, 0, 7733 MiB, 81920 MiB, 0 %
2026/07/03 21:39:42.826, 1, 0 MiB, 81920 MiB, 0 %
2026/07/03 21:39:42.826, 2, 0 MiB, 81920 MiB, 0 %
2026/07/03 21:39:42.827, 3, 0 MiB, 81920 MiB, 0 %
2026/07/03 21:39:42.827, 4, 0 MiB, 81920 MiB, 0 %
2026/07/03 21:39:42.827, 5, 0 MiB, 81920 MiB, 0 %
2026/07/03 21:39:42.827, 6, 0 MiB, 81920 MiB, 0 %
2026/07/03 21:39:42.828, 7, 0 MiB, 81920 MiB, 0 %
2026/07/03 21:39:52.828, 0, 7733 MiB, 81920 MiB, 0 %
2026/07/03 21:39:52.829, 1, 0 MiB, 81920 MiB, 0 %
2026/07/03 21:39:52.829, 2, 0 MiB, 81920 MiB, 0 %
2026/07/03 21:39:52.829, 3, 0 MiB, 81920 MiB, 0 %
2026/07/03 21:39:52.830, 4, 0 MiB, 81920 MiB, 0 %
2026/07/03 21:39:52.830, 5, 0 MiB, 81920 MiB, 0 %
2026/07/03 21:39:52.830, 6, 0 MiB, 81920 MiB, 0 %
2026/07/03 21:39:52.831, 7, 0 MiB, 81920 MiB, 0 %
2026/07/03 21:40:02.831, 0, 7733 MiB, 81920 MiB, 0 %
2026/07/03 21:40:02.832, 1, 0 MiB, 81920 MiB, 0 %
2026/07/03 21:40:02.832, 2, 0 MiB, 81920 MiB, 0 %
2026/07/03 21:40:02.833, 3, 0 MiB, 81920 MiB, 0 %
2026/07/03 21:40:02.833, 4, 0 MiB, 81920 MiB, 0 %
2026/07/03 21:40:02.833, 5, 0 MiB, 81920 MiB, 0 %
2026/07/03 21:40:02.833, 6, 0 MiB, 81920 MiB, 0 %
2026/07/03 21:40:02.834, 7, 0 MiB, 81920 MiB, 0 %
2026/07/03 21:40:12.834, 0, 7733 MiB, 81920 MiB, 0 %
2026/07/03 21:40:12.835, 1, 0 MiB, 81920 MiB, 0 %
2026/07/03 21:40:12.835, 2, 0 MiB, 81920 MiB, 0 %
2026/07/03 21:40:12.836, 3, 0 MiB, 81920 MiB, 0 %
2026/07/03 21:40:12.836, 4, 0 MiB, 81920 MiB, 0 %
2026/07/03 21:40:12.836, 5, 0 MiB, 81920 MiB, 0 %
2026/07/03 21:40:12.837, 6, 0 MiB, 81920 MiB, 0 %
2026/07/03 21:40:12.837, 7, 0 MiB, 81920 MiB, 0 %
2026/07/03 21:40:22.837, 0, 7733 MiB, 81920 MiB, 0 %
2026/07/03 21:40:22.838, 1, 0 MiB, 81920 MiB, 0 %
2026/07/03 21:40:22.838, 2, 0 MiB, 81920 MiB, 0 %
2026/07/03 21:40:22.838, 3, 0 MiB, 81920 MiB, 0 %
2026/07/03 21:40:22.839, 4, 0 MiB, 81920 MiB, 0 %
2026/07/03 21:40:22.839, 5, 0 MiB, 81920 MiB, 0 %
2026/07/03 21:40:22.839, 6, 0 MiB, 81920 MiB, 0 %
2026/07/03 21:40:22.840, 7, 0 MiB, 81920 MiB, 0 %
2026/07/03 21:40:32.840, 0, 7733 MiB, 81920 MiB, 0 %
2026/07/03 21:40:32.841, 1, 0 MiB, 81920 MiB, 0 %
2026/07/03 21:40:32.841, 2, 0 MiB, 81920 MiB, 0 %
2026/07/03 21:40:32.841, 3, 0 MiB, 81920 MiB, 0 %
2026/07/03 21:40:32.842, 4, 0 MiB, 81920 MiB, 0 %
2026/07/03 21:40:32.842, 5, 0 MiB, 81920 MiB, 0 %
2026/07/03 21:40:32.842, 6, 0 MiB, 81920 MiB, 0 %
2026/07/03 21:40:32.843, 7, 0 MiB, 81920 MiB, 0 %
2026/07/03 21:40:42.843, 0, 7733 MiB, 81920 MiB, 0 %
2026/07/03 21:40:42.844, 1, 0 MiB, 81920 MiB, 0 %
2026/07/03 21:40:42.844, 2, 0 MiB, 81920 MiB, 0 %
2026/07/03 21:40:42.844, 3, 0 MiB, 81920 MiB, 0 %
2026/07/03 21:40:42.844, 4, 0 MiB, 81920 MiB, 0 %
2026/07/03 21:40:42.845, 5, 0 MiB, 81920 MiB, 0 %
2026/07/03 21:40:42.845, 6, 0 MiB, 81920 MiB, 0 %
2026/07/03 21:40:42.845, 7, 0 MiB, 81920 MiB, 0 %
2026/07/03 21:40:52.846, 0, 7733 MiB, 81920 MiB, 0 %
2026/07/03 21:40:52.846, 1, 0 MiB, 81920 MiB, 0 %
2026/07/03 21:40:52.847, 2, 0 MiB, 81920 MiB, 0 %
2026/07/03 21:40:52.847, 3, 0 MiB, 81920 MiB, 0 %
2026/07/03 21:40:52.847, 4, 0 MiB, 81920 MiB, 0 %
2026/07/03 21:40:52.848, 5, 0 MiB, 81920 MiB, 0 %
2026/07/03 21:40:52.848, 6, 0 MiB, 81920 MiB, 0 %
2026/07/03 21:40:52.848, 7, 0 MiB, 81920 MiB, 0 %
2026/07/03 21:41:02.849, 0, 7733 MiB, 81920 MiB, 0 %
2026/07/03 21:41:02.849, 1, 0 MiB, 81920 MiB, 0 %
2026/07/03 21:41:02.850, 2, 0 MiB, 81920 MiB, 0 %
2026/07/03 21:41:02.850, 3, 0 MiB, 81920 MiB, 0 %
2026/07/03 21:41:02.850, 4, 0 MiB, 81920 MiB, 0 %
2026/07/03 21:41:02.851, 5, 0 MiB, 81920 MiB, 0 %
2026/07/03 21:41:02.851, 6, 0 MiB, 81920 MiB, 0 %
2026/07/03 21:41:02.851, 7, 0 MiB, 81920 MiB, 0 %
2026/07/03 21:41:12.852, 0, 7733 MiB, 81920 MiB, 0 %
2026/07/03 21:41:12.852, 1, 0 MiB, 81920 MiB, 0 %
2026/07/03 21:41:12.852, 2, 0 MiB, 81920 MiB, 0 %
2026/07/03 21:41:12.853, 3, 0 MiB, 81920 MiB, 0 %
2026/07/03 21:41:12.853, 4, 0 MiB, 81920 MiB, 0 %
2026/07/03 21:41:12.853, 5, 0 MiB, 81920 MiB, 0 %
2026/07/03 21:41:12.854, 6, 0 MiB, 81920 MiB, 0 %
2026/07/03 21:41:12.854, 7, 0 MiB, 81920 MiB, 0 %
2026/07/03 21:41:22.854, 0, 7733 MiB, 81920 MiB, 0 %
2026/07/03 21:41:22.855, 1, 0 MiB, 81920 MiB, 0 %
2026/07/03 21:41:22.855, 2, 0 MiB, 81920 MiB, 0 %
2026/07/03 21:41:22.856, 3, 0 MiB, 81920 MiB, 0 %
2026/07/03 21:41:22.856, 4, 0 MiB, 81920 MiB, 0 %
2026/07/03 21:41:22.856, 5, 0 MiB, 81920 MiB, 0 %
2026/07/03 21:41:22.856, 6, 0 MiB, 81920 MiB, 0 %
2026/07/03 21:41:22.857, 7, 0 MiB, 81920 MiB, 0 %
2026/07/03 21:41:32.857, 0, 7733 MiB, 81920 MiB, 0 %
2026/07/03 21:41:32.858, 1, 0 MiB, 81920 MiB, 0 %
2026/07/03 21:41:32.858, 2, 0 MiB, 81920 MiB, 0 %
2026/07/03 21:41:32.858, 3, 0 MiB, 81920 MiB, 0 %
2026/07/03 21:41:32.859, 4, 0 MiB, 81920 MiB, 0 %
2026/07/03 21:41:32.859, 5, 0 MiB, 81920 MiB, 0 %
2026/07/03 21:41:32.859, 6, 0 MiB, 81920 MiB, 0 %
2026/07/03 21:41:32.860, 7, 0 MiB, 81920 MiB, 0 %
2026/07/03 21:41:42.860, 0, 7733 MiB, 81920 MiB, 0 %
2026/07/03 21:41:42.861, 1, 0 MiB, 81920 MiB, 0 %
2026/07/03 21:41:42.861, 2, 0 MiB, 81920 MiB, 0 %
2026/07/03 21:41:42.861, 3, 0 MiB, 81920 MiB, 0 %
2026/07/03 21:41:42.861, 4, 0 MiB, 81920 MiB, 0 %
2026/07/03 21:41:42.862, 5, 0 MiB, 81920 MiB, 0 %
2026/07/03 21:41:42.862, 6, 0 MiB, 81920 MiB, 0 %
2026/07/03 21:41:42.862, 7, 0 MiB, 81920 MiB, 0 %
2026/07/03 21:41:52.863, 0, 7733 MiB, 81920 MiB, 91 %
2026/07/03 21:41:52.863, 1, 0 MiB, 81920 MiB, 0 %
2026/07/03 21:41:52.864, 2, 0 MiB, 81920 MiB, 0 %
2026/07/03 21:41:52.864, 3, 0 MiB, 81920 MiB, 0 %
2026/07/03 21:41:52.864, 4, 0 MiB, 81920 MiB, 0 %
2026/07/03 21:41:52.864, 5, 0 MiB, 81920 MiB, 0 %
2026/07/03 21:41:52.865, 6, 0 MiB, 81920 MiB, 0 %
2026/07/03 21:41:52.865, 7, 0 MiB, 81920 MiB, 0 %
2026/07/03 21:42:02.866, 0, 7733 MiB, 81920 MiB, 0 %
2026/07/03 21:42:02.866, 1, 0 MiB, 81920 MiB, 0 %
2026/07/03 21:42:02.866, 2, 0 MiB, 81920 MiB, 0 %
2026/07/03 21:42:02.867, 3, 0 MiB, 81920 MiB, 0 %
2026/07/03 21:42:02.867, 4, 0 MiB, 81920 MiB, 0 %
2026/07/03 21:42:02.867, 5, 0 MiB, 81920 MiB, 0 %
2026/07/03 21:42:02.868, 6, 0 MiB, 81920 MiB, 0 %
2026/07/03 21:42:02.868, 7, 0 MiB, 81920 MiB, 0 %
2026/07/03 21:42:12.869, 0, 7733 MiB, 81920 MiB, 0 %
2026/07/03 21:42:12.869, 1, 0 MiB, 81920 MiB, 0 %
2026/07/03 21:42:12.870, 2, 0 MiB, 81920 MiB, 0 %
2026/07/03 21:42:12.870, 3, 0 MiB, 81920 MiB, 0 %
2026/07/03 21:42:12.870, 4, 0 MiB, 81920 MiB, 0 %
2026/07/03 21:42:12.871, 5, 0 MiB, 81920 MiB, 0 %
2026/07/03 21:42:12.871, 6, 0 MiB, 81920 MiB, 0 %
2026/07/03 21:42:12.871, 7, 0 MiB, 81920 MiB, 0 %
2026/07/03 21:42:22.872, 0, 7733 MiB, 81920 MiB, 59 %
2026/07/03 21:42:22.872, 1, 0 MiB, 81920 MiB, 0 %
2026/07/03 21:42:22.872, 2, 0 MiB, 81920 MiB, 0 %
2026/07/03 21:42:22.873, 3, 0 MiB, 81920 MiB, 0 %
2026/07/03 21:42:22.873, 4, 0 MiB, 81920 MiB, 0 %
2026/07/03 21:42:22.873, 5, 0 MiB, 81920 MiB, 0 %
2026/07/03 21:42:22.874, 6, 0 MiB, 81920 MiB, 0 %
2026/07/03 21:42:22.874, 7, 0 MiB, 81920 MiB, 0 %
2026/07/03 21:42:32.875, 0, 7733 MiB, 81920 MiB, 0 %
2026/07/03 21:42:32.875, 1, 0 MiB, 81920 MiB, 0 %
2026/07/03 21:42:32.875, 2, 0 MiB, 81920 MiB, 0 %
2026/07/03 21:42:32.876, 3, 0 MiB, 81920 MiB, 0 %
2026/07/03 21:42:32.876, 4, 0 MiB, 81920 MiB, 0 %
2026/07/03 21:42:32.876, 5, 0 MiB, 81920 MiB, 0 %
2026/07/03 21:42:32.877, 6, 0 MiB, 81920 MiB, 0 %
2026/07/03 21:42:32.877, 7, 0 MiB, 81920 MiB, 0 %
2026/07/03 21:42:42.878, 0, 7733 MiB, 81920 MiB, 0 %
2026/07/03 21:42:42.878, 1, 0 MiB, 81920 MiB, 0 %
2026/07/03 21:42:42.878, 2, 0 MiB, 81920 MiB, 0 %
2026/07/03 21:42:42.879, 3, 0 MiB, 81920 MiB, 0 %
2026/07/03 21:42:42.879, 4, 0 MiB, 81920 MiB, 0 %
2026/07/03 21:42:42.879, 5, 0 MiB, 81920 MiB, 0 %
2026/07/03 21:42:42.880, 6, 0 MiB, 81920 MiB, 0 %
2026/07/03 21:42:42.880, 7, 0 MiB, 81920 MiB, 0 %
2026/07/03 21:42:52.881, 0, 7733 MiB, 81920 MiB, 0 %
2026/07/03 21:42:52.881, 1, 0 MiB, 81920 MiB, 0 %
2026/07/03 21:42:52.881, 2, 0 MiB, 81920 MiB, 0 %
2026/07/03 21:42:52.882, 3, 0 MiB, 81920 MiB, 0 %
2026/07/03 21:42:52.882, 4, 0 MiB, 81920 MiB, 0 %
2026/07/03 21:42:52.882, 5, 0 MiB, 81920 MiB, 0 %
2026/07/03 21:42:52.882, 6, 0 MiB, 81920 MiB, 0 %
2026/07/03 21:42:52.883, 7, 0 MiB, 81920 MiB, 0 %
2026/07/03 21:43:02.883, 0, 7733 MiB, 81920 MiB, 0 %
2026/07/03 21:43:02.884, 1, 0 MiB, 81920 MiB, 0 %
2026/07/03 21:43:02.884, 2, 0 MiB, 81920 MiB, 0 %
2026/07/03 21:43:02.884, 3, 0 MiB, 81920 MiB, 0 %
2026/07/03 21:43:02.885, 4, 0 MiB, 81920 MiB, 0 %
2026/07/03 21:43:02.885, 5, 0 MiB, 81920 MiB, 0 %
2026/07/03 21:43:02.885, 6, 0 MiB, 81920 MiB, 0 %
2026/07/03 21:43:02.886, 7, 0 MiB, 81920 MiB, 0 %
2026/07/03 21:43:12.886, 0, 7733 MiB, 81920 MiB, 0 %
2026/07/03 21:43:12.886, 1, 0 MiB, 81920 MiB, 0 %
2026/07/03 21:43:12.887, 2, 0 MiB, 81920 MiB, 0 %
2026/07/03 21:43:12.887, 3, 0 MiB, 81920 MiB, 0 %
2026/07/03 21:43:12.887, 4, 0 MiB, 81920 MiB, 0 %
2026/07/03 21:43:12.888, 5, 0 MiB, 81920 MiB, 0 %
2026/07/03 21:43:12.888, 6, 0 MiB, 81920 MiB, 0 %
2026/07/03 21:43:12.888, 7, 0 MiB, 81920 MiB, 0 %
2026/07/03 21:43:22.889, 0, 7733 MiB, 81920 MiB, 0 %
2026/07/03 21:43:22.889, 1, 0 MiB, 81920 MiB, 0 %
2026/07/03 21:43:22.890, 2, 0 MiB, 81920 MiB, 0 %
2026/07/03 21:43:22.890, 3, 0 MiB, 81920 MiB, 0 %
2026/07/03 21:43:22.890, 4, 0 MiB, 81920 MiB, 0 %
2026/07/03 21:43:22.890, 5, 0 MiB, 81920 MiB, 0 %
2026/07/03 21:43:22.891, 6, 0 MiB, 81920 MiB, 0 %
2026/07/03 21:43:22.891, 7, 0 MiB, 81920 MiB, 0 %
2026/07/03 21:43:32.891, 0, 7733 MiB, 81920 MiB, 0 %
2026/07/03 21:43:32.892, 1, 0 MiB, 81920 MiB, 0 %
2026/07/03 21:43:32.892, 2, 0 MiB, 81920 MiB, 0 %
2026/07/03 21:43:32.893, 3, 0 MiB, 81920 MiB, 0 %
2026/07/03 21:43:32.893, 4, 0 MiB, 81920 MiB, 0 %
2026/07/03 21:43:32.893, 5, 0 MiB, 81920 MiB, 0 %
2026/07/03 21:43:32.894, 6, 0 MiB, 81920 MiB, 0 %
2026/07/03 21:43:32.894, 7, 0 MiB, 81920 MiB, 0 %
2026/07/03 21:43:42.894, 0, 7733 MiB, 81920 MiB, 0 %
2026/07/03 21:43:42.895, 1, 0 MiB, 81920 MiB, 0 %
2026/07/03 21:43:42.895, 2, 0 MiB, 81920 MiB, 0 %
2026/07/03 21:43:42.895, 3, 0 MiB, 81920 MiB, 0 %
2026/07/03 21:43:42.896, 4, 0 MiB, 81920 MiB, 0 %
2026/07/03 21:43:42.896, 5, 0 MiB, 81920 MiB, 0 %
2026/07/03 21:43:42.896, 6, 0 MiB, 81920 MiB, 0 %
2026/07/03 21:43:42.897, 7, 0 MiB, 81920 MiB, 0 %
2026/07/03 21:43:52.897, 0, 7733 MiB, 81920 MiB, 0 %
2026/07/03 21:43:52.898, 1, 0 MiB, 81920 MiB, 0 %
2026/07/03 21:43:52.898, 2, 0 MiB, 81920 MiB, 0 %
2026/07/03 21:43:52.898, 3, 0 MiB, 81920 MiB, 0 %
2026/07/03 21:43:52.899, 4, 0 MiB, 81920 MiB, 0 %
2026/07/03 21:43:52.899, 5, 0 MiB, 81920 MiB, 0 %
2026/07/03 21:43:52.899, 6, 0 MiB, 81920 MiB, 0 %
2026/07/03 21:43:52.899, 7, 0 MiB, 81920 MiB, 0 %
2026/07/03 21:44:02.900, 0, 7733 MiB, 81920 MiB, 0 %
2026/07/03 21:44:02.900, 1, 0 MiB, 81920 MiB, 0 %
2026/07/03 21:44:02.901, 2, 0 MiB, 81920 MiB, 0 %
2026/07/03 21:44:02.901, 3, 0 MiB, 81920 MiB, 0 %
2026/07/03 21:44:02.901, 4, 0 MiB, 81920 MiB, 0 %
2026/07/03 21:44:02.902, 5, 0 MiB, 81920 MiB, 0 %
2026/07/03 21:44:02.902, 6, 0 MiB, 81920 MiB, 0 %
2026/07/03 21:44:02.902, 7, 0 MiB, 81920 MiB, 0 %
2026/07/03 21:44:12.904, 0, 7733 MiB, 81920 MiB, 0 %
2026/07/03 21:44:12.904, 1, 0 MiB, 81920 MiB, 0 %
2026/07/03 21:44:12.904, 2, 0 MiB, 81920 MiB, 0 %
2026/07/03 21:44:12.905, 3, 0 MiB, 81920 MiB, 0 %
2026/07/03 21:44:12.905, 4, 0 MiB, 81920 MiB, 0 %
2026/07/03 21:44:12.905, 5, 0 MiB, 81920 MiB, 0 %
2026/07/03 21:44:12.906, 6, 0 MiB, 81920 MiB, 0 %
2026/07/03 21:44:12.906, 7, 0 MiB, 81920 MiB, 0 %
2026/07/03 21:44:22.906, 0, 7733 MiB, 81920 MiB, 0 %
2026/07/03 21:44:22.907, 1, 0 MiB, 81920 MiB, 0 %
2026/07/03 21:44:22.907, 2, 0 MiB, 81920 MiB, 0 %
2026/07/03 21:44:22.908, 3, 0 MiB, 81920 MiB, 0 %
2026/07/03 21:44:22.908, 4, 0 MiB, 81920 MiB, 0 %
2026/07/03 21:44:22.908, 5, 0 MiB, 81920 MiB, 0 %
2026/07/03 21:44:22.908, 6, 0 MiB, 81920 MiB, 0 %
2026/07/03 21:44:22.909, 7, 0 MiB, 81920 MiB, 0 %
2026/07/03 21:44:32.909, 0, 7733 MiB, 81920 MiB, 56 %
2026/07/03 21:44:32.910, 1, 0 MiB, 81920 MiB, 0 %
2026/07/03 21:44:32.910, 2, 0 MiB, 81920 MiB, 0 %
2026/07/03 21:44:32.910, 3, 0 MiB, 81920 MiB, 0 %
2026/07/03 21:44:32.911, 4, 0 MiB, 81920 MiB, 0 %
2026/07/03 21:44:32.911, 5, 0 MiB, 81920 MiB, 0 %
2026/07/03 21:44:32.911, 6, 0 MiB, 81920 MiB, 0 %
2026/07/03 21:44:32.912, 7, 0 MiB, 81920 MiB, 0 %
2026/07/03 21:44:42.912, 0, 7733 MiB, 81920 MiB, 0 %
2026/07/03 21:44:42.913, 1, 0 MiB, 81920 MiB, 0 %
2026/07/03 21:44:42.913, 2, 0 MiB, 81920 MiB, 0 %
2026/07/03 21:44:42.913, 3, 0 MiB, 81920 MiB, 0 %
2026/07/03 21:44:42.913, 4, 0 MiB, 81920 MiB, 0 %
2026/07/03 21:44:42.914, 5, 0 MiB, 81920 MiB, 0 %
2026/07/03 21:44:42.914, 6, 0 MiB, 81920 MiB, 0 %
2026/07/03 21:44:42.914, 7, 0 MiB, 81920 MiB, 0 %
2026/07/03 21:44:52.915, 0, 7733 MiB, 81920 MiB, 0 %
2026/07/03 21:44:52.915, 1, 0 MiB, 81920 MiB, 0 %
2026/07/03 21:44:52.916, 2, 0 MiB, 81920 MiB, 0 %
2026/07/03 21:44:52.916, 3, 0 MiB, 81920 MiB, 0 %
2026/07/03 21:44:52.916, 4, 0 MiB, 81920 MiB, 0 %
2026/07/03 21:44:52.917, 5, 0 MiB, 81920 MiB, 0 %
2026/07/03 21:44:52.917, 6, 0 MiB, 81920 MiB, 0 %
2026/07/03 21:44:52.917, 7, 0 MiB, 81920 MiB, 0 %
2026/07/03 21:45:02.918, 0, 7733 MiB, 81920 MiB, 0 %
2026/07/03 21:45:02.918, 1, 0 MiB, 81920 MiB, 0 %
2026/07/03 21:45:02.919, 2, 0 MiB, 81920 MiB, 0 %
2026/07/03 21:45:02.919, 3, 0 MiB, 81920 MiB, 0 %
2026/07/03 21:45:02.919, 4, 0 MiB, 81920 MiB, 0 %
2026/07/03 21:45:02.919, 5, 0 MiB, 81920 MiB, 0 %
2026/07/03 21:45:02.920, 6, 0 MiB, 81920 MiB, 0 %
2026/07/03 21:45:02.920, 7, 0 MiB, 81920 MiB, 0 %
2026/07/03 21:45:12.921, 0, 7733 MiB, 81920 MiB, 0 %
2026/07/03 21:45:12.921, 1, 0 MiB, 81920 MiB, 0 %
2026/07/03 21:45:12.922, 2, 0 MiB, 81920 MiB, 0 %
2026/07/03 21:45:12.922, 3, 0 MiB, 81920 MiB, 0 %
2026/07/03 21:45:12.922, 4, 0 MiB, 81920 MiB, 0 %
2026/07/03 21:45:12.923, 5, 0 MiB, 81920 MiB, 0 %
2026/07/03 21:45:12.923, 6, 0 MiB, 81920 MiB, 0 %
2026/07/03 21:45:12.923, 7, 0 MiB, 81920 MiB, 0 %
2026/07/03 21:45:22.924, 0, 7733 MiB, 81920 MiB, 0 %
2026/07/03 21:45:22.924, 1, 0 MiB, 81920 MiB, 0 %
2026/07/03 21:45:22.925, 2, 0 MiB, 81920 MiB, 0 %
2026/07/03 21:45:22.925, 3, 0 MiB, 81920 MiB, 0 %
2026/07/03 21:45:22.925, 4, 0 MiB, 81920 MiB, 0 %
2026/07/03 21:45:22.926, 5, 0 MiB, 81920 MiB, 0 %
2026/07/03 21:45:22.926, 6, 0 MiB, 81920 MiB, 0 %
2026/07/03 21:45:22.926, 7, 0 MiB, 81920 MiB, 0 %
2026/07/03 21:45:32.927, 0, 7733 MiB, 81920 MiB, 0 %
2026/07/03 21:45:32.928, 1, 0 MiB, 81920 MiB, 0 %
2026/07/03 21:45:32.928, 2, 0 MiB, 81920 MiB, 0 %
2026/07/03 21:45:32.928, 3, 0 MiB, 81920 MiB, 0 %
2026/07/03 21:45:32.928, 4, 0 MiB, 81920 MiB, 0 %
2026/07/03 21:45:32.929, 5, 0 MiB, 81920 MiB, 0 %
2026/07/03 21:45:32.929, 6, 0 MiB, 81920 MiB, 0 %
2026/07/03 21:45:32.929, 7, 0 MiB, 81920 MiB, 0 %
2026/07/03 21:45:42.930, 0, 7733 MiB, 81920 MiB, 0 %
2026/07/03 21:45:42.931, 1, 0 MiB, 81920 MiB, 0 %
2026/07/03 21:45:42.931, 2, 0 MiB, 81920 MiB, 0 %
2026/07/03 21:45:42.931, 3, 0 MiB, 81920 MiB, 0 %
2026/07/03 21:45:42.931, 4, 0 MiB, 81920 MiB, 0 %
2026/07/03 21:45:42.932, 5, 0 MiB, 81920 MiB, 0 %
2026/07/03 21:45:42.932, 6, 0 MiB, 81920 MiB, 0 %
2026/07/03 21:45:42.932, 7, 0 MiB, 81920 MiB, 0 %
2026/07/03 21:45:52.933, 0, 7733 MiB, 81920 MiB, 0 %
2026/07/03 21:45:52.934, 1, 0 MiB, 81920 MiB, 0 %
2026/07/03 21:45:52.934, 2, 0 MiB, 81920 MiB, 0 %
2026/07/03 21:45:52.934, 3, 0 MiB, 81920 MiB, 0 %
2026/07/03 21:45:52.935, 4, 0 MiB, 81920 MiB, 0 %
2026/07/03 21:45:52.935, 5, 0 MiB, 81920 MiB, 0 %
2026/07/03 21:45:52.935, 6, 0 MiB, 81920 MiB, 0 %
2026/07/03 21:45:52.935, 7, 0 MiB, 81920 MiB, 0 %
2026/07/03 21:46:02.936, 0, 7733 MiB, 81920 MiB, 0 %
2026/07/03 21:46:02.937, 1, 0 MiB, 81920 MiB, 0 %
2026/07/03 21:46:02.937, 2, 0 MiB, 81920 MiB, 0 %
2026/07/03 21:46:02.937, 3, 0 MiB, 81920 MiB, 0 %
2026/07/03 21:46:02.938, 4, 0 MiB, 81920 MiB, 0 %
2026/07/03 21:46:02.938, 5, 0 MiB, 81920 MiB, 0 %
2026/07/03 21:46:02.938, 6, 0 MiB, 81920 MiB, 0 %
2026/07/03 21:46:02.939, 7, 0 MiB, 81920 MiB, 0 %
2026/07/03 21:46:12.939, 0, 7733 MiB, 81920 MiB, 0 %
2026/07/03 21:46:12.940, 1, 0 MiB, 81920 MiB, 0 %
2026/07/03 21:46:12.940, 2, 0 MiB, 81920 MiB, 0 %
2026/07/03 21:46:12.940, 3, 0 MiB, 81920 MiB, 0 %
2026/07/03 21:46:12.941, 4, 0 MiB, 81920 MiB, 0 %
2026/07/03 21:46:12.941, 5, 0 MiB, 81920 MiB, 0 %
2026/07/03 21:46:12.941, 6, 0 MiB, 81920 MiB, 0 %
2026/07/03 21:46:12.942, 7, 0 MiB, 81920 MiB, 0 %
2026/07/03 21:46:22.942, 0, 7733 MiB, 81920 MiB, 0 %
2026/07/03 21:46:22.943, 1, 0 MiB, 81920 MiB, 0 %
2026/07/03 21:46:22.943, 2, 0 MiB, 81920 MiB, 0 %
2026/07/03 21:46:22.944, 3, 0 MiB, 81920 MiB, 0 %
2026/07/03 21:46:22.944, 4, 0 MiB, 81920 MiB, 0 %
2026/07/03 21:46:22.944, 5, 0 MiB, 81920 MiB, 0 %
2026/07/03 21:46:22.944, 6, 0 MiB, 81920 MiB, 0 %
2026/07/03 21:46:22.945, 7, 0 MiB, 81920 MiB, 0 %
2026/07/03 21:46:32.946, 0, 7733 MiB, 81920 MiB, 0 %
2026/07/03 21:46:32.947, 1, 0 MiB, 81920 MiB, 0 %
2026/07/03 21:46:32.947, 2, 0 MiB, 81920 MiB, 0 %
2026/07/03 21:46:32.947, 3, 0 MiB, 81920 MiB, 0 %
2026/07/03 21:46:32.947, 4, 0 MiB, 81920 MiB, 0 %
2026/07/03 21:46:32.948, 5, 0 MiB, 81920 MiB, 0 %
2026/07/03 21:46:32.948, 6, 0 MiB, 81920 MiB, 0 %
2026/07/03 21:46:32.948, 7, 0 MiB, 81920 MiB, 0 %
2026/07/03 21:46:42.949, 0, 7733 MiB, 81920 MiB, 0 %
2026/07/03 21:46:42.950, 1, 0 MiB, 81920 MiB, 0 %
2026/07/03 21:46:42.950, 2, 0 MiB, 81920 MiB, 0 %
2026/07/03 21:46:42.950, 3, 0 MiB, 81920 MiB, 0 %
2026/07/03 21:46:42.951, 4, 0 MiB, 81920 MiB, 0 %
2026/07/03 21:46:42.951, 5, 0 MiB, 81920 MiB, 0 %
2026/07/03 21:46:42.951, 6, 0 MiB, 81920 MiB, 0 %
2026/07/03 21:46:42.951, 7, 0 MiB, 81920 MiB, 0 %
2026/07/03 21:46:52.952, 0, 7733 MiB, 81920 MiB, 0 %
2026/07/03 21:46:52.953, 1, 0 MiB, 81920 MiB, 0 %
2026/07/03 21:46:52.953, 2, 0 MiB, 81920 MiB, 0 %
2026/07/03 21:46:52.953, 3, 0 MiB, 81920 MiB, 0 %
2026/07/03 21:46:52.953, 4, 0 MiB, 81920 MiB, 0 %
2026/07/03 21:46:52.954, 5, 0 MiB, 81920 MiB, 0 %
2026/07/03 21:46:52.954, 6, 0 MiB, 81920 MiB, 0 %
2026/07/03 21:46:52.954, 7, 0 MiB, 81920 MiB, 0 %
2026/07/03 21:47:02.955, 0, 7733 MiB, 81920 MiB, 55 %
2026/07/03 21:47:02.956, 1, 0 MiB, 81920 MiB, 0 %
2026/07/03 21:47:02.956, 2, 0 MiB, 81920 MiB, 0 %
2026/07/03 21:47:02.956, 3, 0 MiB, 81920 MiB, 0 %
2026/07/03 21:47:02.957, 4, 0 MiB, 81920 MiB, 0 %
2026/07/03 21:47:02.957, 5, 0 MiB, 81920 MiB, 0 %
2026/07/03 21:47:02.957, 6, 0 MiB, 81920 MiB, 0 %
2026/07/03 21:47:02.957, 7, 0 MiB, 81920 MiB, 0 %
2026/07/03 21:47:12.958, 0, 7733 MiB, 81920 MiB, 0 %
2026/07/03 21:47:12.958, 1, 0 MiB, 81920 MiB, 0 %
2026/07/03 21:47:12.959, 2, 0 MiB, 81920 MiB, 0 %
2026/07/03 21:47:12.959, 3, 0 MiB, 81920 MiB, 0 %
2026/07/03 21:47:12.959, 4, 0 MiB, 81920 MiB, 0 %
2026/07/03 21:47:12.960, 5, 0 MiB, 81920 MiB, 0 %
2026/07/03 21:47:12.960, 6, 0 MiB, 81920 MiB, 0 %
2026/07/03 21:47:12.960, 7, 0 MiB, 81920 MiB, 0 %
2026/07/03 21:47:22.962, 0, 7733 MiB, 81920 MiB, 81 %
2026/07/03 21:47:22.962, 1, 0 MiB, 81920 MiB, 0 %
2026/07/03 21:47:22.962, 2, 0 MiB, 81920 MiB, 0 %
2026/07/03 21:47:22.963, 3, 0 MiB, 81920 MiB, 0 %
2026/07/03 21:47:22.963, 4, 0 MiB, 81920 MiB, 0 %
2026/07/03 21:47:22.963, 5, 0 MiB, 81920 MiB, 0 %
2026/07/03 21:47:22.964, 6, 0 MiB, 81920 MiB, 0 %
2026/07/03 21:47:22.964, 7, 0 MiB, 81920 MiB, 0 %
2026/07/03 21:47:32.965, 0, 7733 MiB, 81920 MiB, 0 %
2026/07/03 21:47:32.966, 1, 0 MiB, 81920 MiB, 0 %
2026/07/03 21:47:32.966, 2, 0 MiB, 81920 MiB, 0 %
2026/07/03 21:47:32.966, 3, 0 MiB, 81920 MiB, 0 %
2026/07/03 21:47:32.967, 4, 0 MiB, 81920 MiB, 0 %
2026/07/03 21:47:32.967, 5, 0 MiB, 81920 MiB, 0 %
2026/07/03 21:47:32.967, 6, 0 MiB, 81920 MiB, 0 %
2026/07/03 21:47:32.968, 7, 0 MiB, 81920 MiB, 0 %
2026/07/03 21:47:42.968, 0, 7733 MiB, 81920 MiB, 0 %
2026/07/03 21:47:42.968, 1, 0 MiB, 81920 MiB, 0 %
2026/07/03 21:47:42.969, 2, 0 MiB, 81920 MiB, 0 %
2026/07/03 21:47:42.969, 3, 0 MiB, 81920 MiB, 0 %
2026/07/03 21:47:42.969, 4, 0 MiB, 81920 MiB, 0 %
2026/07/03 21:47:42.970, 5, 0 MiB, 81920 MiB, 0 %
2026/07/03 21:47:42.970, 6, 0 MiB, 81920 MiB, 0 %
2026/07/03 21:47:42.970, 7, 0 MiB, 81920 MiB, 0 %
2026/07/03 21:47:52.971, 0, 7733 MiB, 81920 MiB, 0 %
2026/07/03 21:47:52.972, 1, 0 MiB, 81920 MiB, 0 %
2026/07/03 21:47:52.972, 2, 0 MiB, 81920 MiB, 0 %
2026/07/03 21:47:52.973, 3, 0 MiB, 81920 MiB, 0 %
2026/07/03 21:47:52.973, 4, 0 MiB, 81920 MiB, 0 %
2026/07/03 21:47:52.973, 5, 0 MiB, 81920 MiB, 0 %
2026/07/03 21:47:52.974, 6, 0 MiB, 81920 MiB, 0 %
2026/07/03 21:47:52.974, 7, 0 MiB, 81920 MiB, 0 %
2026/07/03 21:48:02.974, 0, 7733 MiB, 81920 MiB, 0 %
2026/07/03 21:48:02.975, 1, 0 MiB, 81920 MiB, 0 %
2026/07/03 21:48:02.975, 2, 0 MiB, 81920 MiB, 0 %
2026/07/03 21:48:02.975, 3, 0 MiB, 81920 MiB, 0 %
2026/07/03 21:48:02.976, 4, 0 MiB, 81920 MiB, 0 %
2026/07/03 21:48:02.976, 5, 0 MiB, 81920 MiB, 0 %
2026/07/03 21:48:02.976, 6, 0 MiB, 81920 MiB, 0 %
2026/07/03 21:48:02.977, 7, 0 MiB, 81920 MiB, 0 %
2026/07/03 21:48:12.977, 0, 7733 MiB, 81920 MiB, 0 %
2026/07/03 21:48:12.977, 1, 0 MiB, 81920 MiB, 0 %
2026/07/03 21:48:12.978, 2, 0 MiB, 81920 MiB, 0 %
2026/07/03 21:48:12.978, 3, 0 MiB, 81920 MiB, 0 %
2026/07/03 21:48:12.978, 4, 0 MiB, 81920 MiB, 0 %
2026/07/03 21:48:12.979, 5, 0 MiB, 81920 MiB, 0 %
2026/07/03 21:48:12.979, 6, 0 MiB, 81920 MiB, 0 %
2026/07/03 21:48:12.979, 7, 0 MiB, 81920 MiB, 0 %
2026/07/03 21:48:22.980, 0, 7733 MiB, 81920 MiB, 0 %
2026/07/03 21:48:22.980, 1, 0 MiB, 81920 MiB, 0 %
2026/07/03 21:48:22.981, 2, 0 MiB, 81920 MiB, 0 %
2026/07/03 21:48:22.981, 3, 0 MiB, 81920 MiB, 0 %
2026/07/03 21:48:22.981, 4, 0 MiB, 81920 MiB, 0 %
2026/07/03 21:48:22.981, 5, 0 MiB, 81920 MiB, 0 %
2026/07/03 21:48:22.982, 6, 0 MiB, 81920 MiB, 0 %
2026/07/03 21:48:22.982, 7, 0 MiB, 81920 MiB, 0 %
2026/07/03 21:48:32.983, 0, 7733 MiB, 81920 MiB, 0 %
2026/07/03 21:48:32.984, 1, 0 MiB, 81920 MiB, 0 %
2026/07/03 21:48:32.984, 2, 0 MiB, 81920 MiB, 0 %
2026/07/03 21:48:32.985, 3, 0 MiB, 81920 MiB, 0 %
2026/07/03 21:48:32.985, 4, 0 MiB, 81920 MiB, 0 %
2026/07/03 21:48:32.985, 5, 0 MiB, 81920 MiB, 0 %
2026/07/03 21:48:32.986, 6, 0 MiB, 81920 MiB, 0 %
2026/07/03 21:48:32.986, 7, 0 MiB, 81920 MiB, 0 %
2026/07/03 21:48:42.987, 0, 7733 MiB, 81920 MiB, 0 %
2026/07/03 21:48:42.988, 1, 0 MiB, 81920 MiB, 0 %
2026/07/03 21:48:42.988, 2, 0 MiB, 81920 MiB, 0 %
2026/07/03 21:48:42.988, 3, 0 MiB, 81920 MiB, 0 %
2026/07/03 21:48:42.989, 4, 0 MiB, 81920 MiB, 0 %
2026/07/03 21:48:42.989, 5, 0 MiB, 81920 MiB, 0 %
2026/07/03 21:48:42.989, 6, 0 MiB, 81920 MiB, 0 %
2026/07/03 21:48:42.989, 7, 0 MiB, 81920 MiB, 0 %
2026/07/03 21:48:52.991, 0, 7733 MiB, 81920 MiB, 0 %
2026/07/03 21:48:52.991, 1, 0 MiB, 81920 MiB, 0 %
2026/07/03 21:48:52.992, 2, 0 MiB, 81920 MiB, 0 %
2026/07/03 21:48:52.992, 3, 0 MiB, 81920 MiB, 0 %
2026/07/03 21:48:52.992, 4, 0 MiB, 81920 MiB, 0 %
2026/07/03 21:48:52.993, 5, 0 MiB, 81920 MiB, 0 %
2026/07/03 21:48:52.993, 6, 0 MiB, 81920 MiB, 0 %
2026/07/03 21:48:52.993, 7, 0 MiB, 81920 MiB, 0 %
2026/07/03 21:49:02.994, 0, 7733 MiB, 81920 MiB, 0 %
2026/07/03 21:49:02.995, 1, 0 MiB, 81920 MiB, 0 %
2026/07/03 21:49:02.995, 2, 0 MiB, 81920 MiB, 0 %
2026/07/03 21:49:02.996, 3, 0 MiB, 81920 MiB, 0 %
2026/07/03 21:49:02.996, 4, 0 MiB, 81920 MiB, 0 %
2026/07/03 21:49:02.996, 5, 0 MiB, 81920 MiB, 0 %
2026/07/03 21:49:02.997, 6, 0 MiB, 81920 MiB, 0 %
2026/07/03 21:49:02.997, 7, 0 MiB, 81920 MiB, 0 %
2026/07/03 21:49:12.998, 0, 7733 MiB, 81920 MiB, 0 %
2026/07/03 21:49:12.999, 1, 0 MiB, 81920 MiB, 0 %
2026/07/03 21:49:12.999, 2, 0 MiB, 81920 MiB, 0 %
2026/07/03 21:49:12.999, 3, 0 MiB, 81920 MiB, 0 %
2026/07/03 21:49:13.000, 4, 0 MiB, 81920 MiB, 0 %
2026/07/03 21:49:13.000, 5, 0 MiB, 81920 MiB, 0 %
2026/07/03 21:49:13.000, 6, 0 MiB, 81920 MiB, 0 %
2026/07/03 21:49:13.000, 7, 0 MiB, 81920 MiB, 0 %
2026/07/03 21:49:23.002, 0, 7733 MiB, 81920 MiB, 0 %
2026/07/03 21:49:23.002, 1, 0 MiB, 81920 MiB, 0 %
2026/07/03 21:49:23.003, 2, 0 MiB, 81920 MiB, 0 %
2026/07/03 21:49:23.003, 3, 0 MiB, 81920 MiB, 0 %
2026/07/03 21:49:23.003, 4, 0 MiB, 81920 MiB, 0 %
2026/07/03 21:49:23.003, 5, 0 MiB, 81920 MiB, 0 %
2026/07/03 21:49:23.004, 6, 0 MiB, 81920 MiB, 0 %
2026/07/03 21:49:23.004, 7, 0 MiB, 81920 MiB, 0 %
2026/07/03 21:49:33.005, 0, 7733 MiB, 81920 MiB, 0 %
2026/07/03 21:49:33.006, 1, 0 MiB, 81920 MiB, 0 %
2026/07/03 21:49:33.006, 2, 0 MiB, 81920 MiB, 0 %
2026/07/03 21:49:33.006, 3, 0 MiB, 81920 MiB, 0 %
2026/07/03 21:49:33.007, 4, 0 MiB, 81920 MiB, 0 %
2026/07/03 21:49:33.007, 5, 0 MiB, 81920 MiB, 0 %
2026/07/03 21:49:33.007, 6, 0 MiB, 81920 MiB, 0 %
2026/07/03 21:49:33.008, 7, 0 MiB, 81920 MiB, 0 %
2026/07/03 21:49:43.008, 0, 7733 MiB, 81920 MiB, 0 %
2026/07/03 21:49:43.009, 1, 0 MiB, 81920 MiB, 0 %
2026/07/03 21:49:43.009, 2, 0 MiB, 81920 MiB, 0 %
2026/07/03 21:49:43.009, 3, 0 MiB, 81920 MiB, 0 %
2026/07/03 21:49:43.010, 4, 0 MiB, 81920 MiB, 0 %
2026/07/03 21:49:43.010, 5, 0 MiB, 81920 MiB, 0 %
2026/07/03 21:49:43.010, 6, 0 MiB, 81920 MiB, 0 %
2026/07/03 21:49:43.010, 7, 0 MiB, 81920 MiB, 0 %
2026/07/03 21:49:53.011, 0, 7733 MiB, 81920 MiB, 0 %
2026/07/03 21:49:53.012, 1, 0 MiB, 81920 MiB, 0 %
2026/07/03 21:49:53.012, 2, 0 MiB, 81920 MiB, 0 %
2026/07/03 21:49:53.012, 3, 0 MiB, 81920 MiB, 0 %
2026/07/03 21:49:53.013, 4, 0 MiB, 81920 MiB, 0 %
2026/07/03 21:49:53.013, 5, 0 MiB, 81920 MiB, 0 %
2026/07/03 21:49:53.013, 6, 0 MiB, 81920 MiB, 0 %
2026/07/03 21:49:53.013, 7, 0 MiB, 81920 MiB, 0 %
2026/07/03 21:50:03.014, 0, 7733 MiB, 81920 MiB, 0 %
2026/07/03 21:50:03.015, 1, 0 MiB, 81920 MiB, 0 %
2026/07/03 21:50:03.015, 2, 0 MiB, 81920 MiB, 0 %
2026/07/03 21:50:03.015, 3, 0 MiB, 81920 MiB, 0 %
2026/07/03 21:50:03.016, 4, 0 MiB, 81920 MiB, 0 %
2026/07/03 21:50:03.016, 5, 0 MiB, 81920 MiB, 0 %
2026/07/03 21:50:03.016, 6, 0 MiB, 81920 MiB, 0 %
2026/07/03 21:50:03.016, 7, 0 MiB, 81920 MiB, 0 %
2026/07/03 21:50:13.018, 0, 7733 MiB, 81920 MiB, 0 %
2026/07/03 21:50:13.018, 1, 0 MiB, 81920 MiB, 0 %
2026/07/03 21:50:13.018, 2, 0 MiB, 81920 MiB, 0 %
2026/07/03 21:50:13.019, 3, 0 MiB, 81920 MiB, 0 %
2026/07/03 21:50:13.019, 4, 0 MiB, 81920 MiB, 0 %
2026/07/03 21:50:13.019, 5, 0 MiB, 81920 MiB, 0 %
2026/07/03 21:50:13.020, 6, 0 MiB, 81920 MiB, 0 %
2026/07/03 21:50:13.020, 7, 0 MiB, 81920 MiB, 0 %
2026/07/03 21:50:23.021, 0, 7733 MiB, 81920 MiB, 0 %
2026/07/03 21:50:23.021, 1, 0 MiB, 81920 MiB, 0 %
2026/07/03 21:50:23.021, 2, 0 MiB, 81920 MiB, 0 %
2026/07/03 21:50:23.022, 3, 0 MiB, 81920 MiB, 0 %
2026/07/03 21:50:23.022, 4, 0 MiB, 81920 MiB, 0 %
2026/07/03 21:50:23.022, 5, 0 MiB, 81920 MiB, 0 %
2026/07/03 21:50:23.023, 6, 0 MiB, 81920 MiB, 0 %
2026/07/03 21:50:23.023, 7, 0 MiB, 81920 MiB, 0 %
2026/07/03 21:50:33.024, 0, 7733 MiB, 81920 MiB, 0 %
2026/07/03 21:50:33.024, 1, 0 MiB, 81920 MiB, 0 %
2026/07/03 21:50:33.025, 2, 0 MiB, 81920 MiB, 0 %
2026/07/03 21:50:33.025, 3, 0 MiB, 81920 MiB, 0 %
2026/07/03 21:50:33.025, 4, 0 MiB, 81920 MiB, 0 %
2026/07/03 21:50:33.025, 5, 0 MiB, 81920 MiB, 0 %
2026/07/03 21:50:33.026, 6, 0 MiB, 81920 MiB, 0 %
2026/07/03 21:50:33.026, 7, 0 MiB, 81920 MiB, 0 %
2026/07/03 21:50:43.027, 0, 7733 MiB, 81920 MiB, 0 %
2026/07/03 21:50:43.028, 1, 0 MiB, 81920 MiB, 0 %
2026/07/03 21:50:43.028, 2, 0 MiB, 81920 MiB, 0 %
2026/07/03 21:50:43.029, 3, 0 MiB, 81920 MiB, 0 %
2026/07/03 21:50:43.029, 4, 0 MiB, 81920 MiB, 0 %
2026/07/03 21:50:43.029, 5, 0 MiB, 81920 MiB, 0 %
2026/07/03 21:50:43.030, 6, 0 MiB, 81920 MiB, 0 %
2026/07/03 21:50:43.030, 7, 0 MiB, 81920 MiB, 0 %
2026/07/03 21:50:53.030, 0, 7733 MiB, 81920 MiB, 0 %
2026/07/03 21:50:53.031, 1, 0 MiB, 81920 MiB, 0 %
2026/07/03 21:50:53.031, 2, 0 MiB, 81920 MiB, 0 %
2026/07/03 21:50:53.032, 3, 0 MiB, 81920 MiB, 0 %
2026/07/03 21:50:53.032, 4, 0 MiB, 81920 MiB, 0 %
2026/07/03 21:50:53.032, 5, 0 MiB, 81920 MiB, 0 %
2026/07/03 21:50:53.032, 6, 0 MiB, 81920 MiB, 0 %
2026/07/03 21:50:53.033, 7, 0 MiB, 81920 MiB, 0 %
2026/07/03 21:51:03.034, 0, 7733 MiB, 81920 MiB, 0 %
2026/07/03 21:51:03.034, 1, 0 MiB, 81920 MiB, 0 %
2026/07/03 21:51:03.034, 2, 0 MiB, 81920 MiB, 0 %
2026/07/03 21:51:03.035, 3, 0 MiB, 81920 MiB, 0 %
2026/07/03 21:51:03.035, 4, 0 MiB, 81920 MiB, 0 %
2026/07/03 21:51:03.035, 5, 0 MiB, 81920 MiB, 0 %
2026/07/03 21:51:03.036, 6, 0 MiB, 81920 MiB, 0 %
2026/07/03 21:51:03.036, 7, 0 MiB, 81920 MiB, 0 %
2026/07/03 21:51:13.037, 0, 7733 MiB, 81920 MiB, 0 %
2026/07/03 21:51:13.037, 1, 0 MiB, 81920 MiB, 0 %
2026/07/03 21:51:13.037, 2, 0 MiB, 81920 MiB, 0 %
2026/07/03 21:51:13.038, 3, 0 MiB, 81920 MiB, 0 %
2026/07/03 21:51:13.038, 4, 0 MiB, 81920 MiB, 0 %
2026/07/03 21:51:13.038, 5, 0 MiB, 81920 MiB, 0 %
2026/07/03 21:51:13.039, 6, 0 MiB, 81920 MiB, 0 %
2026/07/03 21:51:13.039, 7, 0 MiB, 81920 MiB, 0 %
2026/07/03 21:51:23.040, 0, 7733 MiB, 81920 MiB, 0 %
2026/07/03 21:51:23.040, 1, 0 MiB, 81920 MiB, 0 %
2026/07/03 21:51:23.040, 2, 0 MiB, 81920 MiB, 0 %
2026/07/03 21:51:23.041, 3, 0 MiB, 81920 MiB, 0 %
2026/07/03 21:51:23.041, 4, 0 MiB, 81920 MiB, 0 %
2026/07/03 21:51:23.041, 5, 0 MiB, 81920 MiB, 0 %
2026/07/03 21:51:23.042, 6, 0 MiB, 81920 MiB, 0 %
2026/07/03 21:51:23.042, 7, 0 MiB, 81920 MiB, 0 %
2026/07/03 21:51:33.043, 0, 7733 MiB, 81920 MiB, 0 %
2026/07/03 21:51:33.043, 1, 0 MiB, 81920 MiB, 0 %
2026/07/03 21:51:33.043, 2, 0 MiB, 81920 MiB, 0 %
2026/07/03 21:51:33.044, 3, 0 MiB, 81920 MiB, 0 %
2026/07/03 21:51:33.044, 4, 0 MiB, 81920 MiB, 0 %
2026/07/03 21:51:33.044, 5, 0 MiB, 81920 MiB, 0 %
2026/07/03 21:51:33.045, 6, 0 MiB, 81920 MiB, 0 %
2026/07/03 21:51:33.045, 7, 0 MiB, 81920 MiB, 0 %
2026/07/03 21:51:43.046, 0, 7733 MiB, 81920 MiB, 0 %
2026/07/03 21:51:43.046, 1, 0 MiB, 81920 MiB, 0 %
2026/07/03 21:51:43.046, 2, 0 MiB, 81920 MiB, 0 %
2026/07/03 21:51:43.047, 3, 0 MiB, 81920 MiB, 0 %
2026/07/03 21:51:43.047, 4, 0 MiB, 81920 MiB, 0 %
2026/07/03 21:51:43.047, 5, 0 MiB, 81920 MiB, 0 %
2026/07/03 21:51:43.048, 6, 0 MiB, 81920 MiB, 0 %
2026/07/03 21:51:43.048, 7, 0 MiB, 81920 MiB, 0 %
2026/07/03 21:51:53.049, 0, 7733 MiB, 81920 MiB, 0 %
2026/07/03 21:51:53.049, 1, 0 MiB, 81920 MiB, 0 %
2026/07/03 21:51:53.049, 2, 0 MiB, 81920 MiB, 0 %
2026/07/03 21:51:53.050, 3, 0 MiB, 81920 MiB, 0 %
2026/07/03 21:51:53.050, 4, 0 MiB, 81920 MiB, 0 %
2026/07/03 21:51:53.050, 5, 0 MiB, 81920 MiB, 0 %
2026/07/03 21:51:53.051, 6, 0 MiB, 81920 MiB, 0 %
2026/07/03 21:51:53.051, 7, 0 MiB, 81920 MiB, 0 %
2026/07/03 21:52:03.052, 0, 7733 MiB, 81920 MiB, 0 %
2026/07/03 21:52:03.052, 1, 0 MiB, 81920 MiB, 0 %
2026/07/03 21:52:03.052, 2, 0 MiB, 81920 MiB, 0 %
2026/07/03 21:52:03.053, 3, 0 MiB, 81920 MiB, 0 %
2026/07/03 21:52:03.053, 4, 0 MiB, 81920 MiB, 0 %
2026/07/03 21:52:03.053, 5, 0 MiB, 81920 MiB, 0 %
2026/07/03 21:52:03.054, 6, 0 MiB, 81920 MiB, 0 %
2026/07/03 21:52:03.054, 7, 0 MiB, 81920 MiB, 0 %
2026/07/03 21:52:13.055, 0, 7733 MiB, 81920 MiB, 0 %
2026/07/03 21:52:13.055, 1, 0 MiB, 81920 MiB, 0 %
2026/07/03 21:52:13.056, 2, 0 MiB, 81920 MiB, 0 %
2026/07/03 21:52:13.056, 3, 0 MiB, 81920 MiB, 0 %
2026/07/03 21:52:13.056, 4, 0 MiB, 81920 MiB, 0 %
2026/07/03 21:52:13.056, 5, 0 MiB, 81920 MiB, 0 %
2026/07/03 21:52:13.057, 6, 0 MiB, 81920 MiB, 0 %
2026/07/03 21:52:13.057, 7, 0 MiB, 81920 MiB, 0 %
2026/07/03 21:52:23.058, 0, 7733 MiB, 81920 MiB, 0 %
2026/07/03 21:52:23.058, 1, 0 MiB, 81920 MiB, 0 %
2026/07/03 21:52:23.059, 2, 0 MiB, 81920 MiB, 0 %
2026/07/03 21:52:23.059, 3, 0 MiB, 81920 MiB, 0 %
2026/07/03 21:52:23.059, 4, 0 MiB, 81920 MiB, 0 %
2026/07/03 21:52:23.060, 5, 0 MiB, 81920 MiB, 0 %
2026/07/03 21:52:23.060, 6, 0 MiB, 81920 MiB, 0 %
2026/07/03 21:52:23.060, 7, 0 MiB, 81920 MiB, 0 %
2026/07/03 21:52:33.061, 0, 7733 MiB, 81920 MiB, 0 %
2026/07/03 21:52:33.062, 1, 0 MiB, 81920 MiB, 0 %
2026/07/03 21:52:33.062, 2, 0 MiB, 81920 MiB, 0 %
2026/07/03 21:52:33.062, 3, 0 MiB, 81920 MiB, 0 %
2026/07/03 21:52:33.063, 4, 0 MiB, 81920 MiB, 0 %
2026/07/03 21:52:33.063, 5, 0 MiB, 81920 MiB, 0 %
2026/07/03 21:52:33.063, 6, 0 MiB, 81920 MiB, 0 %
2026/07/03 21:52:33.063, 7, 0 MiB, 81920 MiB, 0 %
2026/07/03 21:52:43.064, 0, 7733 MiB, 81920 MiB, 0 %
2026/07/03 21:52:43.065, 1, 0 MiB, 81920 MiB, 0 %
2026/07/03 21:52:43.065, 2, 0 MiB, 81920 MiB, 0 %
2026/07/03 21:52:43.065, 3, 0 MiB, 81920 MiB, 0 %
2026/07/03 21:52:43.066, 4, 0 MiB, 81920 MiB, 0 %
2026/07/03 21:52:43.066, 5, 0 MiB, 81920 MiB, 0 %
2026/07/03 21:52:43.066, 6, 0 MiB, 81920 MiB, 0 %
2026/07/03 21:52:43.067, 7, 0 MiB, 81920 MiB, 0 %
2026/07/03 21:52:53.068, 0, 7733 MiB, 81920 MiB, 0 %
2026/07/03 21:52:53.068, 1, 0 MiB, 81920 MiB, 0 %
2026/07/03 21:52:53.068, 2, 0 MiB, 81920 MiB, 0 %
2026/07/03 21:52:53.069, 3, 0 MiB, 81920 MiB, 0 %
2026/07/03 21:52:53.069, 4, 0 MiB, 81920 MiB, 0 %
2026/07/03 21:52:53.069, 5, 0 MiB, 81920 MiB, 0 %
2026/07/03 21:52:53.070, 6, 0 MiB, 81920 MiB, 0 %
2026/07/03 21:52:53.070, 7, 0 MiB, 81920 MiB, 0 %
2026/07/03 21:53:03.071, 0, 7733 MiB, 81920 MiB, 78 %
2026/07/03 21:53:03.071, 1, 0 MiB, 81920 MiB, 0 %
2026/07/03 21:53:03.071, 2, 0 MiB, 81920 MiB, 0 %
2026/07/03 21:53:03.072, 3, 0 MiB, 81920 MiB, 0 %
2026/07/03 21:53:03.072, 4, 0 MiB, 81920 MiB, 0 %
2026/07/03 21:53:03.072, 5, 0 MiB, 81920 MiB, 0 %
2026/07/03 21:53:03.073, 6, 0 MiB, 81920 MiB, 0 %
2026/07/03 21:53:03.073, 7, 0 MiB, 81920 MiB, 0 %
2026/07/03 21:53:13.074, 0, 7733 MiB, 81920 MiB, 0 %
2026/07/03 21:53:13.074, 1, 0 MiB, 81920 MiB, 0 %
2026/07/03 21:53:13.075, 2, 0 MiB, 81920 MiB, 0 %
2026/07/03 21:53:13.075, 3, 0 MiB, 81920 MiB, 0 %
2026/07/03 21:53:13.075, 4, 0 MiB, 81920 MiB, 0 %
2026/07/03 21:53:13.076, 5, 0 MiB, 81920 MiB, 0 %
2026/07/03 21:53:13.076, 6, 0 MiB, 81920 MiB, 0 %
2026/07/03 21:53:13.076, 7, 0 MiB, 81920 MiB, 0 %
2026/07/03 21:53:23.077, 0, 7733 MiB, 81920 MiB, 62 %
2026/07/03 21:53:23.078, 1, 0 MiB, 81920 MiB, 0 %
2026/07/03 21:53:23.078, 2, 0 MiB, 81920 MiB, 0 %
2026/07/03 21:53:23.078, 3, 0 MiB, 81920 MiB, 0 %
2026/07/03 21:53:23.079, 4, 0 MiB, 81920 MiB, 0 %
2026/07/03 21:53:23.079, 5, 0 MiB, 81920 MiB, 0 %
2026/07/03 21:53:23.079, 6, 0 MiB, 81920 MiB, 0 %
2026/07/03 21:53:23.079, 7, 0 MiB, 81920 MiB, 0 %
2026/07/03 21:53:33.080, 0, 7733 MiB, 81920 MiB, 0 %
2026/07/03 21:53:33.081, 1, 0 MiB, 81920 MiB, 0 %
2026/07/03 21:53:33.081, 2, 0 MiB, 81920 MiB, 0 %
2026/07/03 21:53:33.082, 3, 0 MiB, 81920 MiB, 0 %
2026/07/03 21:53:33.082, 4, 0 MiB, 81920 MiB, 0 %
2026/07/03 21:53:33.082, 5, 0 MiB, 81920 MiB, 0 %
2026/07/03 21:53:33.083, 6, 0 MiB, 81920 MiB, 0 %
2026/07/03 21:53:33.083, 7, 0 MiB, 81920 MiB, 0 %
2026/07/03 21:53:43.084, 0, 7733 MiB, 81920 MiB, 49 %
2026/07/03 21:53:43.085, 1, 0 MiB, 81920 MiB, 0 %
2026/07/03 21:53:43.085, 2, 0 MiB, 81920 MiB, 0 %
2026/07/03 21:53:43.085, 3, 0 MiB, 81920 MiB, 0 %
2026/07/03 21:53:43.086, 4, 0 MiB, 81920 MiB, 0 %
2026/07/03 21:53:43.086, 5, 0 MiB, 81920 MiB, 0 %
2026/07/03 21:53:43.086, 6, 0 MiB, 81920 MiB, 0 %
2026/07/03 21:53:43.086, 7, 0 MiB, 81920 MiB, 0 %
2026/07/03 21:53:53.087, 0, 7733 MiB, 81920 MiB, 61 %
2026/07/03 21:53:53.088, 1, 0 MiB, 81920 MiB, 0 %
2026/07/03 21:53:53.088, 2, 0 MiB, 81920 MiB, 0 %
2026/07/03 21:53:53.088, 3, 0 MiB, 81920 MiB, 0 %
2026/07/03 21:53:53.089, 4, 0 MiB, 81920 MiB, 0 %
2026/07/03 21:53:53.089, 5, 0 MiB, 81920 MiB, 0 %
2026/07/03 21:53:53.089, 6, 0 MiB, 81920 MiB, 0 %
2026/07/03 21:53:53.090, 7, 0 MiB, 81920 MiB, 0 %
2026/07/03 21:54:03.091, 0, 7733 MiB, 81920 MiB, 0 %
2026/07/03 21:54:03.091, 1, 0 MiB, 81920 MiB, 0 %
2026/07/03 21:54:03.092, 2, 0 MiB, 81920 MiB, 0 %
2026/07/03 21:54:03.092, 3, 0 MiB, 81920 MiB, 0 %
2026/07/03 21:54:03.092, 4, 0 MiB, 81920 MiB, 0 %
2026/07/03 21:54:03.093, 5, 0 MiB, 81920 MiB, 0 %
2026/07/03 21:54:03.093, 6, 0 MiB, 81920 MiB, 0 %
2026/07/03 21:54:03.093, 7, 0 MiB, 81920 MiB, 0 %
2026/07/03 21:54:13.094, 0, 7733 MiB, 81920 MiB, 58 %
2026/07/03 21:54:13.095, 1, 0 MiB, 81920 MiB, 0 %
2026/07/03 21:54:13.095, 2, 0 MiB, 81920 MiB, 0 %
2026/07/03 21:54:13.095, 3, 0 MiB, 81920 MiB, 0 %
2026/07/03 21:54:13.096, 4, 0 MiB, 81920 MiB, 0 %
2026/07/03 21:54:13.096, 5, 0 MiB, 81920 MiB, 0 %
2026/07/03 21:54:13.096, 6, 0 MiB, 81920 MiB, 0 %
2026/07/03 21:54:13.096, 7, 0 MiB, 81920 MiB, 0 %
2026/07/03 21:54:23.097, 0, 7733 MiB, 81920 MiB, 0 %
2026/07/03 21:54:23.098, 1, 0 MiB, 81920 MiB, 0 %
2026/07/03 21:54:23.098, 2, 0 MiB, 81920 MiB, 0 %
2026/07/03 21:54:23.098, 3, 0 MiB, 81920 MiB, 0 %
2026/07/03 21:54:23.099, 4, 0 MiB, 81920 MiB, 0 %
2026/07/03 21:54:23.099, 5, 0 MiB, 81920 MiB, 0 %
2026/07/03 21:54:23.099, 6, 0 MiB, 81920 MiB, 0 %
2026/07/03 21:54:23.100, 7, 0 MiB, 81920 MiB, 0 %
2026/07/03 21:54:33.100, 0, 7733 MiB, 81920 MiB, 0 %
2026/07/03 21:54:33.101, 1, 0 MiB, 81920 MiB, 0 %
2026/07/03 21:54:33.101, 2, 0 MiB, 81920 MiB, 0 %
2026/07/03 21:54:33.101, 3, 0 MiB, 81920 MiB, 0 %
2026/07/03 21:54:33.102, 4, 0 MiB, 81920 MiB, 0 %
2026/07/03 21:54:33.102, 5, 0 MiB, 81920 MiB, 0 %
2026/07/03 21:54:33.102, 6, 0 MiB, 81920 MiB, 0 %
2026/07/03 21:54:33.103, 7, 0 MiB, 81920 MiB, 0 %
2026/07/03 21:54:43.103, 0, 7733 MiB, 81920 MiB, 0 %
2026/07/03 21:54:43.104, 1, 0 MiB, 81920 MiB, 0 %
2026/07/03 21:54:43.104, 2, 0 MiB, 81920 MiB, 0 %
2026/07/03 21:54:43.104, 3, 0 MiB, 81920 MiB, 0 %
2026/07/03 21:54:43.105, 4, 0 MiB, 81920 MiB, 0 %
2026/07/03 21:54:43.105, 5, 0 MiB, 81920 MiB, 0 %
2026/07/03 21:54:43.105, 6, 0 MiB, 81920 MiB, 0 %
2026/07/03 21:54:43.105, 7, 0 MiB, 81920 MiB, 0 %
2026/07/03 21:54:53.106, 0, 7733 MiB, 81920 MiB, 0 %
2026/07/03 21:54:53.106, 1, 0 MiB, 81920 MiB, 0 %
2026/07/03 21:54:53.107, 2, 0 MiB, 81920 MiB, 0 %
2026/07/03 21:54:53.107, 3, 0 MiB, 81920 MiB, 0 %
2026/07/03 21:54:53.107, 4, 0 MiB, 81920 MiB, 0 %
2026/07/03 21:54:53.108, 5, 0 MiB, 81920 MiB, 0 %
2026/07/03 21:54:53.108, 6, 0 MiB, 81920 MiB, 0 %
2026/07/03 21:54:53.108, 7, 0 MiB, 81920 MiB, 0 %
2026/07/03 21:55:03.109, 0, 7733 MiB, 81920 MiB, 0 %
2026/07/03 21:55:03.109, 1, 0 MiB, 81920 MiB, 0 %
2026/07/03 21:55:03.110, 2, 0 MiB, 81920 MiB, 0 %
2026/07/03 21:55:03.110, 3, 0 MiB, 81920 MiB, 0 %
2026/07/03 21:55:03.110, 4, 0 MiB, 81920 MiB, 0 %
2026/07/03 21:55:03.111, 5, 0 MiB, 81920 MiB, 0 %
2026/07/03 21:55:03.111, 6, 0 MiB, 81920 MiB, 0 %
2026/07/03 21:55:03.111, 7, 0 MiB, 81920 MiB, 0 %
2026/07/03 21:55:13.112, 0, 7733 MiB, 81920 MiB, 0 %
2026/07/03 21:55:13.112, 1, 0 MiB, 81920 MiB, 0 %
2026/07/03 21:55:13.113, 2, 0 MiB, 81920 MiB, 0 %
2026/07/03 21:55:13.113, 3, 0 MiB, 81920 MiB, 0 %
2026/07/03 21:55:13.113, 4, 0 MiB, 81920 MiB, 0 %
2026/07/03 21:55:13.113, 5, 0 MiB, 81920 MiB, 0 %
2026/07/03 21:55:13.114, 6, 0 MiB, 81920 MiB, 0 %
2026/07/03 21:55:13.114, 7, 0 MiB, 81920 MiB, 0 %
2026/07/03 21:55:23.115, 0, 7733 MiB, 81920 MiB, 0 %
2026/07/03 21:55:23.116, 1, 0 MiB, 81920 MiB, 0 %
2026/07/03 21:55:23.116, 2, 0 MiB, 81920 MiB, 0 %
2026/07/03 21:55:23.116, 3, 0 MiB, 81920 MiB, 0 %
2026/07/03 21:55:23.117, 4, 0 MiB, 81920 MiB, 0 %
2026/07/03 21:55:23.117, 5, 0 MiB, 81920 MiB, 0 %
2026/07/03 21:55:23.117, 6, 0 MiB, 81920 MiB, 0 %
2026/07/03 21:55:23.118, 7, 0 MiB, 81920 MiB, 0 %
2026/07/03 21:55:33.118, 0, 7733 MiB, 81920 MiB, 0 %
2026/07/03 21:55:33.119, 1, 0 MiB, 81920 MiB, 0 %
2026/07/03 21:55:33.119, 2, 0 MiB, 81920 MiB, 0 %
2026/07/03 21:55:33.119, 3, 0 MiB, 81920 MiB, 0 %
2026/07/03 21:55:33.119, 4, 0 MiB, 81920 MiB, 0 %
2026/07/03 21:55:33.120, 5, 0 MiB, 81920 MiB, 0 %
2026/07/03 21:55:33.120, 6, 0 MiB, 81920 MiB, 0 %
2026/07/03 21:55:33.120, 7, 0 MiB, 81920 MiB, 0 %
2026/07/03 21:55:43.122, 0, 7733 MiB, 81920 MiB, 0 %
2026/07/03 21:55:43.122, 1, 0 MiB, 81920 MiB, 0 %
2026/07/03 21:55:43.123, 2, 0 MiB, 81920 MiB, 0 %
2026/07/03 21:55:43.123, 3, 0 MiB, 81920 MiB, 0 %
2026/07/03 21:55:43.123, 4, 0 MiB, 81920 MiB, 0 %
2026/07/03 21:55:43.124, 5, 0 MiB, 81920 MiB, 0 %
2026/07/03 21:55:43.124, 6, 0 MiB, 81920 MiB, 0 %
2026/07/03 21:55:43.124, 7, 0 MiB, 81920 MiB, 0 %
2026/07/03 21:55:53.125, 0, 7733 MiB, 81920 MiB, 0 %
2026/07/03 21:55:53.126, 1, 0 MiB, 81920 MiB, 0 %
2026/07/03 21:55:53.126, 2, 0 MiB, 81920 MiB, 0 %
2026/07/03 21:55:53.126, 3, 0 MiB, 81920 MiB, 0 %
2026/07/03 21:55:53.127, 4, 0 MiB, 81920 MiB, 0 %
2026/07/03 21:55:53.127, 5, 0 MiB, 81920 MiB, 0 %
2026/07/03 21:55:53.127, 6, 0 MiB, 81920 MiB, 0 %
2026/07/03 21:55:53.127, 7, 0 MiB, 81920 MiB, 0 %
2026/07/03 21:56:03.128, 0, 7733 MiB, 81920 MiB, 0 %
2026/07/03 21:56:03.129, 1, 0 MiB, 81920 MiB, 0 %
2026/07/03 21:56:03.129, 2, 0 MiB, 81920 MiB, 0 %
2026/07/03 21:56:03.130, 3, 0 MiB, 81920 MiB, 0 %
2026/07/03 21:56:03.130, 4, 0 MiB, 81920 MiB, 0 %
2026/07/03 21:56:03.130, 5, 0 MiB, 81920 MiB, 0 %
2026/07/03 21:56:03.130, 6, 0 MiB, 81920 MiB, 0 %
2026/07/03 21:56:03.131, 7, 0 MiB, 81920 MiB, 0 %
2026/07/03 21:56:13.132, 0, 7733 MiB, 81920 MiB, 0 %
2026/07/03 21:56:13.132, 1, 0 MiB, 81920 MiB, 0 %
2026/07/03 21:56:13.133, 2, 0 MiB, 81920 MiB, 0 %
2026/07/03 21:56:13.133, 3, 0 MiB, 81920 MiB, 0 %
2026/07/03 21:56:13.133, 4, 0 MiB, 81920 MiB, 0 %
2026/07/03 21:56:13.134, 5, 0 MiB, 81920 MiB, 0 %
2026/07/03 21:56:13.134, 6, 0 MiB, 81920 MiB, 0 %
2026/07/03 21:56:13.134, 7, 0 MiB, 81920 MiB, 0 %
2026/07/03 21:56:23.135, 0, 7733 MiB, 81920 MiB, 0 %
2026/07/03 21:56:23.136, 1, 0 MiB, 81920 MiB, 0 %
2026/07/03 21:56:23.136, 2, 0 MiB, 81920 MiB, 0 %
2026/07/03 21:56:23.136, 3, 0 MiB, 81920 MiB, 0 %
2026/07/03 21:56:23.137, 4, 0 MiB, 81920 MiB, 0 %
2026/07/03 21:56:23.137, 5, 0 MiB, 81920 MiB, 0 %
2026/07/03 21:56:23.137, 6, 0 MiB, 81920 MiB, 0 %
2026/07/03 21:56:23.137, 7, 0 MiB, 81920 MiB, 0 %
2026/07/03 21:56:33.138, 0, 7733 MiB, 81920 MiB, 61 %
2026/07/03 21:56:33.139, 1, 0 MiB, 81920 MiB, 0 %
2026/07/03 21:56:33.139, 2, 0 MiB, 81920 MiB, 0 %
2026/07/03 21:56:33.140, 3, 0 MiB, 81920 MiB, 0 %
2026/07/03 21:56:33.140, 4, 0 MiB, 81920 MiB, 0 %
2026/07/03 21:56:33.140, 5, 0 MiB, 81920 MiB, 0 %
2026/07/03 21:56:33.140, 6, 0 MiB, 81920 MiB, 0 %
2026/07/03 21:56:33.141, 7, 0 MiB, 81920 MiB, 0 %
2026/07/03 21:56:43.141, 0, 7733 MiB, 81920 MiB, 0 %
2026/07/03 21:56:43.142, 1, 0 MiB, 81920 MiB, 0 %
2026/07/03 21:56:43.142, 2, 0 MiB, 81920 MiB, 0 %
2026/07/03 21:56:43.143, 3, 0 MiB, 81920 MiB, 0 %
2026/07/03 21:56:43.143, 4, 0 MiB, 81920 MiB, 0 %
2026/07/03 21:56:43.143, 5, 0 MiB, 81920 MiB, 0 %
2026/07/03 21:56:43.144, 6, 0 MiB, 81920 MiB, 0 %
2026/07/03 21:56:43.144, 7, 0 MiB, 81920 MiB, 0 %
2026/07/03 21:56:53.145, 0, 7733 MiB, 81920 MiB, 0 %
2026/07/03 21:56:53.146, 1, 0 MiB, 81920 MiB, 0 %
2026/07/03 21:56:53.146, 2, 0 MiB, 81920 MiB, 0 %
2026/07/03 21:56:53.146, 3, 0 MiB, 81920 MiB, 0 %
2026/07/03 21:56:53.147, 4, 0 MiB, 81920 MiB, 0 %
2026/07/03 21:56:53.147, 5, 0 MiB, 81920 MiB, 0 %
2026/07/03 21:56:53.147, 6, 0 MiB, 81920 MiB, 0 %
2026/07/03 21:56:53.147, 7, 0 MiB, 81920 MiB, 0 %
2026/07/03 21:57:03.149, 0, 7733 MiB, 81920 MiB, 0 %
2026/07/03 21:57:03.149, 1, 0 MiB, 81920 MiB, 0 %
2026/07/03 21:57:03.150, 2, 0 MiB, 81920 MiB, 0 %
2026/07/03 21:57:03.150, 3, 0 MiB, 81920 MiB, 0 %
2026/07/03 21:57:03.150, 4, 0 MiB, 81920 MiB, 0 %
2026/07/03 21:57:03.151, 5, 0 MiB, 81920 MiB, 0 %
2026/07/03 21:57:03.151, 6, 0 MiB, 81920 MiB, 0 %
2026/07/03 21:57:03.151, 7, 0 MiB, 81920 MiB, 0 %
2026/07/03 21:57:13.152, 0, 7733 MiB, 81920 MiB, 0 %
2026/07/03 21:57:13.152, 1, 0 MiB, 81920 MiB, 0 %
2026/07/03 21:57:13.152, 2, 0 MiB, 81920 MiB, 0 %
2026/07/03 21:57:13.153, 3, 0 MiB, 81920 MiB, 0 %
2026/07/03 21:57:13.153, 4, 0 MiB, 81920 MiB, 0 %
2026/07/03 21:57:13.153, 5, 0 MiB, 81920 MiB, 0 %
2026/07/03 21:57:13.154, 6, 0 MiB, 81920 MiB, 0 %
2026/07/03 21:57:13.154, 7, 0 MiB, 81920 MiB, 0 %
2026/07/03 21:57:23.155, 0, 7733 MiB, 81920 MiB, 0 %
2026/07/03 21:57:23.155, 1, 0 MiB, 81920 MiB, 0 %
2026/07/03 21:57:23.156, 2, 0 MiB, 81920 MiB, 0 %
2026/07/03 21:57:23.156, 3, 0 MiB, 81920 MiB, 0 %
2026/07/03 21:57:23.156, 4, 0 MiB, 81920 MiB, 0 %
2026/07/03 21:57:23.156, 5, 0 MiB, 81920 MiB, 0 %
2026/07/03 21:57:23.157, 6, 0 MiB, 81920 MiB, 0 %
2026/07/03 21:57:23.157, 7, 0 MiB, 81920 MiB, 0 %
2026/07/03 21:57:33.158, 0, 7733 MiB, 81920 MiB, 0 %
2026/07/03 21:57:33.158, 1, 0 MiB, 81920 MiB, 0 %
2026/07/03 21:57:33.158, 2, 0 MiB, 81920 MiB, 0 %
2026/07/03 21:57:33.159, 3, 0 MiB, 81920 MiB, 0 %
2026/07/03 21:57:33.159, 4, 0 MiB, 81920 MiB, 0 %
2026/07/03 21:57:33.159, 5, 0 MiB, 81920 MiB, 0 %
2026/07/03 21:57:33.160, 6, 0 MiB, 81920 MiB, 0 %
2026/07/03 21:57:33.160, 7, 0 MiB, 81920 MiB, 0 %
2026/07/03 21:57:43.161, 0, 7733 MiB, 81920 MiB, 0 %
2026/07/03 21:57:43.161, 1, 0 MiB, 81920 MiB, 0 %
2026/07/03 21:57:43.162, 2, 0 MiB, 81920 MiB, 0 %
2026/07/03 21:57:43.162, 3, 0 MiB, 81920 MiB, 0 %
2026/07/03 21:57:43.162, 4, 0 MiB, 81920 MiB, 0 %
2026/07/03 21:57:43.163, 5, 0 MiB, 81920 MiB, 0 %
2026/07/03 21:57:43.163, 6, 0 MiB, 81920 MiB, 0 %
2026/07/03 21:57:43.163, 7, 0 MiB, 81920 MiB, 0 %
2026/07/03 21:57:53.164, 0, 7733 MiB, 81920 MiB, 0 %
2026/07/03 21:57:53.164, 1, 0 MiB, 81920 MiB, 0 %
2026/07/03 21:57:53.164, 2, 0 MiB, 81920 MiB, 0 %
2026/07/03 21:57:53.165, 3, 0 MiB, 81920 MiB, 0 %
2026/07/03 21:57:53.165, 4, 0 MiB, 81920 MiB, 0 %
2026/07/03 21:57:53.165, 5, 0 MiB, 81920 MiB, 0 %
2026/07/03 21:57:53.166, 6, 0 MiB, 81920 MiB, 0 %
2026/07/03 21:57:53.166, 7, 0 MiB, 81920 MiB, 0 %
2026/07/03 21:58:03.167, 0, 7733 MiB, 81920 MiB, 0 %
2026/07/03 21:58:03.168, 1, 0 MiB, 81920 MiB, 0 %
2026/07/03 21:58:03.168, 2, 0 MiB, 81920 MiB, 0 %
2026/07/03 21:58:03.168, 3, 0 MiB, 81920 MiB, 0 %
2026/07/03 21:58:03.169, 4, 0 MiB, 81920 MiB, 0 %
2026/07/03 21:58:03.169, 5, 0 MiB, 81920 MiB, 0 %
2026/07/03 21:58:03.169, 6, 0 MiB, 81920 MiB, 0 %
2026/07/03 21:58:03.170, 7, 0 MiB, 81920 MiB, 0 %
2026/07/03 21:58:13.171, 0, 7733 MiB, 81920 MiB, 0 %
2026/07/03 21:58:13.171, 1, 0 MiB, 81920 MiB, 0 %
2026/07/03 21:58:13.172, 2, 0 MiB, 81920 MiB, 0 %
2026/07/03 21:58:13.172, 3, 0 MiB, 81920 MiB, 0 %
2026/07/03 21:58:13.172, 4, 0 MiB, 81920 MiB, 0 %
2026/07/03 21:58:13.173, 5, 0 MiB, 81920 MiB, 0 %
2026/07/03 21:58:13.173, 6, 0 MiB, 81920 MiB, 0 %
2026/07/03 21:58:13.173, 7, 0 MiB, 81920 MiB, 0 %
2026/07/03 21:58:23.175, 0, 7733 MiB, 81920 MiB, 0 %
2026/07/03 21:58:23.175, 1, 0 MiB, 81920 MiB, 0 %
2026/07/03 21:58:23.175, 2, 0 MiB, 81920 MiB, 0 %
2026/07/03 21:58:23.176, 3, 0 MiB, 81920 MiB, 0 %
2026/07/03 21:58:23.176, 4, 0 MiB, 81920 MiB, 0 %
2026/07/03 21:58:23.176, 5, 0 MiB, 81920 MiB, 0 %
2026/07/03 21:58:23.177, 6, 0 MiB, 81920 MiB, 0 %
2026/07/03 21:58:23.177, 7, 0 MiB, 81920 MiB, 0 %
2026/07/03 21:58:33.177, 0, 7733 MiB, 81920 MiB, 0 %
2026/07/03 21:58:33.178, 1, 0 MiB, 81920 MiB, 0 %
2026/07/03 21:58:33.178, 2, 0 MiB, 81920 MiB, 0 %
2026/07/03 21:58:33.179, 3, 0 MiB, 81920 MiB, 0 %
2026/07/03 21:58:33.179, 4, 0 MiB, 81920 MiB, 0 %
2026/07/03 21:58:33.179, 5, 0 MiB, 81920 MiB, 0 %
2026/07/03 21:58:33.180, 6, 0 MiB, 81920 MiB, 0 %
2026/07/03 21:58:33.180, 7, 0 MiB, 81920 MiB, 0 %
2026/07/03 21:58:43.180, 0, 7733 MiB, 81920 MiB, 55 %
2026/07/03 21:58:43.181, 1, 0 MiB, 81920 MiB, 0 %
2026/07/03 21:58:43.181, 2, 0 MiB, 81920 MiB, 0 %
2026/07/03 21:58:43.182, 3, 0 MiB, 81920 MiB, 0 %
2026/07/03 21:58:43.182, 4, 0 MiB, 81920 MiB, 0 %
2026/07/03 21:58:43.182, 5, 0 MiB, 81920 MiB, 0 %
2026/07/03 21:58:43.182, 6, 0 MiB, 81920 MiB, 0 %
2026/07/03 21:58:43.183, 7, 0 MiB, 81920 MiB, 0 %
2026/07/03 21:58:53.184, 0, 7733 MiB, 81920 MiB, 0 %
2026/07/03 21:58:53.184, 1, 0 MiB, 81920 MiB, 0 %
2026/07/03 21:58:53.184, 2, 0 MiB, 81920 MiB, 0 %
2026/07/03 21:58:53.185, 3, 0 MiB, 81920 MiB, 0 %
2026/07/03 21:58:53.185, 4, 0 MiB, 81920 MiB, 0 %
2026/07/03 21:58:53.185, 5, 0 MiB, 81920 MiB, 0 %
2026/07/03 21:58:53.186, 6, 0 MiB, 81920 MiB, 0 %
2026/07/03 21:58:53.186, 7, 0 MiB, 81920 MiB, 0 %
2026/07/03 21:59:03.187, 0, 7733 MiB, 81920 MiB, 0 %
2026/07/03 21:59:03.187, 1, 0 MiB, 81920 MiB, 0 %
2026/07/03 21:59:03.187, 2, 0 MiB, 81920 MiB, 0 %
2026/07/03 21:59:03.188, 3, 0 MiB, 81920 MiB, 0 %
2026/07/03 21:59:03.188, 4, 0 MiB, 81920 MiB, 0 %
2026/07/03 21:59:03.188, 5, 0 MiB, 81920 MiB, 0 %
2026/07/03 21:59:03.189, 6, 0 MiB, 81920 MiB, 0 %
2026/07/03 21:59:03.189, 7, 0 MiB, 81920 MiB, 0 %
2026/07/03 21:59:13.190, 0, 7733 MiB, 81920 MiB, 0 %
2026/07/03 21:59:13.190, 1, 0 MiB, 81920 MiB, 0 %
2026/07/03 21:59:13.191, 2, 0 MiB, 81920 MiB, 0 %
2026/07/03 21:59:13.191, 3, 0 MiB, 81920 MiB, 0 %
2026/07/03 21:59:13.191, 4, 0 MiB, 81920 MiB, 0 %
2026/07/03 21:59:13.192, 5, 0 MiB, 81920 MiB, 0 %
2026/07/03 21:59:13.192, 6, 0 MiB, 81920 MiB, 0 %
2026/07/03 21:59:13.192, 7, 0 MiB, 81920 MiB, 0 %
2026/07/03 21:59:23.193, 0, 7733 MiB, 81920 MiB, 0 %
2026/07/03 21:59:23.193, 1, 0 MiB, 81920 MiB, 0 %
2026/07/03 21:59:23.194, 2, 0 MiB, 81920 MiB, 0 %
2026/07/03 21:59:23.194, 3, 0 MiB, 81920 MiB, 0 %
2026/07/03 21:59:23.194, 4, 0 MiB, 81920 MiB, 0 %
2026/07/03 21:59:23.194, 5, 0 MiB, 81920 MiB, 0 %
2026/07/03 21:59:23.195, 6, 0 MiB, 81920 MiB, 0 %
2026/07/03 21:59:23.195, 7, 0 MiB, 81920 MiB, 0 %
2026/07/03 21:59:33.196, 0, 7733 MiB, 81920 MiB, 1 %
2026/07/03 21:59:33.197, 1, 0 MiB, 81920 MiB, 0 %
2026/07/03 21:59:33.197, 2, 0 MiB, 81920 MiB, 0 %
2026/07/03 21:59:33.197, 3, 0 MiB, 81920 MiB, 0 %
2026/07/03 21:59:33.197, 4, 0 MiB, 81920 MiB, 0 %
2026/07/03 21:59:33.198, 5, 0 MiB, 81920 MiB, 0 %
2026/07/03 21:59:33.198, 6, 0 MiB, 81920 MiB, 0 %
2026/07/03 21:59:33.198, 7, 0 MiB, 81920 MiB, 0 %
2026/07/03 21:59:43.199, 0, 7733 MiB, 81920 MiB, 0 %
2026/07/03 21:59:43.200, 1, 0 MiB, 81920 MiB, 0 %
2026/07/03 21:59:43.200, 2, 0 MiB, 81920 MiB, 0 %
2026/07/03 21:59:43.200, 3, 0 MiB, 81920 MiB, 0 %
2026/07/03 21:59:43.200, 4, 0 MiB, 81920 MiB, 0 %
2026/07/03 21:59:43.201, 5, 0 MiB, 81920 MiB, 0 %
2026/07/03 21:59:43.201, 6, 0 MiB, 81920 MiB, 0 %
2026/07/03 21:59:43.201, 7, 0 MiB, 81920 MiB, 0 %
2026/07/03 21:59:53.202, 0, 7733 MiB, 81920 MiB, 0 %
2026/07/03 21:59:53.202, 1, 0 MiB, 81920 MiB, 0 %
2026/07/03 21:59:53.203, 2, 0 MiB, 81920 MiB, 0 %
2026/07/03 21:59:53.203, 3, 0 MiB, 81920 MiB, 0 %
2026/07/03 21:59:53.203, 4, 0 MiB, 81920 MiB, 0 %
2026/07/03 21:59:53.204, 5, 0 MiB, 81920 MiB, 0 %
2026/07/03 21:59:53.204, 6, 0 MiB, 81920 MiB, 0 %
2026/07/03 21:59:53.204, 7, 0 MiB, 81920 MiB, 0 %
2026/07/03 22:00:03.205, 0, 7733 MiB, 81920 MiB, 0 %
2026/07/03 22:00:03.206, 1, 0 MiB, 81920 MiB, 0 %
2026/07/03 22:00:03.206, 2, 0 MiB, 81920 MiB, 0 %
2026/07/03 22:00:03.206, 3, 0 MiB, 81920 MiB, 0 %
2026/07/03 22:00:03.206, 4, 0 MiB, 81920 MiB, 0 %
2026/07/03 22:00:03.207, 5, 0 MiB, 81920 MiB, 0 %
2026/07/03 22:00:03.207, 6, 0 MiB, 81920 MiB, 0 %
2026/07/03 22:00:03.207, 7, 0 MiB, 81920 MiB, 0 %
2026/07/03 22:00:13.208, 0, 7733 MiB, 81920 MiB, 0 %
2026/07/03 22:00:13.208, 1, 0 MiB, 81920 MiB, 0 %
2026/07/03 22:00:13.209, 2, 0 MiB, 81920 MiB, 0 %
2026/07/03 22:00:13.209, 3, 0 MiB, 81920 MiB, 0 %
2026/07/03 22:00:13.209, 4, 0 MiB, 81920 MiB, 0 %
2026/07/03 22:00:13.210, 5, 0 MiB, 81920 MiB, 0 %
2026/07/03 22:00:13.210, 6, 0 MiB, 81920 MiB, 0 %
2026/07/03 22:00:13.210, 7, 0 MiB, 81920 MiB, 0 %
2026/07/03 22:00:23.211, 0, 7733 MiB, 81920 MiB, 0 %
2026/07/03 22:00:23.211, 1, 0 MiB, 81920 MiB, 0 %
2026/07/03 22:00:23.212, 2, 0 MiB, 81920 MiB, 0 %
2026/07/03 22:00:23.212, 3, 0 MiB, 81920 MiB, 0 %
2026/07/03 22:00:23.212, 4, 0 MiB, 81920 MiB, 0 %
2026/07/03 22:00:23.212, 5, 0 MiB, 81920 MiB, 0 %
2026/07/03 22:00:23.213, 6, 0 MiB, 81920 MiB, 0 %
2026/07/03 22:00:23.213, 7, 0 MiB, 81920 MiB, 0 %
2026/07/03 22:00:33.214, 0, 7733 MiB, 81920 MiB, 0 %
2026/07/03 22:00:33.214, 1, 0 MiB, 81920 MiB, 0 %
2026/07/03 22:00:33.215, 2, 0 MiB, 81920 MiB, 0 %
2026/07/03 22:00:33.215, 3, 0 MiB, 81920 MiB, 0 %
2026/07/03 22:00:33.215, 4, 0 MiB, 81920 MiB, 0 %
2026/07/03 22:00:33.216, 5, 0 MiB, 81920 MiB, 0 %
2026/07/03 22:00:33.216, 6, 0 MiB, 81920 MiB, 0 %
2026/07/03 22:00:33.216, 7, 0 MiB, 81920 MiB, 0 %
2026/07/03 22:00:43.217, 0, 7733 MiB, 81920 MiB, 0 %
2026/07/03 22:00:43.217, 1, 0 MiB, 81920 MiB, 0 %
2026/07/03 22:00:43.218, 2, 0 MiB, 81920 MiB, 0 %
2026/07/03 22:00:43.218, 3, 0 MiB, 81920 MiB, 0 %
2026/07/03 22:00:43.218, 4, 0 MiB, 81920 MiB, 0 %
2026/07/03 22:00:43.218, 5, 0 MiB, 81920 MiB, 0 %
2026/07/03 22:00:43.219, 6, 0 MiB, 81920 MiB, 0 %
2026/07/03 22:00:43.219, 7, 0 MiB, 81920 MiB, 0 %
2026/07/03 22:00:53.220, 0, 7733 MiB, 81920 MiB, 0 %
2026/07/03 22:00:53.220, 1, 0 MiB, 81920 MiB, 0 %
2026/07/03 22:00:53.220, 2, 0 MiB, 81920 MiB, 0 %
2026/07/03 22:00:53.221, 3, 0 MiB, 81920 MiB, 0 %
2026/07/03 22:00:53.221, 4, 0 MiB, 81920 MiB, 0 %
2026/07/03 22:00:53.221, 5, 0 MiB, 81920 MiB, 0 %
2026/07/03 22:00:53.222, 6, 0 MiB, 81920 MiB, 0 %
2026/07/03 22:00:53.222, 7, 0 MiB, 81920 MiB, 0 %
2026/07/03 22:01:03.223, 0, 7733 MiB, 81920 MiB, 55 %
2026/07/03 22:01:03.223, 1, 0 MiB, 81920 MiB, 0 %
2026/07/03 22:01:03.223, 2, 0 MiB, 81920 MiB, 0 %
2026/07/03 22:01:03.224, 3, 0 MiB, 81920 MiB, 0 %
2026/07/03 22:01:03.224, 4, 0 MiB, 81920 MiB, 0 %
2026/07/03 22:01:03.224, 5, 0 MiB, 81920 MiB, 0 %
2026/07/03 22:01:03.225, 6, 0 MiB, 81920 MiB, 0 %
2026/07/03 22:01:03.225, 7, 0 MiB, 81920 MiB, 0 %
2026/07/03 22:01:13.226, 0, 7733 MiB, 81920 MiB, 0 %
2026/07/03 22:01:13.226, 1, 0 MiB, 81920 MiB, 0 %
2026/07/03 22:01:13.227, 2, 0 MiB, 81920 MiB, 0 %
2026/07/03 22:01:13.227, 3, 0 MiB, 81920 MiB, 0 %
2026/07/03 22:01:13.227, 4, 0 MiB, 81920 MiB, 0 %
2026/07/03 22:01:13.227, 5, 0 MiB, 81920 MiB, 0 %
2026/07/03 22:01:13.227, 6, 0 MiB, 81920 MiB, 0 %
2026/07/03 22:01:13.227, 7, 0 MiB, 81920 MiB, 0 %
2026/07/03 22:01:23.228, 0, 7733 MiB, 81920 MiB, 0 %
2026/07/03 22:01:23.228, 1, 0 MiB, 81920 MiB, 0 %
2026/07/03 22:01:23.229, 2, 0 MiB, 81920 MiB, 0 %
2026/07/03 22:01:23.229, 3, 0 MiB, 81920 MiB, 0 %
2026/07/03 22:01:23.229, 4, 0 MiB, 81920 MiB, 0 %
2026/07/03 22:01:23.230, 5, 0 MiB, 81920 MiB, 0 %
2026/07/03 22:01:23.230, 6, 0 MiB, 81920 MiB, 0 %
2026/07/03 22:01:23.230, 7, 0 MiB, 81920 MiB, 0 %
2026/07/03 22:01:33.231, 0, 7733 MiB, 81920 MiB, 0 %
2026/07/03 22:01:33.232, 1, 0 MiB, 81920 MiB, 0 %
2026/07/03 22:01:33.232, 2, 0 MiB, 81920 MiB, 0 %
2026/07/03 22:01:33.232, 3, 0 MiB, 81920 MiB, 0 %
2026/07/03 22:01:33.233, 4, 0 MiB, 81920 MiB, 0 %
2026/07/03 22:01:33.233, 5, 0 MiB, 81920 MiB, 0 %
2026/07/03 22:01:33.233, 6, 0 MiB, 81920 MiB, 0 %
2026/07/03 22:01:33.234, 7, 0 MiB, 81920 MiB, 0 %
2026/07/03 22:01:43.234, 0, 7733 MiB, 81920 MiB, 0 %
2026/07/03 22:01:43.235, 1, 0 MiB, 81920 MiB, 0 %
2026/07/03 22:01:43.235, 2, 0 MiB, 81920 MiB, 0 %
2026/07/03 22:01:43.235, 3, 0 MiB, 81920 MiB, 0 %
2026/07/03 22:01:43.236, 4, 0 MiB, 81920 MiB, 0 %
2026/07/03 22:01:43.236, 5, 0 MiB, 81920 MiB, 0 %
2026/07/03 22:01:43.236, 6, 0 MiB, 81920 MiB, 0 %
2026/07/03 22:01:43.237, 7, 0 MiB, 81920 MiB, 0 %
2026/07/03 22:01:53.237, 0, 7733 MiB, 81920 MiB, 0 %
2026/07/03 22:01:53.238, 1, 0 MiB, 81920 MiB, 0 %
2026/07/03 22:01:53.238, 2, 0 MiB, 81920 MiB, 0 %
2026/07/03 22:01:53.238, 3, 0 MiB, 81920 MiB, 0 %
2026/07/03 22:01:53.239, 4, 0 MiB, 81920 MiB, 0 %
2026/07/03 22:01:53.239, 5, 0 MiB, 81920 MiB, 0 %
2026/07/03 22:01:53.239, 6, 0 MiB, 81920 MiB, 0 %
2026/07/03 22:01:53.239, 7, 0 MiB, 81920 MiB, 0 %
2026/07/03 22:02:03.240, 0, 7733 MiB, 81920 MiB, 0 %
2026/07/03 22:02:03.241, 1, 0 MiB, 81920 MiB, 0 %
2026/07/03 22:02:03.241, 2, 0 MiB, 81920 MiB, 0 %
2026/07/03 22:02:03.241, 3, 0 MiB, 81920 MiB, 0 %
2026/07/03 22:02:03.242, 4, 0 MiB, 81920 MiB, 0 %
2026/07/03 22:02:03.242, 5, 0 MiB, 81920 MiB, 0 %
2026/07/03 22:02:03.242, 6, 0 MiB, 81920 MiB, 0 %
2026/07/03 22:02:03.243, 7, 0 MiB, 81920 MiB, 0 %
2026/07/03 22:02:13.243, 0, 7733 MiB, 81920 MiB, 0 %
2026/07/03 22:02:13.244, 1, 0 MiB, 81920 MiB, 0 %
2026/07/03 22:02:13.244, 2, 0 MiB, 81920 MiB, 0 %
2026/07/03 22:02:13.244, 3, 0 MiB, 81920 MiB, 0 %
2026/07/03 22:02:13.244, 4, 0 MiB, 81920 MiB, 0 %
2026/07/03 22:02:13.245, 5, 0 MiB, 81920 MiB, 0 %
2026/07/03 22:02:13.245, 6, 0 MiB, 81920 MiB, 0 %
2026/07/03 22:02:13.245, 7, 0 MiB, 81920 MiB, 0 %
2026/07/03 22:02:23.246, 0, 7733 MiB, 81920 MiB, 0 %
2026/07/03 22:02:23.246, 1, 0 MiB, 81920 MiB, 0 %
2026/07/03 22:02:23.247, 2, 0 MiB, 81920 MiB, 0 %
2026/07/03 22:02:23.247, 3, 0 MiB, 81920 MiB, 0 %
2026/07/03 22:02:23.247, 4, 0 MiB, 81920 MiB, 0 %
2026/07/03 22:02:23.248, 5, 0 MiB, 81920 MiB, 0 %
2026/07/03 22:02:23.248, 6, 0 MiB, 81920 MiB, 0 %
2026/07/03 22:02:23.248, 7, 0 MiB, 81920 MiB, 0 %
2026/07/03 22:02:33.249, 0, 7733 MiB, 81920 MiB, 68 %
2026/07/03 22:02:33.249, 1, 0 MiB, 81920 MiB, 0 %
2026/07/03 22:02:33.250, 2, 0 MiB, 81920 MiB, 0 %
2026/07/03 22:02:33.250, 3, 0 MiB, 81920 MiB, 0 %
2026/07/03 22:02:33.250, 4, 0 MiB, 81920 MiB, 0 %
2026/07/03 22:02:33.251, 5, 0 MiB, 81920 MiB, 0 %
2026/07/03 22:02:33.251, 6, 0 MiB, 81920 MiB, 0 %
2026/07/03 22:02:33.251, 7, 0 MiB, 81920 MiB, 0 %
2026/07/03 22:02:43.252, 0, 7733 MiB, 81920 MiB, 0 %
2026/07/03 22:02:43.252, 1, 0 MiB, 81920 MiB, 0 %
2026/07/03 22:02:43.252, 2, 0 MiB, 81920 MiB, 0 %
2026/07/03 22:02:43.253, 3, 0 MiB, 81920 MiB, 0 %
2026/07/03 22:02:43.253, 4, 0 MiB, 81920 MiB, 0 %
2026/07/03 22:02:43.253, 5, 0 MiB, 81920 MiB, 0 %
2026/07/03 22:02:43.254, 6, 0 MiB, 81920 MiB, 0 %
2026/07/03 22:02:43.254, 7, 0 MiB, 81920 MiB, 0 %
2026/07/03 22:02:53.255, 0, 7733 MiB, 81920 MiB, 0 %
2026/07/03 22:02:53.255, 1, 0 MiB, 81920 MiB, 0 %
2026/07/03 22:02:53.255, 2, 0 MiB, 81920 MiB, 0 %
2026/07/03 22:02:53.256, 3, 0 MiB, 81920 MiB, 0 %
2026/07/03 22:02:53.256, 4, 0 MiB, 81920 MiB, 0 %
2026/07/03 22:02:53.256, 5, 0 MiB, 81920 MiB, 0 %
2026/07/03 22:02:53.257, 6, 0 MiB, 81920 MiB, 0 %
2026/07/03 22:02:53.257, 7, 0 MiB, 81920 MiB, 0 %
2026/07/03 22:03:03.258, 0, 7733 MiB, 81920 MiB, 0 %
2026/07/03 22:03:03.259, 1, 0 MiB, 81920 MiB, 0 %
2026/07/03 22:03:03.259, 2, 0 MiB, 81920 MiB, 0 %
2026/07/03 22:03:03.259, 3, 0 MiB, 81920 MiB, 0 %
2026/07/03 22:03:03.260, 4, 0 MiB, 81920 MiB, 0 %
2026/07/03 22:03:03.260, 5, 0 MiB, 81920 MiB, 0 %
2026/07/03 22:03:03.260, 6, 0 MiB, 81920 MiB, 0 %
2026/07/03 22:03:03.261, 7, 0 MiB, 81920 MiB, 0 %
2026/07/03 22:03:13.261, 0, 7733 MiB, 81920 MiB, 0 %
2026/07/03 22:03:13.262, 1, 0 MiB, 81920 MiB, 0 %
2026/07/03 22:03:13.262, 2, 0 MiB, 81920 MiB, 0 %
2026/07/03 22:03:13.262, 3, 0 MiB, 81920 MiB, 0 %
2026/07/03 22:03:13.263, 4, 0 MiB, 81920 MiB, 0 %
2026/07/03 22:03:13.263, 5, 0 MiB, 81920 MiB, 0 %
2026/07/03 22:03:13.263, 6, 0 MiB, 81920 MiB, 0 %
2026/07/03 22:03:13.263, 7, 0 MiB, 81920 MiB, 0 %
2026/07/03 22:03:23.264, 0, 7733 MiB, 81920 MiB, 52 %
2026/07/03 22:03:23.265, 1, 0 MiB, 81920 MiB, 0 %
2026/07/03 22:03:23.265, 2, 0 MiB, 81920 MiB, 0 %
2026/07/03 22:03:23.265, 3, 0 MiB, 81920 MiB, 0 %
2026/07/03 22:03:23.266, 4, 0 MiB, 81920 MiB, 0 %
2026/07/03 22:03:23.266, 5, 0 MiB, 81920 MiB, 0 %
2026/07/03 22:03:23.266, 6, 0 MiB, 81920 MiB, 0 %
2026/07/03 22:03:23.267, 7, 0 MiB, 81920 MiB, 0 %
2026/07/03 22:03:33.267, 0, 7733 MiB, 81920 MiB, 0 %
2026/07/03 22:03:33.268, 1, 0 MiB, 81920 MiB, 0 %
2026/07/03 22:03:33.268, 2, 0 MiB, 81920 MiB, 0 %
2026/07/03 22:03:33.268, 3, 0 MiB, 81920 MiB, 0 %
2026/07/03 22:03:33.269, 4, 0 MiB, 81920 MiB, 0 %
2026/07/03 22:03:33.269, 5, 0 MiB, 81920 MiB, 0 %
2026/07/03 22:03:33.269, 6, 0 MiB, 81920 MiB, 0 %
2026/07/03 22:03:33.269, 7, 0 MiB, 81920 MiB, 0 %
2026/07/03 22:03:43.270, 0, 7733 MiB, 81920 MiB, 0 %
2026/07/03 22:03:43.271, 1, 0 MiB, 81920 MiB, 0 %
2026/07/03 22:03:43.271, 2, 0 MiB, 81920 MiB, 0 %
2026/07/03 22:03:43.271, 3, 0 MiB, 81920 MiB, 0 %
2026/07/03 22:03:43.272, 4, 0 MiB, 81920 MiB, 0 %
2026/07/03 22:03:43.272, 5, 0 MiB, 81920 MiB, 0 %
2026/07/03 22:03:43.272, 6, 0 MiB, 81920 MiB, 0 %
2026/07/03 22:03:43.272, 7, 0 MiB, 81920 MiB, 0 %
2026/07/03 22:03:53.273, 0, 7733 MiB, 81920 MiB, 0 %
2026/07/03 22:03:53.274, 1, 0 MiB, 81920 MiB, 0 %
2026/07/03 22:03:53.274, 2, 0 MiB, 81920 MiB, 0 %
2026/07/03 22:03:53.274, 3, 0 MiB, 81920 MiB, 0 %
2026/07/03 22:03:53.274, 4, 0 MiB, 81920 MiB, 0 %
2026/07/03 22:03:53.275, 5, 0 MiB, 81920 MiB, 0 %
2026/07/03 22:03:53.275, 6, 0 MiB, 81920 MiB, 0 %
2026/07/03 22:03:53.275, 7, 0 MiB, 81920 MiB, 0 %
2026/07/03 22:04:03.276, 0, 7733 MiB, 81920 MiB, 0 %
2026/07/03 22:04:03.277, 1, 0 MiB, 81920 MiB, 0 %
2026/07/03 22:04:03.277, 2, 0 MiB, 81920 MiB, 0 %
2026/07/03 22:04:03.278, 3, 0 MiB, 81920 MiB, 0 %
2026/07/03 22:04:03.278, 4, 0 MiB, 81920 MiB, 0 %
2026/07/03 22:04:03.278, 5, 0 MiB, 81920 MiB, 0 %
2026/07/03 22:04:03.279, 6, 0 MiB, 81920 MiB, 0 %
2026/07/03 22:04:03.279, 7, 0 MiB, 81920 MiB, 0 %
2026/07/03 22:04:13.279, 0, 7733 MiB, 81920 MiB, 0 %
2026/07/03 22:04:13.280, 1, 0 MiB, 81920 MiB, 0 %
2026/07/03 22:04:13.280, 2, 0 MiB, 81920 MiB, 0 %
2026/07/03 22:04:13.280, 3, 0 MiB, 81920 MiB, 0 %
2026/07/03 22:04:13.281, 4, 0 MiB, 81920 MiB, 0 %
2026/07/03 22:04:13.281, 5, 0 MiB, 81920 MiB, 0 %
2026/07/03 22:04:13.281, 6, 0 MiB, 81920 MiB, 0 %
2026/07/03 22:04:13.282, 7, 0 MiB, 81920 MiB, 0 %
2026/07/03 22:04:23.283, 0, 7733 MiB, 81920 MiB, 0 %
2026/07/03 22:04:23.284, 1, 0 MiB, 81920 MiB, 0 %
2026/07/03 22:04:23.284, 2, 0 MiB, 81920 MiB, 0 %
2026/07/03 22:04:23.284, 3, 0 MiB, 81920 MiB, 0 %
2026/07/03 22:04:23.284, 4, 0 MiB, 81920 MiB, 0 %
2026/07/03 22:04:23.285, 5, 0 MiB, 81920 MiB, 0 %
2026/07/03 22:04:23.285, 6, 0 MiB, 81920 MiB, 0 %
2026/07/03 22:04:23.285, 7, 0 MiB, 81920 MiB, 0 %
2026/07/03 22:04:33.286, 0, 7733 MiB, 81920 MiB, 0 %
2026/07/03 22:04:33.286, 1, 0 MiB, 81920 MiB, 0 %
2026/07/03 22:04:33.287, 2, 0 MiB, 81920 MiB, 0 %
2026/07/03 22:04:33.287, 3, 0 MiB, 81920 MiB, 0 %
2026/07/03 22:04:33.287, 4, 0 MiB, 81920 MiB, 0 %
2026/07/03 22:04:33.288, 5, 0 MiB, 81920 MiB, 0 %
2026/07/03 22:04:33.288, 6, 0 MiB, 81920 MiB, 0 %
2026/07/03 22:04:33.288, 7, 0 MiB, 81920 MiB, 0 %
2026/07/03 22:04:43.289, 0, 7733 MiB, 81920 MiB, 0 %
2026/07/03 22:04:43.289, 1, 0 MiB, 81920 MiB, 0 %
2026/07/03 22:04:43.290, 2, 0 MiB, 81920 MiB, 0 %
2026/07/03 22:04:43.290, 3, 0 MiB, 81920 MiB, 0 %
2026/07/03 22:04:43.290, 4, 0 MiB, 81920 MiB, 0 %
2026/07/03 22:04:43.291, 5, 0 MiB, 81920 MiB, 0 %
2026/07/03 22:04:43.291, 6, 0 MiB, 81920 MiB, 0 %
2026/07/03 22:04:43.291, 7, 0 MiB, 81920 MiB, 0 %
2026/07/03 22:04:53.292, 0, 7733 MiB, 81920 MiB, 52 %
2026/07/03 22:04:53.292, 1, 0 MiB, 81920 MiB, 0 %
2026/07/03 22:04:53.293, 2, 0 MiB, 81920 MiB, 0 %
2026/07/03 22:04:53.293, 3, 0 MiB, 81920 MiB, 0 %
2026/07/03 22:04:53.293, 4, 0 MiB, 81920 MiB, 0 %
2026/07/03 22:04:53.294, 5, 0 MiB, 81920 MiB, 0 %
2026/07/03 22:04:53.294, 6, 0 MiB, 81920 MiB, 0 %
2026/07/03 22:04:53.294, 7, 0 MiB, 81920 MiB, 0 %
2026/07/03 22:05:03.295, 0, 7733 MiB, 81920 MiB, 0 %
2026/07/03 22:05:03.295, 1, 0 MiB, 81920 MiB, 0 %
2026/07/03 22:05:03.296, 2, 0 MiB, 81920 MiB, 0 %
2026/07/03 22:05:03.296, 3, 0 MiB, 81920 MiB, 0 %
2026/07/03 22:05:03.296, 4, 0 MiB, 81920 MiB, 0 %
2026/07/03 22:05:03.297, 5, 0 MiB, 81920 MiB, 0 %
2026/07/03 22:05:03.297, 6, 0 MiB, 81920 MiB, 0 %
2026/07/03 22:05:03.297, 7, 0 MiB, 81920 MiB, 0 %
2026/07/03 22:05:13.298, 0, 7733 MiB, 81920 MiB, 0 %
2026/07/03 22:05:13.298, 1, 0 MiB, 81920 MiB, 0 %
2026/07/03 22:05:13.299, 2, 0 MiB, 81920 MiB, 0 %
2026/07/03 22:05:13.299, 3, 0 MiB, 81920 MiB, 0 %
2026/07/03 22:05:13.299, 4, 0 MiB, 81920 MiB, 0 %
2026/07/03 22:05:13.299, 5, 0 MiB, 81920 MiB, 0 %
2026/07/03 22:05:13.300, 6, 0 MiB, 81920 MiB, 0 %
2026/07/03 22:05:13.300, 7, 0 MiB, 81920 MiB, 0 %
2026/07/03 22:05:23.301, 0, 7733 MiB, 81920 MiB, 0 %
2026/07/03 22:05:23.302, 1, 0 MiB, 81920 MiB, 0 %
2026/07/03 22:05:23.302, 2, 0 MiB, 81920 MiB, 0 %
2026/07/03 22:05:23.302, 3, 0 MiB, 81920 MiB, 0 %
2026/07/03 22:05:23.303, 4, 0 MiB, 81920 MiB, 0 %
2026/07/03 22:05:23.303, 5, 0 MiB, 81920 MiB, 0 %
2026/07/03 22:05:23.303, 6, 0 MiB, 81920 MiB, 0 %
2026/07/03 22:05:23.304, 7, 0 MiB, 81920 MiB, 0 %
2026/07/03 22:05:33.305, 0, 7733 MiB, 81920 MiB, 0 %
2026/07/03 22:05:33.306, 1, 0 MiB, 81920 MiB, 0 %
2026/07/03 22:05:33.306, 2, 0 MiB, 81920 MiB, 0 %
2026/07/03 22:05:33.306, 3, 0 MiB, 81920 MiB, 0 %
2026/07/03 22:05:33.307, 4, 0 MiB, 81920 MiB, 0 %
2026/07/03 22:05:33.307, 5, 0 MiB, 81920 MiB, 0 %
2026/07/03 22:05:33.307, 6, 0 MiB, 81920 MiB, 0 %
2026/07/03 22:05:33.307, 7, 0 MiB, 81920 MiB, 0 %
2026/07/03 22:05:43.309, 0, 7733 MiB, 81920 MiB, 0 %
2026/07/03 22:05:43.309, 1, 0 MiB, 81920 MiB, 0 %
2026/07/03 22:05:43.310, 2, 0 MiB, 81920 MiB, 0 %
2026/07/03 22:05:43.310, 3, 0 MiB, 81920 MiB, 0 %
2026/07/03 22:05:43.310, 4, 0 MiB, 81920 MiB, 0 %
2026/07/03 22:05:43.310, 5, 0 MiB, 81920 MiB, 0 %
2026/07/03 22:05:43.311, 6, 0 MiB, 81920 MiB, 0 %
2026/07/03 22:05:43.311, 7, 0 MiB, 81920 MiB, 0 %
2026/07/03 22:05:53.312, 0, 7733 MiB, 81920 MiB, 0 %
2026/07/03 22:05:53.313, 1, 0 MiB, 81920 MiB, 0 %
2026/07/03 22:05:53.313, 2, 0 MiB, 81920 MiB, 0 %
2026/07/03 22:05:53.314, 3, 0 MiB, 81920 MiB, 0 %
2026/07/03 22:05:53.314, 4, 0 MiB, 81920 MiB, 0 %
2026/07/03 22:05:53.314, 5, 0 MiB, 81920 MiB, 0 %
2026/07/03 22:05:53.314, 6, 0 MiB, 81920 MiB, 0 %
2026/07/03 22:05:53.315, 7, 0 MiB, 81920 MiB, 0 %
2026/07/03 22:06:03.315, 0, 7733 MiB, 81920 MiB, 0 %
2026/07/03 22:06:03.316, 1, 0 MiB, 81920 MiB, 0 %
2026/07/03 22:06:03.316, 2, 0 MiB, 81920 MiB, 0 %
2026/07/03 22:06:03.316, 3, 0 MiB, 81920 MiB, 0 %
2026/07/03 22:06:03.317, 4, 0 MiB, 81920 MiB, 0 %
2026/07/03 22:06:03.317, 5, 0 MiB, 81920 MiB, 0 %
2026/07/03 22:06:03.317, 6, 0 MiB, 81920 MiB, 0 %
2026/07/03 22:06:03.318, 7, 0 MiB, 81920 MiB, 0 %
2026/07/03 22:06:13.318, 0, 7733 MiB, 81920 MiB, 84 %
2026/07/03 22:06:13.319, 1, 0 MiB, 81920 MiB, 0 %
2026/07/03 22:06:13.319, 2, 0 MiB, 81920 MiB, 0 %
2026/07/03 22:06:13.319, 3, 0 MiB, 81920 MiB, 0 %
2026/07/03 22:06:13.320, 4, 0 MiB, 81920 MiB, 0 %
2026/07/03 22:06:13.320, 5, 0 MiB, 81920 MiB, 0 %
2026/07/03 22:06:13.320, 6, 0 MiB, 81920 MiB, 0 %
2026/07/03 22:06:13.320, 7, 0 MiB, 81920 MiB, 0 %
2026/07/03 22:06:23.321, 0, 7733 MiB, 81920 MiB, 0 %
2026/07/03 22:06:23.322, 1, 0 MiB, 81920 MiB, 0 %
2026/07/03 22:06:23.322, 2, 0 MiB, 81920 MiB, 0 %
2026/07/03 22:06:23.322, 3, 0 MiB, 81920 MiB, 0 %
2026/07/03 22:06:23.323, 4, 0 MiB, 81920 MiB, 0 %
2026/07/03 22:06:23.323, 5, 0 MiB, 81920 MiB, 0 %
2026/07/03 22:06:23.323, 6, 0 MiB, 81920 MiB, 0 %
2026/07/03 22:06:23.324, 7, 0 MiB, 81920 MiB, 0 %
2026/07/03 22:06:33.324, 0, 7733 MiB, 81920 MiB, 0 %
2026/07/03 22:06:33.325, 1, 0 MiB, 81920 MiB, 0 %
2026/07/03 22:06:33.325, 2, 0 MiB, 81920 MiB, 0 %
2026/07/03 22:06:33.325, 3, 0 MiB, 81920 MiB, 0 %
2026/07/03 22:06:33.326, 4, 0 MiB, 81920 MiB, 0 %
2026/07/03 22:06:33.326, 5, 0 MiB, 81920 MiB, 0 %
2026/07/03 22:06:33.326, 6, 0 MiB, 81920 MiB, 0 %
2026/07/03 22:06:33.327, 7, 0 MiB, 81920 MiB, 0 %
2026/07/03 22:06:43.327, 0, 7733 MiB, 81920 MiB, 0 %
2026/07/03 22:06:43.328, 1, 0 MiB, 81920 MiB, 0 %
2026/07/03 22:06:43.328, 2, 0 MiB, 81920 MiB, 0 %
2026/07/03 22:06:43.328, 3, 0 MiB, 81920 MiB, 0 %
2026/07/03 22:06:43.328, 4, 0 MiB, 81920 MiB, 0 %
2026/07/03 22:06:43.329, 5, 0 MiB, 81920 MiB, 0 %
2026/07/03 22:06:43.329, 6, 0 MiB, 81920 MiB, 0 %
2026/07/03 22:06:43.329, 7, 0 MiB, 81920 MiB, 0 %
2026/07/03 22:06:53.330, 0, 7733 MiB, 81920 MiB, 0 %
2026/07/03 22:06:53.331, 1, 0 MiB, 81920 MiB, 0 %
2026/07/03 22:06:53.331, 2, 0 MiB, 81920 MiB, 0 %
2026/07/03 22:06:53.331, 3, 0 MiB, 81920 MiB, 0 %
2026/07/03 22:06:53.332, 4, 0 MiB, 81920 MiB, 0 %
2026/07/03 22:06:53.332, 5, 0 MiB, 81920 MiB, 0 %
2026/07/03 22:06:53.332, 6, 0 MiB, 81920 MiB, 0 %
2026/07/03 22:06:53.333, 7, 0 MiB, 81920 MiB, 0 %
2026/07/03 22:07:03.333, 0, 7733 MiB, 81920 MiB, 0 %
2026/07/03 22:07:03.334, 1, 0 MiB, 81920 MiB, 0 %
2026/07/03 22:07:03.334, 2, 0 MiB, 81920 MiB, 0 %
2026/07/03 22:07:03.334, 3, 0 MiB, 81920 MiB, 0 %
2026/07/03 22:07:03.335, 4, 0 MiB, 81920 MiB, 0 %
2026/07/03 22:07:03.335, 5, 0 MiB, 81920 MiB, 0 %
2026/07/03 22:07:03.335, 6, 0 MiB, 81920 MiB, 0 %
2026/07/03 22:07:03.336, 7, 0 MiB, 81920 MiB, 0 %
2026/07/03 22:07:13.336, 0, 7733 MiB, 81920 MiB, 0 %
2026/07/03 22:07:13.337, 1, 0 MiB, 81920 MiB, 0 %
2026/07/03 22:07:13.337, 2, 0 MiB, 81920 MiB, 0 %
2026/07/03 22:07:13.337, 3, 0 MiB, 81920 MiB, 0 %
2026/07/03 22:07:13.338, 4, 0 MiB, 81920 MiB, 0 %
2026/07/03 22:07:13.338, 5, 0 MiB, 81920 MiB, 0 %
2026/07/03 22:07:13.338, 6, 0 MiB, 81920 MiB, 0 %
2026/07/03 22:07:13.339, 7, 0 MiB, 81920 MiB, 0 %
2026/07/03 22:07:23.340, 0, 7733 MiB, 81920 MiB, 0 %
2026/07/03 22:07:23.340, 1, 0 MiB, 81920 MiB, 0 %
2026/07/03 22:07:23.340, 2, 0 MiB, 81920 MiB, 0 %
2026/07/03 22:07:23.341, 3, 0 MiB, 81920 MiB, 0 %
2026/07/03 22:07:23.341, 4, 0 MiB, 81920 MiB, 0 %
2026/07/03 22:07:23.341, 5, 0 MiB, 81920 MiB, 0 %
2026/07/03 22:07:23.342, 6, 0 MiB, 81920 MiB, 0 %
2026/07/03 22:07:23.342, 7, 0 MiB, 81920 MiB, 0 %
2026/07/03 22:07:33.343, 0, 7733 MiB, 81920 MiB, 0 %
2026/07/03 22:07:33.343, 1, 0 MiB, 81920 MiB, 0 %
2026/07/03 22:07:33.343, 2, 0 MiB, 81920 MiB, 0 %
2026/07/03 22:07:33.344, 3, 0 MiB, 81920 MiB, 0 %
2026/07/03 22:07:33.344, 4, 0 MiB, 81920 MiB, 0 %
2026/07/03 22:07:33.344, 5, 0 MiB, 81920 MiB, 0 %
2026/07/03 22:07:33.345, 6, 0 MiB, 81920 MiB, 0 %
2026/07/03 22:07:33.345, 7, 0 MiB, 81920 MiB, 0 %
2026/07/03 22:07:43.346, 0, 7733 MiB, 81920 MiB, 60 %
2026/07/03 22:07:43.346, 1, 0 MiB, 81920 MiB, 0 %
2026/07/03 22:07:43.346, 2, 0 MiB, 81920 MiB, 0 %
2026/07/03 22:07:43.347, 3, 0 MiB, 81920 MiB, 0 %
2026/07/03 22:07:43.347, 4, 0 MiB, 81920 MiB, 0 %
2026/07/03 22:07:43.347, 5, 0 MiB, 81920 MiB, 0 %
2026/07/03 22:07:43.348, 6, 0 MiB, 81920 MiB, 0 %
2026/07/03 22:07:43.348, 7, 0 MiB, 81920 MiB, 0 %
2026/07/03 22:07:53.349, 0, 7733 MiB, 81920 MiB, 0 %
2026/07/03 22:07:53.349, 1, 0 MiB, 81920 MiB, 0 %
2026/07/03 22:07:53.349, 2, 0 MiB, 81920 MiB, 0 %
2026/07/03 22:07:53.350, 3, 0 MiB, 81920 MiB, 0 %
2026/07/03 22:07:53.350, 4, 0 MiB, 81920 MiB, 0 %
2026/07/03 22:07:53.350, 5, 0 MiB, 81920 MiB, 0 %
2026/07/03 22:07:53.351, 6, 0 MiB, 81920 MiB, 0 %
2026/07/03 22:07:53.351, 7, 0 MiB, 81920 MiB, 0 %
2026/07/03 22:08:03.352, 0, 7733 MiB, 81920 MiB, 0 %
2026/07/03 22:08:03.352, 1, 0 MiB, 81920 MiB, 0 %
2026/07/03 22:08:03.352, 2, 0 MiB, 81920 MiB, 0 %
2026/07/03 22:08:03.353, 3, 0 MiB, 81920 MiB, 0 %
2026/07/03 22:08:03.353, 4, 0 MiB, 81920 MiB, 0 %
2026/07/03 22:08:03.353, 5, 0 MiB, 81920 MiB, 0 %
2026/07/03 22:08:03.354, 6, 0 MiB, 81920 MiB, 0 %
2026/07/03 22:08:03.354, 7, 0 MiB, 81920 MiB, 0 %
2026/07/03 22:08:13.355, 0, 7733 MiB, 81920 MiB, 57 %
2026/07/03 22:08:13.355, 1, 0 MiB, 81920 MiB, 0 %
2026/07/03 22:08:13.356, 2, 0 MiB, 81920 MiB, 0 %
2026/07/03 22:08:13.356, 3, 0 MiB, 81920 MiB, 0 %
2026/07/03 22:08:13.356, 4, 0 MiB, 81920 MiB, 0 %
2026/07/03 22:08:13.356, 5, 0 MiB, 81920 MiB, 0 %
2026/07/03 22:08:13.357, 6, 0 MiB, 81920 MiB, 0 %
2026/07/03 22:08:13.357, 7, 0 MiB, 81920 MiB, 0 %
2026/07/03 22:08:23.358, 0, 7733 MiB, 81920 MiB, 0 %
2026/07/03 22:08:23.358, 1, 0 MiB, 81920 MiB, 0 %
2026/07/03 22:08:23.359, 2, 0 MiB, 81920 MiB, 0 %
2026/07/03 22:08:23.359, 3, 0 MiB, 81920 MiB, 0 %
2026/07/03 22:08:23.359, 4, 0 MiB, 81920 MiB, 0 %
2026/07/03 22:08:23.360, 5, 0 MiB, 81920 MiB, 0 %
2026/07/03 22:08:23.360, 6, 0 MiB, 81920 MiB, 0 %
2026/07/03 22:08:23.360, 7, 0 MiB, 81920 MiB, 0 %
2026/07/03 22:08:33.361, 0, 7733 MiB, 81920 MiB, 0 %
2026/07/03 22:08:33.361, 1, 0 MiB, 81920 MiB, 0 %
2026/07/03 22:08:33.362, 2, 0 MiB, 81920 MiB, 0 %
2026/07/03 22:08:33.362, 3, 0 MiB, 81920 MiB, 0 %
2026/07/03 22:08:33.362, 4, 0 MiB, 81920 MiB, 0 %
2026/07/03 22:08:33.363, 5, 0 MiB, 81920 MiB, 0 %
2026/07/03 22:08:33.363, 6, 0 MiB, 81920 MiB, 0 %
2026/07/03 22:08:33.363, 7, 0 MiB, 81920 MiB, 0 %
2026/07/03 22:08:43.364, 0, 7733 MiB, 81920 MiB, 0 %
2026/07/03 22:08:43.365, 1, 0 MiB, 81920 MiB, 0 %
2026/07/03 22:08:43.365, 2, 0 MiB, 81920 MiB, 0 %
2026/07/03 22:08:43.365, 3, 0 MiB, 81920 MiB, 0 %
2026/07/03 22:08:43.366, 4, 0 MiB, 81920 MiB, 0 %
2026/07/03 22:08:43.366, 5, 0 MiB, 81920 MiB, 0 %
2026/07/03 22:08:43.366, 6, 0 MiB, 81920 MiB, 0 %
2026/07/03 22:08:43.367, 7, 0 MiB, 81920 MiB, 0 %
2026/07/03 22:08:53.368, 0, 7733 MiB, 81920 MiB, 0 %
2026/07/03 22:08:53.368, 1, 0 MiB, 81920 MiB, 0 %
2026/07/03 22:08:53.369, 2, 0 MiB, 81920 MiB, 0 %
2026/07/03 22:08:53.369, 3, 0 MiB, 81920 MiB, 0 %
2026/07/03 22:08:53.369, 4, 0 MiB, 81920 MiB, 0 %
2026/07/03 22:08:53.370, 5, 0 MiB, 81920 MiB, 0 %
2026/07/03 22:08:53.370, 6, 0 MiB, 81920 MiB, 0 %
2026/07/03 22:08:53.370, 7, 0 MiB, 81920 MiB, 0 %
2026/07/03 22:09:03.371, 0, 7733 MiB, 81920 MiB, 62 %
2026/07/03 22:09:03.371, 1, 0 MiB, 81920 MiB, 0 %
2026/07/03 22:09:03.372, 2, 0 MiB, 81920 MiB, 0 %
2026/07/03 22:09:03.372, 3, 0 MiB, 81920 MiB, 0 %
2026/07/03 22:09:03.372, 4, 0 MiB, 81920 MiB, 0 %
2026/07/03 22:09:03.373, 5, 0 MiB, 81920 MiB, 0 %
2026/07/03 22:09:03.373, 6, 0 MiB, 81920 MiB, 0 %
2026/07/03 22:09:03.373, 7, 0 MiB, 81920 MiB, 0 %
2026/07/03 22:09:13.374, 0, 7733 MiB, 81920 MiB, 61 %
2026/07/03 22:09:13.375, 1, 0 MiB, 81920 MiB, 0 %
2026/07/03 22:09:13.375, 2, 0 MiB, 81920 MiB, 0 %
2026/07/03 22:09:13.375, 3, 0 MiB, 81920 MiB, 0 %
2026/07/03 22:09:13.376, 4, 0 MiB, 81920 MiB, 0 %
2026/07/03 22:09:13.376, 5, 0 MiB, 81920 MiB, 0 %
2026/07/03 22:09:13.376, 6, 0 MiB, 81920 MiB, 0 %
2026/07/03 22:09:13.377, 7, 0 MiB, 81920 MiB, 0 %
2026/07/03 22:09:23.378, 0, 7733 MiB, 81920 MiB, 0 %
2026/07/03 22:09:23.378, 1, 0 MiB, 81920 MiB, 0 %
2026/07/03 22:09:23.379, 2, 0 MiB, 81920 MiB, 0 %
2026/07/03 22:09:23.379, 3, 0 MiB, 81920 MiB, 0 %
2026/07/03 22:09:23.379, 4, 0 MiB, 81920 MiB, 0 %
2026/07/03 22:09:23.380, 5, 0 MiB, 81920 MiB, 0 %
2026/07/03 22:09:23.380, 6, 0 MiB, 81920 MiB, 0 %
2026/07/03 22:09:23.380, 7, 0 MiB, 81920 MiB, 0 %
2026/07/03 22:09:33.381, 0, 7733 MiB, 81920 MiB, 0 %
2026/07/03 22:09:33.382, 1, 0 MiB, 81920 MiB, 0 %
2026/07/03 22:09:33.382, 2, 0 MiB, 81920 MiB, 0 %
2026/07/03 22:09:33.382, 3, 0 MiB, 81920 MiB, 0 %
2026/07/03 22:09:33.383, 4, 0 MiB, 81920 MiB, 0 %
2026/07/03 22:09:33.383, 5, 0 MiB, 81920 MiB, 0 %
2026/07/03 22:09:33.383, 6, 0 MiB, 81920 MiB, 0 %
2026/07/03 22:09:33.384, 7, 0 MiB, 81920 MiB, 0 %
2026/07/03 22:09:43.385, 0, 7733 MiB, 81920 MiB, 0 %
2026/07/03 22:09:43.385, 1, 0 MiB, 81920 MiB, 0 %
2026/07/03 22:09:43.386, 2, 0 MiB, 81920 MiB, 0 %
2026/07/03 22:09:43.386, 3, 0 MiB, 81920 MiB, 0 %
2026/07/03 22:09:43.386, 4, 0 MiB, 81920 MiB, 0 %
2026/07/03 22:09:43.387, 5, 0 MiB, 81920 MiB, 0 %
2026/07/03 22:09:43.387, 6, 0 MiB, 81920 MiB, 0 %
2026/07/03 22:09:43.387, 7, 0 MiB, 81920 MiB, 0 %
2026/07/03 22:09:53.388, 0, 7733 MiB, 81920 MiB, 0 %
2026/07/03 22:09:53.389, 1, 0 MiB, 81920 MiB, 0 %
2026/07/03 22:09:53.389, 2, 0 MiB, 81920 MiB, 0 %
2026/07/03 22:09:53.389, 3, 0 MiB, 81920 MiB, 0 %
2026/07/03 22:09:53.389, 4, 0 MiB, 81920 MiB, 0 %
2026/07/03 22:09:53.390, 5, 0 MiB, 81920 MiB, 0 %
2026/07/03 22:09:53.390, 6, 0 MiB, 81920 MiB, 0 %
2026/07/03 22:09:53.390, 7, 0 MiB, 81920 MiB, 0 %
2026/07/03 22:10:03.391, 0, 7733 MiB, 81920 MiB, 0 %
2026/07/03 22:10:03.392, 1, 0 MiB, 81920 MiB, 0 %
2026/07/03 22:10:03.392, 2, 0 MiB, 81920 MiB, 0 %
2026/07/03 22:10:03.392, 3, 0 MiB, 81920 MiB, 0 %
2026/07/03 22:10:03.393, 4, 0 MiB, 81920 MiB, 0 %
2026/07/03 22:10:03.393, 5, 0 MiB, 81920 MiB, 0 %
2026/07/03 22:10:03.393, 6, 0 MiB, 81920 MiB, 0 %
2026/07/03 22:10:03.394, 7, 0 MiB, 81920 MiB, 0 %
2026/07/03 22:10:13.395, 0, 7733 MiB, 81920 MiB, 0 %
2026/07/03 22:10:13.395, 1, 0 MiB, 81920 MiB, 0 %
2026/07/03 22:10:13.396, 2, 0 MiB, 81920 MiB, 0 %
2026/07/03 22:10:13.396, 3, 0 MiB, 81920 MiB, 0 %
2026/07/03 22:10:13.396, 4, 0 MiB, 81920 MiB, 0 %
2026/07/03 22:10:13.397, 5, 0 MiB, 81920 MiB, 0 %
2026/07/03 22:10:13.397, 6, 0 MiB, 81920 MiB, 0 %
2026/07/03 22:10:13.397, 7, 0 MiB, 81920 MiB, 0 %
2026/07/03 22:10:23.398, 0, 7733 MiB, 81920 MiB, 0 %
2026/07/03 22:10:23.399, 1, 0 MiB, 81920 MiB, 0 %
2026/07/03 22:10:23.399, 2, 0 MiB, 81920 MiB, 0 %
2026/07/03 22:10:23.399, 3, 0 MiB, 81920 MiB, 0 %
2026/07/03 22:10:23.400, 4, 0 MiB, 81920 MiB, 0 %
2026/07/03 22:10:23.400, 5, 0 MiB, 81920 MiB, 0 %
2026/07/03 22:10:23.400, 6, 0 MiB, 81920 MiB, 0 %
2026/07/03 22:10:23.400, 7, 0 MiB, 81920 MiB, 0 %
2026/07/03 22:10:33.401, 0, 7733 MiB, 81920 MiB, 0 %
2026/07/03 22:10:33.402, 1, 0 MiB, 81920 MiB, 0 %
2026/07/03 22:10:33.402, 2, 0 MiB, 81920 MiB, 0 %
2026/07/03 22:10:33.402, 3, 0 MiB, 81920 MiB, 0 %
2026/07/03 22:10:33.403, 4, 0 MiB, 81920 MiB, 0 %
2026/07/03 22:10:33.403, 5, 0 MiB, 81920 MiB, 0 %
2026/07/03 22:10:33.403, 6, 0 MiB, 81920 MiB, 0 %
2026/07/03 22:10:33.404, 7, 0 MiB, 81920 MiB, 0 %
2026/07/03 22:10:43.404, 0, 7733 MiB, 81920 MiB, 0 %
2026/07/03 22:10:43.405, 1, 0 MiB, 81920 MiB, 0 %
2026/07/03 22:10:43.405, 2, 0 MiB, 81920 MiB, 0 %
2026/07/03 22:10:43.406, 3, 0 MiB, 81920 MiB, 0 %
2026/07/03 22:10:43.406, 4, 0 MiB, 81920 MiB, 0 %
2026/07/03 22:10:43.406, 5, 0 MiB, 81920 MiB, 0 %
2026/07/03 22:10:43.407, 6, 0 MiB, 81920 MiB, 0 %
2026/07/03 22:10:43.407, 7, 0 MiB, 81920 MiB, 0 %
2026/07/03 22:10:53.408, 0, 7733 MiB, 81920 MiB, 0 %
2026/07/03 22:10:53.408, 1, 0 MiB, 81920 MiB, 0 %
2026/07/03 22:10:53.409, 2, 0 MiB, 81920 MiB, 0 %
2026/07/03 22:10:53.409, 3, 0 MiB, 81920 MiB, 0 %
2026/07/03 22:10:53.409, 4, 0 MiB, 81920 MiB, 0 %
2026/07/03 22:10:53.410, 5, 0 MiB, 81920 MiB, 0 %
2026/07/03 22:10:53.410, 6, 0 MiB, 81920 MiB, 0 %
2026/07/03 22:10:53.410, 7, 0 MiB, 81920 MiB, 0 %
2026/07/03 22:11:03.411, 0, 7733 MiB, 81920 MiB, 0 %
2026/07/03 22:11:03.411, 1, 0 MiB, 81920 MiB, 0 %
2026/07/03 22:11:03.412, 2, 0 MiB, 81920 MiB, 0 %
2026/07/03 22:11:03.412, 3, 0 MiB, 81920 MiB, 0 %
2026/07/03 22:11:03.412, 4, 0 MiB, 81920 MiB, 0 %
2026/07/03 22:11:03.413, 5, 0 MiB, 81920 MiB, 0 %
2026/07/03 22:11:03.413, 6, 0 MiB, 81920 MiB, 0 %
2026/07/03 22:11:03.413, 7, 0 MiB, 81920 MiB, 0 %
2026/07/03 22:11:13.414, 0, 7733 MiB, 81920 MiB, 0 %
2026/07/03 22:11:13.415, 1, 0 MiB, 81920 MiB, 0 %
2026/07/03 22:11:13.415, 2, 0 MiB, 81920 MiB, 0 %
2026/07/03 22:11:13.415, 3, 0 MiB, 81920 MiB, 0 %
2026/07/03 22:11:13.416, 4, 0 MiB, 81920 MiB, 0 %
2026/07/03 22:11:13.416, 5, 0 MiB, 81920 MiB, 0 %
2026/07/03 22:11:13.416, 6, 0 MiB, 81920 MiB, 0 %
2026/07/03 22:11:13.416, 7, 0 MiB, 81920 MiB, 0 %
2026/07/03 22:11:23.417, 0, 7733 MiB, 81920 MiB, 0 %
2026/07/03 22:11:23.418, 1, 0 MiB, 81920 MiB, 0 %
2026/07/03 22:11:23.418, 2, 0 MiB, 81920 MiB, 0 %
2026/07/03 22:11:23.418, 3, 0 MiB, 81920 MiB, 0 %
2026/07/03 22:11:23.419, 4, 0 MiB, 81920 MiB, 0 %
2026/07/03 22:11:23.419, 5, 0 MiB, 81920 MiB, 0 %
2026/07/03 22:11:23.419, 6, 0 MiB, 81920 MiB, 0 %
2026/07/03 22:11:23.420, 7, 0 MiB, 81920 MiB, 0 %
2026/07/03 22:11:33.420, 0, 7733 MiB, 81920 MiB, 0 %
2026/07/03 22:11:33.421, 1, 0 MiB, 81920 MiB, 0 %
2026/07/03 22:11:33.421, 2, 0 MiB, 81920 MiB, 0 %
2026/07/03 22:11:33.422, 3, 0 MiB, 81920 MiB, 0 %
2026/07/03 22:11:33.422, 4, 0 MiB, 81920 MiB, 0 %
2026/07/03 22:11:33.422, 5, 0 MiB, 81920 MiB, 0 %
2026/07/03 22:11:33.423, 6, 0 MiB, 81920 MiB, 0 %
2026/07/03 22:11:33.423, 7, 0 MiB, 81920 MiB, 0 %
2026/07/03 22:11:43.424, 0, 7733 MiB, 81920 MiB, 17 %
2026/07/03 22:11:43.424, 1, 0 MiB, 81920 MiB, 0 %
2026/07/03 22:11:43.424, 2, 0 MiB, 81920 MiB, 0 %
2026/07/03 22:11:43.425, 3, 0 MiB, 81920 MiB, 0 %
2026/07/03 22:11:43.425, 4, 0 MiB, 81920 MiB, 0 %
2026/07/03 22:11:43.425, 5, 0 MiB, 81920 MiB, 0 %
2026/07/03 22:11:43.426, 6, 0 MiB, 81920 MiB, 0 %
2026/07/03 22:11:43.426, 7, 0 MiB, 81920 MiB, 0 %
2026/07/03 22:11:53.427, 0, 7733 MiB, 81920 MiB, 0 %
2026/07/03 22:11:53.427, 1, 0 MiB, 81920 MiB, 0 %
2026/07/03 22:11:53.428, 2, 0 MiB, 81920 MiB, 0 %
2026/07/03 22:11:53.428, 3, 0 MiB, 81920 MiB, 0 %
2026/07/03 22:11:53.428, 4, 0 MiB, 81920 MiB, 0 %
2026/07/03 22:11:53.428, 5, 0 MiB, 81920 MiB, 0 %
2026/07/03 22:11:53.429, 6, 0 MiB, 81920 MiB, 0 %
2026/07/03 22:11:53.429, 7, 0 MiB, 81920 MiB, 0 %
2026/07/03 22:12:03.430, 0, 7733 MiB, 81920 MiB, 0 %
2026/07/03 22:12:03.430, 1, 0 MiB, 81920 MiB, 0 %
2026/07/03 22:12:03.431, 2, 0 MiB, 81920 MiB, 0 %
2026/07/03 22:12:03.431, 3, 0 MiB, 81920 MiB, 0 %
2026/07/03 22:12:03.431, 4, 0 MiB, 81920 MiB, 0 %
2026/07/03 22:12:03.432, 5, 0 MiB, 81920 MiB, 0 %
2026/07/03 22:12:03.432, 6, 0 MiB, 81920 MiB, 0 %
2026/07/03 22:12:03.432, 7, 0 MiB, 81920 MiB, 0 %
2026/07/03 22:12:13.433, 0, 7733 MiB, 81920 MiB, 0 %
2026/07/03 22:12:13.433, 1, 0 MiB, 81920 MiB, 0 %
2026/07/03 22:12:13.434, 2, 0 MiB, 81920 MiB, 0 %
2026/07/03 22:12:13.434, 3, 0 MiB, 81920 MiB, 0 %
2026/07/03 22:12:13.434, 4, 0 MiB, 81920 MiB, 0 %
2026/07/03 22:12:13.435, 5, 0 MiB, 81920 MiB, 0 %
2026/07/03 22:12:13.435, 6, 0 MiB, 81920 MiB, 0 %
2026/07/03 22:12:13.435, 7, 0 MiB, 81920 MiB, 0 %
2026/07/03 22:12:23.436, 0, 7733 MiB, 81920 MiB, 0 %
2026/07/03 22:12:23.437, 1, 0 MiB, 81920 MiB, 0 %
2026/07/03 22:12:23.437, 2, 0 MiB, 81920 MiB, 0 %
2026/07/03 22:12:23.437, 3, 0 MiB, 81920 MiB, 0 %
2026/07/03 22:12:23.438, 4, 0 MiB, 81920 MiB, 0 %
2026/07/03 22:12:23.438, 5, 0 MiB, 81920 MiB, 0 %
2026/07/03 22:12:23.438, 6, 0 MiB, 81920 MiB, 0 %
2026/07/03 22:12:23.439, 7, 0 MiB, 81920 MiB, 0 %
2026/07/03 22:12:33.440, 0, 7733 MiB, 81920 MiB, 0 %
2026/07/03 22:12:33.440, 1, 0 MiB, 81920 MiB, 0 %
2026/07/03 22:12:33.441, 2, 0 MiB, 81920 MiB, 0 %
2026/07/03 22:12:33.441, 3, 0 MiB, 81920 MiB, 0 %
2026/07/03 22:12:33.441, 4, 0 MiB, 81920 MiB, 0 %
2026/07/03 22:12:33.442, 5, 0 MiB, 81920 MiB, 0 %
2026/07/03 22:12:33.442, 6, 0 MiB, 81920 MiB, 0 %
2026/07/03 22:12:33.442, 7, 0 MiB, 81920 MiB, 0 %
2026/07/03 22:12:43.444, 0, 7733 MiB, 81920 MiB, 0 %
2026/07/03 22:12:43.444, 1, 0 MiB, 81920 MiB, 0 %
2026/07/03 22:12:43.444, 2, 0 MiB, 81920 MiB, 0 %
2026/07/03 22:12:43.445, 3, 0 MiB, 81920 MiB, 0 %
2026/07/03 22:12:43.445, 4, 0 MiB, 81920 MiB, 0 %
2026/07/03 22:12:43.445, 5, 0 MiB, 81920 MiB, 0 %
2026/07/03 22:12:43.446, 6, 0 MiB, 81920 MiB, 0 %
2026/07/03 22:12:43.446, 7, 0 MiB, 81920 MiB, 0 %
2026/07/03 22:12:53.447, 0, 7733 MiB, 81920 MiB, 0 %
2026/07/03 22:12:53.447, 1, 0 MiB, 81920 MiB, 0 %
2026/07/03 22:12:53.448, 2, 0 MiB, 81920 MiB, 0 %
2026/07/03 22:12:53.448, 3, 0 MiB, 81920 MiB, 0 %
2026/07/03 22:12:53.448, 4, 0 MiB, 81920 MiB, 0 %
2026/07/03 22:12:53.449, 5, 0 MiB, 81920 MiB, 0 %
2026/07/03 22:12:53.449, 6, 0 MiB, 81920 MiB, 0 %
2026/07/03 22:12:53.449, 7, 0 MiB, 81920 MiB, 0 %
2026/07/03 22:13:03.450, 0, 7733 MiB, 81920 MiB, 0 %
2026/07/03 22:13:03.451, 1, 0 MiB, 81920 MiB, 0 %
2026/07/03 22:13:03.451, 2, 0 MiB, 81920 MiB, 0 %
2026/07/03 22:13:03.451, 3, 0 MiB, 81920 MiB, 0 %
2026/07/03 22:13:03.452, 4, 0 MiB, 81920 MiB, 0 %
2026/07/03 22:13:03.452, 5, 0 MiB, 81920 MiB, 0 %
2026/07/03 22:13:03.452, 6, 0 MiB, 81920 MiB, 0 %
2026/07/03 22:13:03.453, 7, 0 MiB, 81920 MiB, 0 %
2026/07/03 22:13:13.453, 0, 7733 MiB, 81920 MiB, 0 %
2026/07/03 22:13:13.454, 1, 0 MiB, 81920 MiB, 0 %
2026/07/03 22:13:13.454, 2, 0 MiB, 81920 MiB, 0 %
2026/07/03 22:13:13.454, 3, 0 MiB, 81920 MiB, 0 %
2026/07/03 22:13:13.455, 4, 0 MiB, 81920 MiB, 0 %
2026/07/03 22:13:13.455, 5, 0 MiB, 81920 MiB, 0 %
2026/07/03 22:13:13.455, 6, 0 MiB, 81920 MiB, 0 %
2026/07/03 22:13:13.455, 7, 0 MiB, 81920 MiB, 0 %
2026/07/03 22:13:23.457, 0, 7733 MiB, 81920 MiB, 58 %
2026/07/03 22:13:23.457, 1, 0 MiB, 81920 MiB, 0 %
2026/07/03 22:13:23.458, 2, 0 MiB, 81920 MiB, 0 %
2026/07/03 22:13:23.458, 3, 0 MiB, 81920 MiB, 0 %
2026/07/03 22:13:23.458, 4, 0 MiB, 81920 MiB, 0 %
2026/07/03 22:13:23.458, 5, 0 MiB, 81920 MiB, 0 %
2026/07/03 22:13:23.459, 6, 0 MiB, 81920 MiB, 0 %
2026/07/03 22:13:23.459, 7, 0 MiB, 81920 MiB, 0 %
2026/07/03 22:13:33.460, 0, 7733 MiB, 81920 MiB, 0 %
2026/07/03 22:13:33.461, 1, 0 MiB, 81920 MiB, 0 %
2026/07/03 22:13:33.461, 2, 0 MiB, 81920 MiB, 0 %
2026/07/03 22:13:33.461, 3, 0 MiB, 81920 MiB, 0 %
2026/07/03 22:13:33.462, 4, 0 MiB, 81920 MiB, 0 %
2026/07/03 22:13:33.462, 5, 0 MiB, 81920 MiB, 0 %
2026/07/03 22:13:33.462, 6, 0 MiB, 81920 MiB, 0 %
2026/07/03 22:13:33.463, 7, 0 MiB, 81920 MiB, 0 %
2026/07/03 22:13:43.464, 0, 7733 MiB, 81920 MiB, 0 %
2026/07/03 22:13:43.464, 1, 0 MiB, 81920 MiB, 0 %
2026/07/03 22:13:43.465, 2, 0 MiB, 81920 MiB, 0 %
2026/07/03 22:13:43.465, 3, 0 MiB, 81920 MiB, 0 %
2026/07/03 22:13:43.465, 4, 0 MiB, 81920 MiB, 0 %
2026/07/03 22:13:43.466, 5, 0 MiB, 81920 MiB, 0 %
2026/07/03 22:13:43.466, 6, 0 MiB, 81920 MiB, 0 %
2026/07/03 22:13:43.466, 7, 0 MiB, 81920 MiB, 0 %
2026/07/03 22:13:53.466, 0, 7733 MiB, 81920 MiB, 0 %
2026/07/03 22:13:53.467, 1, 0 MiB, 81920 MiB, 0 %
2026/07/03 22:13:53.467, 2, 0 MiB, 81920 MiB, 0 %
2026/07/03 22:13:53.468, 3, 0 MiB, 81920 MiB, 0 %
2026/07/03 22:13:53.468, 4, 0 MiB, 81920 MiB, 0 %
2026/07/03 22:13:53.468, 5, 0 MiB, 81920 MiB, 0 %
2026/07/03 22:13:53.469, 6, 0 MiB, 81920 MiB, 0 %
2026/07/03 22:13:53.469, 7, 0 MiB, 81920 MiB, 0 %
2026/07/03 22:14:03.470, 0, 7733 MiB, 81920 MiB, 0 %
2026/07/03 22:14:03.470, 1, 0 MiB, 81920 MiB, 0 %
2026/07/03 22:14:03.470, 2, 0 MiB, 81920 MiB, 0 %
2026/07/03 22:14:03.471, 3, 0 MiB, 81920 MiB, 0 %
2026/07/03 22:14:03.471, 4, 0 MiB, 81920 MiB, 0 %
2026/07/03 22:14:03.471, 5, 0 MiB, 81920 MiB, 0 %
2026/07/03 22:14:03.471, 6, 0 MiB, 81920 MiB, 0 %
2026/07/03 22:14:03.472, 7, 0 MiB, 81920 MiB, 0 %
2026/07/03 22:14:13.473, 0, 7733 MiB, 81920 MiB, 0 %
2026/07/03 22:14:13.473, 1, 0 MiB, 81920 MiB, 0 %
2026/07/03 22:14:13.474, 2, 0 MiB, 81920 MiB, 0 %
2026/07/03 22:14:13.474, 3, 0 MiB, 81920 MiB, 0 %
2026/07/03 22:14:13.474, 4, 0 MiB, 81920 MiB, 0 %
2026/07/03 22:14:13.475, 5, 0 MiB, 81920 MiB, 0 %
2026/07/03 22:14:13.475, 6, 0 MiB, 81920 MiB, 0 %
2026/07/03 22:14:13.475, 7, 0 MiB, 81920 MiB, 0 %
2026/07/03 22:14:23.476, 0, 7733 MiB, 81920 MiB, 0 %
2026/07/03 22:14:23.476, 1, 0 MiB, 81920 MiB, 0 %
2026/07/03 22:14:23.477, 2, 0 MiB, 81920 MiB, 0 %
2026/07/03 22:14:23.477, 3, 0 MiB, 81920 MiB, 0 %
2026/07/03 22:14:23.477, 4, 0 MiB, 81920 MiB, 0 %
2026/07/03 22:14:23.477, 5, 0 MiB, 81920 MiB, 0 %
2026/07/03 22:14:23.478, 6, 0 MiB, 81920 MiB, 0 %
2026/07/03 22:14:23.478, 7, 0 MiB, 81920 MiB, 0 %
2026/07/03 22:14:33.479, 0, 7733 MiB, 81920 MiB, 0 %
2026/07/03 22:14:33.480, 1, 0 MiB, 81920 MiB, 0 %
2026/07/03 22:14:33.480, 2, 0 MiB, 81920 MiB, 0 %
2026/07/03 22:14:33.480, 3, 0 MiB, 81920 MiB, 0 %
2026/07/03 22:14:33.481, 4, 0 MiB, 81920 MiB, 0 %
2026/07/03 22:14:33.481, 5, 0 MiB, 81920 MiB, 0 %
2026/07/03 22:14:33.481, 6, 0 MiB, 81920 MiB, 0 %
2026/07/03 22:14:33.481, 7, 0 MiB, 81920 MiB, 0 %
2026/07/03 22:14:43.483, 0, 7733 MiB, 81920 MiB, 0 %
2026/07/03 22:14:43.483, 1, 0 MiB, 81920 MiB, 0 %
2026/07/03 22:14:43.484, 2, 0 MiB, 81920 MiB, 0 %
2026/07/03 22:14:43.484, 3, 0 MiB, 81920 MiB, 0 %
2026/07/03 22:14:43.484, 4, 0 MiB, 81920 MiB, 0 %
2026/07/03 22:14:43.484, 5, 0 MiB, 81920 MiB, 0 %
2026/07/03 22:14:43.485, 6, 0 MiB, 81920 MiB, 0 %
2026/07/03 22:14:43.485, 7, 0 MiB, 81920 MiB, 0 %
2026/07/03 22:14:53.486, 0, 7733 MiB, 81920 MiB, 0 %
2026/07/03 22:14:53.486, 1, 0 MiB, 81920 MiB, 0 %
2026/07/03 22:14:53.487, 2, 0 MiB, 81920 MiB, 0 %
2026/07/03 22:14:53.487, 3, 0 MiB, 81920 MiB, 0 %
2026/07/03 22:14:53.487, 4, 0 MiB, 81920 MiB, 0 %
2026/07/03 22:14:53.488, 5, 0 MiB, 81920 MiB, 0 %
2026/07/03 22:14:53.488, 6, 0 MiB, 81920 MiB, 0 %
2026/07/03 22:14:53.488, 7, 0 MiB, 81920 MiB, 0 %
2026/07/03 22:15:03.489, 0, 7733 MiB, 81920 MiB, 0 %
2026/07/03 22:15:03.490, 1, 0 MiB, 81920 MiB, 0 %
2026/07/03 22:15:03.490, 2, 0 MiB, 81920 MiB, 0 %
2026/07/03 22:15:03.490, 3, 0 MiB, 81920 MiB, 0 %
2026/07/03 22:15:03.490, 4, 0 MiB, 81920 MiB, 0 %
2026/07/03 22:15:03.491, 5, 0 MiB, 81920 MiB, 0 %
2026/07/03 22:15:03.491, 6, 0 MiB, 81920 MiB, 0 %
2026/07/03 22:15:03.491, 7, 0 MiB, 81920 MiB, 0 %
2026/07/03 22:15:13.492, 0, 7733 MiB, 81920 MiB, 74 %
2026/07/03 22:15:13.493, 1, 0 MiB, 81920 MiB, 0 %
2026/07/03 22:15:13.493, 2, 0 MiB, 81920 MiB, 0 %
2026/07/03 22:15:13.493, 3, 0 MiB, 81920 MiB, 0 %
2026/07/03 22:15:13.493, 4, 0 MiB, 81920 MiB, 0 %
2026/07/03 22:15:13.494, 5, 0 MiB, 81920 MiB, 0 %
2026/07/03 22:15:13.494, 6, 0 MiB, 81920 MiB, 0 %
2026/07/03 22:15:13.494, 7, 0 MiB, 81920 MiB, 0 %
2026/07/03 22:15:23.496, 0, 7733 MiB, 81920 MiB, 0 %
2026/07/03 22:15:23.496, 1, 0 MiB, 81920 MiB, 0 %
2026/07/03 22:15:23.497, 2, 0 MiB, 81920 MiB, 0 %
2026/07/03 22:15:23.497, 3, 0 MiB, 81920 MiB, 0 %
2026/07/03 22:15:23.497, 4, 0 MiB, 81920 MiB, 0 %
2026/07/03 22:15:23.497, 5, 0 MiB, 81920 MiB, 0 %
2026/07/03 22:15:23.498, 6, 0 MiB, 81920 MiB, 0 %
2026/07/03 22:15:23.498, 7, 0 MiB, 81920 MiB, 0 %
2026/07/03 22:15:33.499, 0, 7733 MiB, 81920 MiB, 0 %
2026/07/03 22:15:33.499, 1, 0 MiB, 81920 MiB, 0 %
2026/07/03 22:15:33.499, 2, 0 MiB, 81920 MiB, 0 %
2026/07/03 22:15:33.500, 3, 0 MiB, 81920 MiB, 0 %
2026/07/03 22:15:33.500, 4, 0 MiB, 81920 MiB, 0 %
2026/07/03 22:15:33.500, 5, 0 MiB, 81920 MiB, 0 %
2026/07/03 22:15:33.501, 6, 0 MiB, 81920 MiB, 0 %
2026/07/03 22:15:33.501, 7, 0 MiB, 81920 MiB, 0 %
2026/07/03 22:15:43.502, 0, 7733 MiB, 81920 MiB, 0 %
2026/07/03 22:15:43.502, 1, 0 MiB, 81920 MiB, 0 %
2026/07/03 22:15:43.503, 2, 0 MiB, 81920 MiB, 0 %
2026/07/03 22:15:43.503, 3, 0 MiB, 81920 MiB, 0 %
2026/07/03 22:15:43.503, 4, 0 MiB, 81920 MiB, 0 %
2026/07/03 22:15:43.504, 5, 0 MiB, 81920 MiB, 0 %
2026/07/03 22:15:43.504, 6, 0 MiB, 81920 MiB, 0 %
2026/07/03 22:15:43.504, 7, 0 MiB, 81920 MiB, 0 %
2026/07/03 22:15:53.505, 0, 7733 MiB, 81920 MiB, 0 %
2026/07/03 22:15:53.505, 1, 0 MiB, 81920 MiB, 0 %
2026/07/03 22:15:53.506, 2, 0 MiB, 81920 MiB, 0 %
2026/07/03 22:15:53.506, 3, 0 MiB, 81920 MiB, 0 %
2026/07/03 22:15:53.506, 4, 0 MiB, 81920 MiB, 0 %
2026/07/03 22:15:53.507, 5, 0 MiB, 81920 MiB, 0 %
2026/07/03 22:15:53.507, 6, 0 MiB, 81920 MiB, 0 %
2026/07/03 22:15:53.507, 7, 0 MiB, 81920 MiB, 0 %
2026/07/03 22:16:03.508, 0, 7733 MiB, 81920 MiB, 0 %
2026/07/03 22:16:03.508, 1, 0 MiB, 81920 MiB, 0 %
2026/07/03 22:16:03.509, 2, 0 MiB, 81920 MiB, 0 %
2026/07/03 22:16:03.509, 3, 0 MiB, 81920 MiB, 0 %
2026/07/03 22:16:03.509, 4, 0 MiB, 81920 MiB, 0 %
2026/07/03 22:16:03.510, 5, 0 MiB, 81920 MiB, 0 %
2026/07/03 22:16:03.510, 6, 0 MiB, 81920 MiB, 0 %
2026/07/03 22:16:03.510, 7, 0 MiB, 81920 MiB, 0 %
2026/07/03 22:16:13.511, 0, 7733 MiB, 81920 MiB, 0 %
2026/07/03 22:16:13.511, 1, 0 MiB, 81920 MiB, 0 %
2026/07/03 22:16:13.512, 2, 0 MiB, 81920 MiB, 0 %
2026/07/03 22:16:13.512, 3, 0 MiB, 81920 MiB, 0 %
2026/07/03 22:16:13.512, 4, 0 MiB, 81920 MiB, 0 %
2026/07/03 22:16:13.513, 5, 0 MiB, 81920 MiB, 0 %
2026/07/03 22:16:13.513, 6, 0 MiB, 81920 MiB, 0 %
2026/07/03 22:16:13.513, 7, 0 MiB, 81920 MiB, 0 %
2026/07/03 22:16:23.514, 0, 7733 MiB, 81920 MiB, 0 %
2026/07/03 22:16:23.514, 1, 0 MiB, 81920 MiB, 0 %
2026/07/03 22:16:23.515, 2, 0 MiB, 81920 MiB, 0 %
2026/07/03 22:16:23.515, 3, 0 MiB, 81920 MiB, 0 %
2026/07/03 22:16:23.515, 4, 0 MiB, 81920 MiB, 0 %
2026/07/03 22:16:23.515, 5, 0 MiB, 81920 MiB, 0 %
2026/07/03 22:16:23.516, 6, 0 MiB, 81920 MiB, 0 %
2026/07/03 22:16:23.516, 7, 0 MiB, 81920 MiB, 0 %
2026/07/03 22:16:33.517, 0, 7733 MiB, 81920 MiB, 0 %
2026/07/03 22:16:33.517, 1, 0 MiB, 81920 MiB, 0 %
2026/07/03 22:16:33.517, 2, 0 MiB, 81920 MiB, 0 %
2026/07/03 22:16:33.518, 3, 0 MiB, 81920 MiB, 0 %
2026/07/03 22:16:33.518, 4, 0 MiB, 81920 MiB, 0 %
2026/07/03 22:16:33.518, 5, 0 MiB, 81920 MiB, 0 %
2026/07/03 22:16:33.519, 6, 0 MiB, 81920 MiB, 0 %
2026/07/03 22:16:33.519, 7, 0 MiB, 81920 MiB, 0 %
2026/07/03 22:16:43.520, 0, 7733 MiB, 81920 MiB, 0 %
2026/07/03 22:16:43.520, 1, 0 MiB, 81920 MiB, 0 %
2026/07/03 22:16:43.520, 2, 0 MiB, 81920 MiB, 0 %
2026/07/03 22:16:43.521, 3, 0 MiB, 81920 MiB, 0 %
2026/07/03 22:16:43.521, 4, 0 MiB, 81920 MiB, 0 %
2026/07/03 22:16:43.521, 5, 0 MiB, 81920 MiB, 0 %
2026/07/03 22:16:43.522, 6, 0 MiB, 81920 MiB, 0 %
2026/07/03 22:16:43.522, 7, 0 MiB, 81920 MiB, 0 %
2026/07/03 22:16:53.523, 0, 7733 MiB, 81920 MiB, 0 %
2026/07/03 22:16:53.523, 1, 0 MiB, 81920 MiB, 0 %
2026/07/03 22:16:53.524, 2, 0 MiB, 81920 MiB, 0 %
2026/07/03 22:16:53.524, 3, 0 MiB, 81920 MiB, 0 %
2026/07/03 22:16:53.524, 4, 0 MiB, 81920 MiB, 0 %
2026/07/03 22:16:53.524, 5, 0 MiB, 81920 MiB, 0 %
2026/07/03 22:16:53.525, 6, 0 MiB, 81920 MiB, 0 %
2026/07/03 22:16:53.525, 7, 0 MiB, 81920 MiB, 0 %
2026/07/03 22:17:03.526, 0, 7733 MiB, 81920 MiB, 0 %
2026/07/03 22:17:03.526, 1, 0 MiB, 81920 MiB, 0 %
2026/07/03 22:17:03.527, 2, 0 MiB, 81920 MiB, 0 %
2026/07/03 22:17:03.527, 3, 0 MiB, 81920 MiB, 0 %
2026/07/03 22:17:03.527, 4, 0 MiB, 81920 MiB, 0 %
2026/07/03 22:17:03.528, 5, 0 MiB, 81920 MiB, 0 %
2026/07/03 22:17:03.528, 6, 0 MiB, 81920 MiB, 0 %
2026/07/03 22:17:03.528, 7, 0 MiB, 81920 MiB, 0 %
2026/07/03 22:17:13.529, 0, 7733 MiB, 81920 MiB, 0 %
2026/07/03 22:17:13.529, 1, 0 MiB, 81920 MiB, 0 %
2026/07/03 22:17:13.530, 2, 0 MiB, 81920 MiB, 0 %
2026/07/03 22:17:13.530, 3, 0 MiB, 81920 MiB, 0 %
2026/07/03 22:17:13.530, 4, 0 MiB, 81920 MiB, 0 %
2026/07/03 22:17:13.531, 5, 0 MiB, 81920 MiB, 0 %
2026/07/03 22:17:13.531, 6, 0 MiB, 81920 MiB, 0 %
2026/07/03 22:17:13.531, 7, 0 MiB, 81920 MiB, 0 %
2026/07/03 22:17:23.532, 0, 7733 MiB, 81920 MiB, 0 %
2026/07/03 22:17:23.533, 1, 0 MiB, 81920 MiB, 0 %
2026/07/03 22:17:23.533, 2, 0 MiB, 81920 MiB, 0 %
2026/07/03 22:17:23.533, 3, 0 MiB, 81920 MiB, 0 %
2026/07/03 22:17:23.534, 4, 0 MiB, 81920 MiB, 0 %
2026/07/03 22:17:23.534, 5, 0 MiB, 81920 MiB, 0 %
2026/07/03 22:17:23.534, 6, 0 MiB, 81920 MiB, 0 %
2026/07/03 22:17:23.535, 7, 0 MiB, 81920 MiB, 0 %
2026/07/03 22:17:33.536, 0, 7733 MiB, 81920 MiB, 0 %
2026/07/03 22:17:33.536, 1, 0 MiB, 81920 MiB, 0 %
2026/07/03 22:17:33.537, 2, 0 MiB, 81920 MiB, 0 %
2026/07/03 22:17:33.537, 3, 0 MiB, 81920 MiB, 0 %
2026/07/03 22:17:33.537, 4, 0 MiB, 81920 MiB, 0 %
2026/07/03 22:17:33.538, 5, 0 MiB, 81920 MiB, 0 %
2026/07/03 22:17:33.538, 6, 0 MiB, 81920 MiB, 0 %
2026/07/03 22:17:33.538, 7, 0 MiB, 81920 MiB, 0 %
2026/07/03 22:17:43.539, 0, 7733 MiB, 81920 MiB, 0 %
2026/07/03 22:17:43.539, 1, 0 MiB, 81920 MiB, 0 %
2026/07/03 22:17:43.540, 2, 0 MiB, 81920 MiB, 0 %
2026/07/03 22:17:43.540, 3, 0 MiB, 81920 MiB, 0 %
2026/07/03 22:17:43.540, 4, 0 MiB, 81920 MiB, 0 %
2026/07/03 22:17:43.541, 5, 0 MiB, 81920 MiB, 0 %
2026/07/03 22:17:43.541, 6, 0 MiB, 81920 MiB, 0 %
2026/07/03 22:17:43.541, 7, 0 MiB, 81920 MiB, 0 %
2026/07/03 22:17:53.542, 0, 7733 MiB, 81920 MiB, 42 %
2026/07/03 22:17:53.542, 1, 0 MiB, 81920 MiB, 0 %
2026/07/03 22:17:53.543, 2, 0 MiB, 81920 MiB, 0 %
2026/07/03 22:17:53.543, 3, 0 MiB, 81920 MiB, 0 %
2026/07/03 22:17:53.544, 4, 0 MiB, 81920 MiB, 0 %
2026/07/03 22:17:53.544, 5, 0 MiB, 81920 MiB, 0 %
2026/07/03 22:17:53.544, 6, 0 MiB, 81920 MiB, 0 %
2026/07/03 22:17:53.545, 7, 0 MiB, 81920 MiB, 0 %
2026/07/03 22:18:03.546, 0, 7733 MiB, 81920 MiB, 0 %
2026/07/03 22:18:03.546, 1, 0 MiB, 81920 MiB, 0 %
2026/07/03 22:18:03.547, 2, 0 MiB, 81920 MiB, 0 %
2026/07/03 22:18:03.547, 3, 0 MiB, 81920 MiB, 0 %
2026/07/03 22:18:03.547, 4, 0 MiB, 81920 MiB, 0 %
2026/07/03 22:18:03.548, 5, 0 MiB, 81920 MiB, 0 %
2026/07/03 22:18:03.548, 6, 0 MiB, 81920 MiB, 0 %
2026/07/03 22:18:03.548, 7, 0 MiB, 81920 MiB, 0 %
2026/07/03 22:18:13.549, 0, 7733 MiB, 81920 MiB, 0 %
2026/07/03 22:18:13.550, 1, 0 MiB, 81920 MiB, 0 %
2026/07/03 22:18:13.550, 2, 0 MiB, 81920 MiB, 0 %
2026/07/03 22:18:13.551, 3, 0 MiB, 81920 MiB, 0 %
2026/07/03 22:18:13.551, 4, 0 MiB, 81920 MiB, 0 %
2026/07/03 22:18:13.551, 5, 0 MiB, 81920 MiB, 0 %
2026/07/03 22:18:13.552, 6, 0 MiB, 81920 MiB, 0 %
2026/07/03 22:18:13.552, 7, 0 MiB, 81920 MiB, 0 %
2026/07/03 22:18:23.553, 0, 7733 MiB, 81920 MiB, 0 %
2026/07/03 22:18:23.554, 1, 0 MiB, 81920 MiB, 0 %
2026/07/03 22:18:23.554, 2, 0 MiB, 81920 MiB, 0 %
2026/07/03 22:18:23.554, 3, 0 MiB, 81920 MiB, 0 %
2026/07/03 22:18:23.555, 4, 0 MiB, 81920 MiB, 0 %
2026/07/03 22:18:23.555, 5, 0 MiB, 81920 MiB, 0 %
2026/07/03 22:18:23.555, 6, 0 MiB, 81920 MiB, 0 %
2026/07/03 22:18:23.555, 7, 0 MiB, 81920 MiB, 0 %
2026/07/03 22:18:33.556, 0, 7733 MiB, 81920 MiB, 0 %
2026/07/03 22:18:33.557, 1, 0 MiB, 81920 MiB, 0 %
2026/07/03 22:18:33.557, 2, 0 MiB, 81920 MiB, 0 %
2026/07/03 22:18:33.557, 3, 0 MiB, 81920 MiB, 0 %
2026/07/03 22:18:33.558, 4, 0 MiB, 81920 MiB, 0 %
2026/07/03 22:18:33.558, 5, 0 MiB, 81920 MiB, 0 %
2026/07/03 22:18:33.558, 6, 0 MiB, 81920 MiB, 0 %
2026/07/03 22:18:33.559, 7, 0 MiB, 81920 MiB, 0 %
2026/07/03 22:18:43.559, 0, 7733 MiB, 81920 MiB, 0 %
2026/07/03 22:18:43.560, 1, 0 MiB, 81920 MiB, 0 %
2026/07/03 22:18:43.560, 2, 0 MiB, 81920 MiB, 0 %
2026/07/03 22:18:43.561, 3, 0 MiB, 81920 MiB, 0 %
2026/07/03 22:18:43.561, 4, 0 MiB, 81920 MiB, 0 %
2026/07/03 22:18:43.561, 5, 0 MiB, 81920 MiB, 0 %
2026/07/03 22:18:43.561, 6, 0 MiB, 81920 MiB, 0 %
2026/07/03 22:18:43.562, 7, 0 MiB, 81920 MiB, 0 %
2026/07/03 22:18:53.563, 0, 7733 MiB, 81920 MiB, 0 %
2026/07/03 22:18:53.563, 1, 0 MiB, 81920 MiB, 0 %
2026/07/03 22:18:53.564, 2, 0 MiB, 81920 MiB, 0 %
2026/07/03 22:18:53.564, 3, 0 MiB, 81920 MiB, 0 %
2026/07/03 22:18:53.564, 4, 0 MiB, 81920 MiB, 0 %
2026/07/03 22:18:53.564, 5, 0 MiB, 81920 MiB, 0 %
2026/07/03 22:18:53.565, 6, 0 MiB, 81920 MiB, 0 %
2026/07/03 22:18:53.565, 7, 0 MiB, 81920 MiB, 0 %
2026/07/03 22:19:03.566, 0, 7733 MiB, 81920 MiB, 0 %
2026/07/03 22:19:03.566, 1, 0 MiB, 81920 MiB, 0 %
2026/07/03 22:19:03.567, 2, 0 MiB, 81920 MiB, 0 %
2026/07/03 22:19:03.567, 3, 0 MiB, 81920 MiB, 0 %
2026/07/03 22:19:03.567, 4, 0 MiB, 81920 MiB, 0 %
2026/07/03 22:19:03.568, 5, 0 MiB, 81920 MiB, 0 %
2026/07/03 22:19:03.568, 6, 0 MiB, 81920 MiB, 0 %
2026/07/03 22:19:03.568, 7, 0 MiB, 81920 MiB, 0 %
2026/07/03 22:19:13.569, 0, 7733 MiB, 81920 MiB, 0 %
2026/07/03 22:19:13.570, 1, 0 MiB, 81920 MiB, 0 %
2026/07/03 22:19:13.570, 2, 0 MiB, 81920 MiB, 0 %
2026/07/03 22:19:13.571, 3, 0 MiB, 81920 MiB, 0 %
2026/07/03 22:19:13.571, 4, 0 MiB, 81920 MiB, 0 %
2026/07/03 22:19:13.571, 5, 0 MiB, 81920 MiB, 0 %
2026/07/03 22:19:13.571, 6, 0 MiB, 81920 MiB, 0 %
2026/07/03 22:19:13.572, 7, 0 MiB, 81920 MiB, 0 %
2026/07/03 22:19:23.573, 0, 7733 MiB, 81920 MiB, 0 %
2026/07/03 22:19:23.573, 1, 0 MiB, 81920 MiB, 0 %
2026/07/03 22:19:23.573, 2, 0 MiB, 81920 MiB, 0 %
2026/07/03 22:19:23.574, 3, 0 MiB, 81920 MiB, 0 %
2026/07/03 22:19:23.574, 4, 0 MiB, 81920 MiB, 0 %
2026/07/03 22:19:23.574, 5, 0 MiB, 81920 MiB, 0 %
2026/07/03 22:19:23.575, 6, 0 MiB, 81920 MiB, 0 %
2026/07/03 22:19:23.575, 7, 0 MiB, 81920 MiB, 0 %
2026/07/03 22:19:33.576, 0, 7733 MiB, 81920 MiB, 0 %
2026/07/03 22:19:33.576, 1, 0 MiB, 81920 MiB, 0 %
2026/07/03 22:19:33.576, 2, 0 MiB, 81920 MiB, 0 %
2026/07/03 22:19:33.577, 3, 0 MiB, 81920 MiB, 0 %
2026/07/03 22:19:33.577, 4, 0 MiB, 81920 MiB, 0 %
2026/07/03 22:19:33.577, 5, 0 MiB, 81920 MiB, 0 %
2026/07/03 22:19:33.578, 6, 0 MiB, 81920 MiB, 0 %
2026/07/03 22:19:33.578, 7, 0 MiB, 81920 MiB, 0 %
2026/07/03 22:19:43.579, 0, 7733 MiB, 81920 MiB, 0 %
2026/07/03 22:19:43.579, 1, 0 MiB, 81920 MiB, 0 %
2026/07/03 22:19:43.580, 2, 0 MiB, 81920 MiB, 0 %
2026/07/03 22:19:43.580, 3, 0 MiB, 81920 MiB, 0 %
2026/07/03 22:19:43.580, 4, 0 MiB, 81920 MiB, 0 %
2026/07/03 22:19:43.580, 5, 0 MiB, 81920 MiB, 0 %
2026/07/03 22:19:43.581, 6, 0 MiB, 81920 MiB, 0 %
2026/07/03 22:19:43.581, 7, 0 MiB, 81920 MiB, 0 %
2026/07/03 22:19:53.582, 0, 7733 MiB, 81920 MiB, 0 %
2026/07/03 22:19:53.583, 1, 0 MiB, 81920 MiB, 0 %
2026/07/03 22:19:53.583, 2, 0 MiB, 81920 MiB, 0 %
2026/07/03 22:19:53.583, 3, 0 MiB, 81920 MiB, 0 %
2026/07/03 22:19:53.584, 4, 0 MiB, 81920 MiB, 0 %
2026/07/03 22:19:53.584, 5, 0 MiB, 81920 MiB, 0 %
2026/07/03 22:19:53.584, 6, 0 MiB, 81920 MiB, 0 %
2026/07/03 22:19:53.585, 7, 0 MiB, 81920 MiB, 0 %
2026/07/03 22:20:03.586, 0, 7733 MiB, 81920 MiB, 0 %
2026/07/03 22:20:03.586, 1, 0 MiB, 81920 MiB, 0 %
2026/07/03 22:20:03.587, 2, 0 MiB, 81920 MiB, 0 %
2026/07/03 22:20:03.587, 3, 0 MiB, 81920 MiB, 0 %
2026/07/03 22:20:03.587, 4, 0 MiB, 81920 MiB, 0 %
2026/07/03 22:20:03.587, 5, 0 MiB, 81920 MiB, 0 %
2026/07/03 22:20:03.588, 6, 0 MiB, 81920 MiB, 0 %
2026/07/03 22:20:03.588, 7, 0 MiB, 81920 MiB, 0 %
2026/07/03 22:20:13.589, 0, 7733 MiB, 81920 MiB, 0 %
2026/07/03 22:20:13.589, 1, 0 MiB, 81920 MiB, 0 %
2026/07/03 22:20:13.590, 2, 0 MiB, 81920 MiB, 0 %
2026/07/03 22:20:13.590, 3, 0 MiB, 81920 MiB, 0 %
2026/07/03 22:20:13.590, 4, 0 MiB, 81920 MiB, 0 %
2026/07/03 22:20:13.590, 5, 0 MiB, 81920 MiB, 0 %
2026/07/03 22:20:13.591, 6, 0 MiB, 81920 MiB, 0 %
2026/07/03 22:20:13.591, 7, 0 MiB, 81920 MiB, 0 %
2026/07/03 22:20:23.592, 0, 7733 MiB, 81920 MiB, 0 %
2026/07/03 22:20:23.592, 1, 0 MiB, 81920 MiB, 0 %
2026/07/03 22:20:23.593, 2, 0 MiB, 81920 MiB, 0 %
2026/07/03 22:20:23.593, 3, 0 MiB, 81920 MiB, 0 %
2026/07/03 22:20:23.594, 4, 0 MiB, 81920 MiB, 0 %
2026/07/03 22:20:23.594, 5, 0 MiB, 81920 MiB, 0 %
2026/07/03 22:20:23.594, 6, 0 MiB, 81920 MiB, 0 %
2026/07/03 22:20:23.595, 7, 0 MiB, 81920 MiB, 0 %
2026/07/03 22:20:33.596, 0, 7733 MiB, 81920 MiB, 0 %
2026/07/03 22:20:33.596, 1, 0 MiB, 81920 MiB, 0 %
2026/07/03 22:20:33.597, 2, 0 MiB, 81920 MiB, 0 %
2026/07/03 22:20:33.597, 3, 0 MiB, 81920 MiB, 0 %
2026/07/03 22:20:33.597, 4, 0 MiB, 81920 MiB, 0 %
2026/07/03 22:20:33.598, 5, 0 MiB, 81920 MiB, 0 %
2026/07/03 22:20:33.598, 6, 0 MiB, 81920 MiB, 0 %
2026/07/03 22:20:33.599, 7, 0 MiB, 81920 MiB, 0 %
2026/07/03 22:20:43.599, 0, 7733 MiB, 81920 MiB, 0 %
2026/07/03 22:20:43.600, 1, 0 MiB, 81920 MiB, 0 %
2026/07/03 22:20:43.600, 2, 0 MiB, 81920 MiB, 0 %
2026/07/03 22:20:43.601, 3, 0 MiB, 81920 MiB, 0 %
2026/07/03 22:20:43.601, 4, 0 MiB, 81920 MiB, 0 %
2026/07/03 22:20:43.601, 5, 0 MiB, 81920 MiB, 0 %
2026/07/03 22:20:43.602, 6, 0 MiB, 81920 MiB, 0 %
2026/07/03 22:20:43.602, 7, 0 MiB, 81920 MiB, 0 %
2026/07/03 22:20:53.603, 0, 7733 MiB, 81920 MiB, 0 %
2026/07/03 22:20:53.603, 1, 0 MiB, 81920 MiB, 0 %
2026/07/03 22:20:53.604, 2, 0 MiB, 81920 MiB, 0 %
2026/07/03 22:20:53.604, 3, 0 MiB, 81920 MiB, 0 %
2026/07/03 22:20:53.605, 4, 0 MiB, 81920 MiB, 0 %
2026/07/03 22:20:53.605, 5, 0 MiB, 81920 MiB, 0 %
2026/07/03 22:20:53.605, 6, 0 MiB, 81920 MiB, 0 %
2026/07/03 22:20:53.606, 7, 0 MiB, 81920 MiB, 0 %
2026/07/03 22:21:03.606, 0, 7733 MiB, 81920 MiB, 55 %
2026/07/03 22:21:03.607, 1, 0 MiB, 81920 MiB, 0 %
2026/07/03 22:21:03.607, 2, 0 MiB, 81920 MiB, 0 %
2026/07/03 22:21:03.608, 3, 0 MiB, 81920 MiB, 0 %
2026/07/03 22:21:03.608, 4, 0 MiB, 81920 MiB, 0 %
2026/07/03 22:21:03.608, 5, 0 MiB, 81920 MiB, 0 %
2026/07/03 22:21:03.609, 6, 0 MiB, 81920 MiB, 0 %
2026/07/03 22:21:03.609, 7, 0 MiB, 81920 MiB, 0 %
2026/07/03 22:21:13.610, 0, 7733 MiB, 81920 MiB, 0 %
2026/07/03 22:21:13.610, 1, 0 MiB, 81920 MiB, 0 %
2026/07/03 22:21:13.611, 2, 0 MiB, 81920 MiB, 0 %
2026/07/03 22:21:13.611, 3, 0 MiB, 81920 MiB, 0 %
2026/07/03 22:21:13.611, 4, 0 MiB, 81920 MiB, 0 %
2026/07/03 22:21:13.612, 5, 0 MiB, 81920 MiB, 0 %
2026/07/03 22:21:13.612, 6, 0 MiB, 81920 MiB, 0 %
2026/07/03 22:21:13.613, 7, 0 MiB, 81920 MiB, 0 %
2026/07/03 22:21:23.613, 0, 7733 MiB, 81920 MiB, 0 %
2026/07/03 22:21:23.614, 1, 0 MiB, 81920 MiB, 0 %
2026/07/03 22:21:23.614, 2, 0 MiB, 81920 MiB, 0 %
2026/07/03 22:21:23.615, 3, 0 MiB, 81920 MiB, 0 %
2026/07/03 22:21:23.615, 4, 0 MiB, 81920 MiB, 0 %
2026/07/03 22:21:23.615, 5, 0 MiB, 81920 MiB, 0 %
2026/07/03 22:21:23.616, 6, 0 MiB, 81920 MiB, 0 %
2026/07/03 22:21:23.616, 7, 0 MiB, 81920 MiB, 0 %
2026/07/03 22:21:33.617, 0, 7733 MiB, 81920 MiB, 0 %
2026/07/03 22:21:33.618, 1, 0 MiB, 81920 MiB, 0 %
2026/07/03 22:21:33.618, 2, 0 MiB, 81920 MiB, 0 %
2026/07/03 22:21:33.619, 3, 0 MiB, 81920 MiB, 0 %
2026/07/03 22:21:33.619, 4, 0 MiB, 81920 MiB, 0 %
2026/07/03 22:21:33.619, 5, 0 MiB, 81920 MiB, 0 %
2026/07/03 22:21:33.620, 6, 0 MiB, 81920 MiB, 0 %
2026/07/03 22:21:33.620, 7, 0 MiB, 81920 MiB, 0 %
2026/07/03 22:21:43.621, 0, 7733 MiB, 81920 MiB, 0 %
2026/07/03 22:21:43.621, 1, 0 MiB, 81920 MiB, 0 %
2026/07/03 22:21:43.622, 2, 0 MiB, 81920 MiB, 0 %
2026/07/03 22:21:43.622, 3, 0 MiB, 81920 MiB, 0 %
2026/07/03 22:21:43.622, 4, 0 MiB, 81920 MiB, 0 %
2026/07/03 22:21:43.623, 5, 0 MiB, 81920 MiB, 0 %
2026/07/03 22:21:43.623, 6, 0 MiB, 81920 MiB, 0 %
2026/07/03 22:21:43.623, 7, 0 MiB, 81920 MiB, 0 %
2026/07/03 22:21:53.625, 0, 7733 MiB, 81920 MiB, 0 %
2026/07/03 22:21:53.625, 1, 0 MiB, 81920 MiB, 0 %
2026/07/03 22:21:53.625, 2, 0 MiB, 81920 MiB, 0 %
2026/07/03 22:21:53.626, 3, 0 MiB, 81920 MiB, 0 %
2026/07/03 22:21:53.626, 4, 0 MiB, 81920 MiB, 0 %
2026/07/03 22:21:53.627, 5, 0 MiB, 81920 MiB, 0 %
2026/07/03 22:21:53.627, 6, 0 MiB, 81920 MiB, 0 %
2026/07/03 22:21:53.627, 7, 0 MiB, 81920 MiB, 0 %
2026/07/03 22:22:03.628, 0, 7733 MiB, 81920 MiB, 0 %
2026/07/03 22:22:03.629, 1, 0 MiB, 81920 MiB, 0 %
2026/07/03 22:22:03.629, 2, 0 MiB, 81920 MiB, 0 %
2026/07/03 22:22:03.629, 3, 0 MiB, 81920 MiB, 0 %
2026/07/03 22:22:03.630, 4, 0 MiB, 81920 MiB, 0 %
2026/07/03 22:22:03.630, 5, 0 MiB, 81920 MiB, 0 %
2026/07/03 22:22:03.630, 6, 0 MiB, 81920 MiB, 0 %
2026/07/03 22:22:03.631, 7, 0 MiB, 81920 MiB, 0 %
2026/07/03 22:22:13.631, 0, 7733 MiB, 81920 MiB, 0 %
2026/07/03 22:22:13.632, 1, 0 MiB, 81920 MiB, 0 %
2026/07/03 22:22:13.632, 2, 0 MiB, 81920 MiB, 0 %
2026/07/03 22:22:13.633, 3, 0 MiB, 81920 MiB, 0 %
2026/07/03 22:22:13.633, 4, 0 MiB, 81920 MiB, 0 %
2026/07/03 22:22:13.633, 5, 0 MiB, 81920 MiB, 0 %
2026/07/03 22:22:13.633, 6, 0 MiB, 81920 MiB, 0 %
2026/07/03 22:22:13.634, 7, 0 MiB, 81920 MiB, 0 %
2026/07/03 22:22:23.634, 0, 7733 MiB, 81920 MiB, 0 %
2026/07/03 22:22:23.635, 1, 0 MiB, 81920 MiB, 0 %
2026/07/03 22:22:23.635, 2, 0 MiB, 81920 MiB, 0 %
2026/07/03 22:22:23.636, 3, 0 MiB, 81920 MiB, 0 %
2026/07/03 22:22:23.636, 4, 0 MiB, 81920 MiB, 0 %
2026/07/03 22:22:23.636, 5, 0 MiB, 81920 MiB, 0 %
2026/07/03 22:22:23.637, 6, 0 MiB, 81920 MiB, 0 %
2026/07/03 22:22:23.637, 7, 0 MiB, 81920 MiB, 0 %
2026/07/03 22:22:33.638, 0, 7733 MiB, 81920 MiB, 0 %
2026/07/03 22:22:33.638, 1, 0 MiB, 81920 MiB, 0 %
2026/07/03 22:22:33.639, 2, 0 MiB, 81920 MiB, 0 %
2026/07/03 22:22:33.639, 3, 0 MiB, 81920 MiB, 0 %
2026/07/03 22:22:33.639, 4, 0 MiB, 81920 MiB, 0 %
2026/07/03 22:22:33.640, 5, 0 MiB, 81920 MiB, 0 %
2026/07/03 22:22:33.640, 6, 0 MiB, 81920 MiB, 0 %
2026/07/03 22:22:33.640, 7, 0 MiB, 81920 MiB, 0 %
2026/07/03 22:22:43.641, 0, 7733 MiB, 81920 MiB, 0 %
2026/07/03 22:22:43.642, 1, 0 MiB, 81920 MiB, 0 %
2026/07/03 22:22:43.642, 2, 0 MiB, 81920 MiB, 0 %
2026/07/03 22:22:43.643, 3, 0 MiB, 81920 MiB, 0 %
2026/07/03 22:22:43.643, 4, 0 MiB, 81920 MiB, 0 %
2026/07/03 22:22:43.643, 5, 0 MiB, 81920 MiB, 0 %
2026/07/03 22:22:43.644, 6, 0 MiB, 81920 MiB, 0 %
2026/07/03 22:22:43.644, 7, 0 MiB, 81920 MiB, 0 %
2026/07/03 22:22:53.645, 0, 7733 MiB, 81920 MiB, 0 %
2026/07/03 22:22:53.645, 1, 0 MiB, 81920 MiB, 0 %
2026/07/03 22:22:53.646, 2, 0 MiB, 81920 MiB, 0 %
2026/07/03 22:22:53.646, 3, 0 MiB, 81920 MiB, 0 %
2026/07/03 22:22:53.646, 4, 0 MiB, 81920 MiB, 0 %
2026/07/03 22:22:53.646, 5, 0 MiB, 81920 MiB, 0 %
2026/07/03 22:22:53.647, 6, 0 MiB, 81920 MiB, 0 %
2026/07/03 22:22:53.647, 7, 0 MiB, 81920 MiB, 0 %
2026/07/03 22:23:03.648, 0, 7733 MiB, 81920 MiB, 0 %
2026/07/03 22:23:03.648, 1, 0 MiB, 81920 MiB, 0 %
2026/07/03 22:23:03.649, 2, 0 MiB, 81920 MiB, 0 %
2026/07/03 22:23:03.649, 3, 0 MiB, 81920 MiB, 0 %
2026/07/03 22:23:03.649, 4, 0 MiB, 81920 MiB, 0 %
2026/07/03 22:23:03.650, 5, 0 MiB, 81920 MiB, 0 %
2026/07/03 22:23:03.650, 6, 0 MiB, 81920 MiB, 0 %
2026/07/03 22:23:03.650, 7, 0 MiB, 81920 MiB, 0 %
2026/07/03 22:23:13.651, 0, 7733 MiB, 81920 MiB, 0 %
2026/07/03 22:23:13.652, 1, 0 MiB, 81920 MiB, 0 %
2026/07/03 22:23:13.652, 2, 0 MiB, 81920 MiB, 0 %
2026/07/03 22:23:13.652, 3, 0 MiB, 81920 MiB, 0 %
2026/07/03 22:23:13.652, 4, 0 MiB, 81920 MiB, 0 %
2026/07/03 22:23:13.653, 5, 0 MiB, 81920 MiB, 0 %
2026/07/03 22:23:13.653, 6, 0 MiB, 81920 MiB, 0 %
2026/07/03 22:23:13.653, 7, 0 MiB, 81920 MiB, 0 %
2026/07/03 22:23:23.654, 0, 7733 MiB, 81920 MiB, 0 %
2026/07/03 22:23:23.655, 1, 0 MiB, 81920 MiB, 0 %
2026/07/03 22:23:23.655, 2, 0 MiB, 81920 MiB, 0 %
2026/07/03 22:23:23.655, 3, 0 MiB, 81920 MiB, 0 %
2026/07/03 22:23:23.656, 4, 0 MiB, 81920 MiB, 0 %
2026/07/03 22:23:23.656, 5, 0 MiB, 81920 MiB, 0 %
2026/07/03 22:23:23.656, 6, 0 MiB, 81920 MiB, 0 %
2026/07/03 22:23:23.657, 7, 0 MiB, 81920 MiB, 0 %
2026/07/03 22:23:33.658, 0, 7733 MiB, 81920 MiB, 0 %
2026/07/03 22:23:33.658, 1, 0 MiB, 81920 MiB, 0 %
2026/07/03 22:23:33.659, 2, 0 MiB, 81920 MiB, 0 %
2026/07/03 22:23:33.659, 3, 0 MiB, 81920 MiB, 0 %
2026/07/03 22:23:33.659, 4, 0 MiB, 81920 MiB, 0 %
2026/07/03 22:23:33.659, 5, 0 MiB, 81920 MiB, 0 %
2026/07/03 22:23:33.660, 6, 0 MiB, 81920 MiB, 0 %
2026/07/03 22:23:33.660, 7, 0 MiB, 81920 MiB, 0 %
2026/07/03 22:23:43.661, 0, 7733 MiB, 81920 MiB, 0 %
2026/07/03 22:23:43.661, 1, 0 MiB, 81920 MiB, 0 %
2026/07/03 22:23:43.662, 2, 0 MiB, 81920 MiB, 0 %
2026/07/03 22:23:43.662, 3, 0 MiB, 81920 MiB, 0 %
2026/07/03 22:23:43.662, 4, 0 MiB, 81920 MiB, 0 %
2026/07/03 22:23:43.663, 5, 0 MiB, 81920 MiB, 0 %
2026/07/03 22:23:43.663, 6, 0 MiB, 81920 MiB, 0 %
2026/07/03 22:23:43.663, 7, 0 MiB, 81920 MiB, 0 %
2026/07/03 22:23:53.664, 0, 7733 MiB, 81920 MiB, 0 %
2026/07/03 22:23:53.664, 1, 0 MiB, 81920 MiB, 0 %
2026/07/03 22:23:53.665, 2, 0 MiB, 81920 MiB, 0 %
2026/07/03 22:23:53.665, 3, 0 MiB, 81920 MiB, 0 %
2026/07/03 22:23:53.666, 4, 0 MiB, 81920 MiB, 0 %
2026/07/03 22:23:53.666, 5, 0 MiB, 81920 MiB, 0 %
2026/07/03 22:23:53.666, 6, 0 MiB, 81920 MiB, 0 %
2026/07/03 22:23:53.667, 7, 0 MiB, 81920 MiB, 0 %
2026/07/03 22:24:03.667, 0, 7733 MiB, 81920 MiB, 0 %
2026/07/03 22:24:03.668, 1, 0 MiB, 81920 MiB, 0 %
2026/07/03 22:24:03.668, 2, 0 MiB, 81920 MiB, 0 %
2026/07/03 22:24:03.669, 3, 0 MiB, 81920 MiB, 0 %
2026/07/03 22:24:03.669, 4, 0 MiB, 81920 MiB, 0 %
2026/07/03 22:24:03.669, 5, 0 MiB, 81920 MiB, 0 %
2026/07/03 22:24:03.669, 6, 0 MiB, 81920 MiB, 0 %
2026/07/03 22:24:03.670, 7, 0 MiB, 81920 MiB, 0 %
2026/07/03 22:24:13.671, 0, 7733 MiB, 81920 MiB, 0 %
2026/07/03 22:24:13.671, 1, 0 MiB, 81920 MiB, 0 %
2026/07/03 22:24:13.671, 2, 0 MiB, 81920 MiB, 0 %
2026/07/03 22:24:13.672, 3, 0 MiB, 81920 MiB, 0 %
2026/07/03 22:24:13.672, 4, 0 MiB, 81920 MiB, 0 %
2026/07/03 22:24:13.672, 5, 0 MiB, 81920 MiB, 0 %
2026/07/03 22:24:13.673, 6, 0 MiB, 81920 MiB, 0 %
2026/07/03 22:24:13.673, 7, 0 MiB, 81920 MiB, 0 %
2026/07/03 22:24:23.674, 0, 7733 MiB, 81920 MiB, 0 %
2026/07/03 22:24:23.674, 1, 0 MiB, 81920 MiB, 0 %
2026/07/03 22:24:23.675, 2, 0 MiB, 81920 MiB, 0 %
2026/07/03 22:24:23.675, 3, 0 MiB, 81920 MiB, 0 %
2026/07/03 22:24:23.675, 4, 0 MiB, 81920 MiB, 0 %
2026/07/03 22:24:23.676, 5, 0 MiB, 81920 MiB, 0 %
2026/07/03 22:24:23.676, 6, 0 MiB, 81920 MiB, 0 %
2026/07/03 22:24:23.676, 7, 0 MiB, 81920 MiB, 0 %
2026/07/03 22:24:33.677, 0, 7733 MiB, 81920 MiB, 0 %
2026/07/03 22:24:33.678, 1, 0 MiB, 81920 MiB, 0 %
2026/07/03 22:24:33.678, 2, 0 MiB, 81920 MiB, 0 %
2026/07/03 22:24:33.678, 3, 0 MiB, 81920 MiB, 0 %
2026/07/03 22:24:33.679, 4, 0 MiB, 81920 MiB, 0 %
2026/07/03 22:24:33.679, 5, 0 MiB, 81920 MiB, 0 %
2026/07/03 22:24:33.679, 6, 0 MiB, 81920 MiB, 0 %
2026/07/03 22:24:33.680, 7, 0 MiB, 81920 MiB, 0 %
2026/07/03 22:24:43.680, 0, 7733 MiB, 81920 MiB, 0 %
2026/07/03 22:24:43.681, 1, 0 MiB, 81920 MiB, 0 %
2026/07/03 22:24:43.681, 2, 0 MiB, 81920 MiB, 0 %
2026/07/03 22:24:43.682, 3, 0 MiB, 81920 MiB, 0 %
2026/07/03 22:24:43.682, 4, 0 MiB, 81920 MiB, 0 %
2026/07/03 22:24:43.682, 5, 0 MiB, 81920 MiB, 0 %
2026/07/03 22:24:43.683, 6, 0 MiB, 81920 MiB, 0 %
2026/07/03 22:24:43.683, 7, 0 MiB, 81920 MiB, 0 %
2026/07/03 22:24:53.684, 0, 7733 MiB, 81920 MiB, 60 %
2026/07/03 22:24:53.684, 1, 0 MiB, 81920 MiB, 0 %
2026/07/03 22:24:53.685, 2, 0 MiB, 81920 MiB, 0 %
2026/07/03 22:24:53.685, 3, 0 MiB, 81920 MiB, 0 %
2026/07/03 22:24:53.685, 4, 0 MiB, 81920 MiB, 0 %
2026/07/03 22:24:53.685, 5, 0 MiB, 81920 MiB, 0 %
2026/07/03 22:24:53.686, 6, 0 MiB, 81920 MiB, 0 %
2026/07/03 22:24:53.686, 7, 0 MiB, 81920 MiB, 0 %
2026/07/03 22:25:03.687, 0, 7733 MiB, 81920 MiB, 0 %
2026/07/03 22:25:03.687, 1, 0 MiB, 81920 MiB, 0 %
2026/07/03 22:25:03.688, 2, 0 MiB, 81920 MiB, 0 %
2026/07/03 22:25:03.688, 3, 0 MiB, 81920 MiB, 0 %
2026/07/03 22:25:03.688, 4, 0 MiB, 81920 MiB, 0 %
2026/07/03 22:25:03.689, 5, 0 MiB, 81920 MiB, 0 %
2026/07/03 22:25:03.689, 6, 0 MiB, 81920 MiB, 0 %
2026/07/03 22:25:03.689, 7, 0 MiB, 81920 MiB, 0 %
2026/07/03 22:25:13.690, 0, 7733 MiB, 81920 MiB, 0 %
2026/07/03 22:25:13.691, 1, 0 MiB, 81920 MiB, 0 %
2026/07/03 22:25:13.691, 2, 0 MiB, 81920 MiB, 0 %
2026/07/03 22:25:13.691, 3, 0 MiB, 81920 MiB, 0 %
2026/07/03 22:25:13.692, 4, 0 MiB, 81920 MiB, 0 %
2026/07/03 22:25:13.692, 5, 0 MiB, 81920 MiB, 0 %
2026/07/03 22:25:13.692, 6, 0 MiB, 81920 MiB, 0 %
2026/07/03 22:25:13.692, 7, 0 MiB, 81920 MiB, 0 %
2026/07/03 22:25:23.694, 0, 7733 MiB, 81920 MiB, 0 %
2026/07/03 22:25:23.694, 1, 0 MiB, 81920 MiB, 0 %
2026/07/03 22:25:23.694, 2, 0 MiB, 81920 MiB, 0 %
2026/07/03 22:25:23.695, 3, 0 MiB, 81920 MiB, 0 %
2026/07/03 22:25:23.695, 4, 0 MiB, 81920 MiB, 0 %
2026/07/03 22:25:23.695, 5, 0 MiB, 81920 MiB, 0 %
2026/07/03 22:25:23.696, 6, 0 MiB, 81920 MiB, 0 %
2026/07/03 22:25:23.696, 7, 0 MiB, 81920 MiB, 0 %
2026/07/03 22:25:33.697, 0, 7733 MiB, 81920 MiB, 0 %
2026/07/03 22:25:33.698, 1, 0 MiB, 81920 MiB, 0 %
2026/07/03 22:25:33.698, 2, 0 MiB, 81920 MiB, 0 %
2026/07/03 22:25:33.698, 3, 0 MiB, 81920 MiB, 0 %
2026/07/03 22:25:33.698, 4, 0 MiB, 81920 MiB, 0 %
2026/07/03 22:25:33.699, 5, 0 MiB, 81920 MiB, 0 %
2026/07/03 22:25:33.699, 6, 0 MiB, 81920 MiB, 0 %
2026/07/03 22:25:33.699, 7, 0 MiB, 81920 MiB, 0 %
2026/07/03 22:25:43.700, 0, 7733 MiB, 81920 MiB, 0 %
2026/07/03 22:25:43.701, 1, 0 MiB, 81920 MiB, 0 %
2026/07/03 22:25:43.701, 2, 0 MiB, 81920 MiB, 0 %
2026/07/03 22:25:43.701, 3, 0 MiB, 81920 MiB, 0 %
2026/07/03 22:25:43.702, 4, 0 MiB, 81920 MiB, 0 %
2026/07/03 22:25:43.702, 5, 0 MiB, 81920 MiB, 0 %
2026/07/03 22:25:43.702, 6, 0 MiB, 81920 MiB, 0 %
2026/07/03 22:25:43.703, 7, 0 MiB, 81920 MiB, 0 %
2026/07/03 22:25:53.703, 0, 7733 MiB, 81920 MiB, 0 %
2026/07/03 22:25:53.704, 1, 0 MiB, 81920 MiB, 0 %
2026/07/03 22:25:53.704, 2, 0 MiB, 81920 MiB, 0 %
2026/07/03 22:25:53.704, 3, 0 MiB, 81920 MiB, 0 %
2026/07/03 22:25:53.705, 4, 0 MiB, 81920 MiB, 0 %
2026/07/03 22:25:53.705, 5, 0 MiB, 81920 MiB, 0 %
2026/07/03 22:25:53.705, 6, 0 MiB, 81920 MiB, 0 %
2026/07/03 22:25:53.706, 7, 0 MiB, 81920 MiB, 0 %
2026/07/03 22:26:03.706, 0, 7733 MiB, 81920 MiB, 0 %
2026/07/03 22:26:03.707, 1, 0 MiB, 81920 MiB, 0 %
2026/07/03 22:26:03.707, 2, 0 MiB, 81920 MiB, 0 %
2026/07/03 22:26:03.708, 3, 0 MiB, 81920 MiB, 0 %
2026/07/03 22:26:03.708, 4, 0 MiB, 81920 MiB, 0 %
2026/07/03 22:26:03.708, 5, 0 MiB, 81920 MiB, 0 %
2026/07/03 22:26:03.708, 6, 0 MiB, 81920 MiB, 0 %
2026/07/03 22:26:03.709, 7, 0 MiB, 81920 MiB, 0 %
2026/07/03 22:26:13.710, 0, 7733 MiB, 81920 MiB, 0 %
2026/07/03 22:26:13.710, 1, 0 MiB, 81920 MiB, 0 %
2026/07/03 22:26:13.710, 2, 0 MiB, 81920 MiB, 0 %
2026/07/03 22:26:13.711, 3, 0 MiB, 81920 MiB, 0 %
2026/07/03 22:26:13.711, 4, 0 MiB, 81920 MiB, 0 %
2026/07/03 22:26:13.711, 5, 0 MiB, 81920 MiB, 0 %
2026/07/03 22:26:13.712, 6, 0 MiB, 81920 MiB, 0 %
2026/07/03 22:26:13.712, 7, 0 MiB, 81920 MiB, 0 %
2026/07/03 22:26:23.713, 0, 7733 MiB, 81920 MiB, 0 %
2026/07/03 22:26:23.714, 1, 0 MiB, 81920 MiB, 0 %
2026/07/03 22:26:23.714, 2, 0 MiB, 81920 MiB, 0 %
2026/07/03 22:26:23.714, 3, 0 MiB, 81920 MiB, 0 %
2026/07/03 22:26:23.715, 4, 0 MiB, 81920 MiB, 0 %
2026/07/03 22:26:23.715, 5, 0 MiB, 81920 MiB, 0 %
2026/07/03 22:26:23.715, 6, 0 MiB, 81920 MiB, 0 %
2026/07/03 22:26:23.716, 7, 0 MiB, 81920 MiB, 0 %
2026/07/03 22:26:33.716, 0, 7733 MiB, 81920 MiB, 0 %
2026/07/03 22:26:33.717, 1, 0 MiB, 81920 MiB, 0 %
2026/07/03 22:26:33.717, 2, 0 MiB, 81920 MiB, 0 %
2026/07/03 22:26:33.717, 3, 0 MiB, 81920 MiB, 0 %
2026/07/03 22:26:33.718, 4, 0 MiB, 81920 MiB, 0 %
2026/07/03 22:26:33.718, 5, 0 MiB, 81920 MiB, 0 %
2026/07/03 22:26:33.718, 6, 0 MiB, 81920 MiB, 0 %
2026/07/03 22:26:33.719, 7, 0 MiB, 81920 MiB, 0 %
2026/07/03 22:26:43.719, 0, 7733 MiB, 81920 MiB, 0 %
2026/07/03 22:26:43.720, 1, 0 MiB, 81920 MiB, 0 %
2026/07/03 22:26:43.720, 2, 0 MiB, 81920 MiB, 0 %
2026/07/03 22:26:43.720, 3, 0 MiB, 81920 MiB, 0 %
2026/07/03 22:26:43.721, 4, 0 MiB, 81920 MiB, 0 %
2026/07/03 22:26:43.721, 5, 0 MiB, 81920 MiB, 0 %
2026/07/03 22:26:43.721, 6, 0 MiB, 81920 MiB, 0 %
2026/07/03 22:26:43.722, 7, 0 MiB, 81920 MiB, 0 %
2026/07/03 22:26:53.722, 0, 7733 MiB, 81920 MiB, 72 %
2026/07/03 22:26:53.723, 1, 0 MiB, 81920 MiB, 0 %
2026/07/03 22:26:53.723, 2, 0 MiB, 81920 MiB, 0 %
2026/07/03 22:26:53.723, 3, 0 MiB, 81920 MiB, 0 %
2026/07/03 22:26:53.724, 4, 0 MiB, 81920 MiB, 0 %
2026/07/03 22:26:53.724, 5, 0 MiB, 81920 MiB, 0 %
2026/07/03 22:26:53.724, 6, 0 MiB, 81920 MiB, 0 %
2026/07/03 22:26:53.725, 7, 0 MiB, 81920 MiB, 0 %
2026/07/03 22:27:03.726, 0, 7733 MiB, 81920 MiB, 61 %
2026/07/03 22:27:03.727, 1, 0 MiB, 81920 MiB, 0 %
2026/07/03 22:27:03.727, 2, 0 MiB, 81920 MiB, 0 %
2026/07/03 22:27:03.727, 3, 0 MiB, 81920 MiB, 0 %
2026/07/03 22:27:03.727, 4, 0 MiB, 81920 MiB, 0 %
2026/07/03 22:27:03.728, 5, 0 MiB, 81920 MiB, 0 %
2026/07/03 22:27:03.728, 6, 0 MiB, 81920 MiB, 0 %
2026/07/03 22:27:03.728, 7, 0 MiB, 81920 MiB, 0 %
2026/07/03 22:27:13.729, 0, 7733 MiB, 81920 MiB, 3 %
2026/07/03 22:27:13.729, 1, 0 MiB, 81920 MiB, 0 %
2026/07/03 22:27:13.730, 2, 0 MiB, 81920 MiB, 0 %
2026/07/03 22:27:13.730, 3, 0 MiB, 81920 MiB, 0 %
2026/07/03 22:27:13.730, 4, 0 MiB, 81920 MiB, 0 %
2026/07/03 22:27:13.731, 5, 0 MiB, 81920 MiB, 0 %
2026/07/03 22:27:13.731, 6, 0 MiB, 81920 MiB, 0 %
2026/07/03 22:27:13.731, 7, 0 MiB, 81920 MiB, 0 %
2026/07/03 22:27:23.732, 0, 7733 MiB, 81920 MiB, 0 %
2026/07/03 22:27:23.732, 1, 0 MiB, 81920 MiB, 0 %
2026/07/03 22:27:23.733, 2, 0 MiB, 81920 MiB, 0 %
2026/07/03 22:27:23.733, 3, 0 MiB, 81920 MiB, 0 %
2026/07/03 22:27:23.733, 4, 0 MiB, 81920 MiB, 0 %
2026/07/03 22:27:23.734, 5, 0 MiB, 81920 MiB, 0 %
2026/07/03 22:27:23.734, 6, 0 MiB, 81920 MiB, 0 %
2026/07/03 22:27:23.734, 7, 0 MiB, 81920 MiB, 0 %
2026/07/03 22:27:33.735, 0, 7733 MiB, 81920 MiB, 0 %
2026/07/03 22:27:33.735, 1, 0 MiB, 81920 MiB, 0 %
2026/07/03 22:27:33.735, 2, 0 MiB, 81920 MiB, 0 %
2026/07/03 22:27:33.736, 3, 0 MiB, 81920 MiB, 0 %
2026/07/03 22:27:33.736, 4, 0 MiB, 81920 MiB, 0 %
2026/07/03 22:27:33.736, 5, 0 MiB, 81920 MiB, 0 %
2026/07/03 22:27:33.737, 6, 0 MiB, 81920 MiB, 0 %
2026/07/03 22:27:33.737, 7, 0 MiB, 81920 MiB, 0 %
2026/07/03 22:27:43.738, 0, 7733 MiB, 81920 MiB, 0 %
2026/07/03 22:27:43.738, 1, 0 MiB, 81920 MiB, 0 %
2026/07/03 22:27:43.738, 2, 0 MiB, 81920 MiB, 0 %
2026/07/03 22:27:43.739, 3, 0 MiB, 81920 MiB, 0 %
2026/07/03 22:27:43.739, 4, 0 MiB, 81920 MiB, 0 %
2026/07/03 22:27:43.739, 5, 0 MiB, 81920 MiB, 0 %
2026/07/03 22:27:43.740, 6, 0 MiB, 81920 MiB, 0 %
2026/07/03 22:27:43.740, 7, 0 MiB, 81920 MiB, 0 %
2026/07/03 22:27:53.741, 0, 7733 MiB, 81920 MiB, 0 %
2026/07/03 22:27:53.741, 1, 0 MiB, 81920 MiB, 0 %
2026/07/03 22:27:53.741, 2, 0 MiB, 81920 MiB, 0 %
2026/07/03 22:27:53.742, 3, 0 MiB, 81920 MiB, 0 %
2026/07/03 22:27:53.742, 4, 0 MiB, 81920 MiB, 0 %
2026/07/03 22:27:53.742, 5, 0 MiB, 81920 MiB, 0 %
2026/07/03 22:27:53.743, 6, 0 MiB, 81920 MiB, 0 %
2026/07/03 22:27:53.743, 7, 0 MiB, 81920 MiB, 0 %
2026/07/03 22:28:03.744, 0, 7733 MiB, 81920 MiB, 0 %
2026/07/03 22:28:03.744, 1, 0 MiB, 81920 MiB, 0 %
2026/07/03 22:28:03.745, 2, 0 MiB, 81920 MiB, 0 %
2026/07/03 22:28:03.745, 3, 0 MiB, 81920 MiB, 0 %
2026/07/03 22:28:03.745, 4, 0 MiB, 81920 MiB, 0 %
2026/07/03 22:28:03.746, 5, 0 MiB, 81920 MiB, 0 %
2026/07/03 22:28:03.746, 6, 0 MiB, 81920 MiB, 0 %
2026/07/03 22:28:03.746, 7, 0 MiB, 81920 MiB, 0 %
2026/07/03 22:28:13.747, 0, 7733 MiB, 81920 MiB, 0 %
2026/07/03 22:28:13.747, 1, 0 MiB, 81920 MiB, 0 %
2026/07/03 22:28:13.747, 2, 0 MiB, 81920 MiB, 0 %
2026/07/03 22:28:13.748, 3, 0 MiB, 81920 MiB, 0 %
2026/07/03 22:28:13.748, 4, 0 MiB, 81920 MiB, 0 %
2026/07/03 22:28:13.748, 5, 0 MiB, 81920 MiB, 0 %
2026/07/03 22:28:13.749, 6, 0 MiB, 81920 MiB, 0 %
2026/07/03 22:28:13.749, 7, 0 MiB, 81920 MiB, 0 %
2026/07/03 22:28:23.750, 0, 7733 MiB, 81920 MiB, 0 %
2026/07/03 22:28:23.750, 1, 0 MiB, 81920 MiB, 0 %
2026/07/03 22:28:23.751, 2, 0 MiB, 81920 MiB, 0 %
2026/07/03 22:28:23.751, 3, 0 MiB, 81920 MiB, 0 %
2026/07/03 22:28:23.751, 4, 0 MiB, 81920 MiB, 0 %
2026/07/03 22:28:23.751, 5, 0 MiB, 81920 MiB, 0 %
2026/07/03 22:28:23.752, 6, 0 MiB, 81920 MiB, 0 %
2026/07/03 22:28:23.752, 7, 0 MiB, 81920 MiB, 0 %
2026/07/03 22:28:33.753, 0, 7733 MiB, 81920 MiB, 61 %
2026/07/03 22:28:33.753, 1, 0 MiB, 81920 MiB, 0 %
2026/07/03 22:28:33.754, 2, 0 MiB, 81920 MiB, 0 %
2026/07/03 22:28:33.754, 3, 0 MiB, 81920 MiB, 0 %
2026/07/03 22:28:33.754, 4, 0 MiB, 81920 MiB, 0 %
2026/07/03 22:28:33.755, 5, 0 MiB, 81920 MiB, 0 %
2026/07/03 22:28:33.755, 6, 0 MiB, 81920 MiB, 0 %
2026/07/03 22:28:33.755, 7, 0 MiB, 81920 MiB, 0 %
2026/07/03 22:28:43.756, 0, 7733 MiB, 81920 MiB, 0 %
2026/07/03 22:28:43.756, 1, 0 MiB, 81920 MiB, 0 %
2026/07/03 22:28:43.757, 2, 0 MiB, 81920 MiB, 0 %
2026/07/03 22:28:43.757, 3, 0 MiB, 81920 MiB, 0 %
2026/07/03 22:28:43.757, 4, 0 MiB, 81920 MiB, 0 %
2026/07/03 22:28:43.758, 5, 0 MiB, 81920 MiB, 0 %
2026/07/03 22:28:43.758, 6, 0 MiB, 81920 MiB, 0 %
2026/07/03 22:28:43.758, 7, 0 MiB, 81920 MiB, 0 %
2026/07/03 22:28:53.759, 0, 7733 MiB, 81920 MiB, 52 %
2026/07/03 22:28:53.759, 1, 0 MiB, 81920 MiB, 0 %
2026/07/03 22:28:53.759, 2, 0 MiB, 81920 MiB, 0 %
2026/07/03 22:28:53.760, 3, 0 MiB, 81920 MiB, 0 %
2026/07/03 22:28:53.760, 4, 0 MiB, 81920 MiB, 0 %
2026/07/03 22:28:53.760, 5, 0 MiB, 81920 MiB, 0 %
2026/07/03 22:28:53.761, 6, 0 MiB, 81920 MiB, 0 %
2026/07/03 22:28:53.761, 7, 0 MiB, 81920 MiB, 0 %
2026/07/03 22:29:03.762, 0, 7733 MiB, 81920 MiB, 61 %
2026/07/03 22:29:03.762, 1, 0 MiB, 81920 MiB, 0 %
2026/07/03 22:29:03.762, 2, 0 MiB, 81920 MiB, 0 %
2026/07/03 22:29:03.763, 3, 0 MiB, 81920 MiB, 0 %
2026/07/03 22:29:03.763, 4, 0 MiB, 81920 MiB, 0 %
2026/07/03 22:29:03.763, 5, 0 MiB, 81920 MiB, 0 %
2026/07/03 22:29:03.764, 6, 0 MiB, 81920 MiB, 0 %
2026/07/03 22:29:03.764, 7, 0 MiB, 81920 MiB, 0 %
2026/07/03 22:29:13.764, 0, 7733 MiB, 81920 MiB, 80 %
2026/07/03 22:29:13.765, 1, 0 MiB, 81920 MiB, 0 %
2026/07/03 22:29:13.765, 2, 0 MiB, 81920 MiB, 0 %
2026/07/03 22:29:13.765, 3, 0 MiB, 81920 MiB, 0 %
2026/07/03 22:29:13.766, 4, 0 MiB, 81920 MiB, 0 %
2026/07/03 22:29:13.766, 5, 0 MiB, 81920 MiB, 0 %
2026/07/03 22:29:13.766, 6, 0 MiB, 81920 MiB, 0 %
2026/07/03 22:29:13.767, 7, 0 MiB, 81920 MiB, 0 %
2026/07/03 22:29:23.767, 0, 7733 MiB, 81920 MiB, 0 %
2026/07/03 22:29:23.768, 1, 0 MiB, 81920 MiB, 0 %
2026/07/03 22:29:23.768, 2, 0 MiB, 81920 MiB, 0 %
2026/07/03 22:29:23.768, 3, 0 MiB, 81920 MiB, 0 %
2026/07/03 22:29:23.769, 4, 0 MiB, 81920 MiB, 0 %
2026/07/03 22:29:23.769, 5, 0 MiB, 81920 MiB, 0 %
2026/07/03 22:29:23.769, 6, 0 MiB, 81920 MiB, 0 %
2026/07/03 22:29:23.770, 7, 0 MiB, 81920 MiB, 0 %
2026/07/03 22:29:33.770, 0, 7733 MiB, 81920 MiB, 61 %
2026/07/03 22:29:33.771, 1, 0 MiB, 81920 MiB, 0 %
2026/07/03 22:29:33.771, 2, 0 MiB, 81920 MiB, 0 %
2026/07/03 22:29:33.771, 3, 0 MiB, 81920 MiB, 0 %
2026/07/03 22:29:33.772, 4, 0 MiB, 81920 MiB, 0 %
2026/07/03 22:29:33.772, 5, 0 MiB, 81920 MiB, 0 %
2026/07/03 22:29:33.772, 6, 0 MiB, 81920 MiB, 0 %
2026/07/03 22:29:33.773, 7, 0 MiB, 81920 MiB, 0 %
2026/07/03 22:29:43.773, 0, 7733 MiB, 81920 MiB, 61 %
2026/07/03 22:29:43.774, 1, 0 MiB, 81920 MiB, 0 %
2026/07/03 22:29:43.774, 2, 0 MiB, 81920 MiB, 0 %
2026/07/03 22:29:43.775, 3, 0 MiB, 81920 MiB, 0 %
2026/07/03 22:29:43.775, 4, 0 MiB, 81920 MiB, 0 %
2026/07/03 22:29:43.775, 5, 0 MiB, 81920 MiB, 0 %
2026/07/03 22:29:43.776, 6, 0 MiB, 81920 MiB, 0 %
2026/07/03 22:29:43.776, 7, 0 MiB, 81920 MiB, 0 %
2026/07/03 22:29:53.776, 0, 7733 MiB, 81920 MiB, 54 %
2026/07/03 22:29:53.777, 1, 0 MiB, 81920 MiB, 0 %
2026/07/03 22:29:53.777, 2, 0 MiB, 81920 MiB, 0 %
2026/07/03 22:29:53.778, 3, 0 MiB, 81920 MiB, 0 %
2026/07/03 22:29:53.778, 4, 0 MiB, 81920 MiB, 0 %
2026/07/03 22:29:53.778, 5, 0 MiB, 81920 MiB, 0 %
2026/07/03 22:29:53.778, 6, 0 MiB, 81920 MiB, 0 %
2026/07/03 22:29:53.779, 7, 0 MiB, 81920 MiB, 0 %
2026/07/03 22:30:03.780, 0, 7733 MiB, 81920 MiB, 61 %
2026/07/03 22:30:03.780, 1, 0 MiB, 81920 MiB, 0 %
2026/07/03 22:30:03.780, 2, 0 MiB, 81920 MiB, 0 %
2026/07/03 22:30:03.781, 3, 0 MiB, 81920 MiB, 0 %
2026/07/03 22:30:03.781, 4, 0 MiB, 81920 MiB, 0 %
2026/07/03 22:30:03.781, 5, 0 MiB, 81920 MiB, 0 %
2026/07/03 22:30:03.782, 6, 0 MiB, 81920 MiB, 0 %
2026/07/03 22:30:03.782, 7, 0 MiB, 81920 MiB, 0 %
2026/07/03 22:30:13.783, 0, 7733 MiB, 81920 MiB, 58 %
2026/07/03 22:30:13.783, 1, 0 MiB, 81920 MiB, 0 %
2026/07/03 22:30:13.783, 2, 0 MiB, 81920 MiB, 0 %
2026/07/03 22:30:13.784, 3, 0 MiB, 81920 MiB, 0 %
2026/07/03 22:30:13.784, 4, 0 MiB, 81920 MiB, 0 %
2026/07/03 22:30:13.784, 5, 0 MiB, 81920 MiB, 0 %
2026/07/03 22:30:13.785, 6, 0 MiB, 81920 MiB, 0 %
2026/07/03 22:30:13.785, 7, 0 MiB, 81920 MiB, 0 %
2026/07/03 22:30:23.785, 0, 7733 MiB, 81920 MiB, 51 %
2026/07/03 22:30:23.786, 1, 0 MiB, 81920 MiB, 0 %
2026/07/03 22:30:23.786, 2, 0 MiB, 81920 MiB, 0 %
2026/07/03 22:30:23.787, 3, 0 MiB, 81920 MiB, 0 %
2026/07/03 22:30:23.787, 4, 0 MiB, 81920 MiB, 0 %
2026/07/03 22:30:23.787, 5, 0 MiB, 81920 MiB, 0 %
2026/07/03 22:30:23.788, 6, 0 MiB, 81920 MiB, 0 %
2026/07/03 22:30:23.788, 7, 0 MiB, 81920 MiB, 0 %
2026/07/03 22:30:33.788, 0, 7733 MiB, 81920 MiB, 0 %
2026/07/03 22:30:33.789, 1, 0 MiB, 81920 MiB, 0 %
2026/07/03 22:30:33.789, 2, 0 MiB, 81920 MiB, 0 %
2026/07/03 22:30:33.790, 3, 0 MiB, 81920 MiB, 0 %
2026/07/03 22:30:33.790, 4, 0 MiB, 81920 MiB, 0 %
2026/07/03 22:30:33.790, 5, 0 MiB, 81920 MiB, 0 %
2026/07/03 22:30:33.790, 6, 0 MiB, 81920 MiB, 0 %
2026/07/03 22:30:33.791, 7, 0 MiB, 81920 MiB, 0 %
2026/07/03 22:30:43.791, 0, 7733 MiB, 81920 MiB, 50 %
2026/07/03 22:30:43.792, 1, 0 MiB, 81920 MiB, 0 %
2026/07/03 22:30:43.792, 2, 0 MiB, 81920 MiB, 0 %
2026/07/03 22:30:43.792, 3, 0 MiB, 81920 MiB, 0 %
2026/07/03 22:30:43.793, 4, 0 MiB, 81920 MiB, 0 %
2026/07/03 22:30:43.793, 5, 0 MiB, 81920 MiB, 0 %
2026/07/03 22:30:43.793, 6, 0 MiB, 81920 MiB, 0 %
2026/07/03 22:30:43.794, 7, 0 MiB, 81920 MiB, 0 %
2026/07/03 22:30:53.794, 0, 7733 MiB, 81920 MiB, 16 %
2026/07/03 22:30:53.795, 1, 0 MiB, 81920 MiB, 0 %
2026/07/03 22:30:53.795, 2, 0 MiB, 81920 MiB, 0 %
2026/07/03 22:30:53.795, 3, 0 MiB, 81920 MiB, 0 %
2026/07/03 22:30:53.796, 4, 0 MiB, 81920 MiB, 0 %
2026/07/03 22:30:53.796, 5, 0 MiB, 81920 MiB, 0 %
2026/07/03 22:30:53.796, 6, 0 MiB, 81920 MiB, 0 %
2026/07/03 22:30:53.796, 7, 0 MiB, 81920 MiB, 0 %
2026/07/03 22:31:03.797, 0, 7733 MiB, 81920 MiB, 56 %
2026/07/03 22:31:03.798, 1, 0 MiB, 81920 MiB, 0 %
2026/07/03 22:31:03.798, 2, 0 MiB, 81920 MiB, 0 %
2026/07/03 22:31:03.798, 3, 0 MiB, 81920 MiB, 0 %
2026/07/03 22:31:03.799, 4, 0 MiB, 81920 MiB, 0 %
2026/07/03 22:31:03.799, 5, 0 MiB, 81920 MiB, 0 %
2026/07/03 22:31:03.799, 6, 0 MiB, 81920 MiB, 0 %
2026/07/03 22:31:03.800, 7, 0 MiB, 81920 MiB, 0 %
2026/07/03 22:31:13.801, 0, 7733 MiB, 81920 MiB, 54 %
2026/07/03 22:31:13.801, 1, 0 MiB, 81920 MiB, 0 %
2026/07/03 22:31:13.802, 2, 0 MiB, 81920 MiB, 0 %
2026/07/03 22:31:13.802, 3, 0 MiB, 81920 MiB, 0 %
2026/07/03 22:31:13.802, 4, 0 MiB, 81920 MiB, 0 %
2026/07/03 22:31:13.803, 5, 0 MiB, 81920 MiB, 0 %
2026/07/03 22:31:13.803, 6, 0 MiB, 81920 MiB, 0 %
2026/07/03 22:31:13.803, 7, 0 MiB, 81920 MiB, 0 %
2026/07/03 22:31:23.804, 0, 7733 MiB, 81920 MiB, 55 %
2026/07/03 22:31:23.805, 1, 0 MiB, 81920 MiB, 0 %
2026/07/03 22:31:23.805, 2, 0 MiB, 81920 MiB, 0 %
2026/07/03 22:31:23.805, 3, 0 MiB, 81920 MiB, 0 %
2026/07/03 22:31:23.805, 4, 0 MiB, 81920 MiB, 0 %
2026/07/03 22:31:23.806, 5, 0 MiB, 81920 MiB, 0 %
2026/07/03 22:31:23.806, 6, 0 MiB, 81920 MiB, 0 %
2026/07/03 22:31:23.806, 7, 0 MiB, 81920 MiB, 0 %
2026/07/03 22:31:33.807, 0, 7733 MiB, 81920 MiB, 56 %
2026/07/03 22:31:33.808, 1, 0 MiB, 81920 MiB, 0 %
2026/07/03 22:31:33.808, 2, 0 MiB, 81920 MiB, 0 %
2026/07/03 22:31:33.808, 3, 0 MiB, 81920 MiB, 0 %
2026/07/03 22:31:33.808, 4, 0 MiB, 81920 MiB, 0 %
2026/07/03 22:31:33.809, 5, 0 MiB, 81920 MiB, 0 %
2026/07/03 22:31:33.809, 6, 0 MiB, 81920 MiB, 0 %
2026/07/03 22:31:33.809, 7, 0 MiB, 81920 MiB, 0 %
2026/07/03 22:31:43.810, 0, 7733 MiB, 81920 MiB, 49 %
2026/07/03 22:31:43.810, 1, 0 MiB, 81920 MiB, 0 %
2026/07/03 22:31:43.811, 2, 0 MiB, 81920 MiB, 0 %
2026/07/03 22:31:43.811, 3, 0 MiB, 81920 MiB, 0 %
2026/07/03 22:31:43.811, 4, 0 MiB, 81920 MiB, 0 %
2026/07/03 22:31:43.812, 5, 0 MiB, 81920 MiB, 0 %
2026/07/03 22:31:43.812, 6, 0 MiB, 81920 MiB, 0 %
2026/07/03 22:31:43.812, 7, 0 MiB, 81920 MiB, 0 %
2026/07/03 22:31:53.814, 0, 7733 MiB, 81920 MiB, 73 %
2026/07/03 22:31:53.814, 1, 0 MiB, 81920 MiB, 0 %
2026/07/03 22:31:53.815, 2, 0 MiB, 81920 MiB, 0 %
2026/07/03 22:31:53.815, 3, 0 MiB, 81920 MiB, 0 %
2026/07/03 22:31:53.815, 4, 0 MiB, 81920 MiB, 0 %
2026/07/03 22:31:53.815, 5, 0 MiB, 81920 MiB, 0 %
2026/07/03 22:31:53.816, 6, 0 MiB, 81920 MiB, 0 %
2026/07/03 22:31:53.816, 7, 0 MiB, 81920 MiB, 0 %
2026/07/03 22:32:03.817, 0, 7733 MiB, 81920 MiB, 39 %
2026/07/03 22:32:03.817, 1, 0 MiB, 81920 MiB, 0 %
2026/07/03 22:32:03.817, 2, 0 MiB, 81920 MiB, 0 %
2026/07/03 22:32:03.818, 3, 0 MiB, 81920 MiB, 0 %
2026/07/03 22:32:03.818, 4, 0 MiB, 81920 MiB, 0 %
2026/07/03 22:32:03.818, 5, 0 MiB, 81920 MiB, 0 %
2026/07/03 22:32:03.819, 6, 0 MiB, 81920 MiB, 0 %
2026/07/03 22:32:03.819, 7, 0 MiB, 81920 MiB, 0 %
2026/07/03 22:32:13.819, 0, 7733 MiB, 81920 MiB, 26 %
2026/07/03 22:32:13.820, 1, 0 MiB, 81920 MiB, 0 %
2026/07/03 22:32:13.820, 2, 0 MiB, 81920 MiB, 0 %
2026/07/03 22:32:13.821, 3, 0 MiB, 81920 MiB, 0 %
2026/07/03 22:32:13.821, 4, 0 MiB, 81920 MiB, 0 %
2026/07/03 22:32:13.821, 5, 0 MiB, 81920 MiB, 0 %
2026/07/03 22:32:13.821, 6, 0 MiB, 81920 MiB, 0 %
2026/07/03 22:32:13.822, 7, 0 MiB, 81920 MiB, 0 %
2026/07/03 22:32:23.822, 0, 7733 MiB, 81920 MiB, 62 %
2026/07/03 22:32:23.823, 1, 0 MiB, 81920 MiB, 0 %
2026/07/03 22:32:23.823, 2, 0 MiB, 81920 MiB, 0 %
2026/07/03 22:32:23.823, 3, 0 MiB, 81920 MiB, 0 %
2026/07/03 22:32:23.824, 4, 0 MiB, 81920 MiB, 0 %
2026/07/03 22:32:23.824, 5, 0 MiB, 81920 MiB, 0 %
2026/07/03 22:32:23.824, 6, 0 MiB, 81920 MiB, 0 %
2026/07/03 22:32:23.825, 7, 0 MiB, 81920 MiB, 0 %
2026/07/03 22:32:33.825, 0, 7733 MiB, 81920 MiB, 0 %
2026/07/03 22:32:33.826, 1, 0 MiB, 81920 MiB, 0 %
2026/07/03 22:32:33.826, 2, 0 MiB, 81920 MiB, 0 %
2026/07/03 22:32:33.827, 3, 0 MiB, 81920 MiB, 0 %
2026/07/03 22:32:33.827, 4, 0 MiB, 81920 MiB, 0 %
2026/07/03 22:32:33.828, 5, 0 MiB, 81920 MiB, 0 %
2026/07/03 22:32:33.828, 6, 0 MiB, 81920 MiB, 0 %
2026/07/03 22:32:33.828, 7, 0 MiB, 81920 MiB, 0 %
2026/07/03 22:32:43.829, 0, 7733 MiB, 81920 MiB, 56 %
2026/07/03 22:32:43.829, 1, 0 MiB, 81920 MiB, 0 %
2026/07/03 22:32:43.830, 2, 0 MiB, 81920 MiB, 0 %
2026/07/03 22:32:43.830, 3, 0 MiB, 81920 MiB, 0 %
2026/07/03 22:32:43.830, 4, 0 MiB, 81920 MiB, 0 %
2026/07/03 22:32:43.831, 5, 0 MiB, 81920 MiB, 0 %
2026/07/03 22:32:43.831, 6, 0 MiB, 81920 MiB, 0 %
2026/07/03 22:32:43.831, 7, 0 MiB, 81920 MiB, 0 %
2026/07/03 22:32:53.832, 0, 7733 MiB, 81920 MiB, 60 %
2026/07/03 22:32:53.832, 1, 0 MiB, 81920 MiB, 0 %
2026/07/03 22:32:53.832, 2, 0 MiB, 81920 MiB, 0 %
2026/07/03 22:32:53.833, 3, 0 MiB, 81920 MiB, 0 %
2026/07/03 22:32:53.833, 4, 0 MiB, 81920 MiB, 0 %
2026/07/03 22:32:53.833, 5, 0 MiB, 81920 MiB, 0 %
2026/07/03 22:32:53.834, 6, 0 MiB, 81920 MiB, 0 %
2026/07/03 22:32:53.834, 7, 0 MiB, 81920 MiB, 0 %
2026/07/03 22:33:03.835, 0, 7733 MiB, 81920 MiB, 58 %
2026/07/03 22:33:03.836, 1, 0 MiB, 81920 MiB, 0 %
2026/07/03 22:33:03.836, 2, 0 MiB, 81920 MiB, 0 %
2026/07/03 22:33:03.836, 3, 0 MiB, 81920 MiB, 0 %
2026/07/03 22:33:03.837, 4, 0 MiB, 81920 MiB, 0 %
2026/07/03 22:33:03.837, 5, 0 MiB, 81920 MiB, 0 %
2026/07/03 22:33:03.837, 6, 0 MiB, 81920 MiB, 0 %
2026/07/03 22:33:03.838, 7, 0 MiB, 81920 MiB, 0 %
2026/07/03 22:33:13.838, 0, 7733 MiB, 81920 MiB, 61 %
2026/07/03 22:33:13.839, 1, 0 MiB, 81920 MiB, 0 %
2026/07/03 22:33:13.839, 2, 0 MiB, 81920 MiB, 0 %
2026/07/03 22:33:13.839, 3, 0 MiB, 81920 MiB, 0 %
2026/07/03 22:33:13.840, 4, 0 MiB, 81920 MiB, 0 %
2026/07/03 22:33:13.840, 5, 0 MiB, 81920 MiB, 0 %
2026/07/03 22:33:13.840, 6, 0 MiB, 81920 MiB, 0 %
2026/07/03 22:33:13.841, 7, 0 MiB, 81920 MiB, 0 %
2026/07/03 22:33:23.842, 0, 7733 MiB, 81920 MiB, 60 %
2026/07/03 22:33:23.842, 1, 0 MiB, 81920 MiB, 0 %
2026/07/03 22:33:23.843, 2, 0 MiB, 81920 MiB, 0 %
2026/07/03 22:33:23.843, 3, 0 MiB, 81920 MiB, 0 %
2026/07/03 22:33:23.843, 4, 0 MiB, 81920 MiB, 0 %
2026/07/03 22:33:23.844, 5, 0 MiB, 81920 MiB, 0 %
2026/07/03 22:33:23.844, 6, 0 MiB, 81920 MiB, 0 %
2026/07/03 22:33:23.844, 7, 0 MiB, 81920 MiB, 0 %
2026/07/03 22:33:33.845, 0, 7733 MiB, 81920 MiB, 0 %
2026/07/03 22:33:33.845, 1, 0 MiB, 81920 MiB, 0 %
2026/07/03 22:33:33.846, 2, 0 MiB, 81920 MiB, 0 %
2026/07/03 22:33:33.846, 3, 0 MiB, 81920 MiB, 0 %
2026/07/03 22:33:33.846, 4, 0 MiB, 81920 MiB, 0 %
2026/07/03 22:33:33.847, 5, 0 MiB, 81920 MiB, 0 %
2026/07/03 22:33:33.847, 6, 0 MiB, 81920 MiB, 0 %
2026/07/03 22:33:33.847, 7, 0 MiB, 81920 MiB, 0 %
2026/07/03 22:33:43.849, 0, 7733 MiB, 81920 MiB, 57 %
2026/07/03 22:33:43.849, 1, 0 MiB, 81920 MiB, 0 %
2026/07/03 22:33:43.849, 2, 0 MiB, 81920 MiB, 0 %
2026/07/03 22:33:43.850, 3, 0 MiB, 81920 MiB, 0 %
2026/07/03 22:33:43.850, 4, 0 MiB, 81920 MiB, 0 %
2026/07/03 22:33:43.850, 5, 0 MiB, 81920 MiB, 0 %
2026/07/03 22:33:43.851, 6, 0 MiB, 81920 MiB, 0 %
2026/07/03 22:33:43.851, 7, 0 MiB, 81920 MiB, 0 %
2026/07/03 22:33:53.852, 0, 7733 MiB, 81920 MiB, 56 %
2026/07/03 22:33:53.852, 1, 0 MiB, 81920 MiB, 0 %
2026/07/03 22:33:53.852, 2, 0 MiB, 81920 MiB, 0 %
2026/07/03 22:33:53.853, 3, 0 MiB, 81920 MiB, 0 %
2026/07/03 22:33:53.853, 4, 0 MiB, 81920 MiB, 0 %
2026/07/03 22:33:53.853, 5, 0 MiB, 81920 MiB, 0 %
2026/07/03 22:33:53.854, 6, 0 MiB, 81920 MiB, 0 %
2026/07/03 22:33:53.854, 7, 0 MiB, 81920 MiB, 0 %
2026/07/03 22:34:03.854, 0, 7733 MiB, 81920 MiB, 61 %
2026/07/03 22:34:03.855, 1, 0 MiB, 81920 MiB, 0 %
2026/07/03 22:34:03.855, 2, 0 MiB, 81920 MiB, 0 %
2026/07/03 22:34:03.856, 3, 0 MiB, 81920 MiB, 0 %
2026/07/03 22:34:03.856, 4, 0 MiB, 81920 MiB, 0 %
2026/07/03 22:34:03.856, 5, 0 MiB, 81920 MiB, 0 %
2026/07/03 22:34:03.857, 6, 0 MiB, 81920 MiB, 0 %
2026/07/03 22:34:03.857, 7, 0 MiB, 81920 MiB, 0 %
2026/07/03 22:34:13.858, 0, 7733 MiB, 81920 MiB, 49 %
2026/07/03 22:34:13.859, 1, 0 MiB, 81920 MiB, 0 %
2026/07/03 22:34:13.859, 2, 0 MiB, 81920 MiB, 0 %
2026/07/03 22:34:13.859, 3, 0 MiB, 81920 MiB, 0 %
2026/07/03 22:34:13.860, 4, 0 MiB, 81920 MiB, 0 %
2026/07/03 22:34:13.860, 5, 0 MiB, 81920 MiB, 0 %
2026/07/03 22:34:13.860, 6, 0 MiB, 81920 MiB, 0 %
2026/07/03 22:34:13.861, 7, 0 MiB, 81920 MiB, 0 %
2026/07/03 22:34:23.862, 0, 7733 MiB, 81920 MiB, 56 %
2026/07/03 22:34:23.862, 1, 0 MiB, 81920 MiB, 0 %
2026/07/03 22:34:23.863, 2, 0 MiB, 81920 MiB, 0 %
2026/07/03 22:34:23.863, 3, 0 MiB, 81920 MiB, 0 %
2026/07/03 22:34:23.863, 4, 0 MiB, 81920 MiB, 0 %
2026/07/03 22:34:23.863, 5, 0 MiB, 81920 MiB, 0 %
2026/07/03 22:34:23.863, 6, 0 MiB, 81920 MiB, 0 %
2026/07/03 22:34:23.864, 7, 0 MiB, 81920 MiB, 0 %
2026/07/03 22:34:33.865, 0, 7733 MiB, 81920 MiB, 0 %
2026/07/03 22:34:33.866, 1, 0 MiB, 81920 MiB, 0 %
2026/07/03 22:34:33.866, 2, 0 MiB, 81920 MiB, 0 %
2026/07/03 22:34:33.866, 3, 0 MiB, 81920 MiB, 0 %
2026/07/03 22:34:33.866, 4, 0 MiB, 81920 MiB, 0 %
2026/07/03 22:34:33.867, 5, 0 MiB, 81920 MiB, 0 %
2026/07/03 22:34:33.867, 6, 0 MiB, 81920 MiB, 0 %
2026/07/03 22:34:33.867, 7, 0 MiB, 81920 MiB, 0 %
2026/07/03 22:34:43.868, 0, 7733 MiB, 81920 MiB, 56 %
2026/07/03 22:34:43.868, 1, 0 MiB, 81920 MiB, 0 %
2026/07/03 22:34:43.869, 2, 0 MiB, 81920 MiB, 0 %
2026/07/03 22:34:43.869, 3, 0 MiB, 81920 MiB, 0 %
2026/07/03 22:34:43.869, 4, 0 MiB, 81920 MiB, 0 %
2026/07/03 22:34:43.870, 5, 0 MiB, 81920 MiB, 0 %
2026/07/03 22:34:43.870, 6, 0 MiB, 81920 MiB, 0 %
2026/07/03 22:34:43.870, 7, 0 MiB, 81920 MiB, 0 %
2026/07/03 22:34:53.871, 0, 7733 MiB, 81920 MiB, 56 %
2026/07/03 22:34:53.871, 1, 0 MiB, 81920 MiB, 0 %
2026/07/03 22:34:53.872, 2, 0 MiB, 81920 MiB, 0 %
2026/07/03 22:34:53.872, 3, 0 MiB, 81920 MiB, 0 %
2026/07/03 22:34:53.872, 4, 0 MiB, 81920 MiB, 0 %
2026/07/03 22:34:53.872, 5, 0 MiB, 81920 MiB, 0 %
2026/07/03 22:34:53.873, 6, 0 MiB, 81920 MiB, 0 %
2026/07/03 22:34:53.873, 7, 0 MiB, 81920 MiB, 0 %
