timestamp, index, memory.used [MiB], memory.total [MiB], utilization.gpu [%]
2026/07/04 01:08:43.792, 0, 0 MiB, 81920 MiB, 0 %
2026/07/04 01:08:43.796, 1, 0 MiB, 81920 MiB, 0 %
2026/07/04 01:08:43.801, 2, 0 MiB, 81920 MiB, 0 %
2026/07/04 01:08:43.805, 3, 0 MiB, 81920 MiB, 0 %
2026/07/04 01:08:43.808, 4, 0 MiB, 81920 MiB, 0 %
2026/07/04 01:08:43.813, 5, 0 MiB, 81920 MiB, 0 %
2026/07/04 01:08:43.818, 6, 0 MiB, 81920 MiB, 0 %
2026/07/04 01:08:43.823, 7, 0 MiB, 81920 MiB, 0 %
2026/07/04 01:08:53.828, 0, 0 MiB, 81920 MiB, 0 %
2026/07/04 01:08:54.058, 1, 0 MiB, 81920 MiB, 0 %
2026/07/04 01:08:54.059, 2, 0 MiB, 81920 MiB, 0 %
2026/07/04 01:08:54.059, 3, 0 MiB, 81920 MiB, 0 %
2026/07/04 01:08:54.059, 4, 0 MiB, 81920 MiB, 0 %
2026/07/04 01:08:54.060, 5, 0 MiB, 81920 MiB, 0 %
2026/07/04 01:08:54.060, 6, 0 MiB, 81920 MiB, 0 %
2026/07/04 01:08:54.061, 7, 0 MiB, 81920 MiB, 0 %
2026/07/04 01:09:04.062, 0, 5947 MiB, 81920 MiB, 0 %
2026/07/04 01:09:04.062, 1, 0 MiB, 81920 MiB, 0 %
2026/07/04 01:09:04.062, 2, 0 MiB, 81920 MiB, 0 %
2026/07/04 01:09:04.063, 3, 0 MiB, 81920 MiB, 0 %
2026/07/04 01:09:04.063, 4, 0 MiB, 81920 MiB, 0 %
2026/07/04 01:09:04.063, 5, 0 MiB, 81920 MiB, 0 %
2026/07/04 01:09:04.063, 6, 0 MiB, 81920 MiB, 0 %
2026/07/04 01:09:04.064, 7, 0 MiB, 81920 MiB, 0 %
2026/07/04 01:09:14.064, 0, 5947 MiB, 81920 MiB, 53 %
2026/07/04 01:09:14.065, 1, 0 MiB, 81920 MiB, 0 %
2026/07/04 01:09:14.065, 2, 0 MiB, 81920 MiB, 0 %
2026/07/04 01:09:14.066, 3, 0 MiB, 81920 MiB, 0 %
2026/07/04 01:09:14.066, 4, 0 MiB, 81920 MiB, 0 %
2026/07/04 01:09:14.066, 5, 0 MiB, 81920 MiB, 0 %
2026/07/04 01:09:14.067, 6, 0 MiB, 81920 MiB, 0 %
2026/07/04 01:09:14.067, 7, 0 MiB, 81920 MiB, 0 %
2026/07/04 01:09:24.067, 0, 5947 MiB, 81920 MiB, 0 %
2026/07/04 01:09:24.068, 1, 0 MiB, 81920 MiB, 0 %
2026/07/04 01:09:24.068, 2, 0 MiB, 81920 MiB, 0 %
2026/07/04 01:09:24.068, 3, 0 MiB, 81920 MiB, 0 %
2026/07/04 01:09:24.069, 4, 0 MiB, 81920 MiB, 0 %
2026/07/04 01:09:24.069, 5, 0 MiB, 81920 MiB, 0 %
2026/07/04 01:09:24.069, 6, 0 MiB, 81920 MiB, 0 %
2026/07/04 01:09:24.070, 7, 0 MiB, 81920 MiB, 0 %
2026/07/04 01:09:34.070, 0, 5949 MiB, 81920 MiB, 0 %
2026/07/04 01:09:34.071, 1, 0 MiB, 81920 MiB, 0 %
2026/07/04 01:09:34.071, 2, 0 MiB, 81920 MiB, 0 %
2026/07/04 01:09:34.071, 3, 0 MiB, 81920 MiB, 0 %
2026/07/04 01:09:34.072, 4, 0 MiB, 81920 MiB, 0 %
2026/07/04 01:09:34.072, 5, 0 MiB, 81920 MiB, 0 %
2026/07/04 01:09:34.072, 6, 0 MiB, 81920 MiB, 0 %
2026/07/04 01:09:34.072, 7, 0 MiB, 81920 MiB, 0 %
2026/07/04 01:09:44.073, 0, 5949 MiB, 81920 MiB, 0 %
2026/07/04 01:09:44.074, 1, 0 MiB, 81920 MiB, 0 %
2026/07/04 01:09:44.074, 2, 0 MiB, 81920 MiB, 0 %
2026/07/04 01:09:44.074, 3, 0 MiB, 81920 MiB, 0 %
2026/07/04 01:09:44.075, 4, 0 MiB, 81920 MiB, 0 %
2026/07/04 01:09:44.075, 5, 0 MiB, 81920 MiB, 0 %
2026/07/04 01:09:44.075, 6, 0 MiB, 81920 MiB, 0 %
2026/07/04 01:09:44.075, 7, 0 MiB, 81920 MiB, 0 %
2026/07/04 01:09:54.076, 0, 5949 MiB, 81920 MiB, 0 %
2026/07/04 01:09:54.077, 1, 0 MiB, 81920 MiB, 0 %
2026/07/04 01:09:54.077, 2, 0 MiB, 81920 MiB, 0 %
2026/07/04 01:09:54.077, 3, 0 MiB, 81920 MiB, 0 %
2026/07/04 01:09:54.077, 4, 0 MiB, 81920 MiB, 0 %
2026/07/04 01:09:54.078, 5, 0 MiB, 81920 MiB, 0 %
2026/07/04 01:09:54.078, 6, 0 MiB, 81920 MiB, 0 %
2026/07/04 01:09:54.078, 7, 0 MiB, 81920 MiB, 0 %
2026/07/04 01:10:04.079, 0, 5949 MiB, 81920 MiB, 0 %
2026/07/04 01:10:04.079, 1, 0 MiB, 81920 MiB, 0 %
2026/07/04 01:10:04.080, 2, 0 MiB, 81920 MiB, 0 %
2026/07/04 01:10:04.080, 3, 0 MiB, 81920 MiB, 0 %
2026/07/04 01:10:04.080, 4, 0 MiB, 81920 MiB, 0 %
2026/07/04 01:10:04.080, 5, 0 MiB, 81920 MiB, 0 %
2026/07/04 01:10:04.081, 6, 0 MiB, 81920 MiB, 0 %
2026/07/04 01:10:04.081, 7, 0 MiB, 81920 MiB, 0 %
2026/07/04 01:10:14.082, 0, 5949 MiB, 81920 MiB, 0 %
2026/07/04 01:10:14.082, 1, 0 MiB, 81920 MiB, 0 %
2026/07/04 01:10:14.082, 2, 0 MiB, 81920 MiB, 0 %
2026/07/04 01:10:14.083, 3, 0 MiB, 81920 MiB, 0 %
2026/07/04 01:10:14.083, 4, 0 MiB, 81920 MiB, 0 %
2026/07/04 01:10:14.083, 5, 0 MiB, 81920 MiB, 0 %
2026/07/04 01:10:14.084, 6, 0 MiB, 81920 MiB, 0 %
2026/07/04 01:10:14.084, 7, 0 MiB, 81920 MiB, 0 %
2026/07/04 01:10:24.084, 0, 5949 MiB, 81920 MiB, 75 %
2026/07/04 01:10:24.085, 1, 0 MiB, 81920 MiB, 0 %
2026/07/04 01:10:24.085, 2, 0 MiB, 81920 MiB, 0 %
2026/07/04 01:10:24.085, 3, 0 MiB, 81920 MiB, 0 %
2026/07/04 01:10:24.086, 4, 0 MiB, 81920 MiB, 0 %
2026/07/04 01:10:24.086, 5, 0 MiB, 81920 MiB, 0 %
2026/07/04 01:10:24.086, 6, 0 MiB, 81920 MiB, 0 %
2026/07/04 01:10:24.087, 7, 0 MiB, 81920 MiB, 0 %
2026/07/04 01:10:34.087, 0, 5949 MiB, 81920 MiB, 0 %
2026/07/04 01:10:34.088, 1, 0 MiB, 81920 MiB, 0 %
2026/07/04 01:10:34.088, 2, 0 MiB, 81920 MiB, 0 %
2026/07/04 01:10:34.088, 3, 0 MiB, 81920 MiB, 0 %
2026/07/04 01:10:34.088, 4, 0 MiB, 81920 MiB, 0 %
2026/07/04 01:10:34.089, 5, 0 MiB, 81920 MiB, 0 %
2026/07/04 01:10:34.089, 6, 0 MiB, 81920 MiB, 0 %
2026/07/04 01:10:34.089, 7, 0 MiB, 81920 MiB, 0 %
2026/07/04 01:10:44.090, 0, 5949 MiB, 81920 MiB, 0 %
2026/07/04 01:10:44.090, 1, 0 MiB, 81920 MiB, 0 %
2026/07/04 01:10:44.091, 2, 0 MiB, 81920 MiB, 0 %
2026/07/04 01:10:44.091, 3, 0 MiB, 81920 MiB, 0 %
2026/07/04 01:10:44.091, 4, 0 MiB, 81920 MiB, 0 %
2026/07/04 01:10:44.092, 5, 0 MiB, 81920 MiB, 0 %
2026/07/04 01:10:44.092, 6, 0 MiB, 81920 MiB, 0 %
2026/07/04 01:10:44.092, 7, 0 MiB, 81920 MiB, 0 %
2026/07/04 01:10:54.093, 0, 5949 MiB, 81920 MiB, 0 %
2026/07/04 01:10:54.093, 1, 0 MiB, 81920 MiB, 0 %
2026/07/04 01:10:54.094, 2, 0 MiB, 81920 MiB, 0 %
2026/07/04 01:10:54.094, 3, 0 MiB, 81920 MiB, 0 %
2026/07/04 01:10:54.094, 4, 0 MiB, 81920 MiB, 0 %
2026/07/04 01:10:54.094, 5, 0 MiB, 81920 MiB, 0 %
2026/07/04 01:10:54.095, 6, 0 MiB, 81920 MiB, 0 %
2026/07/04 01:10:54.095, 7, 0 MiB, 81920 MiB, 0 %
2026/07/04 01:11:04.096, 0, 5949 MiB, 81920 MiB, 0 %
2026/07/04 01:11:04.096, 1, 0 MiB, 81920 MiB, 0 %
2026/07/04 01:11:04.096, 2, 0 MiB, 81920 MiB, 0 %
2026/07/04 01:11:04.097, 3, 0 MiB, 81920 MiB, 0 %
2026/07/04 01:11:04.097, 4, 0 MiB, 81920 MiB, 0 %
2026/07/04 01:11:04.097, 5, 0 MiB, 81920 MiB, 0 %
2026/07/04 01:11:04.097, 6, 0 MiB, 81920 MiB, 0 %
2026/07/04 01:11:04.097, 7, 0 MiB, 81920 MiB, 0 %
2026/07/04 01:11:14.098, 0, 5949 MiB, 81920 MiB, 0 %
2026/07/04 01:11:14.098, 1, 0 MiB, 81920 MiB, 0 %
2026/07/04 01:11:14.098, 2, 0 MiB, 81920 MiB, 0 %
2026/07/04 01:11:14.099, 3, 0 MiB, 81920 MiB, 0 %
2026/07/04 01:11:14.099, 4, 0 MiB, 81920 MiB, 0 %
2026/07/04 01:11:14.099, 5, 0 MiB, 81920 MiB, 0 %
2026/07/04 01:11:14.099, 6, 0 MiB, 81920 MiB, 0 %
2026/07/04 01:11:14.100, 7, 0 MiB, 81920 MiB, 0 %
2026/07/04 01:11:24.100, 0, 5949 MiB, 81920 MiB, 0 %
2026/07/04 01:11:24.101, 1, 0 MiB, 81920 MiB, 0 %
2026/07/04 01:11:24.101, 2, 0 MiB, 81920 MiB, 0 %
2026/07/04 01:11:24.101, 3, 0 MiB, 81920 MiB, 0 %
2026/07/04 01:11:24.102, 4, 0 MiB, 81920 MiB, 0 %
2026/07/04 01:11:24.102, 5, 0 MiB, 81920 MiB, 0 %
2026/07/04 01:11:24.102, 6, 0 MiB, 81920 MiB, 0 %
2026/07/04 01:11:24.103, 7, 0 MiB, 81920 MiB, 0 %
2026/07/04 01:11:34.103, 0, 5949 MiB, 81920 MiB, 0 %
2026/07/04 01:11:34.104, 1, 0 MiB, 81920 MiB, 0 %
2026/07/04 01:11:34.104, 2, 0 MiB, 81920 MiB, 0 %
2026/07/04 01:11:34.104, 3, 0 MiB, 81920 MiB, 0 %
2026/07/04 01:11:34.104, 4, 0 MiB, 81920 MiB, 0 %
2026/07/04 01:11:34.105, 5, 0 MiB, 81920 MiB, 0 %
2026/07/04 01:11:34.105, 6, 0 MiB, 81920 MiB, 0 %
2026/07/04 01:11:34.105, 7, 0 MiB, 81920 MiB, 0 %
2026/07/04 01:11:44.106, 0, 5949 MiB, 81920 MiB, 0 %
2026/07/04 01:11:44.106, 1, 0 MiB, 81920 MiB, 0 %
2026/07/04 01:11:44.107, 2, 0 MiB, 81920 MiB, 0 %
2026/07/04 01:11:44.107, 3, 0 MiB, 81920 MiB, 0 %
2026/07/04 01:11:44.107, 4, 0 MiB, 81920 MiB, 0 %
2026/07/04 01:11:44.107, 5, 0 MiB, 81920 MiB, 0 %
2026/07/04 01:11:44.108, 6, 0 MiB, 81920 MiB, 0 %
2026/07/04 01:11:44.108, 7, 0 MiB, 81920 MiB, 0 %
2026/07/04 01:11:54.108, 0, 5949 MiB, 81920 MiB, 0 %
2026/07/04 01:11:54.109, 1, 0 MiB, 81920 MiB, 0 %
2026/07/04 01:11:54.109, 2, 0 MiB, 81920 MiB, 0 %
2026/07/04 01:11:54.109, 3, 0 MiB, 81920 MiB, 0 %
2026/07/04 01:11:54.109, 4, 0 MiB, 81920 MiB, 0 %
2026/07/04 01:11:54.110, 5, 0 MiB, 81920 MiB, 0 %
2026/07/04 01:11:54.110, 6, 0 MiB, 81920 MiB, 0 %
2026/07/04 01:11:54.110, 7, 0 MiB, 81920 MiB, 0 %
2026/07/04 01:12:04.110, 0, 5949 MiB, 81920 MiB, 0 %
2026/07/04 01:12:04.111, 1, 0 MiB, 81920 MiB, 0 %
2026/07/04 01:12:04.111, 2, 0 MiB, 81920 MiB, 0 %
2026/07/04 01:12:04.111, 3, 0 MiB, 81920 MiB, 0 %
2026/07/04 01:12:04.112, 4, 0 MiB, 81920 MiB, 0 %
2026/07/04 01:12:04.112, 5, 0 MiB, 81920 MiB, 0 %
2026/07/04 01:12:04.112, 6, 0 MiB, 81920 MiB, 0 %
2026/07/04 01:12:04.112, 7, 0 MiB, 81920 MiB, 0 %
2026/07/04 01:12:14.113, 0, 5949 MiB, 81920 MiB, 0 %
2026/07/04 01:12:14.114, 1, 0 MiB, 81920 MiB, 0 %
2026/07/04 01:12:14.114, 2, 0 MiB, 81920 MiB, 0 %
2026/07/04 01:12:14.114, 3, 0 MiB, 81920 MiB, 0 %
2026/07/04 01:12:14.114, 4, 0 MiB, 81920 MiB, 0 %
2026/07/04 01:12:14.115, 5, 0 MiB, 81920 MiB, 0 %
2026/07/04 01:12:14.115, 6, 0 MiB, 81920 MiB, 0 %
2026/07/04 01:12:14.115, 7, 0 MiB, 81920 MiB, 0 %
2026/07/04 01:12:24.116, 0, 5949 MiB, 81920 MiB, 0 %
2026/07/04 01:12:24.116, 1, 0 MiB, 81920 MiB, 0 %
2026/07/04 01:12:24.116, 2, 0 MiB, 81920 MiB, 0 %
2026/07/04 01:12:24.117, 3, 0 MiB, 81920 MiB, 0 %
2026/07/04 01:12:24.117, 4, 0 MiB, 81920 MiB, 0 %
2026/07/04 01:12:24.117, 5, 0 MiB, 81920 MiB, 0 %
2026/07/04 01:12:24.118, 6, 0 MiB, 81920 MiB, 0 %
2026/07/04 01:12:24.118, 7, 0 MiB, 81920 MiB, 0 %
2026/07/04 01:12:34.118, 0, 5949 MiB, 81920 MiB, 0 %
2026/07/04 01:12:34.119, 1, 0 MiB, 81920 MiB, 0 %
2026/07/04 01:12:34.119, 2, 0 MiB, 81920 MiB, 0 %
2026/07/04 01:12:34.119, 3, 0 MiB, 81920 MiB, 0 %
2026/07/04 01:12:34.120, 4, 0 MiB, 81920 MiB, 0 %
2026/07/04 01:12:34.120, 5, 0 MiB, 81920 MiB, 0 %
2026/07/04 01:12:34.120, 6, 0 MiB, 81920 MiB, 0 %
2026/07/04 01:12:34.120, 7, 0 MiB, 81920 MiB, 0 %
2026/07/04 01:12:44.121, 0, 5949 MiB, 81920 MiB, 0 %
2026/07/04 01:12:44.121, 1, 0 MiB, 81920 MiB, 0 %
2026/07/04 01:12:44.122, 2, 0 MiB, 81920 MiB, 0 %
2026/07/04 01:12:44.122, 3, 0 MiB, 81920 MiB, 0 %
2026/07/04 01:12:44.122, 4, 0 MiB, 81920 MiB, 0 %
2026/07/04 01:12:44.122, 5, 0 MiB, 81920 MiB, 0 %
2026/07/04 01:12:44.123, 6, 0 MiB, 81920 MiB, 0 %
2026/07/04 01:12:44.123, 7, 0 MiB, 81920 MiB, 0 %
2026/07/04 01:12:54.123, 0, 5949 MiB, 81920 MiB, 0 %
2026/07/04 01:12:54.124, 1, 0 MiB, 81920 MiB, 0 %
2026/07/04 01:12:54.124, 2, 0 MiB, 81920 MiB, 0 %
2026/07/04 01:12:54.124, 3, 0 MiB, 81920 MiB, 0 %
2026/07/04 01:12:54.125, 4, 0 MiB, 81920 MiB, 0 %
2026/07/04 01:12:54.125, 5, 0 MiB, 81920 MiB, 0 %
2026/07/04 01:12:54.125, 6, 0 MiB, 81920 MiB, 0 %
2026/07/04 01:12:54.126, 7, 0 MiB, 81920 MiB, 0 %
2026/07/04 01:13:04.126, 0, 5949 MiB, 81920 MiB, 0 %
2026/07/04 01:13:04.127, 1, 0 MiB, 81920 MiB, 0 %
2026/07/04 01:13:04.127, 2, 0 MiB, 81920 MiB, 0 %
2026/07/04 01:13:04.127, 3, 0 MiB, 81920 MiB, 0 %
2026/07/04 01:13:04.127, 4, 0 MiB, 81920 MiB, 0 %
2026/07/04 01:13:04.128, 5, 0 MiB, 81920 MiB, 0 %
2026/07/04 01:13:04.128, 6, 0 MiB, 81920 MiB, 0 %
2026/07/04 01:13:04.128, 7, 0 MiB, 81920 MiB, 0 %
2026/07/04 01:13:14.129, 0, 5949 MiB, 81920 MiB, 54 %
2026/07/04 01:13:14.129, 1, 0 MiB, 81920 MiB, 0 %
2026/07/04 01:13:14.130, 2, 0 MiB, 81920 MiB, 0 %
2026/07/04 01:13:14.130, 3, 0 MiB, 81920 MiB, 0 %
2026/07/04 01:13:14.130, 4, 0 MiB, 81920 MiB, 0 %
2026/07/04 01:13:14.130, 5, 0 MiB, 81920 MiB, 0 %
2026/07/04 01:13:14.131, 6, 0 MiB, 81920 MiB, 0 %
2026/07/04 01:13:14.131, 7, 0 MiB, 81920 MiB, 0 %
2026/07/04 01:13:24.132, 0, 5949 MiB, 81920 MiB, 0 %
2026/07/04 01:13:24.132, 1, 0 MiB, 81920 MiB, 0 %
2026/07/04 01:13:24.132, 2, 0 MiB, 81920 MiB, 0 %
2026/07/04 01:13:24.133, 3, 0 MiB, 81920 MiB, 0 %
2026/07/04 01:13:24.133, 4, 0 MiB, 81920 MiB, 0 %
2026/07/04 01:13:24.133, 5, 0 MiB, 81920 MiB, 0 %
2026/07/04 01:13:24.133, 6, 0 MiB, 81920 MiB, 0 %
2026/07/04 01:13:24.134, 7, 0 MiB, 81920 MiB, 0 %
2026/07/04 01:13:34.135, 0, 5949 MiB, 81920 MiB, 0 %
2026/07/04 01:13:34.135, 1, 0 MiB, 81920 MiB, 0 %
2026/07/04 01:13:34.135, 2, 0 MiB, 81920 MiB, 0 %
2026/07/04 01:13:34.135, 3, 0 MiB, 81920 MiB, 0 %
2026/07/04 01:13:34.136, 4, 0 MiB, 81920 MiB, 0 %
2026/07/04 01:13:34.136, 5, 0 MiB, 81920 MiB, 0 %
2026/07/04 01:13:34.136, 6, 0 MiB, 81920 MiB, 0 %
2026/07/04 01:13:34.137, 7, 0 MiB, 81920 MiB, 0 %
2026/07/04 01:13:44.137, 0, 5949 MiB, 81920 MiB, 0 %
2026/07/04 01:13:44.138, 1, 0 MiB, 81920 MiB, 0 %
2026/07/04 01:13:44.138, 2, 0 MiB, 81920 MiB, 0 %
2026/07/04 01:13:44.138, 3, 0 MiB, 81920 MiB, 0 %
2026/07/04 01:13:44.139, 4, 0 MiB, 81920 MiB, 0 %
2026/07/04 01:13:44.139, 5, 0 MiB, 81920 MiB, 0 %
2026/07/04 01:13:44.139, 6, 0 MiB, 81920 MiB, 0 %
2026/07/04 01:13:44.139, 7, 0 MiB, 81920 MiB, 0 %
2026/07/04 01:13:54.140, 0, 5949 MiB, 81920 MiB, 0 %
2026/07/04 01:13:54.141, 1, 0 MiB, 81920 MiB, 0 %
2026/07/04 01:13:54.141, 2, 0 MiB, 81920 MiB, 0 %
2026/07/04 01:13:54.141, 3, 0 MiB, 81920 MiB, 0 %
2026/07/04 01:13:54.141, 4, 0 MiB, 81920 MiB, 0 %
2026/07/04 01:13:54.142, 5, 0 MiB, 81920 MiB, 0 %
2026/07/04 01:13:54.142, 6, 0 MiB, 81920 MiB, 0 %
2026/07/04 01:13:54.142, 7, 0 MiB, 81920 MiB, 0 %
2026/07/04 01:14:04.143, 0, 5949 MiB, 81920 MiB, 0 %
2026/07/04 01:14:04.143, 1, 0 MiB, 81920 MiB, 0 %
2026/07/04 01:14:04.143, 2, 0 MiB, 81920 MiB, 0 %
2026/07/04 01:14:04.144, 3, 0 MiB, 81920 MiB, 0 %
2026/07/04 01:14:04.144, 4, 0 MiB, 81920 MiB, 0 %
2026/07/04 01:14:04.144, 5, 0 MiB, 81920 MiB, 0 %
2026/07/04 01:14:04.144, 6, 0 MiB, 81920 MiB, 0 %
2026/07/04 01:14:04.144, 7, 0 MiB, 81920 MiB, 0 %
2026/07/04 01:14:14.145, 0, 5949 MiB, 81920 MiB, 0 %
2026/07/04 01:14:14.146, 1, 0 MiB, 81920 MiB, 0 %
2026/07/04 01:14:14.146, 2, 0 MiB, 81920 MiB, 0 %
2026/07/04 01:14:14.146, 3, 0 MiB, 81920 MiB, 0 %
2026/07/04 01:14:14.147, 4, 0 MiB, 81920 MiB, 0 %
2026/07/04 01:14:14.147, 5, 0 MiB, 81920 MiB, 0 %
2026/07/04 01:14:14.147, 6, 0 MiB, 81920 MiB, 0 %
2026/07/04 01:14:14.147, 7, 0 MiB, 81920 MiB, 0 %
2026/07/04 01:14:24.148, 0, 5949 MiB, 81920 MiB, 0 %
2026/07/04 01:14:24.148, 1, 0 MiB, 81920 MiB, 0 %
2026/07/04 01:14:24.149, 2, 0 MiB, 81920 MiB, 0 %
2026/07/04 01:14:24.149, 3, 0 MiB, 81920 MiB, 0 %
2026/07/04 01:14:24.149, 4, 0 MiB, 81920 MiB, 0 %
2026/07/04 01:14:24.149, 5, 0 MiB, 81920 MiB, 0 %
2026/07/04 01:14:24.149, 6, 0 MiB, 81920 MiB, 0 %
2026/07/04 01:14:24.150, 7, 0 MiB, 81920 MiB, 0 %
2026/07/04 01:14:34.150, 0, 5949 MiB, 81920 MiB, 0 %
2026/07/04 01:14:34.151, 1, 0 MiB, 81920 MiB, 0 %
2026/07/04 01:14:34.151, 2, 0 MiB, 81920 MiB, 0 %
2026/07/04 01:14:34.151, 3, 0 MiB, 81920 MiB, 0 %
2026/07/04 01:14:34.151, 4, 0 MiB, 81920 MiB, 0 %
2026/07/04 01:14:34.152, 5, 0 MiB, 81920 MiB, 0 %
2026/07/04 01:14:34.152, 6, 0 MiB, 81920 MiB, 0 %
2026/07/04 01:14:34.152, 7, 0 MiB, 81920 MiB, 0 %
2026/07/04 01:14:44.153, 0, 5949 MiB, 81920 MiB, 0 %
2026/07/04 01:14:44.153, 1, 0 MiB, 81920 MiB, 0 %
2026/07/04 01:14:44.153, 2, 0 MiB, 81920 MiB, 0 %
2026/07/04 01:14:44.154, 3, 0 MiB, 81920 MiB, 0 %
2026/07/04 01:14:44.154, 4, 0 MiB, 81920 MiB, 0 %
2026/07/04 01:14:44.154, 5, 0 MiB, 81920 MiB, 0 %
2026/07/04 01:14:44.155, 6, 0 MiB, 81920 MiB, 0 %
2026/07/04 01:14:44.155, 7, 0 MiB, 81920 MiB, 0 %
2026/07/04 01:14:54.155, 0, 5949 MiB, 81920 MiB, 0 %
2026/07/04 01:14:54.156, 1, 0 MiB, 81920 MiB, 0 %
2026/07/04 01:14:54.156, 2, 0 MiB, 81920 MiB, 0 %
2026/07/04 01:14:54.156, 3, 0 MiB, 81920 MiB, 0 %
2026/07/04 01:14:54.157, 4, 0 MiB, 81920 MiB, 0 %
2026/07/04 01:14:54.157, 5, 0 MiB, 81920 MiB, 0 %
2026/07/04 01:14:54.157, 6, 0 MiB, 81920 MiB, 0 %
2026/07/04 01:14:54.158, 7, 0 MiB, 81920 MiB, 0 %
2026/07/04 01:15:04.158, 0, 5949 MiB, 81920 MiB, 0 %
2026/07/04 01:15:04.159, 1, 0 MiB, 81920 MiB, 0 %
2026/07/04 01:15:04.159, 2, 0 MiB, 81920 MiB, 0 %
2026/07/04 01:15:04.159, 3, 0 MiB, 81920 MiB, 0 %
2026/07/04 01:15:04.159, 4, 0 MiB, 81920 MiB, 0 %
2026/07/04 01:15:04.160, 5, 0 MiB, 81920 MiB, 0 %
2026/07/04 01:15:04.160, 6, 0 MiB, 81920 MiB, 0 %
2026/07/04 01:15:04.160, 7, 0 MiB, 81920 MiB, 0 %
2026/07/04 01:15:14.161, 0, 5949 MiB, 81920 MiB, 0 %
2026/07/04 01:15:14.161, 1, 0 MiB, 81920 MiB, 0 %
2026/07/04 01:15:14.162, 2, 0 MiB, 81920 MiB, 0 %
2026/07/04 01:15:14.162, 3, 0 MiB, 81920 MiB, 0 %
2026/07/04 01:15:14.162, 4, 0 MiB, 81920 MiB, 0 %
2026/07/04 01:15:14.162, 5, 0 MiB, 81920 MiB, 0 %
2026/07/04 01:15:14.163, 6, 0 MiB, 81920 MiB, 0 %
2026/07/04 01:15:14.163, 7, 0 MiB, 81920 MiB, 0 %
2026/07/04 01:15:24.164, 0, 5949 MiB, 81920 MiB, 0 %
2026/07/04 01:15:24.165, 1, 0 MiB, 81920 MiB, 0 %
2026/07/04 01:15:24.165, 2, 0 MiB, 81920 MiB, 0 %
2026/07/04 01:15:24.165, 3, 0 MiB, 81920 MiB, 0 %
2026/07/04 01:15:24.165, 4, 0 MiB, 81920 MiB, 0 %
2026/07/04 01:15:24.165, 5, 0 MiB, 81920 MiB, 0 %
2026/07/04 01:15:24.166, 6, 0 MiB, 81920 MiB, 0 %
2026/07/04 01:15:24.166, 7, 0 MiB, 81920 MiB, 0 %
2026/07/04 01:15:34.167, 0, 5949 MiB, 81920 MiB, 0 %
2026/07/04 01:15:34.167, 1, 0 MiB, 81920 MiB, 0 %
2026/07/04 01:15:34.168, 2, 0 MiB, 81920 MiB, 0 %
2026/07/04 01:15:34.168, 3, 0 MiB, 81920 MiB, 0 %
2026/07/04 01:15:34.168, 4, 0 MiB, 81920 MiB, 0 %
2026/07/04 01:15:34.168, 5, 0 MiB, 81920 MiB, 0 %
2026/07/04 01:15:34.168, 6, 0 MiB, 81920 MiB, 0 %
2026/07/04 01:15:34.168, 7, 0 MiB, 81920 MiB, 0 %
2026/07/04 01:15:44.169, 0, 5949 MiB, 81920 MiB, 0 %
2026/07/04 01:15:44.170, 1, 0 MiB, 81920 MiB, 0 %
2026/07/04 01:15:44.170, 2, 0 MiB, 81920 MiB, 0 %
2026/07/04 01:15:44.170, 3, 0 MiB, 81920 MiB, 0 %
2026/07/04 01:15:44.171, 4, 0 MiB, 81920 MiB, 0 %
2026/07/04 01:15:44.171, 5, 0 MiB, 81920 MiB, 0 %
2026/07/04 01:15:44.171, 6, 0 MiB, 81920 MiB, 0 %
2026/07/04 01:15:44.172, 7, 0 MiB, 81920 MiB, 0 %
2026/07/04 01:15:54.173, 0, 5949 MiB, 81920 MiB, 0 %
2026/07/04 01:15:54.173, 1, 0 MiB, 81920 MiB, 0 %
2026/07/04 01:15:54.174, 2, 0 MiB, 81920 MiB, 0 %
2026/07/04 01:15:54.174, 3, 0 MiB, 81920 MiB, 0 %
2026/07/04 01:15:54.174, 4, 0 MiB, 81920 MiB, 0 %
2026/07/04 01:15:54.174, 5, 0 MiB, 81920 MiB, 0 %
2026/07/04 01:15:54.175, 6, 0 MiB, 81920 MiB, 0 %
2026/07/04 01:15:54.175, 7, 0 MiB, 81920 MiB, 0 %
2026/07/04 01:16:04.175, 0, 5949 MiB, 81920 MiB, 0 %
2026/07/04 01:16:04.176, 1, 0 MiB, 81920 MiB, 0 %
2026/07/04 01:16:04.176, 2, 0 MiB, 81920 MiB, 0 %
2026/07/04 01:16:04.176, 3, 0 MiB, 81920 MiB, 0 %
2026/07/04 01:16:04.177, 4, 0 MiB, 81920 MiB, 0 %
2026/07/04 01:16:04.177, 5, 0 MiB, 81920 MiB, 0 %
2026/07/04 01:16:04.177, 6, 0 MiB, 81920 MiB, 0 %
2026/07/04 01:16:04.178, 7, 0 MiB, 81920 MiB, 0 %
2026/07/04 01:16:14.179, 0, 5949 MiB, 81920 MiB, 0 %
2026/07/04 01:16:14.179, 1, 0 MiB, 81920 MiB, 0 %
2026/07/04 01:16:14.180, 2, 0 MiB, 81920 MiB, 0 %
2026/07/04 01:16:14.180, 3, 0 MiB, 81920 MiB, 0 %
2026/07/04 01:16:14.180, 4, 0 MiB, 81920 MiB, 0 %
2026/07/04 01:16:14.180, 5, 0 MiB, 81920 MiB, 0 %
2026/07/04 01:16:14.181, 6, 0 MiB, 81920 MiB, 0 %
2026/07/04 01:16:14.181, 7, 0 MiB, 81920 MiB, 0 %
2026/07/04 01:16:24.182, 0, 5949 MiB, 81920 MiB, 0 %
2026/07/04 01:16:24.182, 1, 0 MiB, 81920 MiB, 0 %
2026/07/04 01:16:24.182, 2, 0 MiB, 81920 MiB, 0 %
2026/07/04 01:16:24.182, 3, 0 MiB, 81920 MiB, 0 %
2026/07/04 01:16:24.183, 4, 0 MiB, 81920 MiB, 0 %
2026/07/04 01:16:24.183, 5, 0 MiB, 81920 MiB, 0 %
2026/07/04 01:16:24.183, 6, 0 MiB, 81920 MiB, 0 %
2026/07/04 01:16:24.184, 7, 0 MiB, 81920 MiB, 0 %
2026/07/04 01:16:34.185, 0, 5949 MiB, 81920 MiB, 0 %
2026/07/04 01:16:34.185, 1, 0 MiB, 81920 MiB, 0 %
2026/07/04 01:16:34.186, 2, 0 MiB, 81920 MiB, 0 %
2026/07/04 01:16:34.186, 3, 0 MiB, 81920 MiB, 0 %
2026/07/04 01:16:34.186, 4, 0 MiB, 81920 MiB, 0 %
2026/07/04 01:16:34.186, 5, 0 MiB, 81920 MiB, 0 %
2026/07/04 01:16:34.187, 6, 0 MiB, 81920 MiB, 0 %
2026/07/04 01:16:34.187, 7, 0 MiB, 81920 MiB, 0 %
2026/07/04 01:16:44.188, 0, 5949 MiB, 81920 MiB, 16 %
2026/07/04 01:16:44.189, 1, 0 MiB, 81920 MiB, 0 %
2026/07/04 01:16:44.189, 2, 0 MiB, 81920 MiB, 0 %
2026/07/04 01:16:44.189, 3, 0 MiB, 81920 MiB, 0 %
2026/07/04 01:16:44.189, 4, 0 MiB, 81920 MiB, 0 %
2026/07/04 01:16:44.190, 5, 0 MiB, 81920 MiB, 0 %
2026/07/04 01:16:44.190, 6, 0 MiB, 81920 MiB, 0 %
2026/07/04 01:16:44.190, 7, 0 MiB, 81920 MiB, 0 %
2026/07/04 01:16:54.192, 0, 5949 MiB, 81920 MiB, 0 %
2026/07/04 01:16:54.192, 1, 0 MiB, 81920 MiB, 0 %
2026/07/04 01:16:54.192, 2, 0 MiB, 81920 MiB, 0 %
2026/07/04 01:16:54.193, 3, 0 MiB, 81920 MiB, 0 %
2026/07/04 01:16:54.193, 4, 0 MiB, 81920 MiB, 0 %
2026/07/04 01:16:54.193, 5, 0 MiB, 81920 MiB, 0 %
2026/07/04 01:16:54.193, 6, 0 MiB, 81920 MiB, 0 %
2026/07/04 01:16:54.194, 7, 0 MiB, 81920 MiB, 0 %
2026/07/04 01:17:04.194, 0, 5949 MiB, 81920 MiB, 0 %
2026/07/04 01:17:04.195, 1, 0 MiB, 81920 MiB, 0 %
2026/07/04 01:17:04.195, 2, 0 MiB, 81920 MiB, 0 %
2026/07/04 01:17:04.195, 3, 0 MiB, 81920 MiB, 0 %
2026/07/04 01:17:04.195, 4, 0 MiB, 81920 MiB, 0 %
2026/07/04 01:17:04.196, 5, 0 MiB, 81920 MiB, 0 %
2026/07/04 01:17:04.196, 6, 0 MiB, 81920 MiB, 0 %
2026/07/04 01:17:04.196, 7, 0 MiB, 81920 MiB, 0 %
2026/07/04 01:17:14.197, 0, 5949 MiB, 81920 MiB, 52 %
2026/07/04 01:17:14.197, 1, 0 MiB, 81920 MiB, 0 %
2026/07/04 01:17:14.197, 2, 0 MiB, 81920 MiB, 0 %
2026/07/04 01:17:14.197, 3, 0 MiB, 81920 MiB, 0 %
2026/07/04 01:17:14.198, 4, 0 MiB, 81920 MiB, 0 %
2026/07/04 01:17:14.198, 5, 0 MiB, 81920 MiB, 0 %
2026/07/04 01:17:14.198, 6, 0 MiB, 81920 MiB, 0 %
2026/07/04 01:17:14.198, 7, 0 MiB, 81920 MiB, 0 %
2026/07/04 01:17:24.199, 0, 5949 MiB, 81920 MiB, 0 %
2026/07/04 01:17:24.199, 1, 0 MiB, 81920 MiB, 0 %
2026/07/04 01:17:24.199, 2, 0 MiB, 81920 MiB, 0 %
2026/07/04 01:17:24.199, 3, 0 MiB, 81920 MiB, 0 %
2026/07/04 01:17:24.199, 4, 0 MiB, 81920 MiB, 0 %
2026/07/04 01:17:24.199, 5, 0 MiB, 81920 MiB, 0 %
2026/07/04 01:17:24.199, 6, 0 MiB, 81920 MiB, 0 %
2026/07/04 01:17:24.200, 7, 0 MiB, 81920 MiB, 0 %
2026/07/04 01:17:34.200, 0, 5949 MiB, 81920 MiB, 0 %
2026/07/04 01:17:34.201, 1, 0 MiB, 81920 MiB, 0 %
2026/07/04 01:17:34.201, 2, 0 MiB, 81920 MiB, 0 %
2026/07/04 01:17:34.201, 3, 0 MiB, 81920 MiB, 0 %
2026/07/04 01:17:34.202, 4, 0 MiB, 81920 MiB, 0 %
2026/07/04 01:17:34.202, 5, 0 MiB, 81920 MiB, 0 %
2026/07/04 01:17:34.202, 6, 0 MiB, 81920 MiB, 0 %
2026/07/04 01:17:34.202, 7, 0 MiB, 81920 MiB, 0 %
2026/07/04 01:17:44.203, 0, 5949 MiB, 81920 MiB, 0 %
2026/07/04 01:17:44.203, 1, 0 MiB, 81920 MiB, 0 %
2026/07/04 01:17:44.204, 2, 0 MiB, 81920 MiB, 0 %
2026/07/04 01:17:44.204, 3, 0 MiB, 81920 MiB, 0 %
2026/07/04 01:17:44.204, 4, 0 MiB, 81920 MiB, 0 %
2026/07/04 01:17:44.205, 5, 0 MiB, 81920 MiB, 0 %
2026/07/04 01:17:44.205, 6, 0 MiB, 81920 MiB, 0 %
2026/07/04 01:17:44.205, 7, 0 MiB, 81920 MiB, 0 %
2026/07/04 01:17:54.206, 0, 5949 MiB, 81920 MiB, 0 %
2026/07/04 01:17:54.206, 1, 0 MiB, 81920 MiB, 0 %
2026/07/04 01:17:54.207, 2, 0 MiB, 81920 MiB, 0 %
2026/07/04 01:17:54.207, 3, 0 MiB, 81920 MiB, 0 %
2026/07/04 01:17:54.207, 4, 0 MiB, 81920 MiB, 0 %
2026/07/04 01:17:54.207, 5, 0 MiB, 81920 MiB, 0 %
2026/07/04 01:17:54.208, 6, 0 MiB, 81920 MiB, 0 %
2026/07/04 01:17:54.208, 7, 0 MiB, 81920 MiB, 0 %
2026/07/04 01:18:04.209, 0, 5949 MiB, 81920 MiB, 0 %
2026/07/04 01:18:04.209, 1, 0 MiB, 81920 MiB, 0 %
2026/07/04 01:18:04.209, 2, 0 MiB, 81920 MiB, 0 %
2026/07/04 01:18:04.210, 3, 0 MiB, 81920 MiB, 0 %
2026/07/04 01:18:04.210, 4, 0 MiB, 81920 MiB, 0 %
2026/07/04 01:18:04.210, 5, 0 MiB, 81920 MiB, 0 %
2026/07/04 01:18:04.211, 6, 0 MiB, 81920 MiB, 0 %
2026/07/04 01:18:04.211, 7, 0 MiB, 81920 MiB, 0 %
2026/07/04 01:18:14.212, 0, 5949 MiB, 81920 MiB, 0 %
2026/07/04 01:18:14.212, 1, 0 MiB, 81920 MiB, 0 %
2026/07/04 01:18:14.212, 2, 0 MiB, 81920 MiB, 0 %
2026/07/04 01:18:14.213, 3, 0 MiB, 81920 MiB, 0 %
2026/07/04 01:18:14.213, 4, 0 MiB, 81920 MiB, 0 %
2026/07/04 01:18:14.213, 5, 0 MiB, 81920 MiB, 0 %
2026/07/04 01:18:14.214, 6, 0 MiB, 81920 MiB, 0 %
2026/07/04 01:18:14.214, 7, 0 MiB, 81920 MiB, 0 %
2026/07/04 01:18:24.215, 0, 5949 MiB, 81920 MiB, 0 %
2026/07/04 01:18:24.215, 1, 0 MiB, 81920 MiB, 0 %
2026/07/04 01:18:24.215, 2, 0 MiB, 81920 MiB, 0 %
2026/07/04 01:18:24.216, 3, 0 MiB, 81920 MiB, 0 %
2026/07/04 01:18:24.216, 4, 0 MiB, 81920 MiB, 0 %
2026/07/04 01:18:24.216, 5, 0 MiB, 81920 MiB, 0 %
2026/07/04 01:18:24.216, 6, 0 MiB, 81920 MiB, 0 %
2026/07/04 01:18:24.217, 7, 0 MiB, 81920 MiB, 0 %
2026/07/04 01:18:34.217, 0, 5949 MiB, 81920 MiB, 0 %
2026/07/04 01:18:34.218, 1, 0 MiB, 81920 MiB, 0 %
2026/07/04 01:18:34.218, 2, 0 MiB, 81920 MiB, 0 %
2026/07/04 01:18:34.218, 3, 0 MiB, 81920 MiB, 0 %
2026/07/04 01:18:34.219, 4, 0 MiB, 81920 MiB, 0 %
2026/07/04 01:18:34.219, 5, 0 MiB, 81920 MiB, 0 %
2026/07/04 01:18:34.219, 6, 0 MiB, 81920 MiB, 0 %
2026/07/04 01:18:34.219, 7, 0 MiB, 81920 MiB, 0 %
2026/07/04 01:18:44.220, 0, 5949 MiB, 81920 MiB, 0 %
2026/07/04 01:18:44.220, 1, 0 MiB, 81920 MiB, 0 %
2026/07/04 01:18:44.221, 2, 0 MiB, 81920 MiB, 0 %
2026/07/04 01:18:44.221, 3, 0 MiB, 81920 MiB, 0 %
2026/07/04 01:18:44.221, 4, 0 MiB, 81920 MiB, 0 %
2026/07/04 01:18:44.222, 5, 0 MiB, 81920 MiB, 0 %
2026/07/04 01:18:44.222, 6, 0 MiB, 81920 MiB, 0 %
2026/07/04 01:18:44.222, 7, 0 MiB, 81920 MiB, 0 %
2026/07/04 01:18:54.223, 0, 5949 MiB, 81920 MiB, 54 %
2026/07/04 01:18:54.223, 1, 0 MiB, 81920 MiB, 0 %
2026/07/04 01:18:54.224, 2, 0 MiB, 81920 MiB, 0 %
2026/07/04 01:18:54.224, 3, 0 MiB, 81920 MiB, 0 %
2026/07/04 01:18:54.224, 4, 0 MiB, 81920 MiB, 0 %
2026/07/04 01:18:54.224, 5, 0 MiB, 81920 MiB, 0 %
2026/07/04 01:18:54.225, 6, 0 MiB, 81920 MiB, 0 %
2026/07/04 01:18:54.225, 7, 0 MiB, 81920 MiB, 0 %
2026/07/04 01:19:04.226, 0, 5949 MiB, 81920 MiB, 51 %
2026/07/04 01:19:04.226, 1, 0 MiB, 81920 MiB, 0 %
2026/07/04 01:19:04.226, 2, 0 MiB, 81920 MiB, 0 %
2026/07/04 01:19:04.227, 3, 0 MiB, 81920 MiB, 0 %
2026/07/04 01:19:04.227, 4, 0 MiB, 81920 MiB, 0 %
2026/07/04 01:19:04.227, 5, 0 MiB, 81920 MiB, 0 %
2026/07/04 01:19:04.227, 6, 0 MiB, 81920 MiB, 0 %
2026/07/04 01:19:04.228, 7, 0 MiB, 81920 MiB, 0 %
2026/07/04 01:19:14.228, 0, 5949 MiB, 81920 MiB, 47 %
2026/07/04 01:19:14.229, 1, 0 MiB, 81920 MiB, 0 %
2026/07/04 01:19:14.229, 2, 0 MiB, 81920 MiB, 0 %
2026/07/04 01:19:14.229, 3, 0 MiB, 81920 MiB, 0 %
2026/07/04 01:19:14.230, 4, 0 MiB, 81920 MiB, 0 %
2026/07/04 01:19:14.230, 5, 0 MiB, 81920 MiB, 0 %
2026/07/04 01:19:14.230, 6, 0 MiB, 81920 MiB, 0 %
2026/07/04 01:19:14.230, 7, 0 MiB, 81920 MiB, 0 %
2026/07/04 01:19:24.231, 0, 5949 MiB, 81920 MiB, 40 %
2026/07/04 01:19:24.232, 1, 0 MiB, 81920 MiB, 0 %
2026/07/04 01:19:24.232, 2, 0 MiB, 81920 MiB, 0 %
2026/07/04 01:19:24.232, 3, 0 MiB, 81920 MiB, 0 %
2026/07/04 01:19:24.232, 4, 0 MiB, 81920 MiB, 0 %
2026/07/04 01:19:24.233, 5, 0 MiB, 81920 MiB, 0 %
2026/07/04 01:19:24.233, 6, 0 MiB, 81920 MiB, 0 %
2026/07/04 01:19:24.233, 7, 0 MiB, 81920 MiB, 0 %
2026/07/04 01:19:34.234, 0, 5949 MiB, 81920 MiB, 0 %
2026/07/04 01:19:34.234, 1, 0 MiB, 81920 MiB, 0 %
2026/07/04 01:19:34.235, 2, 0 MiB, 81920 MiB, 0 %
2026/07/04 01:19:34.235, 3, 0 MiB, 81920 MiB, 0 %
2026/07/04 01:19:34.235, 4, 0 MiB, 81920 MiB, 0 %
2026/07/04 01:19:34.235, 5, 0 MiB, 81920 MiB, 0 %
2026/07/04 01:19:34.236, 6, 0 MiB, 81920 MiB, 0 %
2026/07/04 01:19:34.236, 7, 0 MiB, 81920 MiB, 0 %
2026/07/04 01:19:44.237, 0, 5949 MiB, 81920 MiB, 0 %
2026/07/04 01:19:44.237, 1, 0 MiB, 81920 MiB, 0 %
2026/07/04 01:19:44.237, 2, 0 MiB, 81920 MiB, 0 %
2026/07/04 01:19:44.238, 3, 0 MiB, 81920 MiB, 0 %
2026/07/04 01:19:44.238, 4, 0 MiB, 81920 MiB, 0 %
2026/07/04 01:19:44.238, 5, 0 MiB, 81920 MiB, 0 %
2026/07/04 01:19:44.238, 6, 0 MiB, 81920 MiB, 0 %
2026/07/04 01:19:44.239, 7, 0 MiB, 81920 MiB, 0 %
2026/07/04 01:19:54.239, 0, 5949 MiB, 81920 MiB, 0 %
2026/07/04 01:19:54.240, 1, 0 MiB, 81920 MiB, 0 %
2026/07/04 01:19:54.240, 2, 0 MiB, 81920 MiB, 0 %
2026/07/04 01:19:54.240, 3, 0 MiB, 81920 MiB, 0 %
2026/07/04 01:19:54.241, 4, 0 MiB, 81920 MiB, 0 %
2026/07/04 01:19:54.241, 5, 0 MiB, 81920 MiB, 0 %
2026/07/04 01:19:54.241, 6, 0 MiB, 81920 MiB, 0 %
2026/07/04 01:19:54.241, 7, 0 MiB, 81920 MiB, 0 %
2026/07/04 01:20:04.242, 0, 5949 MiB, 81920 MiB, 0 %
2026/07/04 01:20:04.243, 1, 0 MiB, 81920 MiB, 0 %
2026/07/04 01:20:04.243, 2, 0 MiB, 81920 MiB, 0 %
2026/07/04 01:20:04.243, 3, 0 MiB, 81920 MiB, 0 %
2026/07/04 01:20:04.243, 4, 0 MiB, 81920 MiB, 0 %
2026/07/04 01:20:04.244, 5, 0 MiB, 81920 MiB, 0 %
2026/07/04 01:20:04.244, 6, 0 MiB, 81920 MiB, 0 %
2026/07/04 01:20:04.244, 7, 0 MiB, 81920 MiB, 0 %
2026/07/04 01:20:14.245, 0, 5949 MiB, 81920 MiB, 59 %
2026/07/04 01:20:14.246, 1, 0 MiB, 81920 MiB, 0 %
2026/07/04 01:20:14.246, 2, 0 MiB, 81920 MiB, 0 %
2026/07/04 01:20:14.246, 3, 0 MiB, 81920 MiB, 0 %
2026/07/04 01:20:14.246, 4, 0 MiB, 81920 MiB, 0 %
2026/07/04 01:20:14.247, 5, 0 MiB, 81920 MiB, 0 %
2026/07/04 01:20:14.247, 6, 0 MiB, 81920 MiB, 0 %
2026/07/04 01:20:14.247, 7, 0 MiB, 81920 MiB, 0 %
2026/07/04 01:20:24.248, 0, 5949 MiB, 81920 MiB, 0 %
2026/07/04 01:20:24.248, 1, 0 MiB, 81920 MiB, 0 %
2026/07/04 01:20:24.249, 2, 0 MiB, 81920 MiB, 0 %
2026/07/04 01:20:24.249, 3, 0 MiB, 81920 MiB, 0 %
2026/07/04 01:20:24.249, 4, 0 MiB, 81920 MiB, 0 %
2026/07/04 01:20:24.249, 5, 0 MiB, 81920 MiB, 0 %
2026/07/04 01:20:24.250, 6, 0 MiB, 81920 MiB, 0 %
2026/07/04 01:20:24.250, 7, 0 MiB, 81920 MiB, 0 %
2026/07/04 01:20:34.251, 0, 5949 MiB, 81920 MiB, 0 %
2026/07/04 01:20:34.251, 1, 0 MiB, 81920 MiB, 0 %
2026/07/04 01:20:34.252, 2, 0 MiB, 81920 MiB, 0 %
2026/07/04 01:20:34.252, 3, 0 MiB, 81920 MiB, 0 %
2026/07/04 01:20:34.252, 4, 0 MiB, 81920 MiB, 0 %
2026/07/04 01:20:34.252, 5, 0 MiB, 81920 MiB, 0 %
2026/07/04 01:20:34.253, 6, 0 MiB, 81920 MiB, 0 %
2026/07/04 01:20:34.253, 7, 0 MiB, 81920 MiB, 0 %
2026/07/04 01:20:44.254, 0, 5949 MiB, 81920 MiB, 0 %
2026/07/04 01:20:44.254, 1, 0 MiB, 81920 MiB, 0 %
2026/07/04 01:20:44.254, 2, 0 MiB, 81920 MiB, 0 %
2026/07/04 01:20:44.255, 3, 0 MiB, 81920 MiB, 0 %
2026/07/04 01:20:44.255, 4, 0 MiB, 81920 MiB, 0 %
2026/07/04 01:20:44.255, 5, 0 MiB, 81920 MiB, 0 %
2026/07/04 01:20:44.255, 6, 0 MiB, 81920 MiB, 0 %
2026/07/04 01:20:44.256, 7, 0 MiB, 81920 MiB, 0 %
2026/07/04 01:20:54.256, 0, 5949 MiB, 81920 MiB, 0 %
2026/07/04 01:20:54.257, 1, 0 MiB, 81920 MiB, 0 %
2026/07/04 01:20:54.257, 2, 0 MiB, 81920 MiB, 0 %
2026/07/04 01:20:54.257, 3, 0 MiB, 81920 MiB, 0 %
2026/07/04 01:20:54.258, 4, 0 MiB, 81920 MiB, 0 %
2026/07/04 01:20:54.258, 5, 0 MiB, 81920 MiB, 0 %
2026/07/04 01:20:54.258, 6, 0 MiB, 81920 MiB, 0 %
2026/07/04 01:20:54.259, 7, 0 MiB, 81920 MiB, 0 %
2026/07/04 01:21:04.259, 0, 5949 MiB, 81920 MiB, 0 %
2026/07/04 01:21:04.260, 1, 0 MiB, 81920 MiB, 0 %
2026/07/04 01:21:04.260, 2, 0 MiB, 81920 MiB, 0 %
2026/07/04 01:21:04.260, 3, 0 MiB, 81920 MiB, 0 %
2026/07/04 01:21:04.261, 4, 0 MiB, 81920 MiB, 0 %
2026/07/04 01:21:04.261, 5, 0 MiB, 81920 MiB, 0 %
2026/07/04 01:21:04.261, 6, 0 MiB, 81920 MiB, 0 %
2026/07/04 01:21:04.261, 7, 0 MiB, 81920 MiB, 0 %
2026/07/04 01:21:14.262, 0, 5949 MiB, 81920 MiB, 0 %
2026/07/04 01:21:14.263, 1, 0 MiB, 81920 MiB, 0 %
2026/07/04 01:21:14.263, 2, 0 MiB, 81920 MiB, 0 %
2026/07/04 01:21:14.263, 3, 0 MiB, 81920 MiB, 0 %
2026/07/04 01:21:14.264, 4, 0 MiB, 81920 MiB, 0 %
2026/07/04 01:21:14.264, 5, 0 MiB, 81920 MiB, 0 %
2026/07/04 01:21:14.264, 6, 0 MiB, 81920 MiB, 0 %
2026/07/04 01:21:14.264, 7, 0 MiB, 81920 MiB, 0 %
2026/07/04 01:21:24.265, 0, 5949 MiB, 81920 MiB, 0 %
2026/07/04 01:21:24.266, 1, 0 MiB, 81920 MiB, 0 %
2026/07/04 01:21:24.266, 2, 0 MiB, 81920 MiB, 0 %
2026/07/04 01:21:24.266, 3, 0 MiB, 81920 MiB, 0 %
2026/07/04 01:21:24.266, 4, 0 MiB, 81920 MiB, 0 %
2026/07/04 01:21:24.267, 5, 0 MiB, 81920 MiB, 0 %
2026/07/04 01:21:24.267, 6, 0 MiB, 81920 MiB, 0 %
2026/07/04 01:21:24.267, 7, 0 MiB, 81920 MiB, 0 %
2026/07/04 01:21:34.268, 0, 5949 MiB, 81920 MiB, 0 %
2026/07/04 01:21:34.269, 1, 0 MiB, 81920 MiB, 0 %
2026/07/04 01:21:34.269, 2, 0 MiB, 81920 MiB, 0 %
2026/07/04 01:21:34.270, 3, 0 MiB, 81920 MiB, 0 %
2026/07/04 01:21:34.270, 4, 0 MiB, 81920 MiB, 0 %
2026/07/04 01:21:34.270, 5, 0 MiB, 81920 MiB, 0 %
2026/07/04 01:21:34.270, 6, 0 MiB, 81920 MiB, 0 %
2026/07/04 01:21:34.271, 7, 0 MiB, 81920 MiB, 0 %
2026/07/04 01:21:44.271, 0, 5949 MiB, 81920 MiB, 18 %
2026/07/04 01:21:44.272, 1, 0 MiB, 81920 MiB, 0 %
2026/07/04 01:21:44.272, 2, 0 MiB, 81920 MiB, 0 %
2026/07/04 01:21:44.272, 3, 0 MiB, 81920 MiB, 0 %
2026/07/04 01:21:44.273, 4, 0 MiB, 81920 MiB, 0 %
2026/07/04 01:21:44.273, 5, 0 MiB, 81920 MiB, 0 %
2026/07/04 01:21:44.273, 6, 0 MiB, 81920 MiB, 0 %
2026/07/04 01:21:44.273, 7, 0 MiB, 81920 MiB, 0 %
2026/07/04 01:21:54.274, 0, 5949 MiB, 81920 MiB, 0 %
2026/07/04 01:21:54.274, 1, 0 MiB, 81920 MiB, 0 %
2026/07/04 01:21:54.275, 2, 0 MiB, 81920 MiB, 0 %
2026/07/04 01:21:54.275, 3, 0 MiB, 81920 MiB, 0 %
2026/07/04 01:21:54.275, 4, 0 MiB, 81920 MiB, 0 %
2026/07/04 01:21:54.275, 5, 0 MiB, 81920 MiB, 0 %
2026/07/04 01:21:54.276, 6, 0 MiB, 81920 MiB, 0 %
2026/07/04 01:21:54.276, 7, 0 MiB, 81920 MiB, 0 %
2026/07/04 01:22:04.276, 0, 5949 MiB, 81920 MiB, 54 %
2026/07/04 01:22:04.277, 1, 0 MiB, 81920 MiB, 0 %
2026/07/04 01:22:04.277, 2, 0 MiB, 81920 MiB, 0 %
2026/07/04 01:22:04.277, 3, 0 MiB, 81920 MiB, 0 %
2026/07/04 01:22:04.278, 4, 0 MiB, 81920 MiB, 0 %
2026/07/04 01:22:04.278, 5, 0 MiB, 81920 MiB, 0 %
2026/07/04 01:22:04.278, 6, 0 MiB, 81920 MiB, 0 %
2026/07/04 01:22:04.278, 7, 0 MiB, 81920 MiB, 0 %
2026/07/04 01:22:14.279, 0, 5949 MiB, 81920 MiB, 0 %
2026/07/04 01:22:14.280, 1, 0 MiB, 81920 MiB, 0 %
2026/07/04 01:22:14.280, 2, 0 MiB, 81920 MiB, 0 %
2026/07/04 01:22:14.280, 3, 0 MiB, 81920 MiB, 0 %
2026/07/04 01:22:14.281, 4, 0 MiB, 81920 MiB, 0 %
2026/07/04 01:22:14.281, 5, 0 MiB, 81920 MiB, 0 %
2026/07/04 01:22:14.281, 6, 0 MiB, 81920 MiB, 0 %
2026/07/04 01:22:14.281, 7, 0 MiB, 81920 MiB, 0 %
2026/07/04 01:22:24.282, 0, 5949 MiB, 81920 MiB, 0 %
2026/07/04 01:22:24.282, 1, 0 MiB, 81920 MiB, 0 %
2026/07/04 01:22:24.283, 2, 0 MiB, 81920 MiB, 0 %
2026/07/04 01:22:24.283, 3, 0 MiB, 81920 MiB, 0 %
2026/07/04 01:22:24.283, 4, 0 MiB, 81920 MiB, 0 %
2026/07/04 01:22:24.284, 5, 0 MiB, 81920 MiB, 0 %
2026/07/04 01:22:24.284, 6, 0 MiB, 81920 MiB, 0 %
2026/07/04 01:22:24.284, 7, 0 MiB, 81920 MiB, 0 %
2026/07/04 01:22:34.285, 0, 5949 MiB, 81920 MiB, 0 %
2026/07/04 01:22:34.285, 1, 0 MiB, 81920 MiB, 0 %
2026/07/04 01:22:34.286, 2, 0 MiB, 81920 MiB, 0 %
2026/07/04 01:22:34.286, 3, 0 MiB, 81920 MiB, 0 %
2026/07/04 01:22:34.286, 4, 0 MiB, 81920 MiB, 0 %
2026/07/04 01:22:34.287, 5, 0 MiB, 81920 MiB, 0 %
2026/07/04 01:22:34.287, 6, 0 MiB, 81920 MiB, 0 %
2026/07/04 01:22:34.287, 7, 0 MiB, 81920 MiB, 0 %
2026/07/04 01:22:44.288, 0, 5949 MiB, 81920 MiB, 0 %
2026/07/04 01:22:44.288, 1, 0 MiB, 81920 MiB, 0 %
2026/07/04 01:22:44.288, 2, 0 MiB, 81920 MiB, 0 %
2026/07/04 01:22:44.289, 3, 0 MiB, 81920 MiB, 0 %
2026/07/04 01:22:44.289, 4, 0 MiB, 81920 MiB, 0 %
2026/07/04 01:22:44.289, 5, 0 MiB, 81920 MiB, 0 %
2026/07/04 01:22:44.290, 6, 0 MiB, 81920 MiB, 0 %
2026/07/04 01:22:44.290, 7, 0 MiB, 81920 MiB, 0 %
2026/07/04 01:22:54.291, 0, 5949 MiB, 81920 MiB, 0 %
2026/07/04 01:22:54.291, 1, 0 MiB, 81920 MiB, 0 %
2026/07/04 01:22:54.291, 2, 0 MiB, 81920 MiB, 0 %
2026/07/04 01:22:54.292, 3, 0 MiB, 81920 MiB, 0 %
2026/07/04 01:22:54.292, 4, 0 MiB, 81920 MiB, 0 %
2026/07/04 01:22:54.292, 5, 0 MiB, 81920 MiB, 0 %
2026/07/04 01:22:54.292, 6, 0 MiB, 81920 MiB, 0 %
2026/07/04 01:22:54.293, 7, 0 MiB, 81920 MiB, 0 %
2026/07/04 01:23:04.294, 0, 5949 MiB, 81920 MiB, 0 %
2026/07/04 01:23:04.294, 1, 0 MiB, 81920 MiB, 0 %
2026/07/04 01:23:04.294, 2, 0 MiB, 81920 MiB, 0 %
2026/07/04 01:23:04.295, 3, 0 MiB, 81920 MiB, 0 %
2026/07/04 01:23:04.295, 4, 0 MiB, 81920 MiB, 0 %
2026/07/04 01:23:04.295, 5, 0 MiB, 81920 MiB, 0 %
2026/07/04 01:23:04.295, 6, 0 MiB, 81920 MiB, 0 %
2026/07/04 01:23:04.296, 7, 0 MiB, 81920 MiB, 0 %
2026/07/04 01:23:14.297, 0, 5949 MiB, 81920 MiB, 0 %
2026/07/04 01:23:14.297, 1, 0 MiB, 81920 MiB, 0 %
2026/07/04 01:23:14.297, 2, 0 MiB, 81920 MiB, 0 %
2026/07/04 01:23:14.297, 3, 0 MiB, 81920 MiB, 0 %
2026/07/04 01:23:14.298, 4, 0 MiB, 81920 MiB, 0 %
2026/07/04 01:23:14.298, 5, 0 MiB, 81920 MiB, 0 %
2026/07/04 01:23:14.298, 6, 0 MiB, 81920 MiB, 0 %
2026/07/04 01:23:14.299, 7, 0 MiB, 81920 MiB, 0 %
2026/07/04 01:23:24.299, 0, 5949 MiB, 81920 MiB, 49 %
2026/07/04 01:23:24.300, 1, 0 MiB, 81920 MiB, 0 %
2026/07/04 01:23:24.300, 2, 0 MiB, 81920 MiB, 0 %
2026/07/04 01:23:24.300, 3, 0 MiB, 81920 MiB, 0 %
2026/07/04 01:23:24.301, 4, 0 MiB, 81920 MiB, 0 %
2026/07/04 01:23:24.301, 5, 0 MiB, 81920 MiB, 0 %
2026/07/04 01:23:24.301, 6, 0 MiB, 81920 MiB, 0 %
2026/07/04 01:23:24.301, 7, 0 MiB, 81920 MiB, 0 %
2026/07/04 01:23:34.302, 0, 5949 MiB, 81920 MiB, 0 %
2026/07/04 01:23:34.303, 1, 0 MiB, 81920 MiB, 0 %
2026/07/04 01:23:34.303, 2, 0 MiB, 81920 MiB, 0 %
2026/07/04 01:23:34.303, 3, 0 MiB, 81920 MiB, 0 %
2026/07/04 01:23:34.303, 4, 0 MiB, 81920 MiB, 0 %
2026/07/04 01:23:34.304, 5, 0 MiB, 81920 MiB, 0 %
2026/07/04 01:23:34.304, 6, 0 MiB, 81920 MiB, 0 %
2026/07/04 01:23:34.304, 7, 0 MiB, 81920 MiB, 0 %
2026/07/04 01:23:44.305, 0, 5949 MiB, 81920 MiB, 0 %
2026/07/04 01:23:44.305, 1, 0 MiB, 81920 MiB, 0 %
2026/07/04 01:23:44.306, 2, 0 MiB, 81920 MiB, 0 %
2026/07/04 01:23:44.306, 3, 0 MiB, 81920 MiB, 0 %
2026/07/04 01:23:44.306, 4, 0 MiB, 81920 MiB, 0 %
2026/07/04 01:23:44.307, 5, 0 MiB, 81920 MiB, 0 %
2026/07/04 01:23:44.307, 6, 0 MiB, 81920 MiB, 0 %
2026/07/04 01:23:44.307, 7, 0 MiB, 81920 MiB, 0 %
2026/07/04 01:23:54.307, 0, 5949 MiB, 81920 MiB, 0 %
2026/07/04 01:23:54.308, 1, 0 MiB, 81920 MiB, 0 %
2026/07/04 01:23:54.308, 2, 0 MiB, 81920 MiB, 0 %
2026/07/04 01:23:54.309, 3, 0 MiB, 81920 MiB, 0 %
2026/07/04 01:23:54.309, 4, 0 MiB, 81920 MiB, 0 %
2026/07/04 01:23:54.309, 5, 0 MiB, 81920 MiB, 0 %
2026/07/04 01:23:54.309, 6, 0 MiB, 81920 MiB, 0 %
2026/07/04 01:23:54.310, 7, 0 MiB, 81920 MiB, 0 %
2026/07/04 01:24:04.310, 0, 5949 MiB, 81920 MiB, 0 %
2026/07/04 01:24:04.310, 1, 0 MiB, 81920 MiB, 0 %
2026/07/04 01:24:04.311, 2, 0 MiB, 81920 MiB, 0 %
2026/07/04 01:24:04.311, 3, 0 MiB, 81920 MiB, 0 %
2026/07/04 01:24:04.311, 4, 0 MiB, 81920 MiB, 0 %
2026/07/04 01:24:04.311, 5, 0 MiB, 81920 MiB, 0 %
2026/07/04 01:24:04.311, 6, 0 MiB, 81920 MiB, 0 %
2026/07/04 01:24:04.311, 7, 0 MiB, 81920 MiB, 0 %
2026/07/04 01:24:14.313, 0, 5949 MiB, 81920 MiB, 0 %
2026/07/04 01:24:14.313, 1, 0 MiB, 81920 MiB, 0 %
2026/07/04 01:24:14.313, 2, 0 MiB, 81920 MiB, 0 %
2026/07/04 01:24:14.314, 3, 0 MiB, 81920 MiB, 0 %
2026/07/04 01:24:14.314, 4, 0 MiB, 81920 MiB, 0 %
2026/07/04 01:24:14.314, 5, 0 MiB, 81920 MiB, 0 %
2026/07/04 01:24:14.314, 6, 0 MiB, 81920 MiB, 0 %
2026/07/04 01:24:14.315, 7, 0 MiB, 81920 MiB, 0 %
2026/07/04 01:24:24.316, 0, 5949 MiB, 81920 MiB, 0 %
2026/07/04 01:24:24.316, 1, 0 MiB, 81920 MiB, 0 %
2026/07/04 01:24:24.317, 2, 0 MiB, 81920 MiB, 0 %
2026/07/04 01:24:24.317, 3, 0 MiB, 81920 MiB, 0 %
2026/07/04 01:24:24.317, 4, 0 MiB, 81920 MiB, 0 %
2026/07/04 01:24:24.317, 5, 0 MiB, 81920 MiB, 0 %
2026/07/04 01:24:24.318, 6, 0 MiB, 81920 MiB, 0 %
2026/07/04 01:24:24.318, 7, 0 MiB, 81920 MiB, 0 %
2026/07/04 01:24:34.318, 0, 5951 MiB, 81920 MiB, 0 %
2026/07/04 01:24:34.319, 1, 0 MiB, 81920 MiB, 0 %
2026/07/04 01:24:34.319, 2, 0 MiB, 81920 MiB, 0 %
2026/07/04 01:24:34.319, 3, 0 MiB, 81920 MiB, 0 %
2026/07/04 01:24:34.320, 4, 0 MiB, 81920 MiB, 0 %
2026/07/04 01:24:34.320, 5, 0 MiB, 81920 MiB, 0 %
2026/07/04 01:24:34.320, 6, 0 MiB, 81920 MiB, 0 %
2026/07/04 01:24:34.321, 7, 0 MiB, 81920 MiB, 0 %
2026/07/04 01:24:44.321, 0, 5951 MiB, 81920 MiB, 0 %
2026/07/04 01:24:44.321, 1, 0 MiB, 81920 MiB, 0 %
2026/07/04 01:24:44.322, 2, 0 MiB, 81920 MiB, 0 %
2026/07/04 01:24:44.322, 3, 0 MiB, 81920 MiB, 0 %
2026/07/04 01:24:44.322, 4, 0 MiB, 81920 MiB, 0 %
2026/07/04 01:24:44.323, 5, 0 MiB, 81920 MiB, 0 %
2026/07/04 01:24:44.323, 6, 0 MiB, 81920 MiB, 0 %
2026/07/04 01:24:44.323, 7, 0 MiB, 81920 MiB, 0 %
2026/07/04 01:24:54.324, 0, 5951 MiB, 81920 MiB, 0 %
2026/07/04 01:24:54.325, 1, 0 MiB, 81920 MiB, 0 %
2026/07/04 01:24:54.325, 2, 0 MiB, 81920 MiB, 0 %
2026/07/04 01:24:54.325, 3, 0 MiB, 81920 MiB, 0 %
2026/07/04 01:24:54.326, 4, 0 MiB, 81920 MiB, 0 %
2026/07/04 01:24:54.326, 5, 0 MiB, 81920 MiB, 0 %
2026/07/04 01:24:54.326, 6, 0 MiB, 81920 MiB, 0 %
2026/07/04 01:24:54.326, 7, 0 MiB, 81920 MiB, 0 %
2026/07/04 01:25:04.328, 0, 5951 MiB, 81920 MiB, 0 %
2026/07/04 01:25:04.328, 1, 0 MiB, 81920 MiB, 0 %
2026/07/04 01:25:04.328, 2, 0 MiB, 81920 MiB, 0 %
2026/07/04 01:25:04.329, 3, 0 MiB, 81920 MiB, 0 %
2026/07/04 01:25:04.329, 4, 0 MiB, 81920 MiB, 0 %
2026/07/04 01:25:04.329, 5, 0 MiB, 81920 MiB, 0 %
2026/07/04 01:25:04.329, 6, 0 MiB, 81920 MiB, 0 %
2026/07/04 01:25:04.330, 7, 0 MiB, 81920 MiB, 0 %
2026/07/04 01:25:14.331, 0, 5951 MiB, 81920 MiB, 0 %
2026/07/04 01:25:14.331, 1, 0 MiB, 81920 MiB, 0 %
2026/07/04 01:25:14.332, 2, 0 MiB, 81920 MiB, 0 %
2026/07/04 01:25:14.332, 3, 0 MiB, 81920 MiB, 0 %
2026/07/04 01:25:14.332, 4, 0 MiB, 81920 MiB, 0 %
2026/07/04 01:25:14.332, 5, 0 MiB, 81920 MiB, 0 %
2026/07/04 01:25:14.333, 6, 0 MiB, 81920 MiB, 0 %
2026/07/04 01:25:14.333, 7, 0 MiB, 81920 MiB, 0 %
2026/07/04 01:25:24.334, 0, 5951 MiB, 81920 MiB, 0 %
2026/07/04 01:25:24.335, 1, 0 MiB, 81920 MiB, 0 %
2026/07/04 01:25:24.335, 2, 0 MiB, 81920 MiB, 0 %
2026/07/04 01:25:24.335, 3, 0 MiB, 81920 MiB, 0 %
2026/07/04 01:25:24.335, 4, 0 MiB, 81920 MiB, 0 %
2026/07/04 01:25:24.336, 5, 0 MiB, 81920 MiB, 0 %
2026/07/04 01:25:24.336, 6, 0 MiB, 81920 MiB, 0 %
2026/07/04 01:25:24.336, 7, 0 MiB, 81920 MiB, 0 %
2026/07/04 01:25:34.337, 0, 5951 MiB, 81920 MiB, 0 %
2026/07/04 01:25:34.338, 1, 0 MiB, 81920 MiB, 0 %
2026/07/04 01:25:34.338, 2, 0 MiB, 81920 MiB, 0 %
2026/07/04 01:25:34.338, 3, 0 MiB, 81920 MiB, 0 %
2026/07/04 01:25:34.339, 4, 0 MiB, 81920 MiB, 0 %
2026/07/04 01:25:34.339, 5, 0 MiB, 81920 MiB, 0 %
2026/07/04 01:25:34.339, 6, 0 MiB, 81920 MiB, 0 %
2026/07/04 01:25:34.340, 7, 0 MiB, 81920 MiB, 0 %
2026/07/04 01:25:44.341, 0, 5951 MiB, 81920 MiB, 0 %
2026/07/04 01:25:44.341, 1, 0 MiB, 81920 MiB, 0 %
2026/07/04 01:25:44.341, 2, 0 MiB, 81920 MiB, 0 %
2026/07/04 01:25:44.342, 3, 0 MiB, 81920 MiB, 0 %
2026/07/04 01:25:44.342, 4, 0 MiB, 81920 MiB, 0 %
2026/07/04 01:25:44.342, 5, 0 MiB, 81920 MiB, 0 %
2026/07/04 01:25:44.342, 6, 0 MiB, 81920 MiB, 0 %
2026/07/04 01:25:44.343, 7, 0 MiB, 81920 MiB, 0 %
2026/07/04 01:25:54.344, 0, 5951 MiB, 81920 MiB, 0 %
2026/07/04 01:25:54.345, 1, 0 MiB, 81920 MiB, 0 %
2026/07/04 01:25:54.345, 2, 0 MiB, 81920 MiB, 0 %
2026/07/04 01:25:54.345, 3, 0 MiB, 81920 MiB, 0 %
2026/07/04 01:25:54.345, 4, 0 MiB, 81920 MiB, 0 %
2026/07/04 01:25:54.346, 5, 0 MiB, 81920 MiB, 0 %
2026/07/04 01:25:54.346, 6, 0 MiB, 81920 MiB, 0 %
2026/07/04 01:25:54.346, 7, 0 MiB, 81920 MiB, 0 %
2026/07/04 01:26:04.347, 0, 5951 MiB, 81920 MiB, 0 %
2026/07/04 01:26:04.347, 1, 0 MiB, 81920 MiB, 0 %
2026/07/04 01:26:04.348, 2, 0 MiB, 81920 MiB, 0 %
2026/07/04 01:26:04.348, 3, 0 MiB, 81920 MiB, 0 %
2026/07/04 01:26:04.348, 4, 0 MiB, 81920 MiB, 0 %
2026/07/04 01:26:04.348, 5, 0 MiB, 81920 MiB, 0 %
2026/07/04 01:26:04.349, 6, 0 MiB, 81920 MiB, 0 %
2026/07/04 01:26:04.349, 7, 0 MiB, 81920 MiB, 0 %
2026/07/04 01:26:14.349, 0, 5951 MiB, 81920 MiB, 54 %
2026/07/04 01:26:14.350, 1, 0 MiB, 81920 MiB, 0 %
2026/07/04 01:26:14.350, 2, 0 MiB, 81920 MiB, 0 %
2026/07/04 01:26:14.350, 3, 0 MiB, 81920 MiB, 0 %
2026/07/04 01:26:14.351, 4, 0 MiB, 81920 MiB, 0 %
2026/07/04 01:26:14.351, 5, 0 MiB, 81920 MiB, 0 %
2026/07/04 01:26:14.351, 6, 0 MiB, 81920 MiB, 0 %
2026/07/04 01:26:14.351, 7, 0 MiB, 81920 MiB, 0 %
2026/07/04 01:26:24.353, 0, 5951 MiB, 81920 MiB, 0 %
2026/07/04 01:26:24.353, 1, 0 MiB, 81920 MiB, 0 %
2026/07/04 01:26:24.353, 2, 0 MiB, 81920 MiB, 0 %
2026/07/04 01:26:24.354, 3, 0 MiB, 81920 MiB, 0 %
2026/07/04 01:26:24.354, 4, 0 MiB, 81920 MiB, 0 %
2026/07/04 01:26:24.354, 5, 0 MiB, 81920 MiB, 0 %
2026/07/04 01:26:24.354, 6, 0 MiB, 81920 MiB, 0 %
2026/07/04 01:26:24.355, 7, 0 MiB, 81920 MiB, 0 %
2026/07/04 01:26:34.356, 0, 5951 MiB, 81920 MiB, 0 %
2026/07/04 01:26:34.357, 1, 0 MiB, 81920 MiB, 0 %
2026/07/04 01:26:34.357, 2, 0 MiB, 81920 MiB, 0 %
2026/07/04 01:26:34.357, 3, 0 MiB, 81920 MiB, 0 %
2026/07/04 01:26:34.357, 4, 0 MiB, 81920 MiB, 0 %
2026/07/04 01:26:34.358, 5, 0 MiB, 81920 MiB, 0 %
2026/07/04 01:26:34.358, 6, 0 MiB, 81920 MiB, 0 %
2026/07/04 01:26:34.358, 7, 0 MiB, 81920 MiB, 0 %
2026/07/04 01:26:44.359, 0, 5951 MiB, 81920 MiB, 0 %
2026/07/04 01:26:44.359, 1, 0 MiB, 81920 MiB, 0 %
2026/07/04 01:26:44.360, 2, 0 MiB, 81920 MiB, 0 %
2026/07/04 01:26:44.360, 3, 0 MiB, 81920 MiB, 0 %
2026/07/04 01:26:44.360, 4, 0 MiB, 81920 MiB, 0 %
2026/07/04 01:26:44.360, 5, 0 MiB, 81920 MiB, 0 %
2026/07/04 01:26:44.361, 6, 0 MiB, 81920 MiB, 0 %
2026/07/04 01:26:44.361, 7, 0 MiB, 81920 MiB, 0 %
2026/07/04 01:26:54.362, 0, 5951 MiB, 81920 MiB, 0 %
2026/07/04 01:26:54.362, 1, 0 MiB, 81920 MiB, 0 %
2026/07/04 01:26:54.362, 2, 0 MiB, 81920 MiB, 0 %
2026/07/04 01:26:54.363, 3, 0 MiB, 81920 MiB, 0 %
2026/07/04 01:26:54.363, 4, 0 MiB, 81920 MiB, 0 %
2026/07/04 01:26:54.363, 5, 0 MiB, 81920 MiB, 0 %
2026/07/04 01:26:54.363, 6, 0 MiB, 81920 MiB, 0 %
2026/07/04 01:26:54.364, 7, 0 MiB, 81920 MiB, 0 %
2026/07/04 01:27:04.364, 0, 5951 MiB, 81920 MiB, 0 %
2026/07/04 01:27:04.364, 1, 0 MiB, 81920 MiB, 0 %
2026/07/04 01:27:04.365, 2, 0 MiB, 81920 MiB, 0 %
2026/07/04 01:27:04.365, 3, 0 MiB, 81920 MiB, 0 %
2026/07/04 01:27:04.365, 4, 0 MiB, 81920 MiB, 0 %
2026/07/04 01:27:04.366, 5, 0 MiB, 81920 MiB, 0 %
2026/07/04 01:27:04.366, 6, 0 MiB, 81920 MiB, 0 %
2026/07/04 01:27:04.366, 7, 0 MiB, 81920 MiB, 0 %
2026/07/04 01:27:14.367, 0, 5951 MiB, 81920 MiB, 34 %
2026/07/04 01:27:14.367, 1, 0 MiB, 81920 MiB, 0 %
2026/07/04 01:27:14.367, 2, 0 MiB, 81920 MiB, 0 %
2026/07/04 01:27:14.368, 3, 0 MiB, 81920 MiB, 0 %
2026/07/04 01:27:14.368, 4, 0 MiB, 81920 MiB, 0 %
2026/07/04 01:27:14.368, 5, 0 MiB, 81920 MiB, 0 %
2026/07/04 01:27:14.368, 6, 0 MiB, 81920 MiB, 0 %
2026/07/04 01:27:14.369, 7, 0 MiB, 81920 MiB, 0 %
2026/07/04 01:27:24.369, 0, 5951 MiB, 81920 MiB, 78 %
2026/07/04 01:27:24.370, 1, 0 MiB, 81920 MiB, 0 %
2026/07/04 01:27:24.370, 2, 0 MiB, 81920 MiB, 0 %
2026/07/04 01:27:24.370, 3, 0 MiB, 81920 MiB, 0 %
2026/07/04 01:27:24.371, 4, 0 MiB, 81920 MiB, 0 %
2026/07/04 01:27:24.371, 5, 0 MiB, 81920 MiB, 0 %
2026/07/04 01:27:24.371, 6, 0 MiB, 81920 MiB, 0 %
2026/07/04 01:27:24.371, 7, 0 MiB, 81920 MiB, 0 %
2026/07/04 01:27:34.372, 0, 5951 MiB, 81920 MiB, 0 %
2026/07/04 01:27:34.373, 1, 0 MiB, 81920 MiB, 0 %
2026/07/04 01:27:34.373, 2, 0 MiB, 81920 MiB, 0 %
2026/07/04 01:27:34.373, 3, 0 MiB, 81920 MiB, 0 %
2026/07/04 01:27:34.373, 4, 0 MiB, 81920 MiB, 0 %
2026/07/04 01:27:34.374, 5, 0 MiB, 81920 MiB, 0 %
2026/07/04 01:27:34.374, 6, 0 MiB, 81920 MiB, 0 %
2026/07/04 01:27:34.374, 7, 0 MiB, 81920 MiB, 0 %
2026/07/04 01:27:44.375, 0, 5951 MiB, 81920 MiB, 0 %
2026/07/04 01:27:44.375, 1, 0 MiB, 81920 MiB, 0 %
2026/07/04 01:27:44.375, 2, 0 MiB, 81920 MiB, 0 %
2026/07/04 01:27:44.376, 3, 0 MiB, 81920 MiB, 0 %
2026/07/04 01:27:44.376, 4, 0 MiB, 81920 MiB, 0 %
2026/07/04 01:27:44.376, 5, 0 MiB, 81920 MiB, 0 %
2026/07/04 01:27:44.376, 6, 0 MiB, 81920 MiB, 0 %
2026/07/04 01:27:44.377, 7, 0 MiB, 81920 MiB, 0 %
2026/07/04 01:27:54.378, 0, 5951 MiB, 81920 MiB, 7 %
2026/07/04 01:27:54.379, 1, 0 MiB, 81920 MiB, 0 %
2026/07/04 01:27:54.379, 2, 0 MiB, 81920 MiB, 0 %
2026/07/04 01:27:54.379, 3, 0 MiB, 81920 MiB, 0 %
2026/07/04 01:27:54.379, 4, 0 MiB, 81920 MiB, 0 %
2026/07/04 01:27:54.380, 5, 0 MiB, 81920 MiB, 0 %
2026/07/04 01:27:54.380, 6, 0 MiB, 81920 MiB, 0 %
2026/07/04 01:27:54.380, 7, 0 MiB, 81920 MiB, 0 %
2026/07/04 01:28:04.381, 0, 5951 MiB, 81920 MiB, 54 %
2026/07/04 01:28:04.381, 1, 0 MiB, 81920 MiB, 0 %
2026/07/04 01:28:04.382, 2, 0 MiB, 81920 MiB, 0 %
2026/07/04 01:28:04.382, 3, 0 MiB, 81920 MiB, 0 %
2026/07/04 01:28:04.382, 4, 0 MiB, 81920 MiB, 0 %
2026/07/04 01:28:04.383, 5, 0 MiB, 81920 MiB, 0 %
2026/07/04 01:28:04.383, 6, 0 MiB, 81920 MiB, 0 %
2026/07/04 01:28:04.383, 7, 0 MiB, 81920 MiB, 0 %
2026/07/04 01:28:14.384, 0, 5951 MiB, 81920 MiB, 53 %
2026/07/04 01:28:14.385, 1, 0 MiB, 81920 MiB, 0 %
2026/07/04 01:28:14.385, 2, 0 MiB, 81920 MiB, 0 %
2026/07/04 01:28:14.385, 3, 0 MiB, 81920 MiB, 0 %
2026/07/04 01:28:14.386, 4, 0 MiB, 81920 MiB, 0 %
2026/07/04 01:28:14.386, 5, 0 MiB, 81920 MiB, 0 %
2026/07/04 01:28:14.386, 6, 0 MiB, 81920 MiB, 0 %
2026/07/04 01:28:14.386, 7, 0 MiB, 81920 MiB, 0 %
2026/07/04 01:28:24.387, 0, 5951 MiB, 81920 MiB, 0 %
2026/07/04 01:28:24.388, 1, 0 MiB, 81920 MiB, 0 %
2026/07/04 01:28:24.388, 2, 0 MiB, 81920 MiB, 0 %
2026/07/04 01:28:24.388, 3, 0 MiB, 81920 MiB, 0 %
2026/07/04 01:28:24.388, 4, 0 MiB, 81920 MiB, 0 %
2026/07/04 01:28:24.389, 5, 0 MiB, 81920 MiB, 0 %
2026/07/04 01:28:24.389, 6, 0 MiB, 81920 MiB, 0 %
2026/07/04 01:28:24.389, 7, 0 MiB, 81920 MiB, 0 %
2026/07/04 01:28:34.391, 0, 5951 MiB, 81920 MiB, 0 %
2026/07/04 01:28:34.391, 1, 0 MiB, 81920 MiB, 0 %
2026/07/04 01:28:34.391, 2, 0 MiB, 81920 MiB, 0 %
2026/07/04 01:28:34.392, 3, 0 MiB, 81920 MiB, 0 %
2026/07/04 01:28:34.392, 4, 0 MiB, 81920 MiB, 0 %
2026/07/04 01:28:34.392, 5, 0 MiB, 81920 MiB, 0 %
2026/07/04 01:28:34.392, 6, 0 MiB, 81920 MiB, 0 %
2026/07/04 01:28:34.393, 7, 0 MiB, 81920 MiB, 0 %
2026/07/04 01:28:44.393, 0, 5951 MiB, 81920 MiB, 0 %
2026/07/04 01:28:44.394, 1, 0 MiB, 81920 MiB, 0 %
2026/07/04 01:28:44.394, 2, 0 MiB, 81920 MiB, 0 %
2026/07/04 01:28:44.394, 3, 0 MiB, 81920 MiB, 0 %
2026/07/04 01:28:44.395, 4, 0 MiB, 81920 MiB, 0 %
2026/07/04 01:28:44.395, 5, 0 MiB, 81920 MiB, 0 %
2026/07/04 01:28:44.395, 6, 0 MiB, 81920 MiB, 0 %
2026/07/04 01:28:44.395, 7, 0 MiB, 81920 MiB, 0 %
2026/07/04 01:28:54.396, 0, 5951 MiB, 81920 MiB, 36 %
2026/07/04 01:28:54.397, 1, 0 MiB, 81920 MiB, 0 %
2026/07/04 01:28:54.397, 2, 0 MiB, 81920 MiB, 0 %
2026/07/04 01:28:54.397, 3, 0 MiB, 81920 MiB, 0 %
2026/07/04 01:28:54.397, 4, 0 MiB, 81920 MiB, 0 %
2026/07/04 01:28:54.398, 5, 0 MiB, 81920 MiB, 0 %
2026/07/04 01:28:54.398, 6, 0 MiB, 81920 MiB, 0 %
2026/07/04 01:28:54.398, 7, 0 MiB, 81920 MiB, 0 %
2026/07/04 01:29:04.399, 0, 5951 MiB, 81920 MiB, 53 %
2026/07/04 01:29:04.399, 1, 0 MiB, 81920 MiB, 0 %
2026/07/04 01:29:04.400, 2, 0 MiB, 81920 MiB, 0 %
2026/07/04 01:29:04.400, 3, 0 MiB, 81920 MiB, 0 %
2026/07/04 01:29:04.400, 4, 0 MiB, 81920 MiB, 0 %
2026/07/04 01:29:04.400, 5, 0 MiB, 81920 MiB, 0 %
2026/07/04 01:29:04.401, 6, 0 MiB, 81920 MiB, 0 %
2026/07/04 01:29:04.401, 7, 0 MiB, 81920 MiB, 0 %
2026/07/04 01:29:14.401, 0, 5951 MiB, 81920 MiB, 0 %
2026/07/04 01:29:14.402, 1, 0 MiB, 81920 MiB, 0 %
2026/07/04 01:29:14.402, 2, 0 MiB, 81920 MiB, 0 %
2026/07/04 01:29:14.402, 3, 0 MiB, 81920 MiB, 0 %
2026/07/04 01:29:14.402, 4, 0 MiB, 81920 MiB, 0 %
2026/07/04 01:29:14.403, 5, 0 MiB, 81920 MiB, 0 %
2026/07/04 01:29:14.403, 6, 0 MiB, 81920 MiB, 0 %
2026/07/04 01:29:14.403, 7, 0 MiB, 81920 MiB, 0 %
2026/07/04 01:29:24.404, 0, 5951 MiB, 81920 MiB, 0 %
2026/07/04 01:29:24.404, 1, 0 MiB, 81920 MiB, 0 %
2026/07/04 01:29:24.404, 2, 0 MiB, 81920 MiB, 0 %
2026/07/04 01:29:24.405, 3, 0 MiB, 81920 MiB, 0 %
2026/07/04 01:29:24.405, 4, 0 MiB, 81920 MiB, 0 %
2026/07/04 01:29:24.405, 5, 0 MiB, 81920 MiB, 0 %
2026/07/04 01:29:24.406, 6, 0 MiB, 81920 MiB, 0 %
2026/07/04 01:29:24.406, 7, 0 MiB, 81920 MiB, 0 %
2026/07/04 01:29:34.406, 0, 5951 MiB, 81920 MiB, 0 %
2026/07/04 01:29:34.407, 1, 0 MiB, 81920 MiB, 0 %
2026/07/04 01:29:34.407, 2, 0 MiB, 81920 MiB, 0 %
2026/07/04 01:29:34.407, 3, 0 MiB, 81920 MiB, 0 %
2026/07/04 01:29:34.408, 4, 0 MiB, 81920 MiB, 0 %
2026/07/04 01:29:34.408, 5, 0 MiB, 81920 MiB, 0 %
2026/07/04 01:29:34.408, 6, 0 MiB, 81920 MiB, 0 %
2026/07/04 01:29:34.408, 7, 0 MiB, 81920 MiB, 0 %
2026/07/04 01:29:44.409, 0, 5951 MiB, 81920 MiB, 0 %
2026/07/04 01:29:44.410, 1, 0 MiB, 81920 MiB, 0 %
2026/07/04 01:29:44.410, 2, 0 MiB, 81920 MiB, 0 %
2026/07/04 01:29:44.410, 3, 0 MiB, 81920 MiB, 0 %
2026/07/04 01:29:44.410, 4, 0 MiB, 81920 MiB, 0 %
2026/07/04 01:29:44.411, 5, 0 MiB, 81920 MiB, 0 %
2026/07/04 01:29:44.411, 6, 0 MiB, 81920 MiB, 0 %
2026/07/04 01:29:44.411, 7, 0 MiB, 81920 MiB, 0 %
2026/07/04 01:29:54.411, 0, 5951 MiB, 81920 MiB, 0 %
2026/07/04 01:29:54.412, 1, 0 MiB, 81920 MiB, 0 %
2026/07/04 01:29:54.412, 2, 0 MiB, 81920 MiB, 0 %
2026/07/04 01:29:54.412, 3, 0 MiB, 81920 MiB, 0 %
2026/07/04 01:29:54.413, 4, 0 MiB, 81920 MiB, 0 %
2026/07/04 01:29:54.413, 5, 0 MiB, 81920 MiB, 0 %
2026/07/04 01:29:54.413, 6, 0 MiB, 81920 MiB, 0 %
2026/07/04 01:29:54.414, 7, 0 MiB, 81920 MiB, 0 %
2026/07/04 01:30:04.415, 0, 5951 MiB, 81920 MiB, 0 %
2026/07/04 01:30:04.415, 1, 0 MiB, 81920 MiB, 0 %
2026/07/04 01:30:04.416, 2, 0 MiB, 81920 MiB, 0 %
2026/07/04 01:30:04.416, 3, 0 MiB, 81920 MiB, 0 %
2026/07/04 01:30:04.416, 4, 0 MiB, 81920 MiB, 0 %
2026/07/04 01:30:04.416, 5, 0 MiB, 81920 MiB, 0 %
2026/07/04 01:30:04.417, 6, 0 MiB, 81920 MiB, 0 %
2026/07/04 01:30:04.417, 7, 0 MiB, 81920 MiB, 0 %
2026/07/04 01:30:14.418, 0, 5951 MiB, 81920 MiB, 53 %
2026/07/04 01:30:14.418, 1, 0 MiB, 81920 MiB, 0 %
2026/07/04 01:30:14.418, 2, 0 MiB, 81920 MiB, 0 %
2026/07/04 01:30:14.419, 3, 0 MiB, 81920 MiB, 0 %
2026/07/04 01:30:14.419, 4, 0 MiB, 81920 MiB, 0 %
2026/07/04 01:30:14.419, 5, 0 MiB, 81920 MiB, 0 %
2026/07/04 01:30:14.419, 6, 0 MiB, 81920 MiB, 0 %
2026/07/04 01:30:14.420, 7, 0 MiB, 81920 MiB, 0 %
2026/07/04 01:30:24.420, 0, 5951 MiB, 81920 MiB, 36 %
2026/07/04 01:30:24.421, 1, 0 MiB, 81920 MiB, 0 %
2026/07/04 01:30:24.421, 2, 0 MiB, 81920 MiB, 0 %
2026/07/04 01:30:24.421, 3, 0 MiB, 81920 MiB, 0 %
2026/07/04 01:30:24.422, 4, 0 MiB, 81920 MiB, 0 %
2026/07/04 01:30:24.422, 5, 0 MiB, 81920 MiB, 0 %
2026/07/04 01:30:24.422, 6, 0 MiB, 81920 MiB, 0 %
2026/07/04 01:30:24.422, 7, 0 MiB, 81920 MiB, 0 %
2026/07/04 01:30:34.423, 0, 5951 MiB, 81920 MiB, 0 %
2026/07/04 01:30:34.423, 1, 0 MiB, 81920 MiB, 0 %
2026/07/04 01:30:34.424, 2, 0 MiB, 81920 MiB, 0 %
2026/07/04 01:30:34.424, 3, 0 MiB, 81920 MiB, 0 %
2026/07/04 01:30:34.424, 4, 0 MiB, 81920 MiB, 0 %
2026/07/04 01:30:34.424, 5, 0 MiB, 81920 MiB, 0 %
2026/07/04 01:30:34.425, 6, 0 MiB, 81920 MiB, 0 %
2026/07/04 01:30:34.425, 7, 0 MiB, 81920 MiB, 0 %
2026/07/04 01:30:44.426, 0, 5951 MiB, 81920 MiB, 0 %
2026/07/04 01:30:44.427, 1, 0 MiB, 81920 MiB, 0 %
2026/07/04 01:30:44.427, 2, 0 MiB, 81920 MiB, 0 %
2026/07/04 01:30:44.427, 3, 0 MiB, 81920 MiB, 0 %
2026/07/04 01:30:44.427, 4, 0 MiB, 81920 MiB, 0 %
2026/07/04 01:30:44.428, 5, 0 MiB, 81920 MiB, 0 %
2026/07/04 01:30:44.428, 6, 0 MiB, 81920 MiB, 0 %
2026/07/04 01:30:44.428, 7, 0 MiB, 81920 MiB, 0 %
2026/07/04 01:30:54.429, 0, 5951 MiB, 81920 MiB, 0 %
2026/07/04 01:30:54.429, 1, 0 MiB, 81920 MiB, 0 %
2026/07/04 01:30:54.430, 2, 0 MiB, 81920 MiB, 0 %
2026/07/04 01:30:54.430, 3, 0 MiB, 81920 MiB, 0 %
2026/07/04 01:30:54.430, 4, 0 MiB, 81920 MiB, 0 %
2026/07/04 01:30:54.430, 5, 0 MiB, 81920 MiB, 0 %
2026/07/04 01:30:54.431, 6, 0 MiB, 81920 MiB, 0 %
2026/07/04 01:30:54.431, 7, 0 MiB, 81920 MiB, 0 %
2026/07/04 01:31:04.432, 0, 5951 MiB, 81920 MiB, 0 %
2026/07/04 01:31:04.432, 1, 0 MiB, 81920 MiB, 0 %
2026/07/04 01:31:04.432, 2, 0 MiB, 81920 MiB, 0 %
2026/07/04 01:31:04.433, 3, 0 MiB, 81920 MiB, 0 %
2026/07/04 01:31:04.433, 4, 0 MiB, 81920 MiB, 0 %
2026/07/04 01:31:04.433, 5, 0 MiB, 81920 MiB, 0 %
2026/07/04 01:31:04.433, 6, 0 MiB, 81920 MiB, 0 %
2026/07/04 01:31:04.434, 7, 0 MiB, 81920 MiB, 0 %
2026/07/04 01:31:14.434, 0, 5951 MiB, 81920 MiB, 0 %
2026/07/04 01:31:14.435, 1, 0 MiB, 81920 MiB, 0 %
2026/07/04 01:31:14.435, 2, 0 MiB, 81920 MiB, 0 %
2026/07/04 01:31:14.435, 3, 0 MiB, 81920 MiB, 0 %
2026/07/04 01:31:14.435, 4, 0 MiB, 81920 MiB, 0 %
2026/07/04 01:31:14.436, 5, 0 MiB, 81920 MiB, 0 %
2026/07/04 01:31:14.436, 6, 0 MiB, 81920 MiB, 0 %
2026/07/04 01:31:14.436, 7, 0 MiB, 81920 MiB, 0 %
2026/07/04 01:31:24.437, 0, 5951 MiB, 81920 MiB, 0 %
2026/07/04 01:31:24.437, 1, 0 MiB, 81920 MiB, 0 %
2026/07/04 01:31:24.437, 2, 0 MiB, 81920 MiB, 0 %
2026/07/04 01:31:24.438, 3, 0 MiB, 81920 MiB, 0 %
2026/07/04 01:31:24.438, 4, 0 MiB, 81920 MiB, 0 %
2026/07/04 01:31:24.438, 5, 0 MiB, 81920 MiB, 0 %
2026/07/04 01:31:24.439, 6, 0 MiB, 81920 MiB, 0 %
2026/07/04 01:31:24.439, 7, 0 MiB, 81920 MiB, 0 %
2026/07/04 01:31:34.440, 0, 5951 MiB, 81920 MiB, 0 %
2026/07/04 01:31:34.441, 1, 0 MiB, 81920 MiB, 0 %
2026/07/04 01:31:34.441, 2, 0 MiB, 81920 MiB, 0 %
2026/07/04 01:31:34.441, 3, 0 MiB, 81920 MiB, 0 %
2026/07/04 01:31:34.441, 4, 0 MiB, 81920 MiB, 0 %
2026/07/04 01:31:34.442, 5, 0 MiB, 81920 MiB, 0 %
2026/07/04 01:31:34.442, 6, 0 MiB, 81920 MiB, 0 %
2026/07/04 01:31:34.442, 7, 0 MiB, 81920 MiB, 0 %
2026/07/04 01:31:44.443, 0, 5951 MiB, 81920 MiB, 0 %
2026/07/04 01:31:44.443, 1, 0 MiB, 81920 MiB, 0 %
2026/07/04 01:31:44.444, 2, 0 MiB, 81920 MiB, 0 %
2026/07/04 01:31:44.444, 3, 0 MiB, 81920 MiB, 0 %
2026/07/04 01:31:44.444, 4, 0 MiB, 81920 MiB, 0 %
2026/07/04 01:31:44.444, 5, 0 MiB, 81920 MiB, 0 %
2026/07/04 01:31:44.445, 6, 0 MiB, 81920 MiB, 0 %
2026/07/04 01:31:44.445, 7, 0 MiB, 81920 MiB, 0 %
2026/07/04 01:31:54.446, 0, 5951 MiB, 81920 MiB, 0 %
2026/07/04 01:31:54.447, 1, 0 MiB, 81920 MiB, 0 %
2026/07/04 01:31:54.447, 2, 0 MiB, 81920 MiB, 0 %
2026/07/04 01:31:54.447, 3, 0 MiB, 81920 MiB, 0 %
2026/07/04 01:31:54.447, 4, 0 MiB, 81920 MiB, 0 %
2026/07/04 01:31:54.448, 5, 0 MiB, 81920 MiB, 0 %
2026/07/04 01:31:54.448, 6, 0 MiB, 81920 MiB, 0 %
2026/07/04 01:31:54.448, 7, 0 MiB, 81920 MiB, 0 %
2026/07/04 01:32:04.449, 0, 5951 MiB, 81920 MiB, 0 %
2026/07/04 01:32:04.450, 1, 0 MiB, 81920 MiB, 0 %
2026/07/04 01:32:04.450, 2, 0 MiB, 81920 MiB, 0 %
2026/07/04 01:32:04.451, 3, 0 MiB, 81920 MiB, 0 %
2026/07/04 01:32:04.451, 4, 0 MiB, 81920 MiB, 0 %
2026/07/04 01:32:04.451, 5, 0 MiB, 81920 MiB, 0 %
2026/07/04 01:32:04.451, 6, 0 MiB, 81920 MiB, 0 %
2026/07/04 01:32:04.452, 7, 0 MiB, 81920 MiB, 0 %
2026/07/04 01:32:14.453, 0, 5951 MiB, 81920 MiB, 0 %
2026/07/04 01:32:14.453, 1, 0 MiB, 81920 MiB, 0 %
2026/07/04 01:32:14.454, 2, 0 MiB, 81920 MiB, 0 %
2026/07/04 01:32:14.454, 3, 0 MiB, 81920 MiB, 0 %
2026/07/04 01:32:14.454, 4, 0 MiB, 81920 MiB, 0 %
2026/07/04 01:32:14.454, 5, 0 MiB, 81920 MiB, 0 %
2026/07/04 01:32:14.455, 6, 0 MiB, 81920 MiB, 0 %
2026/07/04 01:32:14.455, 7, 0 MiB, 81920 MiB, 0 %
2026/07/04 01:32:24.456, 0, 5951 MiB, 81920 MiB, 0 %
2026/07/04 01:32:24.457, 1, 0 MiB, 81920 MiB, 0 %
2026/07/04 01:32:24.457, 2, 0 MiB, 81920 MiB, 0 %
2026/07/04 01:32:24.457, 3, 0 MiB, 81920 MiB, 0 %
2026/07/04 01:32:24.457, 4, 0 MiB, 81920 MiB, 0 %
2026/07/04 01:32:24.458, 5, 0 MiB, 81920 MiB, 0 %
2026/07/04 01:32:24.458, 6, 0 MiB, 81920 MiB, 0 %
2026/07/04 01:32:24.458, 7, 0 MiB, 81920 MiB, 0 %
2026/07/04 01:32:34.459, 0, 5951 MiB, 81920 MiB, 0 %
2026/07/04 01:32:34.460, 1, 0 MiB, 81920 MiB, 0 %
2026/07/04 01:32:34.460, 2, 0 MiB, 81920 MiB, 0 %
2026/07/04 01:32:34.460, 3, 0 MiB, 81920 MiB, 0 %
2026/07/04 01:32:34.461, 4, 0 MiB, 81920 MiB, 0 %
2026/07/04 01:32:34.461, 5, 0 MiB, 81920 MiB, 0 %
2026/07/04 01:32:34.461, 6, 0 MiB, 81920 MiB, 0 %
2026/07/04 01:32:34.461, 7, 0 MiB, 81920 MiB, 0 %
2026/07/04 01:32:44.463, 0, 5951 MiB, 81920 MiB, 0 %
2026/07/04 01:32:44.463, 1, 0 MiB, 81920 MiB, 0 %
2026/07/04 01:32:44.463, 2, 0 MiB, 81920 MiB, 0 %
2026/07/04 01:32:44.464, 3, 0 MiB, 81920 MiB, 0 %
2026/07/04 01:32:44.464, 4, 0 MiB, 81920 MiB, 0 %
2026/07/04 01:32:44.464, 5, 0 MiB, 81920 MiB, 0 %
2026/07/04 01:32:44.464, 6, 0 MiB, 81920 MiB, 0 %
2026/07/04 01:32:44.465, 7, 0 MiB, 81920 MiB, 0 %
2026/07/04 01:32:54.466, 0, 5951 MiB, 81920 MiB, 0 %
2026/07/04 01:32:54.466, 1, 0 MiB, 81920 MiB, 0 %
2026/07/04 01:32:54.467, 2, 0 MiB, 81920 MiB, 0 %
2026/07/04 01:32:54.467, 3, 0 MiB, 81920 MiB, 0 %
2026/07/04 01:32:54.467, 4, 0 MiB, 81920 MiB, 0 %
2026/07/04 01:32:54.468, 5, 0 MiB, 81920 MiB, 0 %
2026/07/04 01:32:54.468, 6, 0 MiB, 81920 MiB, 0 %
2026/07/04 01:32:54.468, 7, 0 MiB, 81920 MiB, 0 %
2026/07/04 01:33:04.468, 0, 5951 MiB, 81920 MiB, 0 %
2026/07/04 01:33:04.469, 1, 0 MiB, 81920 MiB, 0 %
2026/07/04 01:33:04.469, 2, 0 MiB, 81920 MiB, 0 %
2026/07/04 01:33:04.470, 3, 0 MiB, 81920 MiB, 0 %
2026/07/04 01:33:04.470, 4, 0 MiB, 81920 MiB, 0 %
2026/07/04 01:33:04.470, 5, 0 MiB, 81920 MiB, 0 %
2026/07/04 01:33:04.470, 6, 0 MiB, 81920 MiB, 0 %
2026/07/04 01:33:04.471, 7, 0 MiB, 81920 MiB, 0 %
2026/07/04 01:33:14.471, 0, 5951 MiB, 81920 MiB, 0 %
2026/07/04 01:33:14.472, 1, 0 MiB, 81920 MiB, 0 %
2026/07/04 01:33:14.472, 2, 0 MiB, 81920 MiB, 0 %
2026/07/04 01:33:14.472, 3, 0 MiB, 81920 MiB, 0 %
2026/07/04 01:33:14.473, 4, 0 MiB, 81920 MiB, 0 %
2026/07/04 01:33:14.473, 5, 0 MiB, 81920 MiB, 0 %
2026/07/04 01:33:14.473, 6, 0 MiB, 81920 MiB, 0 %
2026/07/04 01:33:14.473, 7, 0 MiB, 81920 MiB, 0 %
2026/07/04 01:33:24.474, 0, 5951 MiB, 81920 MiB, 0 %
2026/07/04 01:33:24.474, 1, 0 MiB, 81920 MiB, 0 %
2026/07/04 01:33:24.475, 2, 0 MiB, 81920 MiB, 0 %
2026/07/04 01:33:24.475, 3, 0 MiB, 81920 MiB, 0 %
2026/07/04 01:33:24.475, 4, 0 MiB, 81920 MiB, 0 %
2026/07/04 01:33:24.475, 5, 0 MiB, 81920 MiB, 0 %
2026/07/04 01:33:24.476, 6, 0 MiB, 81920 MiB, 0 %
2026/07/04 01:33:24.476, 7, 0 MiB, 81920 MiB, 0 %
2026/07/04 01:33:34.476, 0, 5951 MiB, 81920 MiB, 0 %
2026/07/04 01:33:34.477, 1, 0 MiB, 81920 MiB, 0 %
2026/07/04 01:33:34.477, 2, 0 MiB, 81920 MiB, 0 %
2026/07/04 01:33:34.477, 3, 0 MiB, 81920 MiB, 0 %
2026/07/04 01:33:34.478, 4, 0 MiB, 81920 MiB, 0 %
2026/07/04 01:33:34.478, 5, 0 MiB, 81920 MiB, 0 %
2026/07/04 01:33:34.478, 6, 0 MiB, 81920 MiB, 0 %
2026/07/04 01:33:34.478, 7, 0 MiB, 81920 MiB, 0 %
2026/07/04 01:33:44.479, 0, 5951 MiB, 81920 MiB, 0 %
2026/07/04 01:33:44.479, 1, 0 MiB, 81920 MiB, 0 %
2026/07/04 01:33:44.480, 2, 0 MiB, 81920 MiB, 0 %
2026/07/04 01:33:44.480, 3, 0 MiB, 81920 MiB, 0 %
2026/07/04 01:33:44.480, 4, 0 MiB, 81920 MiB, 0 %
2026/07/04 01:33:44.480, 5, 0 MiB, 81920 MiB, 0 %
2026/07/04 01:33:44.481, 6, 0 MiB, 81920 MiB, 0 %
2026/07/04 01:33:44.481, 7, 0 MiB, 81920 MiB, 0 %
2026/07/04 01:33:54.482, 0, 5951 MiB, 81920 MiB, 55 %
2026/07/04 01:33:54.482, 1, 0 MiB, 81920 MiB, 0 %
2026/07/04 01:33:54.483, 2, 0 MiB, 81920 MiB, 0 %
2026/07/04 01:33:54.483, 3, 0 MiB, 81920 MiB, 0 %
2026/07/04 01:33:54.483, 4, 0 MiB, 81920 MiB, 0 %
2026/07/04 01:33:54.483, 5, 0 MiB, 81920 MiB, 0 %
2026/07/04 01:33:54.484, 6, 0 MiB, 81920 MiB, 0 %
2026/07/04 01:33:54.484, 7, 0 MiB, 81920 MiB, 0 %
2026/07/04 01:34:04.485, 0, 5951 MiB, 81920 MiB, 53 %
2026/07/04 01:34:04.485, 1, 0 MiB, 81920 MiB, 0 %
2026/07/04 01:34:04.485, 2, 0 MiB, 81920 MiB, 0 %
2026/07/04 01:34:04.486, 3, 0 MiB, 81920 MiB, 0 %
2026/07/04 01:34:04.486, 4, 0 MiB, 81920 MiB, 0 %
2026/07/04 01:34:04.486, 5, 0 MiB, 81920 MiB, 0 %
2026/07/04 01:34:04.486, 6, 0 MiB, 81920 MiB, 0 %
2026/07/04 01:34:04.487, 7, 0 MiB, 81920 MiB, 0 %
2026/07/04 01:34:14.487, 0, 5951 MiB, 81920 MiB, 0 %
2026/07/04 01:34:14.488, 1, 0 MiB, 81920 MiB, 0 %
2026/07/04 01:34:14.488, 2, 0 MiB, 81920 MiB, 0 %
2026/07/04 01:34:14.488, 3, 0 MiB, 81920 MiB, 0 %
2026/07/04 01:34:14.488, 4, 0 MiB, 81920 MiB, 0 %
2026/07/04 01:34:14.489, 5, 0 MiB, 81920 MiB, 0 %
2026/07/04 01:34:14.489, 6, 0 MiB, 81920 MiB, 0 %
2026/07/04 01:34:14.489, 7, 0 MiB, 81920 MiB, 0 %
2026/07/04 01:34:24.490, 0, 5951 MiB, 81920 MiB, 0 %
2026/07/04 01:34:24.490, 1, 0 MiB, 81920 MiB, 0 %
2026/07/04 01:34:24.490, 2, 0 MiB, 81920 MiB, 0 %
2026/07/04 01:34:24.491, 3, 0 MiB, 81920 MiB, 0 %
2026/07/04 01:34:24.491, 4, 0 MiB, 81920 MiB, 0 %
2026/07/04 01:34:24.491, 5, 0 MiB, 81920 MiB, 0 %
2026/07/04 01:34:24.491, 6, 0 MiB, 81920 MiB, 0 %
2026/07/04 01:34:24.492, 7, 0 MiB, 81920 MiB, 0 %
2026/07/04 01:34:34.492, 0, 5951 MiB, 81920 MiB, 0 %
2026/07/04 01:34:34.493, 1, 0 MiB, 81920 MiB, 0 %
2026/07/04 01:34:34.493, 2, 0 MiB, 81920 MiB, 0 %
2026/07/04 01:34:34.493, 3, 0 MiB, 81920 MiB, 0 %
2026/07/04 01:34:34.494, 4, 0 MiB, 81920 MiB, 0 %
2026/07/04 01:34:34.494, 5, 0 MiB, 81920 MiB, 0 %
2026/07/04 01:34:34.494, 6, 0 MiB, 81920 MiB, 0 %
2026/07/04 01:34:34.495, 7, 0 MiB, 81920 MiB, 0 %
2026/07/04 01:34:44.495, 0, 5951 MiB, 81920 MiB, 0 %
2026/07/04 01:34:44.496, 1, 0 MiB, 81920 MiB, 0 %
2026/07/04 01:34:44.496, 2, 0 MiB, 81920 MiB, 0 %
2026/07/04 01:34:44.496, 3, 0 MiB, 81920 MiB, 0 %
2026/07/04 01:34:44.496, 4, 0 MiB, 81920 MiB, 0 %
2026/07/04 01:34:44.497, 5, 0 MiB, 81920 MiB, 0 %
2026/07/04 01:34:44.497, 6, 0 MiB, 81920 MiB, 0 %
2026/07/04 01:34:44.497, 7, 0 MiB, 81920 MiB, 0 %
2026/07/04 01:34:54.498, 0, 5951 MiB, 81920 MiB, 0 %
2026/07/04 01:34:54.498, 1, 0 MiB, 81920 MiB, 0 %
2026/07/04 01:34:54.499, 2, 0 MiB, 81920 MiB, 0 %
2026/07/04 01:34:54.499, 3, 0 MiB, 81920 MiB, 0 %
2026/07/04 01:34:54.499, 4, 0 MiB, 81920 MiB, 0 %
2026/07/04 01:34:54.499, 5, 0 MiB, 81920 MiB, 0 %
2026/07/04 01:34:54.500, 6, 0 MiB, 81920 MiB, 0 %
2026/07/04 01:34:54.500, 7, 0 MiB, 81920 MiB, 0 %
2026/07/04 01:35:04.501, 0, 5951 MiB, 81920 MiB, 0 %
2026/07/04 01:35:04.502, 1, 0 MiB, 81920 MiB, 0 %
2026/07/04 01:35:04.502, 2, 0 MiB, 81920 MiB, 0 %
2026/07/04 01:35:04.502, 3, 0 MiB, 81920 MiB, 0 %
2026/07/04 01:35:04.502, 4, 0 MiB, 81920 MiB, 0 %
2026/07/04 01:35:04.503, 5, 0 MiB, 81920 MiB, 0 %
2026/07/04 01:35:04.503, 6, 0 MiB, 81920 MiB, 0 %
2026/07/04 01:35:04.503, 7, 0 MiB, 81920 MiB, 0 %
2026/07/04 01:35:14.504, 0, 5951 MiB, 81920 MiB, 0 %
2026/07/04 01:35:14.505, 1, 0 MiB, 81920 MiB, 0 %
2026/07/04 01:35:14.505, 2, 0 MiB, 81920 MiB, 0 %
2026/07/04 01:35:14.505, 3, 0 MiB, 81920 MiB, 0 %
2026/07/04 01:35:14.505, 4, 0 MiB, 81920 MiB, 0 %
2026/07/04 01:35:14.506, 5, 0 MiB, 81920 MiB, 0 %
2026/07/04 01:35:14.506, 6, 0 MiB, 81920 MiB, 0 %
2026/07/04 01:35:14.506, 7, 0 MiB, 81920 MiB, 0 %
2026/07/04 01:35:24.507, 0, 5951 MiB, 81920 MiB, 0 %
2026/07/04 01:35:24.507, 1, 0 MiB, 81920 MiB, 0 %
2026/07/04 01:35:24.508, 2, 0 MiB, 81920 MiB, 0 %
2026/07/04 01:35:24.508, 3, 0 MiB, 81920 MiB, 0 %
2026/07/04 01:35:24.508, 4, 0 MiB, 81920 MiB, 0 %
2026/07/04 01:35:24.508, 5, 0 MiB, 81920 MiB, 0 %
2026/07/04 01:35:24.509, 6, 0 MiB, 81920 MiB, 0 %
2026/07/04 01:35:24.509, 7, 0 MiB, 81920 MiB, 0 %
2026/07/04 01:35:34.509, 0, 5951 MiB, 81920 MiB, 0 %
2026/07/04 01:35:34.510, 1, 0 MiB, 81920 MiB, 0 %
2026/07/04 01:35:34.510, 2, 0 MiB, 81920 MiB, 0 %
2026/07/04 01:35:34.510, 3, 0 MiB, 81920 MiB, 0 %
2026/07/04 01:35:34.511, 4, 0 MiB, 81920 MiB, 0 %
2026/07/04 01:35:34.511, 5, 0 MiB, 81920 MiB, 0 %
2026/07/04 01:35:34.511, 6, 0 MiB, 81920 MiB, 0 %
2026/07/04 01:35:34.512, 7, 0 MiB, 81920 MiB, 0 %
2026/07/04 01:35:44.513, 0, 5951 MiB, 81920 MiB, 0 %
2026/07/04 01:35:44.513, 1, 0 MiB, 81920 MiB, 0 %
2026/07/04 01:35:44.514, 2, 0 MiB, 81920 MiB, 0 %
2026/07/04 01:35:44.514, 3, 0 MiB, 81920 MiB, 0 %
2026/07/04 01:35:44.514, 4, 0 MiB, 81920 MiB, 0 %
2026/07/04 01:35:44.514, 5, 0 MiB, 81920 MiB, 0 %
2026/07/04 01:35:44.515, 6, 0 MiB, 81920 MiB, 0 %
2026/07/04 01:35:44.515, 7, 0 MiB, 81920 MiB, 0 %
2026/07/04 01:35:54.515, 0, 5951 MiB, 81920 MiB, 0 %
2026/07/04 01:35:54.516, 1, 0 MiB, 81920 MiB, 0 %
2026/07/04 01:35:54.516, 2, 0 MiB, 81920 MiB, 0 %
2026/07/04 01:35:54.516, 3, 0 MiB, 81920 MiB, 0 %
2026/07/04 01:35:54.517, 4, 0 MiB, 81920 MiB, 0 %
2026/07/04 01:35:54.517, 5, 0 MiB, 81920 MiB, 0 %
2026/07/04 01:35:54.517, 6, 0 MiB, 81920 MiB, 0 %
2026/07/04 01:35:54.517, 7, 0 MiB, 81920 MiB, 0 %
2026/07/04 01:36:04.518, 0, 5951 MiB, 81920 MiB, 0 %
2026/07/04 01:36:04.519, 1, 0 MiB, 81920 MiB, 0 %
2026/07/04 01:36:04.519, 2, 0 MiB, 81920 MiB, 0 %
2026/07/04 01:36:04.519, 3, 0 MiB, 81920 MiB, 0 %
2026/07/04 01:36:04.519, 4, 0 MiB, 81920 MiB, 0 %
2026/07/04 01:36:04.520, 5, 0 MiB, 81920 MiB, 0 %
2026/07/04 01:36:04.520, 6, 0 MiB, 81920 MiB, 0 %
2026/07/04 01:36:04.520, 7, 0 MiB, 81920 MiB, 0 %
2026/07/04 01:36:14.521, 0, 5951 MiB, 81920 MiB, 0 %
2026/07/04 01:36:14.521, 1, 0 MiB, 81920 MiB, 0 %
2026/07/04 01:36:14.521, 2, 0 MiB, 81920 MiB, 0 %
2026/07/04 01:36:14.522, 3, 0 MiB, 81920 MiB, 0 %
2026/07/04 01:36:14.522, 4, 0 MiB, 81920 MiB, 0 %
2026/07/04 01:36:14.522, 5, 0 MiB, 81920 MiB, 0 %
2026/07/04 01:36:14.523, 6, 0 MiB, 81920 MiB, 0 %
2026/07/04 01:36:14.523, 7, 0 MiB, 81920 MiB, 0 %
2026/07/04 01:36:24.523, 0, 5951 MiB, 81920 MiB, 0 %
2026/07/04 01:36:24.524, 1, 0 MiB, 81920 MiB, 0 %
2026/07/04 01:36:24.524, 2, 0 MiB, 81920 MiB, 0 %
2026/07/04 01:36:24.524, 3, 0 MiB, 81920 MiB, 0 %
2026/07/04 01:36:24.524, 4, 0 MiB, 81920 MiB, 0 %
2026/07/04 01:36:24.525, 5, 0 MiB, 81920 MiB, 0 %
2026/07/04 01:36:24.525, 6, 0 MiB, 81920 MiB, 0 %
2026/07/04 01:36:24.525, 7, 0 MiB, 81920 MiB, 0 %
2026/07/04 01:36:34.526, 0, 5951 MiB, 81920 MiB, 0 %
2026/07/04 01:36:34.526, 1, 0 MiB, 81920 MiB, 0 %
2026/07/04 01:36:34.526, 2, 0 MiB, 81920 MiB, 0 %
2026/07/04 01:36:34.527, 3, 0 MiB, 81920 MiB, 0 %
2026/07/04 01:36:34.527, 4, 0 MiB, 81920 MiB, 0 %
2026/07/04 01:36:34.527, 5, 0 MiB, 81920 MiB, 0 %
2026/07/04 01:36:34.528, 6, 0 MiB, 81920 MiB, 0 %
2026/07/04 01:36:34.528, 7, 0 MiB, 81920 MiB, 0 %
2026/07/04 01:36:44.529, 0, 5951 MiB, 81920 MiB, 0 %
2026/07/04 01:36:44.529, 1, 0 MiB, 81920 MiB, 0 %
2026/07/04 01:36:44.529, 2, 0 MiB, 81920 MiB, 0 %
2026/07/04 01:36:44.530, 3, 0 MiB, 81920 MiB, 0 %
2026/07/04 01:36:44.530, 4, 0 MiB, 81920 MiB, 0 %
2026/07/04 01:36:44.530, 5, 0 MiB, 81920 MiB, 0 %
2026/07/04 01:36:44.530, 6, 0 MiB, 81920 MiB, 0 %
2026/07/04 01:36:44.531, 7, 0 MiB, 81920 MiB, 0 %
2026/07/04 01:36:54.531, 0, 5951 MiB, 81920 MiB, 0 %
2026/07/04 01:36:54.532, 1, 0 MiB, 81920 MiB, 0 %
2026/07/04 01:36:54.532, 2, 0 MiB, 81920 MiB, 0 %
2026/07/04 01:36:54.532, 3, 0 MiB, 81920 MiB, 0 %
2026/07/04 01:36:54.533, 4, 0 MiB, 81920 MiB, 0 %
2026/07/04 01:36:54.533, 5, 0 MiB, 81920 MiB, 0 %
2026/07/04 01:36:54.533, 6, 0 MiB, 81920 MiB, 0 %
2026/07/04 01:36:54.534, 7, 0 MiB, 81920 MiB, 0 %
2026/07/04 01:37:04.534, 0, 5951 MiB, 81920 MiB, 0 %
2026/07/04 01:37:04.535, 1, 0 MiB, 81920 MiB, 0 %
2026/07/04 01:37:04.535, 2, 0 MiB, 81920 MiB, 0 %
2026/07/04 01:37:04.535, 3, 0 MiB, 81920 MiB, 0 %
2026/07/04 01:37:04.535, 4, 0 MiB, 81920 MiB, 0 %
2026/07/04 01:37:04.536, 5, 0 MiB, 81920 MiB, 0 %
2026/07/04 01:37:04.536, 6, 0 MiB, 81920 MiB, 0 %
2026/07/04 01:37:04.536, 7, 0 MiB, 81920 MiB, 0 %
2026/07/04 01:37:14.537, 0, 5951 MiB, 81920 MiB, 0 %
2026/07/04 01:37:14.538, 1, 0 MiB, 81920 MiB, 0 %
2026/07/04 01:37:14.538, 2, 0 MiB, 81920 MiB, 0 %
2026/07/04 01:37:14.538, 3, 0 MiB, 81920 MiB, 0 %
2026/07/04 01:37:14.539, 4, 0 MiB, 81920 MiB, 0 %
2026/07/04 01:37:14.539, 5, 0 MiB, 81920 MiB, 0 %
2026/07/04 01:37:14.539, 6, 0 MiB, 81920 MiB, 0 %
2026/07/04 01:37:14.539, 7, 0 MiB, 81920 MiB, 0 %
2026/07/04 01:37:24.540, 0, 5951 MiB, 81920 MiB, 0 %
2026/07/04 01:37:24.541, 1, 0 MiB, 81920 MiB, 0 %
2026/07/04 01:37:24.541, 2, 0 MiB, 81920 MiB, 0 %
2026/07/04 01:37:24.541, 3, 0 MiB, 81920 MiB, 0 %
2026/07/04 01:37:24.541, 4, 0 MiB, 81920 MiB, 0 %
2026/07/04 01:37:24.542, 5, 0 MiB, 81920 MiB, 0 %
2026/07/04 01:37:24.542, 6, 0 MiB, 81920 MiB, 0 %
2026/07/04 01:37:24.542, 7, 0 MiB, 81920 MiB, 0 %
2026/07/04 01:37:34.543, 0, 5951 MiB, 81920 MiB, 0 %
2026/07/04 01:37:34.543, 1, 0 MiB, 81920 MiB, 0 %
2026/07/04 01:37:34.544, 2, 0 MiB, 81920 MiB, 0 %
2026/07/04 01:37:34.544, 3, 0 MiB, 81920 MiB, 0 %
2026/07/04 01:37:34.544, 4, 0 MiB, 81920 MiB, 0 %
2026/07/04 01:37:34.544, 5, 0 MiB, 81920 MiB, 0 %
2026/07/04 01:37:34.545, 6, 0 MiB, 81920 MiB, 0 %
2026/07/04 01:37:34.545, 7, 0 MiB, 81920 MiB, 0 %
2026/07/04 01:37:44.545, 0, 5951 MiB, 81920 MiB, 0 %
2026/07/04 01:37:44.546, 1, 0 MiB, 81920 MiB, 0 %
2026/07/04 01:37:44.546, 2, 0 MiB, 81920 MiB, 0 %
2026/07/04 01:37:44.546, 3, 0 MiB, 81920 MiB, 0 %
2026/07/04 01:37:44.547, 4, 0 MiB, 81920 MiB, 0 %
2026/07/04 01:37:44.547, 5, 0 MiB, 81920 MiB, 0 %
2026/07/04 01:37:44.547, 6, 0 MiB, 81920 MiB, 0 %
2026/07/04 01:37:44.547, 7, 0 MiB, 81920 MiB, 0 %
2026/07/04 01:37:54.548, 0, 5951 MiB, 81920 MiB, 0 %
2026/07/04 01:37:54.548, 1, 0 MiB, 81920 MiB, 0 %
2026/07/04 01:37:54.549, 2, 0 MiB, 81920 MiB, 0 %
2026/07/04 01:37:54.549, 3, 0 MiB, 81920 MiB, 0 %
2026/07/04 01:37:54.549, 4, 0 MiB, 81920 MiB, 0 %
2026/07/04 01:37:54.549, 5, 0 MiB, 81920 MiB, 0 %
2026/07/04 01:37:54.550, 6, 0 MiB, 81920 MiB, 0 %
2026/07/04 01:37:54.550, 7, 0 MiB, 81920 MiB, 0 %
2026/07/04 01:38:04.550, 0, 5951 MiB, 81920 MiB, 0 %
2026/07/04 01:38:04.551, 1, 0 MiB, 81920 MiB, 0 %
2026/07/04 01:38:04.551, 2, 0 MiB, 81920 MiB, 0 %
2026/07/04 01:38:04.551, 3, 0 MiB, 81920 MiB, 0 %
2026/07/04 01:38:04.552, 4, 0 MiB, 81920 MiB, 0 %
2026/07/04 01:38:04.552, 5, 0 MiB, 81920 MiB, 0 %
2026/07/04 01:38:04.552, 6, 0 MiB, 81920 MiB, 0 %
2026/07/04 01:38:04.553, 7, 0 MiB, 81920 MiB, 0 %
2026/07/04 01:38:14.553, 0, 5951 MiB, 81920 MiB, 0 %
2026/07/04 01:38:14.554, 1, 0 MiB, 81920 MiB, 0 %
2026/07/04 01:38:14.554, 2, 0 MiB, 81920 MiB, 0 %
2026/07/04 01:38:14.554, 3, 0 MiB, 81920 MiB, 0 %
2026/07/04 01:38:14.555, 4, 0 MiB, 81920 MiB, 0 %
2026/07/04 01:38:14.555, 5, 0 MiB, 81920 MiB, 0 %
2026/07/04 01:38:14.555, 6, 0 MiB, 81920 MiB, 0 %
2026/07/04 01:38:14.555, 7, 0 MiB, 81920 MiB, 0 %
2026/07/04 01:38:24.556, 0, 5951 MiB, 81920 MiB, 0 %
2026/07/04 01:38:24.556, 1, 0 MiB, 81920 MiB, 0 %
2026/07/04 01:38:24.557, 2, 0 MiB, 81920 MiB, 0 %
2026/07/04 01:38:24.557, 3, 0 MiB, 81920 MiB, 0 %
2026/07/04 01:38:24.557, 4, 0 MiB, 81920 MiB, 0 %
2026/07/04 01:38:24.557, 5, 0 MiB, 81920 MiB, 0 %
2026/07/04 01:38:24.558, 6, 0 MiB, 81920 MiB, 0 %
2026/07/04 01:38:24.558, 7, 0 MiB, 81920 MiB, 0 %
2026/07/04 01:38:34.558, 0, 5951 MiB, 81920 MiB, 0 %
2026/07/04 01:38:34.559, 1, 0 MiB, 81920 MiB, 0 %
2026/07/04 01:38:34.559, 2, 0 MiB, 81920 MiB, 0 %
2026/07/04 01:38:34.560, 3, 0 MiB, 81920 MiB, 0 %
2026/07/04 01:38:34.560, 4, 0 MiB, 81920 MiB, 0 %
2026/07/04 01:38:34.560, 5, 0 MiB, 81920 MiB, 0 %
2026/07/04 01:38:34.560, 6, 0 MiB, 81920 MiB, 0 %
2026/07/04 01:38:34.561, 7, 0 MiB, 81920 MiB, 0 %
2026/07/04 01:38:44.561, 0, 5951 MiB, 81920 MiB, 0 %
2026/07/04 01:38:44.562, 1, 0 MiB, 81920 MiB, 0 %
2026/07/04 01:38:44.562, 2, 0 MiB, 81920 MiB, 0 %
2026/07/04 01:38:44.562, 3, 0 MiB, 81920 MiB, 0 %
2026/07/04 01:38:44.562, 4, 0 MiB, 81920 MiB, 0 %
2026/07/04 01:38:44.563, 5, 0 MiB, 81920 MiB, 0 %
2026/07/04 01:38:44.563, 6, 0 MiB, 81920 MiB, 0 %
2026/07/04 01:38:44.563, 7, 0 MiB, 81920 MiB, 0 %
2026/07/04 01:38:54.564, 0, 5951 MiB, 81920 MiB, 0 %
2026/07/04 01:38:54.564, 1, 0 MiB, 81920 MiB, 0 %
2026/07/04 01:38:54.565, 2, 0 MiB, 81920 MiB, 0 %
2026/07/04 01:38:54.565, 3, 0 MiB, 81920 MiB, 0 %
2026/07/04 01:38:54.565, 4, 0 MiB, 81920 MiB, 0 %
2026/07/04 01:38:54.566, 5, 0 MiB, 81920 MiB, 0 %
2026/07/04 01:38:54.566, 6, 0 MiB, 81920 MiB, 0 %
2026/07/04 01:38:54.566, 7, 0 MiB, 81920 MiB, 0 %
2026/07/04 01:39:04.567, 0, 5951 MiB, 81920 MiB, 0 %
2026/07/04 01:39:04.567, 1, 0 MiB, 81920 MiB, 0 %
2026/07/04 01:39:04.568, 2, 0 MiB, 81920 MiB, 0 %
2026/07/04 01:39:04.568, 3, 0 MiB, 81920 MiB, 0 %
2026/07/04 01:39:04.568, 4, 0 MiB, 81920 MiB, 0 %
2026/07/04 01:39:04.568, 5, 0 MiB, 81920 MiB, 0 %
2026/07/04 01:39:04.569, 6, 0 MiB, 81920 MiB, 0 %
2026/07/04 01:39:04.569, 7, 0 MiB, 81920 MiB, 0 %
2026/07/04 01:39:14.569, 0, 5951 MiB, 81920 MiB, 0 %
2026/07/04 01:39:14.570, 1, 0 MiB, 81920 MiB, 0 %
2026/07/04 01:39:14.570, 2, 0 MiB, 81920 MiB, 0 %
2026/07/04 01:39:14.570, 3, 0 MiB, 81920 MiB, 0 %
2026/07/04 01:39:14.571, 4, 0 MiB, 81920 MiB, 0 %
2026/07/04 01:39:14.571, 5, 0 MiB, 81920 MiB, 0 %
2026/07/04 01:39:14.571, 6, 0 MiB, 81920 MiB, 0 %
2026/07/04 01:39:14.571, 7, 0 MiB, 81920 MiB, 0 %
2026/07/04 01:39:24.573, 0, 5951 MiB, 81920 MiB, 0 %
2026/07/04 01:39:24.573, 1, 0 MiB, 81920 MiB, 0 %
2026/07/04 01:39:24.574, 2, 0 MiB, 81920 MiB, 0 %
2026/07/04 01:39:24.574, 3, 0 MiB, 81920 MiB, 0 %
2026/07/04 01:39:24.574, 4, 0 MiB, 81920 MiB, 0 %
2026/07/04 01:39:24.574, 5, 0 MiB, 81920 MiB, 0 %
2026/07/04 01:39:24.575, 6, 0 MiB, 81920 MiB, 0 %
2026/07/04 01:39:24.575, 7, 0 MiB, 81920 MiB, 0 %
2026/07/04 01:39:34.576, 0, 5951 MiB, 81920 MiB, 0 %
2026/07/04 01:39:34.576, 1, 0 MiB, 81920 MiB, 0 %
2026/07/04 01:39:34.577, 2, 0 MiB, 81920 MiB, 0 %
2026/07/04 01:39:34.577, 3, 0 MiB, 81920 MiB, 0 %
2026/07/04 01:39:34.577, 4, 0 MiB, 81920 MiB, 0 %
2026/07/04 01:39:34.577, 5, 0 MiB, 81920 MiB, 0 %
2026/07/04 01:39:34.578, 6, 0 MiB, 81920 MiB, 0 %
2026/07/04 01:39:34.578, 7, 0 MiB, 81920 MiB, 0 %
2026/07/04 01:39:44.579, 0, 5951 MiB, 81920 MiB, 0 %
2026/07/04 01:39:44.579, 1, 0 MiB, 81920 MiB, 0 %
2026/07/04 01:39:44.580, 2, 0 MiB, 81920 MiB, 0 %
2026/07/04 01:39:44.580, 3, 0 MiB, 81920 MiB, 0 %
2026/07/04 01:39:44.580, 4, 0 MiB, 81920 MiB, 0 %
2026/07/04 01:39:44.580, 5, 0 MiB, 81920 MiB, 0 %
2026/07/04 01:39:44.581, 6, 0 MiB, 81920 MiB, 0 %
2026/07/04 01:39:44.581, 7, 0 MiB, 81920 MiB, 0 %
2026/07/04 01:39:54.581, 0, 5951 MiB, 81920 MiB, 0 %
2026/07/04 01:39:54.582, 1, 0 MiB, 81920 MiB, 0 %
2026/07/04 01:39:54.582, 2, 0 MiB, 81920 MiB, 0 %
2026/07/04 01:39:54.582, 3, 0 MiB, 81920 MiB, 0 %
2026/07/04 01:39:54.583, 4, 0 MiB, 81920 MiB, 0 %
2026/07/04 01:39:54.583, 5, 0 MiB, 81920 MiB, 0 %
2026/07/04 01:39:54.583, 6, 0 MiB, 81920 MiB, 0 %
2026/07/04 01:39:54.584, 7, 0 MiB, 81920 MiB, 0 %
2026/07/04 01:40:04.584, 0, 5951 MiB, 81920 MiB, 0 %
2026/07/04 01:40:04.584, 1, 0 MiB, 81920 MiB, 0 %
2026/07/04 01:40:04.585, 2, 0 MiB, 81920 MiB, 0 %
2026/07/04 01:40:04.585, 3, 0 MiB, 81920 MiB, 0 %
2026/07/04 01:40:04.585, 4, 0 MiB, 81920 MiB, 0 %
2026/07/04 01:40:04.585, 5, 0 MiB, 81920 MiB, 0 %
2026/07/04 01:40:04.586, 6, 0 MiB, 81920 MiB, 0 %
2026/07/04 01:40:04.586, 7, 0 MiB, 81920 MiB, 0 %
2026/07/04 01:40:14.587, 0, 5951 MiB, 81920 MiB, 53 %
2026/07/04 01:40:14.587, 1, 0 MiB, 81920 MiB, 0 %
2026/07/04 01:40:14.587, 2, 0 MiB, 81920 MiB, 0 %
2026/07/04 01:40:14.588, 3, 0 MiB, 81920 MiB, 0 %
2026/07/04 01:40:14.588, 4, 0 MiB, 81920 MiB, 0 %
2026/07/04 01:40:14.588, 5, 0 MiB, 81920 MiB, 0 %
2026/07/04 01:40:14.588, 6, 0 MiB, 81920 MiB, 0 %
2026/07/04 01:40:14.589, 7, 0 MiB, 81920 MiB, 0 %
2026/07/04 01:40:24.589, 0, 5951 MiB, 81920 MiB, 0 %
2026/07/04 01:40:24.590, 1, 0 MiB, 81920 MiB, 0 %
2026/07/04 01:40:24.590, 2, 0 MiB, 81920 MiB, 0 %
2026/07/04 01:40:24.590, 3, 0 MiB, 81920 MiB, 0 %
2026/07/04 01:40:24.591, 4, 0 MiB, 81920 MiB, 0 %
2026/07/04 01:40:24.591, 5, 0 MiB, 81920 MiB, 0 %
2026/07/04 01:40:24.591, 6, 0 MiB, 81920 MiB, 0 %
2026/07/04 01:40:24.591, 7, 0 MiB, 81920 MiB, 0 %
2026/07/04 01:40:34.592, 0, 5951 MiB, 81920 MiB, 0 %
2026/07/04 01:40:34.592, 1, 0 MiB, 81920 MiB, 0 %
2026/07/04 01:40:34.593, 2, 0 MiB, 81920 MiB, 0 %
2026/07/04 01:40:34.593, 3, 0 MiB, 81920 MiB, 0 %
2026/07/04 01:40:34.593, 4, 0 MiB, 81920 MiB, 0 %
2026/07/04 01:40:34.594, 5, 0 MiB, 81920 MiB, 0 %
2026/07/04 01:40:34.594, 6, 0 MiB, 81920 MiB, 0 %
2026/07/04 01:40:34.594, 7, 0 MiB, 81920 MiB, 0 %
2026/07/04 01:40:44.595, 0, 5951 MiB, 81920 MiB, 0 %
2026/07/04 01:40:44.595, 1, 0 MiB, 81920 MiB, 0 %
2026/07/04 01:40:44.595, 2, 0 MiB, 81920 MiB, 0 %
2026/07/04 01:40:44.596, 3, 0 MiB, 81920 MiB, 0 %
2026/07/04 01:40:44.596, 4, 0 MiB, 81920 MiB, 0 %
2026/07/04 01:40:44.596, 5, 0 MiB, 81920 MiB, 0 %
2026/07/04 01:40:44.596, 6, 0 MiB, 81920 MiB, 0 %
2026/07/04 01:40:44.597, 7, 0 MiB, 81920 MiB, 0 %
2026/07/04 01:40:54.597, 0, 5951 MiB, 81920 MiB, 0 %
2026/07/04 01:40:54.598, 1, 0 MiB, 81920 MiB, 0 %
2026/07/04 01:40:54.598, 2, 0 MiB, 81920 MiB, 0 %
2026/07/04 01:40:54.598, 3, 0 MiB, 81920 MiB, 0 %
2026/07/04 01:40:54.599, 4, 0 MiB, 81920 MiB, 0 %
2026/07/04 01:40:54.599, 5, 0 MiB, 81920 MiB, 0 %
2026/07/04 01:40:54.599, 6, 0 MiB, 81920 MiB, 0 %
2026/07/04 01:40:54.599, 7, 0 MiB, 81920 MiB, 0 %
2026/07/04 01:41:04.600, 0, 5951 MiB, 81920 MiB, 0 %
2026/07/04 01:41:04.601, 1, 0 MiB, 81920 MiB, 0 %
2026/07/04 01:41:04.601, 2, 0 MiB, 81920 MiB, 0 %
2026/07/04 01:41:04.601, 3, 0 MiB, 81920 MiB, 0 %
2026/07/04 01:41:04.601, 4, 0 MiB, 81920 MiB, 0 %
2026/07/04 01:41:04.602, 5, 0 MiB, 81920 MiB, 0 %
2026/07/04 01:41:04.602, 6, 0 MiB, 81920 MiB, 0 %
2026/07/04 01:41:04.602, 7, 0 MiB, 81920 MiB, 0 %
2026/07/04 01:41:14.603, 0, 5951 MiB, 81920 MiB, 0 %
2026/07/04 01:41:14.603, 1, 0 MiB, 81920 MiB, 0 %
2026/07/04 01:41:14.604, 2, 0 MiB, 81920 MiB, 0 %
2026/07/04 01:41:14.604, 3, 0 MiB, 81920 MiB, 0 %
2026/07/04 01:41:14.604, 4, 0 MiB, 81920 MiB, 0 %
2026/07/04 01:41:14.604, 5, 0 MiB, 81920 MiB, 0 %
2026/07/04 01:41:14.605, 6, 0 MiB, 81920 MiB, 0 %
2026/07/04 01:41:14.605, 7, 0 MiB, 81920 MiB, 0 %
2026/07/04 01:41:24.605, 0, 5951 MiB, 81920 MiB, 0 %
2026/07/04 01:41:24.606, 1, 0 MiB, 81920 MiB, 0 %
2026/07/04 01:41:24.606, 2, 0 MiB, 81920 MiB, 0 %
2026/07/04 01:41:24.606, 3, 0 MiB, 81920 MiB, 0 %
2026/07/04 01:41:24.607, 4, 0 MiB, 81920 MiB, 0 %
2026/07/04 01:41:24.607, 5, 0 MiB, 81920 MiB, 0 %
2026/07/04 01:41:24.607, 6, 0 MiB, 81920 MiB, 0 %
2026/07/04 01:41:24.607, 7, 0 MiB, 81920 MiB, 0 %
2026/07/04 01:41:34.609, 0, 5951 MiB, 81920 MiB, 0 %
2026/07/04 01:41:34.609, 1, 0 MiB, 81920 MiB, 0 %
2026/07/04 01:41:34.610, 2, 0 MiB, 81920 MiB, 0 %
2026/07/04 01:41:34.610, 3, 0 MiB, 81920 MiB, 0 %
2026/07/04 01:41:34.610, 4, 0 MiB, 81920 MiB, 0 %
2026/07/04 01:41:34.610, 5, 0 MiB, 81920 MiB, 0 %
2026/07/04 01:41:34.611, 6, 0 MiB, 81920 MiB, 0 %
2026/07/04 01:41:34.611, 7, 0 MiB, 81920 MiB, 0 %
2026/07/04 01:41:44.612, 0, 5951 MiB, 81920 MiB, 0 %
2026/07/04 01:41:44.612, 1, 0 MiB, 81920 MiB, 0 %
2026/07/04 01:41:44.613, 2, 0 MiB, 81920 MiB, 0 %
2026/07/04 01:41:44.613, 3, 0 MiB, 81920 MiB, 0 %
2026/07/04 01:41:44.613, 4, 0 MiB, 81920 MiB, 0 %
2026/07/04 01:41:44.613, 5, 0 MiB, 81920 MiB, 0 %
2026/07/04 01:41:44.614, 6, 0 MiB, 81920 MiB, 0 %
2026/07/04 01:41:44.614, 7, 0 MiB, 81920 MiB, 0 %
2026/07/04 01:41:54.614, 0, 5951 MiB, 81920 MiB, 0 %
2026/07/04 01:41:54.615, 1, 0 MiB, 81920 MiB, 0 %
2026/07/04 01:41:54.615, 2, 0 MiB, 81920 MiB, 0 %
2026/07/04 01:41:54.616, 3, 0 MiB, 81920 MiB, 0 %
2026/07/04 01:41:54.616, 4, 0 MiB, 81920 MiB, 0 %
2026/07/04 01:41:54.616, 5, 0 MiB, 81920 MiB, 0 %
2026/07/04 01:41:54.616, 6, 0 MiB, 81920 MiB, 0 %
2026/07/04 01:41:54.617, 7, 0 MiB, 81920 MiB, 0 %
2026/07/04 01:42:04.617, 0, 5951 MiB, 81920 MiB, 0 %
2026/07/04 01:42:04.618, 1, 0 MiB, 81920 MiB, 0 %
2026/07/04 01:42:04.618, 2, 0 MiB, 81920 MiB, 0 %
2026/07/04 01:42:04.618, 3, 0 MiB, 81920 MiB, 0 %
2026/07/04 01:42:04.619, 4, 0 MiB, 81920 MiB, 0 %
2026/07/04 01:42:04.619, 5, 0 MiB, 81920 MiB, 0 %
2026/07/04 01:42:04.619, 6, 0 MiB, 81920 MiB, 0 %
2026/07/04 01:42:04.619, 7, 0 MiB, 81920 MiB, 0 %
2026/07/04 01:42:14.620, 0, 5951 MiB, 81920 MiB, 0 %
2026/07/04 01:42:14.620, 1, 0 MiB, 81920 MiB, 0 %
2026/07/04 01:42:14.620, 2, 0 MiB, 81920 MiB, 0 %
2026/07/04 01:42:14.621, 3, 0 MiB, 81920 MiB, 0 %
2026/07/04 01:42:14.621, 4, 0 MiB, 81920 MiB, 0 %
2026/07/04 01:42:14.621, 5, 0 MiB, 81920 MiB, 0 %
2026/07/04 01:42:14.621, 6, 0 MiB, 81920 MiB, 0 %
2026/07/04 01:42:14.622, 7, 0 MiB, 81920 MiB, 0 %
2026/07/04 01:42:24.622, 0, 5951 MiB, 81920 MiB, 0 %
2026/07/04 01:42:24.623, 1, 0 MiB, 81920 MiB, 0 %
2026/07/04 01:42:24.623, 2, 0 MiB, 81920 MiB, 0 %
2026/07/04 01:42:24.623, 3, 0 MiB, 81920 MiB, 0 %
2026/07/04 01:42:24.624, 4, 0 MiB, 81920 MiB, 0 %
2026/07/04 01:42:24.624, 5, 0 MiB, 81920 MiB, 0 %
2026/07/04 01:42:24.624, 6, 0 MiB, 81920 MiB, 0 %
2026/07/04 01:42:24.624, 7, 0 MiB, 81920 MiB, 0 %
2026/07/04 01:42:34.625, 0, 5951 MiB, 81920 MiB, 12 %
2026/07/04 01:42:34.626, 1, 0 MiB, 81920 MiB, 0 %
2026/07/04 01:42:34.626, 2, 0 MiB, 81920 MiB, 0 %
2026/07/04 01:42:34.626, 3, 0 MiB, 81920 MiB, 0 %
2026/07/04 01:42:34.626, 4, 0 MiB, 81920 MiB, 0 %
2026/07/04 01:42:34.627, 5, 0 MiB, 81920 MiB, 0 %
2026/07/04 01:42:34.627, 6, 0 MiB, 81920 MiB, 0 %
2026/07/04 01:42:34.627, 7, 0 MiB, 81920 MiB, 0 %
2026/07/04 01:42:44.628, 0, 5951 MiB, 81920 MiB, 0 %
2026/07/04 01:42:44.628, 1, 0 MiB, 81920 MiB, 0 %
2026/07/04 01:42:44.628, 2, 0 MiB, 81920 MiB, 0 %
2026/07/04 01:42:44.629, 3, 0 MiB, 81920 MiB, 0 %
2026/07/04 01:42:44.629, 4, 0 MiB, 81920 MiB, 0 %
2026/07/04 01:42:44.629, 5, 0 MiB, 81920 MiB, 0 %
2026/07/04 01:42:44.629, 6, 0 MiB, 81920 MiB, 0 %
2026/07/04 01:42:44.630, 7, 0 MiB, 81920 MiB, 0 %
2026/07/04 01:42:54.630, 0, 5951 MiB, 81920 MiB, 0 %
2026/07/04 01:42:54.630, 1, 0 MiB, 81920 MiB, 0 %
2026/07/04 01:42:54.631, 2, 0 MiB, 81920 MiB, 0 %
2026/07/04 01:42:54.631, 3, 0 MiB, 81920 MiB, 0 %
2026/07/04 01:42:54.631, 4, 0 MiB, 81920 MiB, 0 %
2026/07/04 01:42:54.632, 5, 0 MiB, 81920 MiB, 0 %
2026/07/04 01:42:54.632, 6, 0 MiB, 81920 MiB, 0 %
2026/07/04 01:42:54.632, 7, 0 MiB, 81920 MiB, 0 %
2026/07/04 01:43:04.633, 0, 5951 MiB, 81920 MiB, 0 %
2026/07/04 01:43:04.633, 1, 0 MiB, 81920 MiB, 0 %
2026/07/04 01:43:04.633, 2, 0 MiB, 81920 MiB, 0 %
2026/07/04 01:43:04.634, 3, 0 MiB, 81920 MiB, 0 %
2026/07/04 01:43:04.634, 4, 0 MiB, 81920 MiB, 0 %
2026/07/04 01:43:04.634, 5, 0 MiB, 81920 MiB, 0 %
2026/07/04 01:43:04.634, 6, 0 MiB, 81920 MiB, 0 %
2026/07/04 01:43:04.635, 7, 0 MiB, 81920 MiB, 0 %
2026/07/04 01:43:14.636, 0, 5951 MiB, 81920 MiB, 0 %
2026/07/04 01:43:14.636, 1, 0 MiB, 81920 MiB, 0 %
2026/07/04 01:43:14.636, 2, 0 MiB, 81920 MiB, 0 %
2026/07/04 01:43:14.637, 3, 0 MiB, 81920 MiB, 0 %
2026/07/04 01:43:14.637, 4, 0 MiB, 81920 MiB, 0 %
2026/07/04 01:43:14.637, 5, 0 MiB, 81920 MiB, 0 %
2026/07/04 01:43:14.637, 6, 0 MiB, 81920 MiB, 0 %
2026/07/04 01:43:14.638, 7, 0 MiB, 81920 MiB, 0 %
2026/07/04 01:43:24.638, 0, 5951 MiB, 81920 MiB, 0 %
2026/07/04 01:43:24.639, 1, 0 MiB, 81920 MiB, 0 %
2026/07/04 01:43:24.639, 2, 0 MiB, 81920 MiB, 0 %
2026/07/04 01:43:24.639, 3, 0 MiB, 81920 MiB, 0 %
2026/07/04 01:43:24.639, 4, 0 MiB, 81920 MiB, 0 %
2026/07/04 01:43:24.640, 5, 0 MiB, 81920 MiB, 0 %
2026/07/04 01:43:24.640, 6, 0 MiB, 81920 MiB, 0 %
2026/07/04 01:43:24.640, 7, 0 MiB, 81920 MiB, 0 %
2026/07/04 01:43:34.641, 0, 5951 MiB, 81920 MiB, 0 %
2026/07/04 01:43:34.641, 1, 0 MiB, 81920 MiB, 0 %
2026/07/04 01:43:34.641, 2, 0 MiB, 81920 MiB, 0 %
2026/07/04 01:43:34.642, 3, 0 MiB, 81920 MiB, 0 %
2026/07/04 01:43:34.642, 4, 0 MiB, 81920 MiB, 0 %
2026/07/04 01:43:34.642, 5, 0 MiB, 81920 MiB, 0 %
2026/07/04 01:43:34.643, 6, 0 MiB, 81920 MiB, 0 %
2026/07/04 01:43:34.643, 7, 0 MiB, 81920 MiB, 0 %
2026/07/04 01:43:44.644, 0, 5951 MiB, 81920 MiB, 0 %
2026/07/04 01:43:44.645, 1, 0 MiB, 81920 MiB, 0 %
2026/07/04 01:43:44.645, 2, 0 MiB, 81920 MiB, 0 %
2026/07/04 01:43:44.645, 3, 0 MiB, 81920 MiB, 0 %
2026/07/04 01:43:44.645, 4, 0 MiB, 81920 MiB, 0 %
2026/07/04 01:43:44.646, 5, 0 MiB, 81920 MiB, 0 %
2026/07/04 01:43:44.646, 6, 0 MiB, 81920 MiB, 0 %
2026/07/04 01:43:44.646, 7, 0 MiB, 81920 MiB, 0 %
2026/07/04 01:43:54.647, 0, 5951 MiB, 81920 MiB, 0 %
2026/07/04 01:43:54.648, 1, 0 MiB, 81920 MiB, 0 %
2026/07/04 01:43:54.648, 2, 0 MiB, 81920 MiB, 0 %
2026/07/04 01:43:54.648, 3, 0 MiB, 81920 MiB, 0 %
2026/07/04 01:43:54.648, 4, 0 MiB, 81920 MiB, 0 %
2026/07/04 01:43:54.649, 5, 0 MiB, 81920 MiB, 0 %
2026/07/04 01:43:54.649, 6, 0 MiB, 81920 MiB, 0 %
2026/07/04 01:43:54.649, 7, 0 MiB, 81920 MiB, 0 %
2026/07/04 01:44:04.650, 0, 5951 MiB, 81920 MiB, 0 %
2026/07/04 01:44:04.650, 1, 0 MiB, 81920 MiB, 0 %
2026/07/04 01:44:04.650, 2, 0 MiB, 81920 MiB, 0 %
2026/07/04 01:44:04.651, 3, 0 MiB, 81920 MiB, 0 %
2026/07/04 01:44:04.651, 4, 0 MiB, 81920 MiB, 0 %
2026/07/04 01:44:04.651, 5, 0 MiB, 81920 MiB, 0 %
2026/07/04 01:44:04.652, 6, 0 MiB, 81920 MiB, 0 %
2026/07/04 01:44:04.652, 7, 0 MiB, 81920 MiB, 0 %
2026/07/04 01:44:14.652, 0, 5951 MiB, 81920 MiB, 49 %
2026/07/04 01:44:14.653, 1, 0 MiB, 81920 MiB, 0 %
2026/07/04 01:44:14.653, 2, 0 MiB, 81920 MiB, 0 %
2026/07/04 01:44:14.653, 3, 0 MiB, 81920 MiB, 0 %
2026/07/04 01:44:14.654, 4, 0 MiB, 81920 MiB, 0 %
2026/07/04 01:44:14.654, 5, 0 MiB, 81920 MiB, 0 %
2026/07/04 01:44:14.654, 6, 0 MiB, 81920 MiB, 0 %
2026/07/04 01:44:14.654, 7, 0 MiB, 81920 MiB, 0 %
2026/07/04 01:44:24.656, 0, 5951 MiB, 81920 MiB, 0 %
2026/07/04 01:44:24.656, 1, 0 MiB, 81920 MiB, 0 %
2026/07/04 01:44:24.657, 2, 0 MiB, 81920 MiB, 0 %
2026/07/04 01:44:24.657, 3, 0 MiB, 81920 MiB, 0 %
2026/07/04 01:44:24.657, 4, 0 MiB, 81920 MiB, 0 %
2026/07/04 01:44:24.657, 5, 0 MiB, 81920 MiB, 0 %
2026/07/04 01:44:24.658, 6, 0 MiB, 81920 MiB, 0 %
2026/07/04 01:44:24.658, 7, 0 MiB, 81920 MiB, 0 %
2026/07/04 01:44:34.659, 0, 5951 MiB, 81920 MiB, 0 %
2026/07/04 01:44:34.659, 1, 0 MiB, 81920 MiB, 0 %
2026/07/04 01:44:34.659, 2, 0 MiB, 81920 MiB, 0 %
2026/07/04 01:44:34.660, 3, 0 MiB, 81920 MiB, 0 %
2026/07/04 01:44:34.660, 4, 0 MiB, 81920 MiB, 0 %
2026/07/04 01:44:34.660, 5, 0 MiB, 81920 MiB, 0 %
2026/07/04 01:44:34.660, 6, 0 MiB, 81920 MiB, 0 %
2026/07/04 01:44:34.661, 7, 0 MiB, 81920 MiB, 0 %
2026/07/04 01:44:44.661, 0, 5951 MiB, 81920 MiB, 0 %
2026/07/04 01:44:44.662, 1, 0 MiB, 81920 MiB, 0 %
2026/07/04 01:44:44.662, 2, 0 MiB, 81920 MiB, 0 %
2026/07/04 01:44:44.662, 3, 0 MiB, 81920 MiB, 0 %
2026/07/04 01:44:44.663, 4, 0 MiB, 81920 MiB, 0 %
2026/07/04 01:44:44.663, 5, 0 MiB, 81920 MiB, 0 %
2026/07/04 01:44:44.663, 6, 0 MiB, 81920 MiB, 0 %
2026/07/04 01:44:44.664, 7, 0 MiB, 81920 MiB, 0 %
2026/07/04 01:44:54.664, 0, 5951 MiB, 81920 MiB, 0 %
2026/07/04 01:44:54.665, 1, 0 MiB, 81920 MiB, 0 %
2026/07/04 01:44:54.665, 2, 0 MiB, 81920 MiB, 0 %
2026/07/04 01:44:54.665, 3, 0 MiB, 81920 MiB, 0 %
2026/07/04 01:44:54.665, 4, 0 MiB, 81920 MiB, 0 %
2026/07/04 01:44:54.666, 5, 0 MiB, 81920 MiB, 0 %
2026/07/04 01:44:54.666, 6, 0 MiB, 81920 MiB, 0 %
2026/07/04 01:44:54.666, 7, 0 MiB, 81920 MiB, 0 %
2026/07/04 01:45:04.667, 0, 5951 MiB, 81920 MiB, 0 %
2026/07/04 01:45:04.667, 1, 0 MiB, 81920 MiB, 0 %
2026/07/04 01:45:04.667, 2, 0 MiB, 81920 MiB, 0 %
2026/07/04 01:45:04.667, 3, 0 MiB, 81920 MiB, 0 %
2026/07/04 01:45:04.668, 4, 0 MiB, 81920 MiB, 0 %
2026/07/04 01:45:04.668, 5, 0 MiB, 81920 MiB, 0 %
2026/07/04 01:45:04.668, 6, 0 MiB, 81920 MiB, 0 %
2026/07/04 01:45:04.669, 7, 0 MiB, 81920 MiB, 0 %
2026/07/04 01:45:14.669, 0, 5951 MiB, 81920 MiB, 0 %
2026/07/04 01:45:14.670, 1, 0 MiB, 81920 MiB, 0 %
2026/07/04 01:45:14.670, 2, 0 MiB, 81920 MiB, 0 %
2026/07/04 01:45:14.670, 3, 0 MiB, 81920 MiB, 0 %
2026/07/04 01:45:14.670, 4, 0 MiB, 81920 MiB, 0 %
2026/07/04 01:45:14.671, 5, 0 MiB, 81920 MiB, 0 %
2026/07/04 01:45:14.671, 6, 0 MiB, 81920 MiB, 0 %
2026/07/04 01:45:14.671, 7, 0 MiB, 81920 MiB, 0 %
2026/07/04 01:45:24.672, 0, 5951 MiB, 81920 MiB, 0 %
2026/07/04 01:45:24.672, 1, 0 MiB, 81920 MiB, 0 %
2026/07/04 01:45:24.673, 2, 0 MiB, 81920 MiB, 0 %
2026/07/04 01:45:24.673, 3, 0 MiB, 81920 MiB, 0 %
2026/07/04 01:45:24.673, 4, 0 MiB, 81920 MiB, 0 %
2026/07/04 01:45:24.674, 5, 0 MiB, 81920 MiB, 0 %
2026/07/04 01:45:24.674, 6, 0 MiB, 81920 MiB, 0 %
2026/07/04 01:45:24.674, 7, 0 MiB, 81920 MiB, 0 %
2026/07/04 01:45:34.675, 0, 5951 MiB, 81920 MiB, 0 %
2026/07/04 01:45:34.675, 1, 0 MiB, 81920 MiB, 0 %
2026/07/04 01:45:34.675, 2, 0 MiB, 81920 MiB, 0 %
2026/07/04 01:45:34.676, 3, 0 MiB, 81920 MiB, 0 %
2026/07/04 01:45:34.676, 4, 0 MiB, 81920 MiB, 0 %
2026/07/04 01:45:34.676, 5, 0 MiB, 81920 MiB, 0 %
2026/07/04 01:45:34.676, 6, 0 MiB, 81920 MiB, 0 %
2026/07/04 01:45:34.677, 7, 0 MiB, 81920 MiB, 0 %
2026/07/04 01:45:44.678, 0, 5951 MiB, 81920 MiB, 0 %
2026/07/04 01:45:44.678, 1, 0 MiB, 81920 MiB, 0 %
2026/07/04 01:45:44.678, 2, 0 MiB, 81920 MiB, 0 %
2026/07/04 01:45:44.679, 3, 0 MiB, 81920 MiB, 0 %
2026/07/04 01:45:44.679, 4, 0 MiB, 81920 MiB, 0 %
2026/07/04 01:45:44.679, 5, 0 MiB, 81920 MiB, 0 %
2026/07/04 01:45:44.679, 6, 0 MiB, 81920 MiB, 0 %
2026/07/04 01:45:44.680, 7, 0 MiB, 81920 MiB, 0 %
2026/07/04 01:45:54.680, 0, 5951 MiB, 81920 MiB, 0 %
2026/07/04 01:45:54.681, 1, 0 MiB, 81920 MiB, 0 %
2026/07/04 01:45:54.681, 2, 0 MiB, 81920 MiB, 0 %
2026/07/04 01:45:54.681, 3, 0 MiB, 81920 MiB, 0 %
2026/07/04 01:45:54.681, 4, 0 MiB, 81920 MiB, 0 %
2026/07/04 01:45:54.682, 5, 0 MiB, 81920 MiB, 0 %
2026/07/04 01:45:54.682, 6, 0 MiB, 81920 MiB, 0 %
2026/07/04 01:45:54.682, 7, 0 MiB, 81920 MiB, 0 %
2026/07/04 01:46:04.683, 0, 5951 MiB, 81920 MiB, 0 %
2026/07/04 01:46:04.683, 1, 0 MiB, 81920 MiB, 0 %
2026/07/04 01:46:04.684, 2, 0 MiB, 81920 MiB, 0 %
2026/07/04 01:46:04.684, 3, 0 MiB, 81920 MiB, 0 %
2026/07/04 01:46:04.684, 4, 0 MiB, 81920 MiB, 0 %
2026/07/04 01:46:04.685, 5, 0 MiB, 81920 MiB, 0 %
2026/07/04 01:46:04.685, 6, 0 MiB, 81920 MiB, 0 %
2026/07/04 01:46:04.685, 7, 0 MiB, 81920 MiB, 0 %
2026/07/04 01:46:14.686, 0, 5951 MiB, 81920 MiB, 0 %
2026/07/04 01:46:14.686, 1, 0 MiB, 81920 MiB, 0 %
2026/07/04 01:46:14.687, 2, 0 MiB, 81920 MiB, 0 %
2026/07/04 01:46:14.687, 3, 0 MiB, 81920 MiB, 0 %
2026/07/04 01:46:14.687, 4, 0 MiB, 81920 MiB, 0 %
2026/07/04 01:46:14.687, 5, 0 MiB, 81920 MiB, 0 %
2026/07/04 01:46:14.688, 6, 0 MiB, 81920 MiB, 0 %
2026/07/04 01:46:14.688, 7, 0 MiB, 81920 MiB, 0 %
2026/07/04 01:46:24.688, 0, 5951 MiB, 81920 MiB, 0 %
2026/07/04 01:46:24.689, 1, 0 MiB, 81920 MiB, 0 %
2026/07/04 01:46:24.689, 2, 0 MiB, 81920 MiB, 0 %
2026/07/04 01:46:24.689, 3, 0 MiB, 81920 MiB, 0 %
2026/07/04 01:46:24.690, 4, 0 MiB, 81920 MiB, 0 %
2026/07/04 01:46:24.690, 5, 0 MiB, 81920 MiB, 0 %
2026/07/04 01:46:24.690, 6, 0 MiB, 81920 MiB, 0 %
2026/07/04 01:46:24.690, 7, 0 MiB, 81920 MiB, 0 %
2026/07/04 01:46:34.692, 0, 5951 MiB, 81920 MiB, 0 %
2026/07/04 01:46:34.692, 1, 0 MiB, 81920 MiB, 0 %
2026/07/04 01:46:34.692, 2, 0 MiB, 81920 MiB, 0 %
2026/07/04 01:46:34.693, 3, 0 MiB, 81920 MiB, 0 %
2026/07/04 01:46:34.693, 4, 0 MiB, 81920 MiB, 0 %
2026/07/04 01:46:34.693, 5, 0 MiB, 81920 MiB, 0 %
2026/07/04 01:46:34.693, 6, 0 MiB, 81920 MiB, 0 %
2026/07/04 01:46:34.694, 7, 0 MiB, 81920 MiB, 0 %
2026/07/04 01:46:44.694, 0, 5951 MiB, 81920 MiB, 0 %
2026/07/04 01:46:44.695, 1, 0 MiB, 81920 MiB, 0 %
2026/07/04 01:46:44.695, 2, 0 MiB, 81920 MiB, 0 %
2026/07/04 01:46:44.695, 3, 0 MiB, 81920 MiB, 0 %
2026/07/04 01:46:44.696, 4, 0 MiB, 81920 MiB, 0 %
2026/07/04 01:46:44.696, 5, 0 MiB, 81920 MiB, 0 %
2026/07/04 01:46:44.696, 6, 0 MiB, 81920 MiB, 0 %
2026/07/04 01:46:44.697, 7, 0 MiB, 81920 MiB, 0 %
2026/07/04 01:46:54.697, 0, 5951 MiB, 81920 MiB, 0 %
2026/07/04 01:46:54.698, 1, 0 MiB, 81920 MiB, 0 %
2026/07/04 01:46:54.698, 2, 0 MiB, 81920 MiB, 0 %
2026/07/04 01:46:54.698, 3, 0 MiB, 81920 MiB, 0 %
2026/07/04 01:46:54.699, 4, 0 MiB, 81920 MiB, 0 %
2026/07/04 01:46:54.699, 5, 0 MiB, 81920 MiB, 0 %
2026/07/04 01:46:54.699, 6, 0 MiB, 81920 MiB, 0 %
2026/07/04 01:46:54.699, 7, 0 MiB, 81920 MiB, 0 %
2026/07/04 01:47:04.700, 0, 5951 MiB, 81920 MiB, 0 %
2026/07/04 01:47:04.700, 1, 0 MiB, 81920 MiB, 0 %
2026/07/04 01:47:04.701, 2, 0 MiB, 81920 MiB, 0 %
2026/07/04 01:47:04.701, 3, 0 MiB, 81920 MiB, 0 %
2026/07/04 01:47:04.701, 4, 0 MiB, 81920 MiB, 0 %
2026/07/04 01:47:04.702, 5, 0 MiB, 81920 MiB, 0 %
2026/07/04 01:47:04.702, 6, 0 MiB, 81920 MiB, 0 %
2026/07/04 01:47:04.702, 7, 0 MiB, 81920 MiB, 0 %
2026/07/04 01:47:14.702, 0, 5951 MiB, 81920 MiB, 0 %
2026/07/04 01:47:14.703, 1, 0 MiB, 81920 MiB, 0 %
2026/07/04 01:47:14.703, 2, 0 MiB, 81920 MiB, 0 %
2026/07/04 01:47:14.703, 3, 0 MiB, 81920 MiB, 0 %
2026/07/04 01:47:14.704, 4, 0 MiB, 81920 MiB, 0 %
2026/07/04 01:47:14.704, 5, 0 MiB, 81920 MiB, 0 %
2026/07/04 01:47:14.704, 6, 0 MiB, 81920 MiB, 0 %
2026/07/04 01:47:14.704, 7, 0 MiB, 81920 MiB, 0 %
2026/07/04 01:47:24.705, 0, 5951 MiB, 81920 MiB, 0 %
2026/07/04 01:47:24.706, 1, 0 MiB, 81920 MiB, 0 %
2026/07/04 01:47:24.706, 2, 0 MiB, 81920 MiB, 0 %
2026/07/04 01:47:24.706, 3, 0 MiB, 81920 MiB, 0 %
2026/07/04 01:47:24.706, 4, 0 MiB, 81920 MiB, 0 %
2026/07/04 01:47:24.707, 5, 0 MiB, 81920 MiB, 0 %
2026/07/04 01:47:24.707, 6, 0 MiB, 81920 MiB, 0 %
2026/07/04 01:47:24.707, 7, 0 MiB, 81920 MiB, 0 %
2026/07/04 01:47:34.708, 0, 5951 MiB, 81920 MiB, 0 %
2026/07/04 01:47:34.708, 1, 0 MiB, 81920 MiB, 0 %
2026/07/04 01:47:34.709, 2, 0 MiB, 81920 MiB, 0 %
2026/07/04 01:47:34.709, 3, 0 MiB, 81920 MiB, 0 %
2026/07/04 01:47:34.709, 4, 0 MiB, 81920 MiB, 0 %
2026/07/04 01:47:34.710, 5, 0 MiB, 81920 MiB, 0 %
2026/07/04 01:47:34.710, 6, 0 MiB, 81920 MiB, 0 %
2026/07/04 01:47:34.710, 7, 0 MiB, 81920 MiB, 0 %
2026/07/04 01:47:44.711, 0, 5951 MiB, 81920 MiB, 0 %
2026/07/04 01:47:44.711, 1, 0 MiB, 81920 MiB, 0 %
2026/07/04 01:47:44.711, 2, 0 MiB, 81920 MiB, 0 %
2026/07/04 01:47:44.712, 3, 0 MiB, 81920 MiB, 0 %
2026/07/04 01:47:44.712, 4, 0 MiB, 81920 MiB, 0 %
2026/07/04 01:47:44.712, 5, 0 MiB, 81920 MiB, 0 %
2026/07/04 01:47:44.713, 6, 0 MiB, 81920 MiB, 0 %
2026/07/04 01:47:44.713, 7, 0 MiB, 81920 MiB, 0 %
2026/07/04 01:47:54.713, 0, 5951 MiB, 81920 MiB, 0 %
2026/07/04 01:47:54.714, 1, 0 MiB, 81920 MiB, 0 %
2026/07/04 01:47:54.714, 2, 0 MiB, 81920 MiB, 0 %
2026/07/04 01:47:54.714, 3, 0 MiB, 81920 MiB, 0 %
2026/07/04 01:47:54.714, 4, 0 MiB, 81920 MiB, 0 %
2026/07/04 01:47:54.715, 5, 0 MiB, 81920 MiB, 0 %
2026/07/04 01:47:54.715, 6, 0 MiB, 81920 MiB, 0 %
2026/07/04 01:47:54.715, 7, 0 MiB, 81920 MiB, 0 %
2026/07/04 01:48:04.716, 0, 5951 MiB, 81920 MiB, 0 %
2026/07/04 01:48:04.716, 1, 0 MiB, 81920 MiB, 0 %
2026/07/04 01:48:04.716, 2, 0 MiB, 81920 MiB, 0 %
2026/07/04 01:48:04.717, 3, 0 MiB, 81920 MiB, 0 %
2026/07/04 01:48:04.717, 4, 0 MiB, 81920 MiB, 0 %
2026/07/04 01:48:04.717, 5, 0 MiB, 81920 MiB, 0 %
2026/07/04 01:48:04.717, 6, 0 MiB, 81920 MiB, 0 %
2026/07/04 01:48:04.718, 7, 0 MiB, 81920 MiB, 0 %
2026/07/04 01:48:14.719, 0, 5951 MiB, 81920 MiB, 0 %
2026/07/04 01:48:14.719, 1, 0 MiB, 81920 MiB, 0 %
2026/07/04 01:48:14.719, 2, 0 MiB, 81920 MiB, 0 %
2026/07/04 01:48:14.720, 3, 0 MiB, 81920 MiB, 0 %
2026/07/04 01:48:14.720, 4, 0 MiB, 81920 MiB, 0 %
2026/07/04 01:48:14.720, 5, 0 MiB, 81920 MiB, 0 %
2026/07/04 01:48:14.720, 6, 0 MiB, 81920 MiB, 0 %
2026/07/04 01:48:14.721, 7, 0 MiB, 81920 MiB, 0 %
2026/07/04 01:48:24.721, 0, 5951 MiB, 81920 MiB, 0 %
2026/07/04 01:48:24.722, 1, 0 MiB, 81920 MiB, 0 %
2026/07/04 01:48:24.722, 2, 0 MiB, 81920 MiB, 0 %
2026/07/04 01:48:24.722, 3, 0 MiB, 81920 MiB, 0 %
2026/07/04 01:48:24.722, 4, 0 MiB, 81920 MiB, 0 %
2026/07/04 01:48:24.723, 5, 0 MiB, 81920 MiB, 0 %
2026/07/04 01:48:24.723, 6, 0 MiB, 81920 MiB, 0 %
2026/07/04 01:48:24.723, 7, 0 MiB, 81920 MiB, 0 %
2026/07/04 01:48:34.724, 0, 5951 MiB, 81920 MiB, 0 %
2026/07/04 01:48:34.724, 1, 0 MiB, 81920 MiB, 0 %
2026/07/04 01:48:34.724, 2, 0 MiB, 81920 MiB, 0 %
2026/07/04 01:48:34.725, 3, 0 MiB, 81920 MiB, 0 %
2026/07/04 01:48:34.725, 4, 0 MiB, 81920 MiB, 0 %
2026/07/04 01:48:34.725, 5, 0 MiB, 81920 MiB, 0 %
2026/07/04 01:48:34.726, 6, 0 MiB, 81920 MiB, 0 %
2026/07/04 01:48:34.726, 7, 0 MiB, 81920 MiB, 0 %
2026/07/04 01:48:44.727, 0, 5951 MiB, 81920 MiB, 0 %
2026/07/04 01:48:44.728, 1, 0 MiB, 81920 MiB, 0 %
2026/07/04 01:48:44.728, 2, 0 MiB, 81920 MiB, 0 %
2026/07/04 01:48:44.728, 3, 0 MiB, 81920 MiB, 0 %
2026/07/04 01:48:44.728, 4, 0 MiB, 81920 MiB, 0 %
2026/07/04 01:48:44.729, 5, 0 MiB, 81920 MiB, 0 %
2026/07/04 01:48:44.729, 6, 0 MiB, 81920 MiB, 0 %
2026/07/04 01:48:44.729, 7, 0 MiB, 81920 MiB, 0 %
2026/07/04 01:48:54.730, 0, 5951 MiB, 81920 MiB, 0 %
2026/07/04 01:48:54.730, 1, 0 MiB, 81920 MiB, 0 %
2026/07/04 01:48:54.731, 2, 0 MiB, 81920 MiB, 0 %
2026/07/04 01:48:54.731, 3, 0 MiB, 81920 MiB, 0 %
2026/07/04 01:48:54.731, 4, 0 MiB, 81920 MiB, 0 %
2026/07/04 01:48:54.732, 5, 0 MiB, 81920 MiB, 0 %
2026/07/04 01:48:54.732, 6, 0 MiB, 81920 MiB, 0 %
2026/07/04 01:48:54.732, 7, 0 MiB, 81920 MiB, 0 %
2026/07/04 01:49:04.733, 0, 5951 MiB, 81920 MiB, 0 %
2026/07/04 01:49:04.733, 1, 0 MiB, 81920 MiB, 0 %
2026/07/04 01:49:04.734, 2, 0 MiB, 81920 MiB, 0 %
2026/07/04 01:49:04.734, 3, 0 MiB, 81920 MiB, 0 %
2026/07/04 01:49:04.734, 4, 0 MiB, 81920 MiB, 0 %
2026/07/04 01:49:04.734, 5, 0 MiB, 81920 MiB, 0 %
2026/07/04 01:49:04.735, 6, 0 MiB, 81920 MiB, 0 %
2026/07/04 01:49:04.735, 7, 0 MiB, 81920 MiB, 0 %
2026/07/04 01:49:14.735, 0, 5951 MiB, 81920 MiB, 48 %
2026/07/04 01:49:14.736, 1, 0 MiB, 81920 MiB, 0 %
2026/07/04 01:49:14.736, 2, 0 MiB, 81920 MiB, 0 %
2026/07/04 01:49:14.736, 3, 0 MiB, 81920 MiB, 0 %
2026/07/04 01:49:14.737, 4, 0 MiB, 81920 MiB, 0 %
2026/07/04 01:49:14.737, 5, 0 MiB, 81920 MiB, 0 %
2026/07/04 01:49:14.737, 6, 0 MiB, 81920 MiB, 0 %
2026/07/04 01:49:14.737, 7, 0 MiB, 81920 MiB, 0 %
2026/07/04 01:49:24.738, 0, 5951 MiB, 81920 MiB, 0 %
2026/07/04 01:49:24.738, 1, 0 MiB, 81920 MiB, 0 %
2026/07/04 01:49:24.739, 2, 0 MiB, 81920 MiB, 0 %
2026/07/04 01:49:24.739, 3, 0 MiB, 81920 MiB, 0 %
2026/07/04 01:49:24.739, 4, 0 MiB, 81920 MiB, 0 %
2026/07/04 01:49:24.739, 5, 0 MiB, 81920 MiB, 0 %
2026/07/04 01:49:24.740, 6, 0 MiB, 81920 MiB, 0 %
2026/07/04 01:49:24.740, 7, 0 MiB, 81920 MiB, 0 %
2026/07/04 01:49:34.740, 0, 5951 MiB, 81920 MiB, 0 %
2026/07/04 01:49:34.741, 1, 0 MiB, 81920 MiB, 0 %
2026/07/04 01:49:34.741, 2, 0 MiB, 81920 MiB, 0 %
2026/07/04 01:49:34.741, 3, 0 MiB, 81920 MiB, 0 %
2026/07/04 01:49:34.742, 4, 0 MiB, 81920 MiB, 0 %
2026/07/04 01:49:34.742, 5, 0 MiB, 81920 MiB, 0 %
2026/07/04 01:49:34.742, 6, 0 MiB, 81920 MiB, 0 %
2026/07/04 01:49:34.743, 7, 0 MiB, 81920 MiB, 0 %
2026/07/04 01:49:44.743, 0, 5951 MiB, 81920 MiB, 49 %
2026/07/04 01:49:44.744, 1, 0 MiB, 81920 MiB, 0 %
2026/07/04 01:49:44.744, 2, 0 MiB, 81920 MiB, 0 %
2026/07/04 01:49:44.744, 3, 0 MiB, 81920 MiB, 0 %
2026/07/04 01:49:44.744, 4, 0 MiB, 81920 MiB, 0 %
2026/07/04 01:49:44.745, 5, 0 MiB, 81920 MiB, 0 %
2026/07/04 01:49:44.745, 6, 0 MiB, 81920 MiB, 0 %
2026/07/04 01:49:44.745, 7, 0 MiB, 81920 MiB, 0 %
2026/07/04 01:49:54.746, 0, 5951 MiB, 81920 MiB, 55 %
2026/07/04 01:49:54.746, 1, 0 MiB, 81920 MiB, 0 %
2026/07/04 01:49:54.747, 2, 0 MiB, 81920 MiB, 0 %
2026/07/04 01:49:54.747, 3, 0 MiB, 81920 MiB, 0 %
2026/07/04 01:49:54.747, 4, 0 MiB, 81920 MiB, 0 %
2026/07/04 01:49:54.747, 5, 0 MiB, 81920 MiB, 0 %
2026/07/04 01:49:54.748, 6, 0 MiB, 81920 MiB, 0 %
2026/07/04 01:49:54.748, 7, 0 MiB, 81920 MiB, 0 %
2026/07/04 01:50:04.748, 0, 5951 MiB, 81920 MiB, 0 %
2026/07/04 01:50:04.749, 1, 0 MiB, 81920 MiB, 0 %
2026/07/04 01:50:04.749, 2, 0 MiB, 81920 MiB, 0 %
2026/07/04 01:50:04.749, 3, 0 MiB, 81920 MiB, 0 %
2026/07/04 01:50:04.750, 4, 0 MiB, 81920 MiB, 0 %
2026/07/04 01:50:04.750, 5, 0 MiB, 81920 MiB, 0 %
2026/07/04 01:50:04.750, 6, 0 MiB, 81920 MiB, 0 %
2026/07/04 01:50:04.750, 7, 0 MiB, 81920 MiB, 0 %
2026/07/04 01:50:14.751, 0, 5951 MiB, 81920 MiB, 0 %
2026/07/04 01:50:14.751, 1, 0 MiB, 81920 MiB, 0 %
2026/07/04 01:50:14.752, 2, 0 MiB, 81920 MiB, 0 %
2026/07/04 01:50:14.752, 3, 0 MiB, 81920 MiB, 0 %
2026/07/04 01:50:14.752, 4, 0 MiB, 81920 MiB, 0 %
2026/07/04 01:50:14.752, 5, 0 MiB, 81920 MiB, 0 %
2026/07/04 01:50:14.753, 6, 0 MiB, 81920 MiB, 0 %
2026/07/04 01:50:14.753, 7, 0 MiB, 81920 MiB, 0 %
2026/07/04 01:50:24.754, 0, 5951 MiB, 81920 MiB, 0 %
2026/07/04 01:50:24.754, 1, 0 MiB, 81920 MiB, 0 %
2026/07/04 01:50:24.754, 2, 0 MiB, 81920 MiB, 0 %
2026/07/04 01:50:24.755, 3, 0 MiB, 81920 MiB, 0 %
2026/07/04 01:50:24.755, 4, 0 MiB, 81920 MiB, 0 %
2026/07/04 01:50:24.755, 5, 0 MiB, 81920 MiB, 0 %
2026/07/04 01:50:24.755, 6, 0 MiB, 81920 MiB, 0 %
2026/07/04 01:50:24.756, 7, 0 MiB, 81920 MiB, 0 %
2026/07/04 01:50:34.756, 0, 5951 MiB, 81920 MiB, 0 %
2026/07/04 01:50:34.757, 1, 0 MiB, 81920 MiB, 0 %
2026/07/04 01:50:34.757, 2, 0 MiB, 81920 MiB, 0 %
2026/07/04 01:50:34.757, 3, 0 MiB, 81920 MiB, 0 %
2026/07/04 01:50:34.758, 4, 0 MiB, 81920 MiB, 0 %
2026/07/04 01:50:34.758, 5, 0 MiB, 81920 MiB, 0 %
2026/07/04 01:50:34.758, 6, 0 MiB, 81920 MiB, 0 %
2026/07/04 01:50:34.758, 7, 0 MiB, 81920 MiB, 0 %
2026/07/04 01:50:44.759, 0, 5951 MiB, 81920 MiB, 0 %
2026/07/04 01:50:44.759, 1, 0 MiB, 81920 MiB, 0 %
2026/07/04 01:50:44.759, 2, 0 MiB, 81920 MiB, 0 %
2026/07/04 01:50:44.760, 3, 0 MiB, 81920 MiB, 0 %
2026/07/04 01:50:44.760, 4, 0 MiB, 81920 MiB, 0 %
2026/07/04 01:50:44.760, 5, 0 MiB, 81920 MiB, 0 %
2026/07/04 01:50:44.761, 6, 0 MiB, 81920 MiB, 0 %
2026/07/04 01:50:44.761, 7, 0 MiB, 81920 MiB, 0 %
2026/07/04 01:50:54.762, 0, 5951 MiB, 81920 MiB, 0 %
2026/07/04 01:50:54.763, 1, 0 MiB, 81920 MiB, 0 %
2026/07/04 01:50:54.763, 2, 0 MiB, 81920 MiB, 0 %
2026/07/04 01:50:54.763, 3, 0 MiB, 81920 MiB, 0 %
2026/07/04 01:50:54.763, 4, 0 MiB, 81920 MiB, 0 %
2026/07/04 01:50:54.764, 5, 0 MiB, 81920 MiB, 0 %
2026/07/04 01:50:54.764, 6, 0 MiB, 81920 MiB, 0 %
2026/07/04 01:50:54.764, 7, 0 MiB, 81920 MiB, 0 %
2026/07/04 01:51:04.765, 0, 5951 MiB, 81920 MiB, 0 %
2026/07/04 01:51:04.765, 1, 0 MiB, 81920 MiB, 0 %
2026/07/04 01:51:04.765, 2, 0 MiB, 81920 MiB, 0 %
2026/07/04 01:51:04.766, 3, 0 MiB, 81920 MiB, 0 %
2026/07/04 01:51:04.766, 4, 0 MiB, 81920 MiB, 0 %
2026/07/04 01:51:04.766, 5, 0 MiB, 81920 MiB, 0 %
2026/07/04 01:51:04.767, 6, 0 MiB, 81920 MiB, 0 %
2026/07/04 01:51:04.767, 7, 0 MiB, 81920 MiB, 0 %
2026/07/04 01:51:14.767, 0, 5951 MiB, 81920 MiB, 0 %
2026/07/04 01:51:14.768, 1, 0 MiB, 81920 MiB, 0 %
2026/07/04 01:51:14.768, 2, 0 MiB, 81920 MiB, 0 %
2026/07/04 01:51:14.768, 3, 0 MiB, 81920 MiB, 0 %
2026/07/04 01:51:14.769, 4, 0 MiB, 81920 MiB, 0 %
2026/07/04 01:51:14.769, 5, 0 MiB, 81920 MiB, 0 %
2026/07/04 01:51:14.769, 6, 0 MiB, 81920 MiB, 0 %
2026/07/04 01:51:14.769, 7, 0 MiB, 81920 MiB, 0 %
2026/07/04 01:51:24.770, 0, 5951 MiB, 81920 MiB, 0 %
2026/07/04 01:51:24.770, 1, 0 MiB, 81920 MiB, 0 %
2026/07/04 01:51:24.771, 2, 0 MiB, 81920 MiB, 0 %
2026/07/04 01:51:24.771, 3, 0 MiB, 81920 MiB, 0 %
2026/07/04 01:51:24.771, 4, 0 MiB, 81920 MiB, 0 %
2026/07/04 01:51:24.771, 5, 0 MiB, 81920 MiB, 0 %
2026/07/04 01:51:24.772, 6, 0 MiB, 81920 MiB, 0 %
2026/07/04 01:51:24.772, 7, 0 MiB, 81920 MiB, 0 %
2026/07/04 01:51:34.773, 0, 5951 MiB, 81920 MiB, 0 %
2026/07/04 01:51:34.774, 1, 0 MiB, 81920 MiB, 0 %
2026/07/04 01:51:34.774, 2, 0 MiB, 81920 MiB, 0 %
2026/07/04 01:51:34.774, 3, 0 MiB, 81920 MiB, 0 %
2026/07/04 01:51:34.774, 4, 0 MiB, 81920 MiB, 0 %
2026/07/04 01:51:34.775, 5, 0 MiB, 81920 MiB, 0 %
2026/07/04 01:51:34.775, 6, 0 MiB, 81920 MiB, 0 %
2026/07/04 01:51:34.775, 7, 0 MiB, 81920 MiB, 0 %
2026/07/04 01:51:44.776, 0, 5951 MiB, 81920 MiB, 0 %
2026/07/04 01:51:44.776, 1, 0 MiB, 81920 MiB, 0 %
2026/07/04 01:51:44.776, 2, 0 MiB, 81920 MiB, 0 %
2026/07/04 01:51:44.776, 3, 0 MiB, 81920 MiB, 0 %
2026/07/04 01:51:44.776, 4, 0 MiB, 81920 MiB, 0 %
2026/07/04 01:51:44.777, 5, 0 MiB, 81920 MiB, 0 %
2026/07/04 01:51:44.777, 6, 0 MiB, 81920 MiB, 0 %
2026/07/04 01:51:44.777, 7, 0 MiB, 81920 MiB, 0 %
2026/07/04 01:51:54.777, 0, 5951 MiB, 81920 MiB, 0 %
2026/07/04 01:51:54.778, 1, 0 MiB, 81920 MiB, 0 %
2026/07/04 01:51:54.778, 2, 0 MiB, 81920 MiB, 0 %
2026/07/04 01:51:54.778, 3, 0 MiB, 81920 MiB, 0 %
2026/07/04 01:51:54.779, 4, 0 MiB, 81920 MiB, 0 %
2026/07/04 01:51:54.779, 5, 0 MiB, 81920 MiB, 0 %
2026/07/04 01:51:54.779, 6, 0 MiB, 81920 MiB, 0 %
2026/07/04 01:51:54.779, 7, 0 MiB, 81920 MiB, 0 %
2026/07/04 01:52:04.780, 0, 5951 MiB, 81920 MiB, 0 %
2026/07/04 01:52:04.780, 1, 0 MiB, 81920 MiB, 0 %
2026/07/04 01:52:04.781, 2, 0 MiB, 81920 MiB, 0 %
2026/07/04 01:52:04.781, 3, 0 MiB, 81920 MiB, 0 %
2026/07/04 01:52:04.781, 4, 0 MiB, 81920 MiB, 0 %
2026/07/04 01:52:04.781, 5, 0 MiB, 81920 MiB, 0 %
2026/07/04 01:52:04.782, 6, 0 MiB, 81920 MiB, 0 %
2026/07/04 01:52:04.782, 7, 0 MiB, 81920 MiB, 0 %
2026/07/04 01:52:14.782, 0, 5951 MiB, 81920 MiB, 0 %
2026/07/04 01:52:14.783, 1, 0 MiB, 81920 MiB, 0 %
2026/07/04 01:52:14.783, 2, 0 MiB, 81920 MiB, 0 %
2026/07/04 01:52:14.783, 3, 0 MiB, 81920 MiB, 0 %
2026/07/04 01:52:14.784, 4, 0 MiB, 81920 MiB, 0 %
2026/07/04 01:52:14.784, 5, 0 MiB, 81920 MiB, 0 %
2026/07/04 01:52:14.784, 6, 0 MiB, 81920 MiB, 0 %
2026/07/04 01:52:14.784, 7, 0 MiB, 81920 MiB, 0 %
2026/07/04 01:52:24.785, 0, 5951 MiB, 81920 MiB, 0 %
2026/07/04 01:52:24.785, 1, 0 MiB, 81920 MiB, 0 %
2026/07/04 01:52:24.785, 2, 0 MiB, 81920 MiB, 0 %
2026/07/04 01:52:24.786, 3, 0 MiB, 81920 MiB, 0 %
2026/07/04 01:52:24.786, 4, 0 MiB, 81920 MiB, 0 %
2026/07/04 01:52:24.786, 5, 0 MiB, 81920 MiB, 0 %
2026/07/04 01:52:24.787, 6, 0 MiB, 81920 MiB, 0 %
2026/07/04 01:52:24.787, 7, 0 MiB, 81920 MiB, 0 %
2026/07/04 01:52:34.787, 0, 5951 MiB, 81920 MiB, 54 %
2026/07/04 01:52:34.788, 1, 0 MiB, 81920 MiB, 0 %
2026/07/04 01:52:34.788, 2, 0 MiB, 81920 MiB, 0 %
2026/07/04 01:52:34.788, 3, 0 MiB, 81920 MiB, 0 %
2026/07/04 01:52:34.789, 4, 0 MiB, 81920 MiB, 0 %
2026/07/04 01:52:34.789, 5, 0 MiB, 81920 MiB, 0 %
2026/07/04 01:52:34.789, 6, 0 MiB, 81920 MiB, 0 %
2026/07/04 01:52:34.789, 7, 0 MiB, 81920 MiB, 0 %
2026/07/04 01:52:44.790, 0, 5951 MiB, 81920 MiB, 0 %
2026/07/04 01:52:44.790, 1, 0 MiB, 81920 MiB, 0 %
2026/07/04 01:52:44.791, 2, 0 MiB, 81920 MiB, 0 %
2026/07/04 01:52:44.791, 3, 0 MiB, 81920 MiB, 0 %
2026/07/04 01:52:44.791, 4, 0 MiB, 81920 MiB, 0 %
2026/07/04 01:52:44.792, 5, 0 MiB, 81920 MiB, 0 %
2026/07/04 01:52:44.792, 6, 0 MiB, 81920 MiB, 0 %
2026/07/04 01:52:44.792, 7, 0 MiB, 81920 MiB, 0 %
2026/07/04 01:52:54.794, 0, 5951 MiB, 81920 MiB, 0 %
2026/07/04 01:52:54.794, 1, 0 MiB, 81920 MiB, 0 %
2026/07/04 01:52:54.794, 2, 0 MiB, 81920 MiB, 0 %
2026/07/04 01:52:54.795, 3, 0 MiB, 81920 MiB, 0 %
2026/07/04 01:52:54.795, 4, 0 MiB, 81920 MiB, 0 %
2026/07/04 01:52:54.795, 5, 0 MiB, 81920 MiB, 0 %
2026/07/04 01:52:54.796, 6, 0 MiB, 81920 MiB, 0 %
2026/07/04 01:52:54.796, 7, 0 MiB, 81920 MiB, 0 %
2026/07/04 01:53:04.796, 0, 5951 MiB, 81920 MiB, 49 %
2026/07/04 01:53:04.797, 1, 0 MiB, 81920 MiB, 0 %
2026/07/04 01:53:04.797, 2, 0 MiB, 81920 MiB, 0 %
2026/07/04 01:53:04.797, 3, 0 MiB, 81920 MiB, 0 %
2026/07/04 01:53:04.798, 4, 0 MiB, 81920 MiB, 0 %
2026/07/04 01:53:04.798, 5, 0 MiB, 81920 MiB, 0 %
2026/07/04 01:53:04.798, 6, 0 MiB, 81920 MiB, 0 %
2026/07/04 01:53:04.799, 7, 0 MiB, 81920 MiB, 0 %
2026/07/04 01:53:14.799, 0, 5951 MiB, 81920 MiB, 0 %
2026/07/04 01:53:14.800, 1, 0 MiB, 81920 MiB, 0 %
2026/07/04 01:53:14.800, 2, 0 MiB, 81920 MiB, 0 %
2026/07/04 01:53:14.800, 3, 0 MiB, 81920 MiB, 0 %
2026/07/04 01:53:14.800, 4, 0 MiB, 81920 MiB, 0 %
2026/07/04 01:53:14.801, 5, 0 MiB, 81920 MiB, 0 %
2026/07/04 01:53:14.801, 6, 0 MiB, 81920 MiB, 0 %
2026/07/04 01:53:14.801, 7, 0 MiB, 81920 MiB, 0 %
2026/07/04 01:53:24.802, 0, 5951 MiB, 81920 MiB, 45 %
2026/07/04 01:53:24.802, 1, 0 MiB, 81920 MiB, 0 %
2026/07/04 01:53:24.802, 2, 0 MiB, 81920 MiB, 0 %
2026/07/04 01:53:24.803, 3, 0 MiB, 81920 MiB, 0 %
2026/07/04 01:53:24.803, 4, 0 MiB, 81920 MiB, 0 %
2026/07/04 01:53:24.803, 5, 0 MiB, 81920 MiB, 0 %
2026/07/04 01:53:24.804, 6, 0 MiB, 81920 MiB, 0 %
2026/07/04 01:53:24.804, 7, 0 MiB, 81920 MiB, 0 %
2026/07/04 01:53:34.804, 0, 5951 MiB, 81920 MiB, 54 %
2026/07/04 01:53:34.805, 1, 0 MiB, 81920 MiB, 0 %
2026/07/04 01:53:34.805, 2, 0 MiB, 81920 MiB, 0 %
2026/07/04 01:53:34.805, 3, 0 MiB, 81920 MiB, 0 %
2026/07/04 01:53:34.805, 4, 0 MiB, 81920 MiB, 0 %
2026/07/04 01:53:34.806, 5, 0 MiB, 81920 MiB, 0 %
2026/07/04 01:53:34.806, 6, 0 MiB, 81920 MiB, 0 %
2026/07/04 01:53:34.806, 7, 0 MiB, 81920 MiB, 0 %
2026/07/04 01:53:44.808, 0, 5951 MiB, 81920 MiB, 0 %
2026/07/04 01:53:44.808, 1, 0 MiB, 81920 MiB, 0 %
2026/07/04 01:53:44.808, 2, 0 MiB, 81920 MiB, 0 %
2026/07/04 01:53:44.809, 3, 0 MiB, 81920 MiB, 0 %
2026/07/04 01:53:44.809, 4, 0 MiB, 81920 MiB, 0 %
2026/07/04 01:53:44.809, 5, 0 MiB, 81920 MiB, 0 %
2026/07/04 01:53:44.809, 6, 0 MiB, 81920 MiB, 0 %
2026/07/04 01:53:44.810, 7, 0 MiB, 81920 MiB, 0 %
2026/07/04 01:53:54.810, 0, 5951 MiB, 81920 MiB, 0 %
2026/07/04 01:53:54.811, 1, 0 MiB, 81920 MiB, 0 %
2026/07/04 01:53:54.811, 2, 0 MiB, 81920 MiB, 0 %
2026/07/04 01:53:54.811, 3, 0 MiB, 81920 MiB, 0 %
2026/07/04 01:53:54.811, 4, 0 MiB, 81920 MiB, 0 %
2026/07/04 01:53:54.812, 5, 0 MiB, 81920 MiB, 0 %
2026/07/04 01:53:54.812, 6, 0 MiB, 81920 MiB, 0 %
2026/07/04 01:53:54.812, 7, 0 MiB, 81920 MiB, 0 %
2026/07/04 01:54:04.813, 0, 5951 MiB, 81920 MiB, 0 %
2026/07/04 01:54:04.813, 1, 0 MiB, 81920 MiB, 0 %
2026/07/04 01:54:04.813, 2, 0 MiB, 81920 MiB, 0 %
2026/07/04 01:54:04.814, 3, 0 MiB, 81920 MiB, 0 %
2026/07/04 01:54:04.814, 4, 0 MiB, 81920 MiB, 0 %
2026/07/04 01:54:04.814, 5, 0 MiB, 81920 MiB, 0 %
2026/07/04 01:54:04.814, 6, 0 MiB, 81920 MiB, 0 %
2026/07/04 01:54:04.815, 7, 0 MiB, 81920 MiB, 0 %
2026/07/04 01:54:14.815, 0, 5951 MiB, 81920 MiB, 0 %
2026/07/04 01:54:14.816, 1, 0 MiB, 81920 MiB, 0 %
2026/07/04 01:54:14.816, 2, 0 MiB, 81920 MiB, 0 %
2026/07/04 01:54:14.816, 3, 0 MiB, 81920 MiB, 0 %
2026/07/04 01:54:14.816, 4, 0 MiB, 81920 MiB, 0 %
2026/07/04 01:54:14.817, 5, 0 MiB, 81920 MiB, 0 %
2026/07/04 01:54:14.817, 6, 0 MiB, 81920 MiB, 0 %
2026/07/04 01:54:14.817, 7, 0 MiB, 81920 MiB, 0 %
2026/07/04 01:54:24.818, 0, 5951 MiB, 81920 MiB, 0 %
2026/07/04 01:54:24.818, 1, 0 MiB, 81920 MiB, 0 %
2026/07/04 01:54:24.818, 2, 0 MiB, 81920 MiB, 0 %
2026/07/04 01:54:24.818, 3, 0 MiB, 81920 MiB, 0 %
2026/07/04 01:54:24.819, 4, 0 MiB, 81920 MiB, 0 %
2026/07/04 01:54:24.819, 5, 0 MiB, 81920 MiB, 0 %
2026/07/04 01:54:24.819, 6, 0 MiB, 81920 MiB, 0 %
2026/07/04 01:54:24.820, 7, 0 MiB, 81920 MiB, 0 %
2026/07/04 01:54:34.820, 0, 5951 MiB, 81920 MiB, 0 %
2026/07/04 01:54:34.820, 1, 0 MiB, 81920 MiB, 0 %
2026/07/04 01:54:34.821, 2, 0 MiB, 81920 MiB, 0 %
2026/07/04 01:54:34.821, 3, 0 MiB, 81920 MiB, 0 %
2026/07/04 01:54:34.821, 4, 0 MiB, 81920 MiB, 0 %
2026/07/04 01:54:34.822, 5, 0 MiB, 81920 MiB, 0 %
2026/07/04 01:54:34.822, 6, 0 MiB, 81920 MiB, 0 %
2026/07/04 01:54:34.822, 7, 0 MiB, 81920 MiB, 0 %
2026/07/04 01:54:44.823, 0, 5951 MiB, 81920 MiB, 0 %
2026/07/04 01:54:44.823, 1, 0 MiB, 81920 MiB, 0 %
2026/07/04 01:54:44.823, 2, 0 MiB, 81920 MiB, 0 %
2026/07/04 01:54:44.824, 3, 0 MiB, 81920 MiB, 0 %
2026/07/04 01:54:44.824, 4, 0 MiB, 81920 MiB, 0 %
2026/07/04 01:54:44.824, 5, 0 MiB, 81920 MiB, 0 %
2026/07/04 01:54:44.824, 6, 0 MiB, 81920 MiB, 0 %
2026/07/04 01:54:44.825, 7, 0 MiB, 81920 MiB, 0 %
2026/07/04 01:54:54.825, 0, 5951 MiB, 81920 MiB, 0 %
2026/07/04 01:54:54.826, 1, 0 MiB, 81920 MiB, 0 %
2026/07/04 01:54:54.826, 2, 0 MiB, 81920 MiB, 0 %
2026/07/04 01:54:54.826, 3, 0 MiB, 81920 MiB, 0 %
2026/07/04 01:54:54.826, 4, 0 MiB, 81920 MiB, 0 %
2026/07/04 01:54:54.827, 5, 0 MiB, 81920 MiB, 0 %
2026/07/04 01:54:54.827, 6, 0 MiB, 81920 MiB, 0 %
2026/07/04 01:54:54.827, 7, 0 MiB, 81920 MiB, 0 %
2026/07/04 01:55:04.828, 0, 5951 MiB, 81920 MiB, 0 %
2026/07/04 01:55:04.828, 1, 0 MiB, 81920 MiB, 0 %
2026/07/04 01:55:04.829, 2, 0 MiB, 81920 MiB, 0 %
2026/07/04 01:55:04.829, 3, 0 MiB, 81920 MiB, 0 %
2026/07/04 01:55:04.829, 4, 0 MiB, 81920 MiB, 0 %
2026/07/04 01:55:04.829, 5, 0 MiB, 81920 MiB, 0 %
2026/07/04 01:55:04.830, 6, 0 MiB, 81920 MiB, 0 %
2026/07/04 01:55:04.830, 7, 0 MiB, 81920 MiB, 0 %
2026/07/04 01:55:14.831, 0, 5951 MiB, 81920 MiB, 0 %
2026/07/04 01:55:14.832, 1, 0 MiB, 81920 MiB, 0 %
2026/07/04 01:55:14.832, 2, 0 MiB, 81920 MiB, 0 %
2026/07/04 01:55:14.832, 3, 0 MiB, 81920 MiB, 0 %
2026/07/04 01:55:14.832, 4, 0 MiB, 81920 MiB, 0 %
2026/07/04 01:55:14.833, 5, 0 MiB, 81920 MiB, 0 %
2026/07/04 01:55:14.833, 6, 0 MiB, 81920 MiB, 0 %
2026/07/04 01:55:14.833, 7, 0 MiB, 81920 MiB, 0 %
2026/07/04 01:55:24.834, 0, 5951 MiB, 81920 MiB, 0 %
2026/07/04 01:55:24.834, 1, 0 MiB, 81920 MiB, 0 %
2026/07/04 01:55:24.835, 2, 0 MiB, 81920 MiB, 0 %
2026/07/04 01:55:24.835, 3, 0 MiB, 81920 MiB, 0 %
2026/07/04 01:55:24.835, 4, 0 MiB, 81920 MiB, 0 %
2026/07/04 01:55:24.835, 5, 0 MiB, 81920 MiB, 0 %
2026/07/04 01:55:24.836, 6, 0 MiB, 81920 MiB, 0 %
2026/07/04 01:55:24.836, 7, 0 MiB, 81920 MiB, 0 %
2026/07/04 01:55:34.836, 0, 5951 MiB, 81920 MiB, 0 %
2026/07/04 01:55:34.837, 1, 0 MiB, 81920 MiB, 0 %
2026/07/04 01:55:34.837, 2, 0 MiB, 81920 MiB, 0 %
2026/07/04 01:55:34.837, 3, 0 MiB, 81920 MiB, 0 %
2026/07/04 01:55:34.838, 4, 0 MiB, 81920 MiB, 0 %
2026/07/04 01:55:34.838, 5, 0 MiB, 81920 MiB, 0 %
2026/07/04 01:55:34.838, 6, 0 MiB, 81920 MiB, 0 %
2026/07/04 01:55:34.839, 7, 0 MiB, 81920 MiB, 0 %
2026/07/04 01:55:44.839, 0, 5951 MiB, 81920 MiB, 0 %
2026/07/04 01:55:44.839, 1, 0 MiB, 81920 MiB, 0 %
2026/07/04 01:55:44.840, 2, 0 MiB, 81920 MiB, 0 %
2026/07/04 01:55:44.840, 3, 0 MiB, 81920 MiB, 0 %
2026/07/04 01:55:44.840, 4, 0 MiB, 81920 MiB, 0 %
2026/07/04 01:55:44.840, 5, 0 MiB, 81920 MiB, 0 %
2026/07/04 01:55:44.841, 6, 0 MiB, 81920 MiB, 0 %
2026/07/04 01:55:44.841, 7, 0 MiB, 81920 MiB, 0 %
2026/07/04 01:55:54.841, 0, 5951 MiB, 81920 MiB, 0 %
2026/07/04 01:55:54.842, 1, 0 MiB, 81920 MiB, 0 %
2026/07/04 01:55:54.842, 2, 0 MiB, 81920 MiB, 0 %
2026/07/04 01:55:54.842, 3, 0 MiB, 81920 MiB, 0 %
2026/07/04 01:55:54.843, 4, 0 MiB, 81920 MiB, 0 %
2026/07/04 01:55:54.843, 5, 0 MiB, 81920 MiB, 0 %
2026/07/04 01:55:54.843, 6, 0 MiB, 81920 MiB, 0 %
2026/07/04 01:55:54.843, 7, 0 MiB, 81920 MiB, 0 %
2026/07/04 01:56:04.844, 0, 5951 MiB, 81920 MiB, 0 %
2026/07/04 01:56:04.844, 1, 0 MiB, 81920 MiB, 0 %
2026/07/04 01:56:04.845, 2, 0 MiB, 81920 MiB, 0 %
2026/07/04 01:56:04.845, 3, 0 MiB, 81920 MiB, 0 %
2026/07/04 01:56:04.845, 4, 0 MiB, 81920 MiB, 0 %
2026/07/04 01:56:04.845, 5, 0 MiB, 81920 MiB, 0 %
2026/07/04 01:56:04.846, 6, 0 MiB, 81920 MiB, 0 %
2026/07/04 01:56:04.846, 7, 0 MiB, 81920 MiB, 0 %
2026/07/04 01:56:14.846, 0, 5951 MiB, 81920 MiB, 0 %
2026/07/04 01:56:14.847, 1, 0 MiB, 81920 MiB, 0 %
2026/07/04 01:56:14.847, 2, 0 MiB, 81920 MiB, 0 %
2026/07/04 01:56:14.847, 3, 0 MiB, 81920 MiB, 0 %
2026/07/04 01:56:14.848, 4, 0 MiB, 81920 MiB, 0 %
2026/07/04 01:56:14.848, 5, 0 MiB, 81920 MiB, 0 %
2026/07/04 01:56:14.848, 6, 0 MiB, 81920 MiB, 0 %
2026/07/04 01:56:14.848, 7, 0 MiB, 81920 MiB, 0 %
2026/07/04 01:56:24.849, 0, 5951 MiB, 81920 MiB, 55 %
2026/07/04 01:56:24.849, 1, 0 MiB, 81920 MiB, 0 %
2026/07/04 01:56:24.850, 2, 0 MiB, 81920 MiB, 0 %
2026/07/04 01:56:24.850, 3, 0 MiB, 81920 MiB, 0 %
2026/07/04 01:56:24.850, 4, 0 MiB, 81920 MiB, 0 %
2026/07/04 01:56:24.850, 5, 0 MiB, 81920 MiB, 0 %
2026/07/04 01:56:24.851, 6, 0 MiB, 81920 MiB, 0 %
2026/07/04 01:56:24.851, 7, 0 MiB, 81920 MiB, 0 %
2026/07/04 01:56:34.851, 0, 5951 MiB, 81920 MiB, 75 %
2026/07/04 01:56:34.852, 1, 0 MiB, 81920 MiB, 0 %
2026/07/04 01:56:34.852, 2, 0 MiB, 81920 MiB, 0 %
2026/07/04 01:56:34.852, 3, 0 MiB, 81920 MiB, 0 %
2026/07/04 01:56:34.852, 4, 0 MiB, 81920 MiB, 0 %
2026/07/04 01:56:34.853, 5, 0 MiB, 81920 MiB, 0 %
2026/07/04 01:56:34.853, 6, 0 MiB, 81920 MiB, 0 %
2026/07/04 01:56:34.853, 7, 0 MiB, 81920 MiB, 0 %
2026/07/04 01:56:44.854, 0, 5951 MiB, 81920 MiB, 0 %
2026/07/04 01:56:44.854, 1, 0 MiB, 81920 MiB, 0 %
2026/07/04 01:56:44.854, 2, 0 MiB, 81920 MiB, 0 %
2026/07/04 01:56:44.855, 3, 0 MiB, 81920 MiB, 0 %
2026/07/04 01:56:44.855, 4, 0 MiB, 81920 MiB, 0 %
2026/07/04 01:56:44.855, 5, 0 MiB, 81920 MiB, 0 %
2026/07/04 01:56:44.855, 6, 0 MiB, 81920 MiB, 0 %
2026/07/04 01:56:44.856, 7, 0 MiB, 81920 MiB, 0 %
2026/07/04 01:56:54.856, 0, 5951 MiB, 81920 MiB, 53 %
2026/07/04 01:56:54.857, 1, 0 MiB, 81920 MiB, 0 %
2026/07/04 01:56:54.857, 2, 0 MiB, 81920 MiB, 0 %
2026/07/04 01:56:54.857, 3, 0 MiB, 81920 MiB, 0 %
2026/07/04 01:56:54.857, 4, 0 MiB, 81920 MiB, 0 %
2026/07/04 01:56:54.858, 5, 0 MiB, 81920 MiB, 0 %
2026/07/04 01:56:54.858, 6, 0 MiB, 81920 MiB, 0 %
2026/07/04 01:56:54.858, 7, 0 MiB, 81920 MiB, 0 %
2026/07/04 01:57:04.859, 0, 5951 MiB, 81920 MiB, 0 %
2026/07/04 01:57:04.859, 1, 0 MiB, 81920 MiB, 0 %
2026/07/04 01:57:04.859, 2, 0 MiB, 81920 MiB, 0 %
2026/07/04 01:57:04.860, 3, 0 MiB, 81920 MiB, 0 %
2026/07/04 01:57:04.860, 4, 0 MiB, 81920 MiB, 0 %
2026/07/04 01:57:04.860, 5, 0 MiB, 81920 MiB, 0 %
2026/07/04 01:57:04.860, 6, 0 MiB, 81920 MiB, 0 %
2026/07/04 01:57:04.861, 7, 0 MiB, 81920 MiB, 0 %
2026/07/04 01:57:14.861, 0, 5951 MiB, 81920 MiB, 0 %
2026/07/04 01:57:14.862, 1, 0 MiB, 81920 MiB, 0 %
2026/07/04 01:57:14.862, 2, 0 MiB, 81920 MiB, 0 %
2026/07/04 01:57:14.862, 3, 0 MiB, 81920 MiB, 0 %
2026/07/04 01:57:14.862, 4, 0 MiB, 81920 MiB, 0 %
2026/07/04 01:57:14.863, 5, 0 MiB, 81920 MiB, 0 %
2026/07/04 01:57:14.863, 6, 0 MiB, 81920 MiB, 0 %
2026/07/04 01:57:14.863, 7, 0 MiB, 81920 MiB, 0 %
2026/07/04 01:57:24.864, 0, 5951 MiB, 81920 MiB, 0 %
2026/07/04 01:57:24.865, 1, 0 MiB, 81920 MiB, 0 %
2026/07/04 01:57:24.865, 2, 0 MiB, 81920 MiB, 0 %
2026/07/04 01:57:24.865, 3, 0 MiB, 81920 MiB, 0 %
2026/07/04 01:57:24.866, 4, 0 MiB, 81920 MiB, 0 %
2026/07/04 01:57:24.866, 5, 0 MiB, 81920 MiB, 0 %
2026/07/04 01:57:24.866, 6, 0 MiB, 81920 MiB, 0 %
2026/07/04 01:57:24.866, 7, 0 MiB, 81920 MiB, 0 %
2026/07/04 01:57:34.867, 0, 5951 MiB, 81920 MiB, 0 %
2026/07/04 01:57:34.868, 1, 0 MiB, 81920 MiB, 0 %
2026/07/04 01:57:34.868, 2, 0 MiB, 81920 MiB, 0 %
2026/07/04 01:57:34.868, 3, 0 MiB, 81920 MiB, 0 %
2026/07/04 01:57:34.868, 4, 0 MiB, 81920 MiB, 0 %
2026/07/04 01:57:34.869, 5, 0 MiB, 81920 MiB, 0 %
2026/07/04 01:57:34.869, 6, 0 MiB, 81920 MiB, 0 %
2026/07/04 01:57:34.869, 7, 0 MiB, 81920 MiB, 0 %
2026/07/04 01:57:44.870, 0, 5951 MiB, 81920 MiB, 46 %
2026/07/04 01:57:44.870, 1, 0 MiB, 81920 MiB, 0 %
2026/07/04 01:57:44.870, 2, 0 MiB, 81920 MiB, 0 %
2026/07/04 01:57:44.871, 3, 0 MiB, 81920 MiB, 0 %
2026/07/04 01:57:44.871, 4, 0 MiB, 81920 MiB, 0 %
2026/07/04 01:57:44.871, 5, 0 MiB, 81920 MiB, 0 %
2026/07/04 01:57:44.871, 6, 0 MiB, 81920 MiB, 0 %
2026/07/04 01:57:44.872, 7, 0 MiB, 81920 MiB, 0 %
2026/07/04 01:57:54.872, 0, 5951 MiB, 81920 MiB, 0 %
2026/07/04 01:57:54.873, 1, 0 MiB, 81920 MiB, 0 %
2026/07/04 01:57:54.873, 2, 0 MiB, 81920 MiB, 0 %
2026/07/04 01:57:54.873, 3, 0 MiB, 81920 MiB, 0 %
2026/07/04 01:57:54.873, 4, 0 MiB, 81920 MiB, 0 %
2026/07/04 01:57:54.874, 5, 0 MiB, 81920 MiB, 0 %
2026/07/04 01:57:54.874, 6, 0 MiB, 81920 MiB, 0 %
2026/07/04 01:57:54.874, 7, 0 MiB, 81920 MiB, 0 %
2026/07/04 01:58:04.875, 0, 5951 MiB, 81920 MiB, 0 %
2026/07/04 01:58:04.876, 1, 0 MiB, 81920 MiB, 0 %
2026/07/04 01:58:04.876, 2, 0 MiB, 81920 MiB, 0 %
2026/07/04 01:58:04.876, 3, 0 MiB, 81920 MiB, 0 %
2026/07/04 01:58:04.877, 4, 0 MiB, 81920 MiB, 0 %
2026/07/04 01:58:04.877, 5, 0 MiB, 81920 MiB, 0 %
2026/07/04 01:58:04.877, 6, 0 MiB, 81920 MiB, 0 %
2026/07/04 01:58:04.877, 7, 0 MiB, 81920 MiB, 0 %
2026/07/04 01:58:14.878, 0, 5951 MiB, 81920 MiB, 0 %
2026/07/04 01:58:14.878, 1, 0 MiB, 81920 MiB, 0 %
2026/07/04 01:58:14.879, 2, 0 MiB, 81920 MiB, 0 %
2026/07/04 01:58:14.879, 3, 0 MiB, 81920 MiB, 0 %
2026/07/04 01:58:14.879, 4, 0 MiB, 81920 MiB, 0 %
2026/07/04 01:58:14.880, 5, 0 MiB, 81920 MiB, 0 %
2026/07/04 01:58:14.880, 6, 0 MiB, 81920 MiB, 0 %
2026/07/04 01:58:14.880, 7, 0 MiB, 81920 MiB, 0 %
2026/07/04 01:58:24.880, 0, 5951 MiB, 81920 MiB, 0 %
2026/07/04 01:58:24.881, 1, 0 MiB, 81920 MiB, 0 %
2026/07/04 01:58:24.881, 2, 0 MiB, 81920 MiB, 0 %
2026/07/04 01:58:24.882, 3, 0 MiB, 81920 MiB, 0 %
2026/07/04 01:58:24.882, 4, 0 MiB, 81920 MiB, 0 %
2026/07/04 01:58:24.882, 5, 0 MiB, 81920 MiB, 0 %
2026/07/04 01:58:24.882, 6, 0 MiB, 81920 MiB, 0 %
2026/07/04 01:58:24.883, 7, 0 MiB, 81920 MiB, 0 %
2026/07/04 01:58:34.883, 0, 5951 MiB, 81920 MiB, 0 %
2026/07/04 01:58:34.884, 1, 0 MiB, 81920 MiB, 0 %
2026/07/04 01:58:34.884, 2, 0 MiB, 81920 MiB, 0 %
2026/07/04 01:58:34.884, 3, 0 MiB, 81920 MiB, 0 %
2026/07/04 01:58:34.884, 4, 0 MiB, 81920 MiB, 0 %
2026/07/04 01:58:34.885, 5, 0 MiB, 81920 MiB, 0 %
2026/07/04 01:58:34.885, 6, 0 MiB, 81920 MiB, 0 %
2026/07/04 01:58:34.885, 7, 0 MiB, 81920 MiB, 0 %
2026/07/04 01:58:44.886, 0, 5951 MiB, 81920 MiB, 0 %
2026/07/04 01:58:44.886, 1, 0 MiB, 81920 MiB, 0 %
2026/07/04 01:58:44.886, 2, 0 MiB, 81920 MiB, 0 %
2026/07/04 01:58:44.887, 3, 0 MiB, 81920 MiB, 0 %
2026/07/04 01:58:44.887, 4, 0 MiB, 81920 MiB, 0 %
2026/07/04 01:58:44.887, 5, 0 MiB, 81920 MiB, 0 %
2026/07/04 01:58:44.887, 6, 0 MiB, 81920 MiB, 0 %
2026/07/04 01:58:44.888, 7, 0 MiB, 81920 MiB, 0 %
2026/07/04 01:58:54.889, 0, 5951 MiB, 81920 MiB, 0 %
2026/07/04 01:58:54.889, 1, 0 MiB, 81920 MiB, 0 %
2026/07/04 01:58:54.890, 2, 0 MiB, 81920 MiB, 0 %
2026/07/04 01:58:54.890, 3, 0 MiB, 81920 MiB, 0 %
2026/07/04 01:58:54.890, 4, 0 MiB, 81920 MiB, 0 %
2026/07/04 01:58:54.891, 5, 0 MiB, 81920 MiB, 0 %
2026/07/04 01:58:54.891, 6, 0 MiB, 81920 MiB, 0 %
2026/07/04 01:58:54.891, 7, 0 MiB, 81920 MiB, 0 %
2026/07/04 01:59:04.892, 0, 5951 MiB, 81920 MiB, 0 %
2026/07/04 01:59:04.892, 1, 0 MiB, 81920 MiB, 0 %
2026/07/04 01:59:04.892, 2, 0 MiB, 81920 MiB, 0 %
2026/07/04 01:59:04.893, 3, 0 MiB, 81920 MiB, 0 %
2026/07/04 01:59:04.893, 4, 0 MiB, 81920 MiB, 0 %
2026/07/04 01:59:04.893, 5, 0 MiB, 81920 MiB, 0 %
2026/07/04 01:59:04.893, 6, 0 MiB, 81920 MiB, 0 %
2026/07/04 01:59:04.894, 7, 0 MiB, 81920 MiB, 0 %
2026/07/04 01:59:14.894, 0, 5951 MiB, 81920 MiB, 0 %
2026/07/04 01:59:14.895, 1, 0 MiB, 81920 MiB, 0 %
2026/07/04 01:59:14.895, 2, 0 MiB, 81920 MiB, 0 %
2026/07/04 01:59:14.895, 3, 0 MiB, 81920 MiB, 0 %
2026/07/04 01:59:14.895, 4, 0 MiB, 81920 MiB, 0 %
2026/07/04 01:59:14.896, 5, 0 MiB, 81920 MiB, 0 %
2026/07/04 01:59:14.896, 6, 0 MiB, 81920 MiB, 0 %
2026/07/04 01:59:14.896, 7, 0 MiB, 81920 MiB, 0 %
2026/07/04 01:59:24.897, 0, 5951 MiB, 81920 MiB, 0 %
2026/07/04 01:59:24.897, 1, 0 MiB, 81920 MiB, 0 %
2026/07/04 01:59:24.898, 2, 0 MiB, 81920 MiB, 0 %
2026/07/04 01:59:24.898, 3, 0 MiB, 81920 MiB, 0 %
2026/07/04 01:59:24.898, 4, 0 MiB, 81920 MiB, 0 %
2026/07/04 01:59:24.898, 5, 0 MiB, 81920 MiB, 0 %
2026/07/04 01:59:24.899, 6, 0 MiB, 81920 MiB, 0 %
2026/07/04 01:59:24.899, 7, 0 MiB, 81920 MiB, 0 %
2026/07/04 01:59:34.899, 0, 5951 MiB, 81920 MiB, 0 %
2026/07/04 01:59:34.900, 1, 0 MiB, 81920 MiB, 0 %
2026/07/04 01:59:34.900, 2, 0 MiB, 81920 MiB, 0 %
2026/07/04 01:59:34.900, 3, 0 MiB, 81920 MiB, 0 %
2026/07/04 01:59:34.901, 4, 0 MiB, 81920 MiB, 0 %
2026/07/04 01:59:34.901, 5, 0 MiB, 81920 MiB, 0 %
2026/07/04 01:59:34.901, 6, 0 MiB, 81920 MiB, 0 %
2026/07/04 01:59:34.901, 7, 0 MiB, 81920 MiB, 0 %
2026/07/04 01:59:44.902, 0, 5951 MiB, 81920 MiB, 0 %
2026/07/04 01:59:44.902, 1, 0 MiB, 81920 MiB, 0 %
2026/07/04 01:59:44.903, 2, 0 MiB, 81920 MiB, 0 %
2026/07/04 01:59:44.903, 3, 0 MiB, 81920 MiB, 0 %
2026/07/04 01:59:44.903, 4, 0 MiB, 81920 MiB, 0 %
2026/07/04 01:59:44.903, 5, 0 MiB, 81920 MiB, 0 %
2026/07/04 01:59:44.904, 6, 0 MiB, 81920 MiB, 0 %
2026/07/04 01:59:44.904, 7, 0 MiB, 81920 MiB, 0 %
2026/07/04 01:59:54.904, 0, 5951 MiB, 81920 MiB, 0 %
2026/07/04 01:59:54.905, 1, 0 MiB, 81920 MiB, 0 %
2026/07/04 01:59:54.905, 2, 0 MiB, 81920 MiB, 0 %
2026/07/04 01:59:54.906, 3, 0 MiB, 81920 MiB, 0 %
2026/07/04 01:59:54.906, 4, 0 MiB, 81920 MiB, 0 %
2026/07/04 01:59:54.906, 5, 0 MiB, 81920 MiB, 0 %
2026/07/04 01:59:54.907, 6, 0 MiB, 81920 MiB, 0 %
2026/07/04 01:59:54.907, 7, 0 MiB, 81920 MiB, 0 %
2026/07/04 02:00:04.907, 0, 5951 MiB, 81920 MiB, 0 %
2026/07/04 02:00:04.908, 1, 0 MiB, 81920 MiB, 0 %
2026/07/04 02:00:04.908, 2, 0 MiB, 81920 MiB, 0 %
2026/07/04 02:00:04.909, 3, 0 MiB, 81920 MiB, 0 %
2026/07/04 02:00:04.909, 4, 0 MiB, 81920 MiB, 0 %
2026/07/04 02:00:04.909, 5, 0 MiB, 81920 MiB, 0 %
2026/07/04 02:00:04.910, 6, 0 MiB, 81920 MiB, 0 %
2026/07/04 02:00:04.910, 7, 0 MiB, 81920 MiB, 0 %
2026/07/04 02:00:14.911, 0, 5951 MiB, 81920 MiB, 0 %
2026/07/04 02:00:14.912, 1, 0 MiB, 81920 MiB, 0 %
2026/07/04 02:00:14.912, 2, 0 MiB, 81920 MiB, 0 %
2026/07/04 02:00:14.912, 3, 0 MiB, 81920 MiB, 0 %
2026/07/04 02:00:14.913, 4, 0 MiB, 81920 MiB, 0 %
2026/07/04 02:00:14.913, 5, 0 MiB, 81920 MiB, 0 %
2026/07/04 02:00:14.913, 6, 0 MiB, 81920 MiB, 0 %
2026/07/04 02:00:14.914, 7, 0 MiB, 81920 MiB, 0 %
2026/07/04 02:00:24.914, 0, 5951 MiB, 81920 MiB, 0 %
2026/07/04 02:00:24.915, 1, 0 MiB, 81920 MiB, 0 %
2026/07/04 02:00:24.915, 2, 0 MiB, 81920 MiB, 0 %
2026/07/04 02:00:24.915, 3, 0 MiB, 81920 MiB, 0 %
2026/07/04 02:00:24.916, 4, 0 MiB, 81920 MiB, 0 %
2026/07/04 02:00:24.916, 5, 0 MiB, 81920 MiB, 0 %
2026/07/04 02:00:24.916, 6, 0 MiB, 81920 MiB, 0 %
2026/07/04 02:00:24.917, 7, 0 MiB, 81920 MiB, 0 %
2026/07/04 02:00:34.917, 0, 5951 MiB, 81920 MiB, 0 %
2026/07/04 02:00:34.918, 1, 0 MiB, 81920 MiB, 0 %
2026/07/04 02:00:34.918, 2, 0 MiB, 81920 MiB, 0 %
2026/07/04 02:00:34.918, 3, 0 MiB, 81920 MiB, 0 %
2026/07/04 02:00:34.919, 4, 0 MiB, 81920 MiB, 0 %
2026/07/04 02:00:34.919, 5, 0 MiB, 81920 MiB, 0 %
2026/07/04 02:00:34.919, 6, 0 MiB, 81920 MiB, 0 %
2026/07/04 02:00:34.919, 7, 0 MiB, 81920 MiB, 0 %
2026/07/04 02:00:44.920, 0, 5951 MiB, 81920 MiB, 0 %
2026/07/04 02:00:44.921, 1, 0 MiB, 81920 MiB, 0 %
2026/07/04 02:00:44.921, 2, 0 MiB, 81920 MiB, 0 %
2026/07/04 02:00:44.921, 3, 0 MiB, 81920 MiB, 0 %
2026/07/04 02:00:44.922, 4, 0 MiB, 81920 MiB, 0 %
2026/07/04 02:00:44.922, 5, 0 MiB, 81920 MiB, 0 %
2026/07/04 02:00:44.922, 6, 0 MiB, 81920 MiB, 0 %
2026/07/04 02:00:44.922, 7, 0 MiB, 81920 MiB, 0 %
2026/07/04 02:00:54.923, 0, 5951 MiB, 81920 MiB, 0 %
2026/07/04 02:00:54.924, 1, 0 MiB, 81920 MiB, 0 %
2026/07/04 02:00:54.924, 2, 0 MiB, 81920 MiB, 0 %
2026/07/04 02:00:54.924, 3, 0 MiB, 81920 MiB, 0 %
2026/07/04 02:00:54.925, 4, 0 MiB, 81920 MiB, 0 %
2026/07/04 02:00:54.925, 5, 0 MiB, 81920 MiB, 0 %
2026/07/04 02:00:54.925, 6, 0 MiB, 81920 MiB, 0 %
2026/07/04 02:00:54.925, 7, 0 MiB, 81920 MiB, 0 %
2026/07/04 02:01:04.926, 0, 5951 MiB, 81920 MiB, 0 %
2026/07/04 02:01:04.927, 1, 0 MiB, 81920 MiB, 0 %
2026/07/04 02:01:04.927, 2, 0 MiB, 81920 MiB, 0 %
2026/07/04 02:01:04.927, 3, 0 MiB, 81920 MiB, 0 %
2026/07/04 02:01:04.927, 4, 0 MiB, 81920 MiB, 0 %
2026/07/04 02:01:04.928, 5, 0 MiB, 81920 MiB, 0 %
2026/07/04 02:01:04.928, 6, 0 MiB, 81920 MiB, 0 %
2026/07/04 02:01:04.928, 7, 0 MiB, 81920 MiB, 0 %
2026/07/04 02:01:14.929, 0, 5951 MiB, 81920 MiB, 6 %
2026/07/04 02:01:14.930, 1, 0 MiB, 81920 MiB, 0 %
2026/07/04 02:01:14.930, 2, 0 MiB, 81920 MiB, 0 %
2026/07/04 02:01:14.930, 3, 0 MiB, 81920 MiB, 0 %
2026/07/04 02:01:14.930, 4, 0 MiB, 81920 MiB, 0 %
2026/07/04 02:01:14.931, 5, 0 MiB, 81920 MiB, 0 %
2026/07/04 02:01:14.931, 6, 0 MiB, 81920 MiB, 0 %
2026/07/04 02:01:14.931, 7, 0 MiB, 81920 MiB, 0 %
2026/07/04 02:01:24.932, 0, 5951 MiB, 81920 MiB, 0 %
2026/07/04 02:01:24.932, 1, 0 MiB, 81920 MiB, 0 %
2026/07/04 02:01:24.932, 2, 0 MiB, 81920 MiB, 0 %
2026/07/04 02:01:24.933, 3, 0 MiB, 81920 MiB, 0 %
2026/07/04 02:01:24.933, 4, 0 MiB, 81920 MiB, 0 %
2026/07/04 02:01:24.933, 5, 0 MiB, 81920 MiB, 0 %
2026/07/04 02:01:24.934, 6, 0 MiB, 81920 MiB, 0 %
2026/07/04 02:01:24.934, 7, 0 MiB, 81920 MiB, 0 %
2026/07/04 02:01:34.935, 0, 5951 MiB, 81920 MiB, 0 %
2026/07/04 02:01:34.935, 1, 0 MiB, 81920 MiB, 0 %
2026/07/04 02:01:34.935, 2, 0 MiB, 81920 MiB, 0 %
2026/07/04 02:01:34.936, 3, 0 MiB, 81920 MiB, 0 %
2026/07/04 02:01:34.936, 4, 0 MiB, 81920 MiB, 0 %
2026/07/04 02:01:34.936, 5, 0 MiB, 81920 MiB, 0 %
2026/07/04 02:01:34.936, 6, 0 MiB, 81920 MiB, 0 %
2026/07/04 02:01:34.937, 7, 0 MiB, 81920 MiB, 0 %
2026/07/04 02:01:44.938, 0, 5951 MiB, 81920 MiB, 0 %
2026/07/04 02:01:44.939, 1, 0 MiB, 81920 MiB, 0 %
2026/07/04 02:01:44.939, 2, 0 MiB, 81920 MiB, 0 %
2026/07/04 02:01:44.939, 3, 0 MiB, 81920 MiB, 0 %
2026/07/04 02:01:44.940, 4, 0 MiB, 81920 MiB, 0 %
2026/07/04 02:01:44.940, 5, 0 MiB, 81920 MiB, 0 %
2026/07/04 02:01:44.940, 6, 0 MiB, 81920 MiB, 0 %
2026/07/04 02:01:44.941, 7, 0 MiB, 81920 MiB, 0 %
2026/07/04 02:01:54.941, 0, 5951 MiB, 81920 MiB, 0 %
2026/07/04 02:01:54.942, 1, 0 MiB, 81920 MiB, 0 %
2026/07/04 02:01:54.942, 2, 0 MiB, 81920 MiB, 0 %
2026/07/04 02:01:54.942, 3, 0 MiB, 81920 MiB, 0 %
2026/07/04 02:01:54.943, 4, 0 MiB, 81920 MiB, 0 %
2026/07/04 02:01:54.943, 5, 0 MiB, 81920 MiB, 0 %
2026/07/04 02:01:54.943, 6, 0 MiB, 81920 MiB, 0 %
2026/07/04 02:01:54.944, 7, 0 MiB, 81920 MiB, 0 %
2026/07/04 02:02:04.944, 0, 5951 MiB, 81920 MiB, 0 %
2026/07/04 02:02:04.945, 1, 0 MiB, 81920 MiB, 0 %
2026/07/04 02:02:04.945, 2, 0 MiB, 81920 MiB, 0 %
2026/07/04 02:02:04.945, 3, 0 MiB, 81920 MiB, 0 %
2026/07/04 02:02:04.945, 4, 0 MiB, 81920 MiB, 0 %
2026/07/04 02:02:04.946, 5, 0 MiB, 81920 MiB, 0 %
2026/07/04 02:02:04.946, 6, 0 MiB, 81920 MiB, 0 %
2026/07/04 02:02:04.946, 7, 0 MiB, 81920 MiB, 0 %
2026/07/04 02:02:14.947, 0, 5951 MiB, 81920 MiB, 0 %
2026/07/04 02:02:14.947, 1, 0 MiB, 81920 MiB, 0 %
2026/07/04 02:02:14.947, 2, 0 MiB, 81920 MiB, 0 %
2026/07/04 02:02:14.948, 3, 0 MiB, 81920 MiB, 0 %
2026/07/04 02:02:14.948, 4, 0 MiB, 81920 MiB, 0 %
2026/07/04 02:02:14.948, 5, 0 MiB, 81920 MiB, 0 %
2026/07/04 02:02:14.948, 6, 0 MiB, 81920 MiB, 0 %
2026/07/04 02:02:14.949, 7, 0 MiB, 81920 MiB, 0 %
2026/07/04 02:02:24.950, 0, 5951 MiB, 81920 MiB, 0 %
2026/07/04 02:02:24.950, 1, 0 MiB, 81920 MiB, 0 %
2026/07/04 02:02:24.951, 2, 0 MiB, 81920 MiB, 0 %
2026/07/04 02:02:24.951, 3, 0 MiB, 81920 MiB, 0 %
2026/07/04 02:02:24.951, 4, 0 MiB, 81920 MiB, 0 %
2026/07/04 02:02:24.951, 5, 0 MiB, 81920 MiB, 0 %
2026/07/04 02:02:24.952, 6, 0 MiB, 81920 MiB, 0 %
2026/07/04 02:02:24.952, 7, 0 MiB, 81920 MiB, 0 %
2026/07/04 02:02:34.953, 0, 5951 MiB, 81920 MiB, 0 %
2026/07/04 02:02:34.953, 1, 0 MiB, 81920 MiB, 0 %
2026/07/04 02:02:34.953, 2, 0 MiB, 81920 MiB, 0 %
2026/07/04 02:02:34.954, 3, 0 MiB, 81920 MiB, 0 %
2026/07/04 02:02:34.954, 4, 0 MiB, 81920 MiB, 0 %
2026/07/04 02:02:34.954, 5, 0 MiB, 81920 MiB, 0 %
2026/07/04 02:02:34.955, 6, 0 MiB, 81920 MiB, 0 %
2026/07/04 02:02:34.955, 7, 0 MiB, 81920 MiB, 0 %
2026/07/04 02:02:44.955, 0, 5951 MiB, 81920 MiB, 0 %
2026/07/04 02:02:44.956, 1, 0 MiB, 81920 MiB, 0 %
2026/07/04 02:02:44.956, 2, 0 MiB, 81920 MiB, 0 %
2026/07/04 02:02:44.956, 3, 0 MiB, 81920 MiB, 0 %
2026/07/04 02:02:44.957, 4, 0 MiB, 81920 MiB, 0 %
2026/07/04 02:02:44.957, 5, 0 MiB, 81920 MiB, 0 %
2026/07/04 02:02:44.957, 6, 0 MiB, 81920 MiB, 0 %
2026/07/04 02:02:44.958, 7, 0 MiB, 81920 MiB, 0 %
2026/07/04 02:02:54.958, 0, 5951 MiB, 81920 MiB, 0 %
2026/07/04 02:02:54.959, 1, 0 MiB, 81920 MiB, 0 %
2026/07/04 02:02:54.959, 2, 0 MiB, 81920 MiB, 0 %
2026/07/04 02:02:54.959, 3, 0 MiB, 81920 MiB, 0 %
2026/07/04 02:02:54.959, 4, 0 MiB, 81920 MiB, 0 %
2026/07/04 02:02:54.960, 5, 0 MiB, 81920 MiB, 0 %
2026/07/04 02:02:54.960, 6, 0 MiB, 81920 MiB, 0 %
2026/07/04 02:02:54.960, 7, 0 MiB, 81920 MiB, 0 %
2026/07/04 02:03:04.962, 0, 5951 MiB, 81920 MiB, 48 %
2026/07/04 02:03:04.962, 1, 0 MiB, 81920 MiB, 0 %
2026/07/04 02:03:04.963, 2, 0 MiB, 81920 MiB, 0 %
2026/07/04 02:03:04.963, 3, 0 MiB, 81920 MiB, 0 %
2026/07/04 02:03:04.963, 4, 0 MiB, 81920 MiB, 0 %
2026/07/04 02:03:04.963, 5, 0 MiB, 81920 MiB, 0 %
2026/07/04 02:03:04.964, 6, 0 MiB, 81920 MiB, 0 %
2026/07/04 02:03:04.964, 7, 0 MiB, 81920 MiB, 0 %
2026/07/04 02:03:14.965, 0, 5951 MiB, 81920 MiB, 0 %
2026/07/04 02:03:14.965, 1, 0 MiB, 81920 MiB, 0 %
2026/07/04 02:03:14.965, 2, 0 MiB, 81920 MiB, 0 %
2026/07/04 02:03:14.966, 3, 0 MiB, 81920 MiB, 0 %
2026/07/04 02:03:14.966, 4, 0 MiB, 81920 MiB, 0 %
2026/07/04 02:03:14.966, 5, 0 MiB, 81920 MiB, 0 %
2026/07/04 02:03:14.967, 6, 0 MiB, 81920 MiB, 0 %
2026/07/04 02:03:14.967, 7, 0 MiB, 81920 MiB, 0 %
2026/07/04 02:03:24.967, 0, 5951 MiB, 81920 MiB, 4 %
2026/07/04 02:03:24.968, 1, 0 MiB, 81920 MiB, 0 %
2026/07/04 02:03:24.968, 2, 0 MiB, 81920 MiB, 0 %
2026/07/04 02:03:24.969, 3, 0 MiB, 81920 MiB, 0 %
2026/07/04 02:03:24.969, 4, 0 MiB, 81920 MiB, 0 %
2026/07/04 02:03:24.969, 5, 0 MiB, 81920 MiB, 0 %
2026/07/04 02:03:24.969, 6, 0 MiB, 81920 MiB, 0 %
2026/07/04 02:03:24.970, 7, 0 MiB, 81920 MiB, 0 %
2026/07/04 02:03:34.970, 0, 5951 MiB, 81920 MiB, 0 %
2026/07/04 02:03:34.971, 1, 0 MiB, 81920 MiB, 0 %
2026/07/04 02:03:34.971, 2, 0 MiB, 81920 MiB, 0 %
2026/07/04 02:03:34.971, 3, 0 MiB, 81920 MiB, 0 %
2026/07/04 02:03:34.972, 4, 0 MiB, 81920 MiB, 0 %
2026/07/04 02:03:34.972, 5, 0 MiB, 81920 MiB, 0 %
2026/07/04 02:03:34.972, 6, 0 MiB, 81920 MiB, 0 %
2026/07/04 02:03:34.973, 7, 0 MiB, 81920 MiB, 0 %
2026/07/04 02:03:44.973, 0, 5951 MiB, 81920 MiB, 0 %
2026/07/04 02:03:44.973, 1, 0 MiB, 81920 MiB, 0 %
2026/07/04 02:03:44.974, 2, 0 MiB, 81920 MiB, 0 %
2026/07/04 02:03:44.974, 3, 0 MiB, 81920 MiB, 0 %
2026/07/04 02:03:44.974, 4, 0 MiB, 81920 MiB, 0 %
2026/07/04 02:03:44.975, 5, 0 MiB, 81920 MiB, 0 %
2026/07/04 02:03:44.975, 6, 0 MiB, 81920 MiB, 0 %
2026/07/04 02:03:44.975, 7, 0 MiB, 81920 MiB, 0 %
2026/07/04 02:03:54.976, 0, 5951 MiB, 81920 MiB, 0 %
2026/07/04 02:03:54.976, 1, 0 MiB, 81920 MiB, 0 %
2026/07/04 02:03:54.976, 2, 0 MiB, 81920 MiB, 0 %
2026/07/04 02:03:54.977, 3, 0 MiB, 81920 MiB, 0 %
2026/07/04 02:03:54.977, 4, 0 MiB, 81920 MiB, 0 %
2026/07/04 02:03:54.977, 5, 0 MiB, 81920 MiB, 0 %
2026/07/04 02:03:54.978, 6, 0 MiB, 81920 MiB, 0 %
2026/07/04 02:03:54.978, 7, 0 MiB, 81920 MiB, 0 %
2026/07/04 02:04:04.979, 0, 5951 MiB, 81920 MiB, 0 %
2026/07/04 02:04:04.979, 1, 0 MiB, 81920 MiB, 0 %
2026/07/04 02:04:04.979, 2, 0 MiB, 81920 MiB, 0 %
2026/07/04 02:04:04.980, 3, 0 MiB, 81920 MiB, 0 %
2026/07/04 02:04:04.980, 4, 0 MiB, 81920 MiB, 0 %
2026/07/04 02:04:04.980, 5, 0 MiB, 81920 MiB, 0 %
2026/07/04 02:04:04.980, 6, 0 MiB, 81920 MiB, 0 %
2026/07/04 02:04:04.981, 7, 0 MiB, 81920 MiB, 0 %
2026/07/04 02:04:14.981, 0, 5951 MiB, 81920 MiB, 0 %
2026/07/04 02:04:14.982, 1, 0 MiB, 81920 MiB, 0 %
2026/07/04 02:04:14.982, 2, 0 MiB, 81920 MiB, 0 %
2026/07/04 02:04:14.982, 3, 0 MiB, 81920 MiB, 0 %
2026/07/04 02:04:14.983, 4, 0 MiB, 81920 MiB, 0 %
2026/07/04 02:04:14.983, 5, 0 MiB, 81920 MiB, 0 %
2026/07/04 02:04:14.983, 6, 0 MiB, 81920 MiB, 0 %
2026/07/04 02:04:14.984, 7, 0 MiB, 81920 MiB, 0 %
2026/07/04 02:04:24.984, 0, 5951 MiB, 81920 MiB, 0 %
2026/07/04 02:04:24.985, 1, 0 MiB, 81920 MiB, 0 %
2026/07/04 02:04:24.985, 2, 0 MiB, 81920 MiB, 0 %
2026/07/04 02:04:24.985, 3, 0 MiB, 81920 MiB, 0 %
2026/07/04 02:04:24.985, 4, 0 MiB, 81920 MiB, 0 %
2026/07/04 02:04:24.986, 5, 0 MiB, 81920 MiB, 0 %
2026/07/04 02:04:24.986, 6, 0 MiB, 81920 MiB, 0 %
2026/07/04 02:04:24.986, 7, 0 MiB, 81920 MiB, 0 %
2026/07/04 02:04:34.988, 0, 5951 MiB, 81920 MiB, 0 %
2026/07/04 02:04:34.988, 1, 0 MiB, 81920 MiB, 0 %
2026/07/04 02:04:34.989, 2, 0 MiB, 81920 MiB, 0 %
2026/07/04 02:04:34.989, 3, 0 MiB, 81920 MiB, 0 %
2026/07/04 02:04:34.989, 4, 0 MiB, 81920 MiB, 0 %
2026/07/04 02:04:34.989, 5, 0 MiB, 81920 MiB, 0 %
2026/07/04 02:04:34.990, 6, 0 MiB, 81920 MiB, 0 %
2026/07/04 02:04:34.990, 7, 0 MiB, 81920 MiB, 0 %
2026/07/04 02:04:44.991, 0, 5951 MiB, 81920 MiB, 0 %
2026/07/04 02:04:44.991, 1, 0 MiB, 81920 MiB, 0 %
2026/07/04 02:04:44.991, 2, 0 MiB, 81920 MiB, 0 %
2026/07/04 02:04:44.991, 3, 0 MiB, 81920 MiB, 0 %
2026/07/04 02:04:44.992, 4, 0 MiB, 81920 MiB, 0 %
2026/07/04 02:04:44.992, 5, 0 MiB, 81920 MiB, 0 %
2026/07/04 02:04:44.992, 6, 0 MiB, 81920 MiB, 0 %
2026/07/04 02:04:44.992, 7, 0 MiB, 81920 MiB, 0 %
2026/07/04 02:04:54.993, 0, 5951 MiB, 81920 MiB, 0 %
2026/07/04 02:04:54.994, 1, 0 MiB, 81920 MiB, 0 %
2026/07/04 02:04:54.994, 2, 0 MiB, 81920 MiB, 0 %
2026/07/04 02:04:54.994, 3, 0 MiB, 81920 MiB, 0 %
2026/07/04 02:04:54.994, 4, 0 MiB, 81920 MiB, 0 %
2026/07/04 02:04:54.995, 5, 0 MiB, 81920 MiB, 0 %
2026/07/04 02:04:54.995, 6, 0 MiB, 81920 MiB, 0 %
2026/07/04 02:04:54.995, 7, 0 MiB, 81920 MiB, 0 %
2026/07/04 02:05:04.996, 0, 5951 MiB, 81920 MiB, 0 %
2026/07/04 02:05:04.996, 1, 0 MiB, 81920 MiB, 0 %
2026/07/04 02:05:04.997, 2, 0 MiB, 81920 MiB, 0 %
2026/07/04 02:05:04.997, 3, 0 MiB, 81920 MiB, 0 %
2026/07/04 02:05:04.997, 4, 0 MiB, 81920 MiB, 0 %
2026/07/04 02:05:04.997, 5, 0 MiB, 81920 MiB, 0 %
2026/07/04 02:05:04.998, 6, 0 MiB, 81920 MiB, 0 %
2026/07/04 02:05:04.998, 7, 0 MiB, 81920 MiB, 0 %
2026/07/04 02:05:14.999, 0, 5951 MiB, 81920 MiB, 54 %
2026/07/04 02:05:15.000, 1, 0 MiB, 81920 MiB, 0 %
2026/07/04 02:05:15.000, 2, 0 MiB, 81920 MiB, 0 %
2026/07/04 02:05:15.000, 3, 0 MiB, 81920 MiB, 0 %
2026/07/04 02:05:15.001, 4, 0 MiB, 81920 MiB, 0 %
2026/07/04 02:05:15.001, 5, 0 MiB, 81920 MiB, 0 %
2026/07/04 02:05:15.001, 6, 0 MiB, 81920 MiB, 0 %
2026/07/04 02:05:15.002, 7, 0 MiB, 81920 MiB, 0 %
2026/07/04 02:05:25.002, 0, 5951 MiB, 81920 MiB, 0 %
2026/07/04 02:05:25.003, 1, 0 MiB, 81920 MiB, 0 %
2026/07/04 02:05:25.003, 2, 0 MiB, 81920 MiB, 0 %
2026/07/04 02:05:25.003, 3, 0 MiB, 81920 MiB, 0 %
2026/07/04 02:05:25.003, 4, 0 MiB, 81920 MiB, 0 %
2026/07/04 02:05:25.004, 5, 0 MiB, 81920 MiB, 0 %
2026/07/04 02:05:25.004, 6, 0 MiB, 81920 MiB, 0 %
2026/07/04 02:05:25.004, 7, 0 MiB, 81920 MiB, 0 %
2026/07/04 02:05:35.005, 0, 5951 MiB, 81920 MiB, 0 %
2026/07/04 02:05:35.005, 1, 0 MiB, 81920 MiB, 0 %
2026/07/04 02:05:35.006, 2, 0 MiB, 81920 MiB, 0 %
2026/07/04 02:05:35.006, 3, 0 MiB, 81920 MiB, 0 %
2026/07/04 02:05:35.006, 4, 0 MiB, 81920 MiB, 0 %
2026/07/04 02:05:35.007, 5, 0 MiB, 81920 MiB, 0 %
2026/07/04 02:05:35.007, 6, 0 MiB, 81920 MiB, 0 %
2026/07/04 02:05:35.007, 7, 0 MiB, 81920 MiB, 0 %
2026/07/04 02:05:45.008, 0, 5951 MiB, 81920 MiB, 0 %
2026/07/04 02:05:45.008, 1, 0 MiB, 81920 MiB, 0 %
2026/07/04 02:05:45.009, 2, 0 MiB, 81920 MiB, 0 %
2026/07/04 02:05:45.009, 3, 0 MiB, 81920 MiB, 0 %
2026/07/04 02:05:45.009, 4, 0 MiB, 81920 MiB, 0 %
2026/07/04 02:05:45.009, 5, 0 MiB, 81920 MiB, 0 %
2026/07/04 02:05:45.010, 6, 0 MiB, 81920 MiB, 0 %
2026/07/04 02:05:45.010, 7, 0 MiB, 81920 MiB, 0 %
2026/07/04 02:05:55.010, 0, 5951 MiB, 81920 MiB, 0 %
2026/07/04 02:05:55.011, 1, 0 MiB, 81920 MiB, 0 %
2026/07/04 02:05:55.011, 2, 0 MiB, 81920 MiB, 0 %
2026/07/04 02:05:55.011, 3, 0 MiB, 81920 MiB, 0 %
2026/07/04 02:05:55.012, 4, 0 MiB, 81920 MiB, 0 %
2026/07/04 02:05:55.012, 5, 0 MiB, 81920 MiB, 0 %
2026/07/04 02:05:55.012, 6, 0 MiB, 81920 MiB, 0 %
2026/07/04 02:05:55.013, 7, 0 MiB, 81920 MiB, 0 %
2026/07/04 02:06:05.013, 0, 5951 MiB, 81920 MiB, 0 %
2026/07/04 02:06:05.014, 1, 0 MiB, 81920 MiB, 0 %
2026/07/04 02:06:05.014, 2, 0 MiB, 81920 MiB, 0 %
2026/07/04 02:06:05.014, 3, 0 MiB, 81920 MiB, 0 %
2026/07/04 02:06:05.015, 4, 0 MiB, 81920 MiB, 0 %
2026/07/04 02:06:05.015, 5, 0 MiB, 81920 MiB, 0 %
2026/07/04 02:06:05.015, 6, 0 MiB, 81920 MiB, 0 %
2026/07/04 02:06:05.015, 7, 0 MiB, 81920 MiB, 0 %
2026/07/04 02:06:15.016, 0, 5951 MiB, 81920 MiB, 0 %
2026/07/04 02:06:15.017, 1, 0 MiB, 81920 MiB, 0 %
2026/07/04 02:06:15.017, 2, 0 MiB, 81920 MiB, 0 %
2026/07/04 02:06:15.017, 3, 0 MiB, 81920 MiB, 0 %
2026/07/04 02:06:15.018, 4, 0 MiB, 81920 MiB, 0 %
2026/07/04 02:06:15.018, 5, 0 MiB, 81920 MiB, 0 %
2026/07/04 02:06:15.018, 6, 0 MiB, 81920 MiB, 0 %
2026/07/04 02:06:15.018, 7, 0 MiB, 81920 MiB, 0 %
2026/07/04 02:06:25.019, 0, 5951 MiB, 81920 MiB, 54 %
2026/07/04 02:06:25.019, 1, 0 MiB, 81920 MiB, 0 %
2026/07/04 02:06:25.020, 2, 0 MiB, 81920 MiB, 0 %
2026/07/04 02:06:25.020, 3, 0 MiB, 81920 MiB, 0 %
2026/07/04 02:06:25.020, 4, 0 MiB, 81920 MiB, 0 %
2026/07/04 02:06:25.021, 5, 0 MiB, 81920 MiB, 0 %
2026/07/04 02:06:25.021, 6, 0 MiB, 81920 MiB, 0 %
2026/07/04 02:06:25.021, 7, 0 MiB, 81920 MiB, 0 %
2026/07/04 02:06:35.022, 0, 5951 MiB, 81920 MiB, 0 %
2026/07/04 02:06:35.022, 1, 0 MiB, 81920 MiB, 0 %
2026/07/04 02:06:35.023, 2, 0 MiB, 81920 MiB, 0 %
2026/07/04 02:06:35.023, 3, 0 MiB, 81920 MiB, 0 %
2026/07/04 02:06:35.023, 4, 0 MiB, 81920 MiB, 0 %
2026/07/04 02:06:35.024, 5, 0 MiB, 81920 MiB, 0 %
2026/07/04 02:06:35.024, 6, 0 MiB, 81920 MiB, 0 %
2026/07/04 02:06:35.024, 7, 0 MiB, 81920 MiB, 0 %
2026/07/04 02:06:45.025, 0, 5951 MiB, 81920 MiB, 0 %
2026/07/04 02:06:45.026, 1, 0 MiB, 81920 MiB, 0 %
2026/07/04 02:06:45.026, 2, 0 MiB, 81920 MiB, 0 %
2026/07/04 02:06:45.026, 3, 0 MiB, 81920 MiB, 0 %
2026/07/04 02:06:45.027, 4, 0 MiB, 81920 MiB, 0 %
2026/07/04 02:06:45.027, 5, 0 MiB, 81920 MiB, 0 %
2026/07/04 02:06:45.027, 6, 0 MiB, 81920 MiB, 0 %
2026/07/04 02:06:45.028, 7, 0 MiB, 81920 MiB, 0 %
2026/07/04 02:06:55.028, 0, 5951 MiB, 81920 MiB, 0 %
2026/07/04 02:06:55.029, 1, 0 MiB, 81920 MiB, 0 %
2026/07/04 02:06:55.029, 2, 0 MiB, 81920 MiB, 0 %
2026/07/04 02:06:55.029, 3, 0 MiB, 81920 MiB, 0 %
2026/07/04 02:06:55.030, 4, 0 MiB, 81920 MiB, 0 %
2026/07/04 02:06:55.030, 5, 0 MiB, 81920 MiB, 0 %
2026/07/04 02:06:55.030, 6, 0 MiB, 81920 MiB, 0 %
2026/07/04 02:06:55.031, 7, 0 MiB, 81920 MiB, 0 %
2026/07/04 02:07:05.031, 0, 5951 MiB, 81920 MiB, 0 %
2026/07/04 02:07:05.032, 1, 0 MiB, 81920 MiB, 0 %
2026/07/04 02:07:05.032, 2, 0 MiB, 81920 MiB, 0 %
2026/07/04 02:07:05.032, 3, 0 MiB, 81920 MiB, 0 %
2026/07/04 02:07:05.033, 4, 0 MiB, 81920 MiB, 0 %
2026/07/04 02:07:05.033, 5, 0 MiB, 81920 MiB, 0 %
2026/07/04 02:07:05.033, 6, 0 MiB, 81920 MiB, 0 %
2026/07/04 02:07:05.033, 7, 0 MiB, 81920 MiB, 0 %
2026/07/04 02:07:15.034, 0, 5951 MiB, 81920 MiB, 0 %
2026/07/04 02:07:15.034, 1, 0 MiB, 81920 MiB, 0 %
2026/07/04 02:07:15.035, 2, 0 MiB, 81920 MiB, 0 %
2026/07/04 02:07:15.035, 3, 0 MiB, 81920 MiB, 0 %
2026/07/04 02:07:15.035, 4, 0 MiB, 81920 MiB, 0 %
2026/07/04 02:07:15.036, 5, 0 MiB, 81920 MiB, 0 %
2026/07/04 02:07:15.036, 6, 0 MiB, 81920 MiB, 0 %
2026/07/04 02:07:15.036, 7, 0 MiB, 81920 MiB, 0 %
2026/07/04 02:07:25.037, 0, 5951 MiB, 81920 MiB, 0 %
2026/07/04 02:07:25.037, 1, 0 MiB, 81920 MiB, 0 %
2026/07/04 02:07:25.037, 2, 0 MiB, 81920 MiB, 0 %
2026/07/04 02:07:25.038, 3, 0 MiB, 81920 MiB, 0 %
2026/07/04 02:07:25.038, 4, 0 MiB, 81920 MiB, 0 %
2026/07/04 02:07:25.038, 5, 0 MiB, 81920 MiB, 0 %
2026/07/04 02:07:25.039, 6, 0 MiB, 81920 MiB, 0 %
2026/07/04 02:07:25.039, 7, 0 MiB, 81920 MiB, 0 %
2026/07/04 02:07:35.040, 0, 5951 MiB, 81920 MiB, 0 %
2026/07/04 02:07:35.040, 1, 0 MiB, 81920 MiB, 0 %
2026/07/04 02:07:35.040, 2, 0 MiB, 81920 MiB, 0 %
2026/07/04 02:07:35.041, 3, 0 MiB, 81920 MiB, 0 %
2026/07/04 02:07:35.041, 4, 0 MiB, 81920 MiB, 0 %
2026/07/04 02:07:35.041, 5, 0 MiB, 81920 MiB, 0 %
2026/07/04 02:07:35.042, 6, 0 MiB, 81920 MiB, 0 %
2026/07/04 02:07:35.042, 7, 0 MiB, 81920 MiB, 0 %
2026/07/04 02:07:45.042, 0, 5951 MiB, 81920 MiB, 0 %
2026/07/04 02:07:45.043, 1, 0 MiB, 81920 MiB, 0 %
2026/07/04 02:07:45.043, 2, 0 MiB, 81920 MiB, 0 %
2026/07/04 02:07:45.043, 3, 0 MiB, 81920 MiB, 0 %
2026/07/04 02:07:45.044, 4, 0 MiB, 81920 MiB, 0 %
2026/07/04 02:07:45.044, 5, 0 MiB, 81920 MiB, 0 %
2026/07/04 02:07:45.044, 6, 0 MiB, 81920 MiB, 0 %
2026/07/04 02:07:45.045, 7, 0 MiB, 81920 MiB, 0 %
2026/07/04 02:07:55.045, 0, 5951 MiB, 81920 MiB, 0 %
2026/07/04 02:07:55.046, 1, 0 MiB, 81920 MiB, 0 %
2026/07/04 02:07:55.046, 2, 0 MiB, 81920 MiB, 0 %
2026/07/04 02:07:55.046, 3, 0 MiB, 81920 MiB, 0 %
2026/07/04 02:07:55.047, 4, 0 MiB, 81920 MiB, 0 %
2026/07/04 02:07:55.047, 5, 0 MiB, 81920 MiB, 0 %
2026/07/04 02:07:55.047, 6, 0 MiB, 81920 MiB, 0 %
2026/07/04 02:07:55.048, 7, 0 MiB, 81920 MiB, 0 %
2026/07/04 02:08:05.048, 0, 5951 MiB, 81920 MiB, 0 %
2026/07/04 02:08:05.048, 1, 0 MiB, 81920 MiB, 0 %
2026/07/04 02:08:05.049, 2, 0 MiB, 81920 MiB, 0 %
2026/07/04 02:08:05.049, 3, 0 MiB, 81920 MiB, 0 %
2026/07/04 02:08:05.049, 4, 0 MiB, 81920 MiB, 0 %
2026/07/04 02:08:05.050, 5, 0 MiB, 81920 MiB, 0 %
2026/07/04 02:08:05.050, 6, 0 MiB, 81920 MiB, 0 %
2026/07/04 02:08:05.050, 7, 0 MiB, 81920 MiB, 0 %
2026/07/04 02:08:15.052, 0, 5951 MiB, 81920 MiB, 0 %
2026/07/04 02:08:15.052, 1, 0 MiB, 81920 MiB, 0 %
2026/07/04 02:08:15.052, 2, 0 MiB, 81920 MiB, 0 %
2026/07/04 02:08:15.053, 3, 0 MiB, 81920 MiB, 0 %
2026/07/04 02:08:15.053, 4, 0 MiB, 81920 MiB, 0 %
2026/07/04 02:08:15.053, 5, 0 MiB, 81920 MiB, 0 %
2026/07/04 02:08:15.054, 6, 0 MiB, 81920 MiB, 0 %
2026/07/04 02:08:15.054, 7, 0 MiB, 81920 MiB, 0 %
2026/07/04 02:08:25.055, 0, 5951 MiB, 81920 MiB, 0 %
2026/07/04 02:08:25.055, 1, 0 MiB, 81920 MiB, 0 %
2026/07/04 02:08:25.055, 2, 0 MiB, 81920 MiB, 0 %
2026/07/04 02:08:25.056, 3, 0 MiB, 81920 MiB, 0 %
2026/07/04 02:08:25.056, 4, 0 MiB, 81920 MiB, 0 %
2026/07/04 02:08:25.056, 5, 0 MiB, 81920 MiB, 0 %
2026/07/04 02:08:25.057, 6, 0 MiB, 81920 MiB, 0 %
2026/07/04 02:08:25.057, 7, 0 MiB, 81920 MiB, 0 %
2026/07/04 02:08:35.057, 0, 5951 MiB, 81920 MiB, 53 %
2026/07/04 02:08:35.058, 1, 0 MiB, 81920 MiB, 0 %
2026/07/04 02:08:35.058, 2, 0 MiB, 81920 MiB, 0 %
2026/07/04 02:08:35.058, 3, 0 MiB, 81920 MiB, 0 %
2026/07/04 02:08:35.059, 4, 0 MiB, 81920 MiB, 0 %
2026/07/04 02:08:35.059, 5, 0 MiB, 81920 MiB, 0 %
2026/07/04 02:08:35.059, 6, 0 MiB, 81920 MiB, 0 %
2026/07/04 02:08:35.060, 7, 0 MiB, 81920 MiB, 0 %
2026/07/04 02:08:45.060, 0, 5951 MiB, 81920 MiB, 0 %
2026/07/04 02:08:45.061, 1, 0 MiB, 81920 MiB, 0 %
2026/07/04 02:08:45.061, 2, 0 MiB, 81920 MiB, 0 %
2026/07/04 02:08:45.061, 3, 0 MiB, 81920 MiB, 0 %
2026/07/04 02:08:45.062, 4, 0 MiB, 81920 MiB, 0 %
2026/07/04 02:08:45.062, 5, 0 MiB, 81920 MiB, 0 %
2026/07/04 02:08:45.063, 6, 0 MiB, 81920 MiB, 0 %
2026/07/04 02:08:45.063, 7, 0 MiB, 81920 MiB, 0 %
2026/07/04 02:08:55.064, 0, 5951 MiB, 81920 MiB, 0 %
2026/07/04 02:08:55.065, 1, 0 MiB, 81920 MiB, 0 %
2026/07/04 02:08:55.065, 2, 0 MiB, 81920 MiB, 0 %
2026/07/04 02:08:55.065, 3, 0 MiB, 81920 MiB, 0 %
2026/07/04 02:08:55.066, 4, 0 MiB, 81920 MiB, 0 %
2026/07/04 02:08:55.066, 5, 0 MiB, 81920 MiB, 0 %
2026/07/04 02:08:55.066, 6, 0 MiB, 81920 MiB, 0 %
2026/07/04 02:08:55.067, 7, 0 MiB, 81920 MiB, 0 %
2026/07/04 02:09:05.067, 0, 5951 MiB, 81920 MiB, 0 %
2026/07/04 02:09:05.068, 1, 0 MiB, 81920 MiB, 0 %
2026/07/04 02:09:05.068, 2, 0 MiB, 81920 MiB, 0 %
2026/07/04 02:09:05.069, 3, 0 MiB, 81920 MiB, 0 %
2026/07/04 02:09:05.069, 4, 0 MiB, 81920 MiB, 0 %
2026/07/04 02:09:05.069, 5, 0 MiB, 81920 MiB, 0 %
2026/07/04 02:09:05.070, 6, 0 MiB, 81920 MiB, 0 %
2026/07/04 02:09:05.070, 7, 0 MiB, 81920 MiB, 0 %
2026/07/04 02:09:15.070, 0, 5951 MiB, 81920 MiB, 0 %
2026/07/04 02:09:15.071, 1, 0 MiB, 81920 MiB, 0 %
2026/07/04 02:09:15.071, 2, 0 MiB, 81920 MiB, 0 %
2026/07/04 02:09:15.072, 3, 0 MiB, 81920 MiB, 0 %
2026/07/04 02:09:15.072, 4, 0 MiB, 81920 MiB, 0 %
2026/07/04 02:09:15.072, 5, 0 MiB, 81920 MiB, 0 %
2026/07/04 02:09:15.072, 6, 0 MiB, 81920 MiB, 0 %
2026/07/04 02:09:15.073, 7, 0 MiB, 81920 MiB, 0 %
2026/07/04 02:09:25.073, 0, 5951 MiB, 81920 MiB, 0 %
2026/07/04 02:09:25.074, 1, 0 MiB, 81920 MiB, 0 %
2026/07/04 02:09:25.074, 2, 0 MiB, 81920 MiB, 0 %
2026/07/04 02:09:25.074, 3, 0 MiB, 81920 MiB, 0 %
2026/07/04 02:09:25.075, 4, 0 MiB, 81920 MiB, 0 %
2026/07/04 02:09:25.075, 5, 0 MiB, 81920 MiB, 0 %
2026/07/04 02:09:25.075, 6, 0 MiB, 81920 MiB, 0 %
2026/07/04 02:09:25.076, 7, 0 MiB, 81920 MiB, 0 %
2026/07/04 02:09:35.076, 0, 5951 MiB, 81920 MiB, 0 %
2026/07/04 02:09:35.076, 1, 0 MiB, 81920 MiB, 0 %
2026/07/04 02:09:35.077, 2, 0 MiB, 81920 MiB, 0 %
2026/07/04 02:09:35.077, 3, 0 MiB, 81920 MiB, 0 %
2026/07/04 02:09:35.077, 4, 0 MiB, 81920 MiB, 0 %
2026/07/04 02:09:35.078, 5, 0 MiB, 81920 MiB, 0 %
2026/07/04 02:09:35.078, 6, 0 MiB, 81920 MiB, 0 %
2026/07/04 02:09:35.078, 7, 0 MiB, 81920 MiB, 0 %
2026/07/04 02:09:45.079, 0, 5951 MiB, 81920 MiB, 0 %
2026/07/04 02:09:45.079, 1, 0 MiB, 81920 MiB, 0 %
2026/07/04 02:09:45.079, 2, 0 MiB, 81920 MiB, 0 %
2026/07/04 02:09:45.080, 3, 0 MiB, 81920 MiB, 0 %
2026/07/04 02:09:45.080, 4, 0 MiB, 81920 MiB, 0 %
2026/07/04 02:09:45.080, 5, 0 MiB, 81920 MiB, 0 %
2026/07/04 02:09:45.081, 6, 0 MiB, 81920 MiB, 0 %
2026/07/04 02:09:45.081, 7, 0 MiB, 81920 MiB, 0 %
2026/07/04 02:09:55.081, 0, 5951 MiB, 81920 MiB, 55 %
2026/07/04 02:09:55.082, 1, 0 MiB, 81920 MiB, 0 %
2026/07/04 02:09:55.082, 2, 0 MiB, 81920 MiB, 0 %
2026/07/04 02:09:55.083, 3, 0 MiB, 81920 MiB, 0 %
2026/07/04 02:09:55.083, 4, 0 MiB, 81920 MiB, 0 %
2026/07/04 02:09:55.083, 5, 0 MiB, 81920 MiB, 0 %
2026/07/04 02:09:55.083, 6, 0 MiB, 81920 MiB, 0 %
2026/07/04 02:09:55.084, 7, 0 MiB, 81920 MiB, 0 %
2026/07/04 02:10:05.084, 0, 5951 MiB, 81920 MiB, 0 %
2026/07/04 02:10:05.085, 1, 0 MiB, 81920 MiB, 0 %
2026/07/04 02:10:05.085, 2, 0 MiB, 81920 MiB, 0 %
2026/07/04 02:10:05.085, 3, 0 MiB, 81920 MiB, 0 %
2026/07/04 02:10:05.086, 4, 0 MiB, 81920 MiB, 0 %
2026/07/04 02:10:05.086, 5, 0 MiB, 81920 MiB, 0 %
2026/07/04 02:10:05.086, 6, 0 MiB, 81920 MiB, 0 %
2026/07/04 02:10:05.087, 7, 0 MiB, 81920 MiB, 0 %
2026/07/04 02:10:15.087, 0, 5951 MiB, 81920 MiB, 0 %
2026/07/04 02:10:15.087, 1, 0 MiB, 81920 MiB, 0 %
2026/07/04 02:10:15.088, 2, 0 MiB, 81920 MiB, 0 %
2026/07/04 02:10:15.088, 3, 0 MiB, 81920 MiB, 0 %
2026/07/04 02:10:15.088, 4, 0 MiB, 81920 MiB, 0 %
2026/07/04 02:10:15.089, 5, 0 MiB, 81920 MiB, 0 %
2026/07/04 02:10:15.089, 6, 0 MiB, 81920 MiB, 0 %
2026/07/04 02:10:15.089, 7, 0 MiB, 81920 MiB, 0 %
2026/07/04 02:10:25.090, 0, 5951 MiB, 81920 MiB, 53 %
2026/07/04 02:10:25.090, 1, 0 MiB, 81920 MiB, 0 %
2026/07/04 02:10:25.091, 2, 0 MiB, 81920 MiB, 0 %
2026/07/04 02:10:25.091, 3, 0 MiB, 81920 MiB, 0 %
2026/07/04 02:10:25.091, 4, 0 MiB, 81920 MiB, 0 %
2026/07/04 02:10:25.091, 5, 0 MiB, 81920 MiB, 0 %
2026/07/04 02:10:25.092, 6, 0 MiB, 81920 MiB, 0 %
2026/07/04 02:10:25.092, 7, 0 MiB, 81920 MiB, 0 %
2026/07/04 02:10:35.093, 0, 5951 MiB, 81920 MiB, 0 %
2026/07/04 02:10:35.093, 1, 0 MiB, 81920 MiB, 0 %
2026/07/04 02:10:35.094, 2, 0 MiB, 81920 MiB, 0 %
2026/07/04 02:10:35.094, 3, 0 MiB, 81920 MiB, 0 %
2026/07/04 02:10:35.094, 4, 0 MiB, 81920 MiB, 0 %
2026/07/04 02:10:35.095, 5, 0 MiB, 81920 MiB, 0 %
2026/07/04 02:10:35.095, 6, 0 MiB, 81920 MiB, 0 %
2026/07/04 02:10:35.095, 7, 0 MiB, 81920 MiB, 0 %
2026/07/04 02:10:45.096, 0, 5951 MiB, 81920 MiB, 0 %
2026/07/04 02:10:45.096, 1, 0 MiB, 81920 MiB, 0 %
2026/07/04 02:10:45.097, 2, 0 MiB, 81920 MiB, 0 %
2026/07/04 02:10:45.097, 3, 0 MiB, 81920 MiB, 0 %
2026/07/04 02:10:45.097, 4, 0 MiB, 81920 MiB, 0 %
2026/07/04 02:10:45.098, 5, 0 MiB, 81920 MiB, 0 %
2026/07/04 02:10:45.098, 6, 0 MiB, 81920 MiB, 0 %
2026/07/04 02:10:45.098, 7, 0 MiB, 81920 MiB, 0 %
2026/07/04 02:10:55.099, 0, 5951 MiB, 81920 MiB, 0 %
2026/07/04 02:10:55.099, 1, 0 MiB, 81920 MiB, 0 %
2026/07/04 02:10:55.099, 2, 0 MiB, 81920 MiB, 0 %
2026/07/04 02:10:55.100, 3, 0 MiB, 81920 MiB, 0 %
2026/07/04 02:10:55.100, 4, 0 MiB, 81920 MiB, 0 %
2026/07/04 02:10:55.100, 5, 0 MiB, 81920 MiB, 0 %
2026/07/04 02:10:55.101, 6, 0 MiB, 81920 MiB, 0 %
2026/07/04 02:10:55.101, 7, 0 MiB, 81920 MiB, 0 %
2026/07/04 02:11:05.102, 0, 5951 MiB, 81920 MiB, 0 %
2026/07/04 02:11:05.103, 1, 0 MiB, 81920 MiB, 0 %
2026/07/04 02:11:05.103, 2, 0 MiB, 81920 MiB, 0 %
2026/07/04 02:11:05.103, 3, 0 MiB, 81920 MiB, 0 %
2026/07/04 02:11:05.104, 4, 0 MiB, 81920 MiB, 0 %
2026/07/04 02:11:05.104, 5, 0 MiB, 81920 MiB, 0 %
2026/07/04 02:11:05.104, 6, 0 MiB, 81920 MiB, 0 %
2026/07/04 02:11:05.104, 7, 0 MiB, 81920 MiB, 0 %
2026/07/04 02:11:15.105, 0, 5951 MiB, 81920 MiB, 0 %
2026/07/04 02:11:15.106, 1, 0 MiB, 81920 MiB, 0 %
2026/07/04 02:11:15.106, 2, 0 MiB, 81920 MiB, 0 %
2026/07/04 02:11:15.106, 3, 0 MiB, 81920 MiB, 0 %
2026/07/04 02:11:15.107, 4, 0 MiB, 81920 MiB, 0 %
2026/07/04 02:11:15.107, 5, 0 MiB, 81920 MiB, 0 %
2026/07/04 02:11:15.107, 6, 0 MiB, 81920 MiB, 0 %
2026/07/04 02:11:15.108, 7, 0 MiB, 81920 MiB, 0 %
2026/07/04 02:11:25.108, 0, 5951 MiB, 81920 MiB, 0 %
2026/07/04 02:11:25.109, 1, 0 MiB, 81920 MiB, 0 %
2026/07/04 02:11:25.109, 2, 0 MiB, 81920 MiB, 0 %
2026/07/04 02:11:25.109, 3, 0 MiB, 81920 MiB, 0 %
2026/07/04 02:11:25.110, 4, 0 MiB, 81920 MiB, 0 %
2026/07/04 02:11:25.110, 5, 0 MiB, 81920 MiB, 0 %
2026/07/04 02:11:25.110, 6, 0 MiB, 81920 MiB, 0 %
2026/07/04 02:11:25.111, 7, 0 MiB, 81920 MiB, 0 %
2026/07/04 02:11:35.111, 0, 5951 MiB, 81920 MiB, 0 %
2026/07/04 02:11:35.112, 1, 0 MiB, 81920 MiB, 0 %
2026/07/04 02:11:35.112, 2, 0 MiB, 81920 MiB, 0 %
2026/07/04 02:11:35.112, 3, 0 MiB, 81920 MiB, 0 %
2026/07/04 02:11:35.112, 4, 0 MiB, 81920 MiB, 0 %
2026/07/04 02:11:35.113, 5, 0 MiB, 81920 MiB, 0 %
2026/07/04 02:11:35.113, 6, 0 MiB, 81920 MiB, 0 %
2026/07/04 02:11:35.113, 7, 0 MiB, 81920 MiB, 0 %
2026/07/04 02:11:45.115, 0, 5951 MiB, 81920 MiB, 0 %
2026/07/04 02:11:45.115, 1, 0 MiB, 81920 MiB, 0 %
2026/07/04 02:11:45.115, 2, 0 MiB, 81920 MiB, 0 %
2026/07/04 02:11:45.116, 3, 0 MiB, 81920 MiB, 0 %
2026/07/04 02:11:45.116, 4, 0 MiB, 81920 MiB, 0 %
2026/07/04 02:11:45.116, 5, 0 MiB, 81920 MiB, 0 %
2026/07/04 02:11:45.117, 6, 0 MiB, 81920 MiB, 0 %
2026/07/04 02:11:45.117, 7, 0 MiB, 81920 MiB, 0 %
2026/07/04 02:11:55.118, 0, 5951 MiB, 81920 MiB, 0 %
2026/07/04 02:11:55.119, 1, 0 MiB, 81920 MiB, 0 %
2026/07/04 02:11:55.119, 2, 0 MiB, 81920 MiB, 0 %
2026/07/04 02:11:55.119, 3, 0 MiB, 81920 MiB, 0 %
2026/07/04 02:11:55.120, 4, 0 MiB, 81920 MiB, 0 %
2026/07/04 02:11:55.120, 5, 0 MiB, 81920 MiB, 0 %
2026/07/04 02:11:55.120, 6, 0 MiB, 81920 MiB, 0 %
2026/07/04 02:11:55.121, 7, 0 MiB, 81920 MiB, 0 %
2026/07/04 02:12:05.121, 0, 5951 MiB, 81920 MiB, 0 %
2026/07/04 02:12:05.122, 1, 0 MiB, 81920 MiB, 0 %
2026/07/04 02:12:05.122, 2, 0 MiB, 81920 MiB, 0 %
2026/07/04 02:12:05.122, 3, 0 MiB, 81920 MiB, 0 %
2026/07/04 02:12:05.123, 4, 0 MiB, 81920 MiB, 0 %
2026/07/04 02:12:05.123, 5, 0 MiB, 81920 MiB, 0 %
2026/07/04 02:12:05.123, 6, 0 MiB, 81920 MiB, 0 %
2026/07/04 02:12:05.123, 7, 0 MiB, 81920 MiB, 0 %
2026/07/04 02:12:15.124, 0, 5951 MiB, 81920 MiB, 0 %
2026/07/04 02:12:15.124, 1, 0 MiB, 81920 MiB, 0 %
2026/07/04 02:12:15.125, 2, 0 MiB, 81920 MiB, 0 %
2026/07/04 02:12:15.125, 3, 0 MiB, 81920 MiB, 0 %
2026/07/04 02:12:15.125, 4, 0 MiB, 81920 MiB, 0 %
2026/07/04 02:12:15.126, 5, 0 MiB, 81920 MiB, 0 %
2026/07/04 02:12:15.126, 6, 0 MiB, 81920 MiB, 0 %
2026/07/04 02:12:15.126, 7, 0 MiB, 81920 MiB, 0 %
2026/07/04 02:12:25.128, 0, 5951 MiB, 81920 MiB, 0 %
2026/07/04 02:12:25.128, 1, 0 MiB, 81920 MiB, 0 %
2026/07/04 02:12:25.128, 2, 0 MiB, 81920 MiB, 0 %
2026/07/04 02:12:25.129, 3, 0 MiB, 81920 MiB, 0 %
2026/07/04 02:12:25.129, 4, 0 MiB, 81920 MiB, 0 %
2026/07/04 02:12:25.129, 5, 0 MiB, 81920 MiB, 0 %
2026/07/04 02:12:25.130, 6, 0 MiB, 81920 MiB, 0 %
2026/07/04 02:12:25.130, 7, 0 MiB, 81920 MiB, 0 %
2026/07/04 02:12:35.131, 0, 5951 MiB, 81920 MiB, 0 %
2026/07/04 02:12:35.132, 1, 0 MiB, 81920 MiB, 0 %
2026/07/04 02:12:35.132, 2, 0 MiB, 81920 MiB, 0 %
2026/07/04 02:12:35.132, 3, 0 MiB, 81920 MiB, 0 %
2026/07/04 02:12:35.133, 4, 0 MiB, 81920 MiB, 0 %
2026/07/04 02:12:35.133, 5, 0 MiB, 81920 MiB, 0 %
2026/07/04 02:12:35.133, 6, 0 MiB, 81920 MiB, 0 %
2026/07/04 02:12:35.134, 7, 0 MiB, 81920 MiB, 0 %
2026/07/04 02:12:45.135, 0, 5951 MiB, 81920 MiB, 0 %
2026/07/04 02:12:45.135, 1, 0 MiB, 81920 MiB, 0 %
2026/07/04 02:12:45.136, 2, 0 MiB, 81920 MiB, 0 %
2026/07/04 02:12:45.136, 3, 0 MiB, 81920 MiB, 0 %
2026/07/04 02:12:45.136, 4, 0 MiB, 81920 MiB, 0 %
2026/07/04 02:12:45.137, 5, 0 MiB, 81920 MiB, 0 %
2026/07/04 02:12:45.137, 6, 0 MiB, 81920 MiB, 0 %
2026/07/04 02:12:45.137, 7, 0 MiB, 81920 MiB, 0 %
2026/07/04 02:12:55.139, 0, 5951 MiB, 81920 MiB, 0 %
2026/07/04 02:12:55.139, 1, 0 MiB, 81920 MiB, 0 %
2026/07/04 02:12:55.139, 2, 0 MiB, 81920 MiB, 0 %
2026/07/04 02:12:55.140, 3, 0 MiB, 81920 MiB, 0 %
2026/07/04 02:12:55.140, 4, 0 MiB, 81920 MiB, 0 %
2026/07/04 02:12:55.140, 5, 0 MiB, 81920 MiB, 0 %
2026/07/04 02:12:55.141, 6, 0 MiB, 81920 MiB, 0 %
2026/07/04 02:12:55.141, 7, 0 MiB, 81920 MiB, 0 %
2026/07/04 02:13:05.141, 0, 5951 MiB, 81920 MiB, 0 %
2026/07/04 02:13:05.142, 1, 0 MiB, 81920 MiB, 0 %
2026/07/04 02:13:05.142, 2, 0 MiB, 81920 MiB, 0 %
2026/07/04 02:13:05.142, 3, 0 MiB, 81920 MiB, 0 %
2026/07/04 02:13:05.143, 4, 0 MiB, 81920 MiB, 0 %
2026/07/04 02:13:05.143, 5, 0 MiB, 81920 MiB, 0 %
2026/07/04 02:13:05.143, 6, 0 MiB, 81920 MiB, 0 %
2026/07/04 02:13:05.144, 7, 0 MiB, 81920 MiB, 0 %
2026/07/04 02:13:15.145, 0, 5951 MiB, 81920 MiB, 0 %
2026/07/04 02:13:15.145, 1, 0 MiB, 81920 MiB, 0 %
2026/07/04 02:13:15.146, 2, 0 MiB, 81920 MiB, 0 %
2026/07/04 02:13:15.146, 3, 0 MiB, 81920 MiB, 0 %
2026/07/04 02:13:15.146, 4, 0 MiB, 81920 MiB, 0 %
2026/07/04 02:13:15.147, 5, 0 MiB, 81920 MiB, 0 %
2026/07/04 02:13:15.147, 6, 0 MiB, 81920 MiB, 0 %
2026/07/04 02:13:15.147, 7, 0 MiB, 81920 MiB, 0 %
2026/07/04 02:13:25.148, 0, 5951 MiB, 81920 MiB, 0 %
2026/07/04 02:13:25.149, 1, 0 MiB, 81920 MiB, 0 %
2026/07/04 02:13:25.149, 2, 0 MiB, 81920 MiB, 0 %
2026/07/04 02:13:25.149, 3, 0 MiB, 81920 MiB, 0 %
2026/07/04 02:13:25.150, 4, 0 MiB, 81920 MiB, 0 %
2026/07/04 02:13:25.150, 5, 0 MiB, 81920 MiB, 0 %
2026/07/04 02:13:25.150, 6, 0 MiB, 81920 MiB, 0 %
2026/07/04 02:13:25.151, 7, 0 MiB, 81920 MiB, 0 %
2026/07/04 02:13:35.152, 0, 5951 MiB, 81920 MiB, 0 %
2026/07/04 02:13:35.152, 1, 0 MiB, 81920 MiB, 0 %
2026/07/04 02:13:35.153, 2, 0 MiB, 81920 MiB, 0 %
2026/07/04 02:13:35.153, 3, 0 MiB, 81920 MiB, 0 %
2026/07/04 02:13:35.153, 4, 0 MiB, 81920 MiB, 0 %
2026/07/04 02:13:35.154, 5, 0 MiB, 81920 MiB, 0 %
2026/07/04 02:13:35.154, 6, 0 MiB, 81920 MiB, 0 %
2026/07/04 02:13:35.154, 7, 0 MiB, 81920 MiB, 0 %
2026/07/04 02:13:45.155, 0, 5951 MiB, 81920 MiB, 0 %
2026/07/04 02:13:45.156, 1, 0 MiB, 81920 MiB, 0 %
2026/07/04 02:13:45.156, 2, 0 MiB, 81920 MiB, 0 %
2026/07/04 02:13:45.157, 3, 0 MiB, 81920 MiB, 0 %
2026/07/04 02:13:45.157, 4, 0 MiB, 81920 MiB, 0 %
2026/07/04 02:13:45.157, 5, 0 MiB, 81920 MiB, 0 %
2026/07/04 02:13:45.157, 6, 0 MiB, 81920 MiB, 0 %
2026/07/04 02:13:45.158, 7, 0 MiB, 81920 MiB, 0 %
2026/07/04 02:13:55.159, 0, 5951 MiB, 81920 MiB, 0 %
2026/07/04 02:13:55.160, 1, 0 MiB, 81920 MiB, 0 %
2026/07/04 02:13:55.160, 2, 0 MiB, 81920 MiB, 0 %
2026/07/04 02:13:55.160, 3, 0 MiB, 81920 MiB, 0 %
2026/07/04 02:13:55.160, 4, 0 MiB, 81920 MiB, 0 %
2026/07/04 02:13:55.161, 5, 0 MiB, 81920 MiB, 0 %
2026/07/04 02:13:55.161, 6, 0 MiB, 81920 MiB, 0 %
2026/07/04 02:13:55.161, 7, 0 MiB, 81920 MiB, 0 %
2026/07/04 02:14:05.162, 0, 5951 MiB, 81920 MiB, 0 %
2026/07/04 02:14:05.162, 1, 0 MiB, 81920 MiB, 0 %
2026/07/04 02:14:05.163, 2, 0 MiB, 81920 MiB, 0 %
2026/07/04 02:14:05.163, 3, 0 MiB, 81920 MiB, 0 %
2026/07/04 02:14:05.163, 4, 0 MiB, 81920 MiB, 0 %
2026/07/04 02:14:05.164, 5, 0 MiB, 81920 MiB, 0 %
2026/07/04 02:14:05.164, 6, 0 MiB, 81920 MiB, 0 %
2026/07/04 02:14:05.164, 7, 0 MiB, 81920 MiB, 0 %
2026/07/04 02:14:15.165, 0, 5951 MiB, 81920 MiB, 0 %
2026/07/04 02:14:15.165, 1, 0 MiB, 81920 MiB, 0 %
2026/07/04 02:14:15.165, 2, 0 MiB, 81920 MiB, 0 %
2026/07/04 02:14:15.166, 3, 0 MiB, 81920 MiB, 0 %
2026/07/04 02:14:15.166, 4, 0 MiB, 81920 MiB, 0 %
2026/07/04 02:14:15.166, 5, 0 MiB, 81920 MiB, 0 %
2026/07/04 02:14:15.167, 6, 0 MiB, 81920 MiB, 0 %
2026/07/04 02:14:15.167, 7, 0 MiB, 81920 MiB, 0 %
2026/07/04 02:14:25.167, 0, 5951 MiB, 81920 MiB, 0 %
2026/07/04 02:14:25.168, 1, 0 MiB, 81920 MiB, 0 %
2026/07/04 02:14:25.168, 2, 0 MiB, 81920 MiB, 0 %
2026/07/04 02:14:25.168, 3, 0 MiB, 81920 MiB, 0 %
2026/07/04 02:14:25.169, 4, 0 MiB, 81920 MiB, 0 %
2026/07/04 02:14:25.169, 5, 0 MiB, 81920 MiB, 0 %
2026/07/04 02:14:25.169, 6, 0 MiB, 81920 MiB, 0 %
2026/07/04 02:14:25.170, 7, 0 MiB, 81920 MiB, 0 %
2026/07/04 02:14:35.170, 0, 5951 MiB, 81920 MiB, 0 %
2026/07/04 02:14:35.170, 1, 0 MiB, 81920 MiB, 0 %
2026/07/04 02:14:35.171, 2, 0 MiB, 81920 MiB, 0 %
2026/07/04 02:14:35.171, 3, 0 MiB, 81920 MiB, 0 %
2026/07/04 02:14:35.171, 4, 0 MiB, 81920 MiB, 0 %
2026/07/04 02:14:35.172, 5, 0 MiB, 81920 MiB, 0 %
2026/07/04 02:14:35.172, 6, 0 MiB, 81920 MiB, 0 %
2026/07/04 02:14:35.172, 7, 0 MiB, 81920 MiB, 0 %
2026/07/04 02:14:45.174, 0, 5951 MiB, 81920 MiB, 0 %
2026/07/04 02:14:45.174, 1, 0 MiB, 81920 MiB, 0 %
2026/07/04 02:14:45.174, 2, 0 MiB, 81920 MiB, 0 %
2026/07/04 02:14:45.175, 3, 0 MiB, 81920 MiB, 0 %
2026/07/04 02:14:45.175, 4, 0 MiB, 81920 MiB, 0 %
2026/07/04 02:14:45.175, 5, 0 MiB, 81920 MiB, 0 %
2026/07/04 02:14:45.175, 6, 0 MiB, 81920 MiB, 0 %
2026/07/04 02:14:45.176, 7, 0 MiB, 81920 MiB, 0 %
2026/07/04 02:14:55.176, 0, 5951 MiB, 81920 MiB, 0 %
2026/07/04 02:14:55.177, 1, 0 MiB, 81920 MiB, 0 %
2026/07/04 02:14:55.177, 2, 0 MiB, 81920 MiB, 0 %
2026/07/04 02:14:55.177, 3, 0 MiB, 81920 MiB, 0 %
2026/07/04 02:14:55.178, 4, 0 MiB, 81920 MiB, 0 %
2026/07/04 02:14:55.178, 5, 0 MiB, 81920 MiB, 0 %
2026/07/04 02:14:55.178, 6, 0 MiB, 81920 MiB, 0 %
2026/07/04 02:14:55.179, 7, 0 MiB, 81920 MiB, 0 %
2026/07/04 02:15:05.179, 0, 5951 MiB, 81920 MiB, 0 %
2026/07/04 02:15:05.180, 1, 0 MiB, 81920 MiB, 0 %
2026/07/04 02:15:05.180, 2, 0 MiB, 81920 MiB, 0 %
2026/07/04 02:15:05.180, 3, 0 MiB, 81920 MiB, 0 %
2026/07/04 02:15:05.181, 4, 0 MiB, 81920 MiB, 0 %
2026/07/04 02:15:05.181, 5, 0 MiB, 81920 MiB, 0 %
2026/07/04 02:15:05.181, 6, 0 MiB, 81920 MiB, 0 %
2026/07/04 02:15:05.182, 7, 0 MiB, 81920 MiB, 0 %
2026/07/04 02:15:15.182, 0, 5951 MiB, 81920 MiB, 0 %
2026/07/04 02:15:15.182, 1, 0 MiB, 81920 MiB, 0 %
2026/07/04 02:15:15.183, 2, 0 MiB, 81920 MiB, 0 %
2026/07/04 02:15:15.183, 3, 0 MiB, 81920 MiB, 0 %
2026/07/04 02:15:15.183, 4, 0 MiB, 81920 MiB, 0 %
2026/07/04 02:15:15.184, 5, 0 MiB, 81920 MiB, 0 %
2026/07/04 02:15:15.184, 6, 0 MiB, 81920 MiB, 0 %
2026/07/04 02:15:15.184, 7, 0 MiB, 81920 MiB, 0 %
2026/07/04 02:15:25.186, 0, 5951 MiB, 81920 MiB, 0 %
2026/07/04 02:15:25.186, 1, 0 MiB, 81920 MiB, 0 %
2026/07/04 02:15:25.186, 2, 0 MiB, 81920 MiB, 0 %
2026/07/04 02:15:25.187, 3, 0 MiB, 81920 MiB, 0 %
2026/07/04 02:15:25.187, 4, 0 MiB, 81920 MiB, 0 %
2026/07/04 02:15:25.187, 5, 0 MiB, 81920 MiB, 0 %
2026/07/04 02:15:25.188, 6, 0 MiB, 81920 MiB, 0 %
2026/07/04 02:15:25.188, 7, 0 MiB, 81920 MiB, 0 %
2026/07/04 02:15:35.189, 0, 5951 MiB, 81920 MiB, 0 %
2026/07/04 02:15:35.189, 1, 0 MiB, 81920 MiB, 0 %
2026/07/04 02:15:35.189, 2, 0 MiB, 81920 MiB, 0 %
2026/07/04 02:15:35.190, 3, 0 MiB, 81920 MiB, 0 %
2026/07/04 02:15:35.190, 4, 0 MiB, 81920 MiB, 0 %
2026/07/04 02:15:35.190, 5, 0 MiB, 81920 MiB, 0 %
2026/07/04 02:15:35.191, 6, 0 MiB, 81920 MiB, 0 %
2026/07/04 02:15:35.191, 7, 0 MiB, 81920 MiB, 0 %
2026/07/04 02:15:45.192, 0, 5951 MiB, 81920 MiB, 0 %
2026/07/04 02:15:45.192, 1, 0 MiB, 81920 MiB, 0 %
2026/07/04 02:15:45.192, 2, 0 MiB, 81920 MiB, 0 %
2026/07/04 02:15:45.193, 3, 0 MiB, 81920 MiB, 0 %
2026/07/04 02:15:45.193, 4, 0 MiB, 81920 MiB, 0 %
2026/07/04 02:15:45.193, 5, 0 MiB, 81920 MiB, 0 %
2026/07/04 02:15:45.194, 6, 0 MiB, 81920 MiB, 0 %
2026/07/04 02:15:45.194, 7, 0 MiB, 81920 MiB, 0 %
2026/07/04 02:15:55.194, 0, 5951 MiB, 81920 MiB, 0 %
2026/07/04 02:15:55.210, 1, 4 MiB, 81920 MiB, 0 %
2026/07/04 02:15:55.211, 2, 4 MiB, 81920 MiB, 0 %
2026/07/04 02:15:55.215, 3, 4 MiB, 81920 MiB, 0 %
2026/07/04 02:15:55.216, 4, 0 MiB, 81920 MiB, 0 %
2026/07/04 02:15:55.273, 5, 0 MiB, 81920 MiB, 0 %
2026/07/04 02:15:55.275, 6, 0 MiB, 81920 MiB, 0 %
2026/07/04 02:15:55.275, 7, 0 MiB, 81920 MiB, 0 %
2026/07/04 02:16:05.275, 0, 0 MiB, 81920 MiB, 0 %
2026/07/04 02:16:05.276, 1, 0 MiB, 81920 MiB, 0 %
2026/07/04 02:16:05.276, 2, 0 MiB, 81920 MiB, 0 %
2026/07/04 02:16:05.276, 3, 0 MiB, 81920 MiB, 0 %
2026/07/04 02:16:05.277, 4, 0 MiB, 81920 MiB, 0 %
2026/07/04 02:16:05.277, 5, 0 MiB, 81920 MiB, 0 %
2026/07/04 02:16:05.277, 6, 0 MiB, 81920 MiB, 0 %
2026/07/04 02:16:05.278, 7, 0 MiB, 81920 MiB, 0 %
2026/07/04 02:16:15.278, 0, 0 MiB, 81920 MiB, 0 %
2026/07/04 02:16:15.279, 1, 0 MiB, 81920 MiB, 0 %
2026/07/04 02:16:15.279, 2, 0 MiB, 81920 MiB, 0 %
2026/07/04 02:16:15.279, 3, 0 MiB, 81920 MiB, 0 %
2026/07/04 02:16:15.280, 4, 0 MiB, 81920 MiB, 0 %
2026/07/04 02:16:15.280, 5, 0 MiB, 81920 MiB, 0 %
2026/07/04 02:16:15.280, 6, 0 MiB, 81920 MiB, 0 %
2026/07/04 02:16:15.280, 7, 0 MiB, 81920 MiB, 0 %
2026/07/04 02:16:25.281, 0, 0 MiB, 81920 MiB, 0 %
2026/07/04 02:16:25.282, 1, 0 MiB, 81920 MiB, 0 %
2026/07/04 02:16:25.282, 2, 0 MiB, 81920 MiB, 0 %
2026/07/04 02:16:25.282, 3, 0 MiB, 81920 MiB, 0 %
2026/07/04 02:16:25.282, 4, 0 MiB, 81920 MiB, 0 %
2026/07/04 02:16:25.283, 5, 0 MiB, 81920 MiB, 0 %
2026/07/04 02:16:25.283, 6, 0 MiB, 81920 MiB, 0 %
2026/07/04 02:16:25.283, 7, 0 MiB, 81920 MiB, 0 %
2026/07/04 02:16:35.284, 0, 0 MiB, 81920 MiB, 0 %
2026/07/04 02:16:35.284, 1, 0 MiB, 81920 MiB, 0 %
2026/07/04 02:16:35.285, 2, 0 MiB, 81920 MiB, 0 %
2026/07/04 02:16:35.285, 3, 0 MiB, 81920 MiB, 0 %
2026/07/04 02:16:35.285, 4, 0 MiB, 81920 MiB, 0 %
2026/07/04 02:16:35.286, 5, 0 MiB, 81920 MiB, 0 %
2026/07/04 02:16:35.286, 6, 0 MiB, 81920 MiB, 0 %
2026/07/04 02:16:35.286, 7, 0 MiB, 81920 MiB, 0 %
2026/07/04 02:16:45.287, 0, 0 MiB, 81920 MiB, 0 %
2026/07/04 02:16:45.287, 1, 0 MiB, 81920 MiB, 0 %
2026/07/04 02:16:45.287, 2, 0 MiB, 81920 MiB, 0 %
2026/07/04 02:16:45.288, 3, 0 MiB, 81920 MiB, 0 %
2026/07/04 02:16:45.288, 4, 0 MiB, 81920 MiB, 0 %
2026/07/04 02:16:45.288, 5, 0 MiB, 81920 MiB, 0 %
2026/07/04 02:16:45.289, 6, 0 MiB, 81920 MiB, 0 %
2026/07/04 02:16:45.289, 7, 0 MiB, 81920 MiB, 0 %
2026/07/04 02:16:55.290, 0, 0 MiB, 81920 MiB, 0 %
2026/07/04 02:16:55.290, 1, 0 MiB, 81920 MiB, 0 %
2026/07/04 02:16:55.290, 2, 0 MiB, 81920 MiB, 0 %
2026/07/04 02:16:55.291, 3, 0 MiB, 81920 MiB, 0 %
2026/07/04 02:16:55.291, 4, 0 MiB, 81920 MiB, 0 %
2026/07/04 02:16:55.291, 5, 0 MiB, 81920 MiB, 0 %
2026/07/04 02:16:55.291, 6, 0 MiB, 81920 MiB, 0 %
2026/07/04 02:16:55.292, 7, 0 MiB, 81920 MiB, 0 %
2026/07/04 02:17:05.293, 0, 0 MiB, 81920 MiB, 0 %
2026/07/04 02:17:05.293, 1, 0 MiB, 81920 MiB, 0 %
2026/07/04 02:17:05.293, 2, 0 MiB, 81920 MiB, 0 %
2026/07/04 02:17:05.294, 3, 0 MiB, 81920 MiB, 0 %
2026/07/04 02:17:05.294, 4, 0 MiB, 81920 MiB, 0 %
2026/07/04 02:17:05.294, 5, 0 MiB, 81920 MiB, 0 %
2026/07/04 02:17:05.294, 6, 0 MiB, 81920 MiB, 0 %
2026/07/04 02:17:05.295, 7, 0 MiB, 81920 MiB, 0 %
2026/07/04 02:17:15.295, 0, 0 MiB, 81920 MiB, 0 %
2026/07/04 02:17:15.296, 1, 0 MiB, 81920 MiB, 0 %
2026/07/04 02:17:15.296, 2, 0 MiB, 81920 MiB, 0 %
2026/07/04 02:17:15.296, 3, 0 MiB, 81920 MiB, 0 %
2026/07/04 02:17:15.297, 4, 0 MiB, 81920 MiB, 0 %
2026/07/04 02:17:15.297, 5, 0 MiB, 81920 MiB, 0 %
2026/07/04 02:17:15.297, 6, 0 MiB, 81920 MiB, 0 %
2026/07/04 02:17:15.298, 7, 0 MiB, 81920 MiB, 0 %
2026/07/04 02:17:25.298, 0, 0 MiB, 81920 MiB, 0 %
2026/07/04 02:17:25.299, 1, 0 MiB, 81920 MiB, 0 %
2026/07/04 02:17:25.299, 2, 0 MiB, 81920 MiB, 0 %
2026/07/04 02:17:25.299, 3, 0 MiB, 81920 MiB, 0 %
2026/07/04 02:17:25.299, 4, 0 MiB, 81920 MiB, 0 %
2026/07/04 02:17:25.300, 5, 0 MiB, 81920 MiB, 0 %
2026/07/04 02:17:25.300, 6, 0 MiB, 81920 MiB, 0 %
2026/07/04 02:17:25.300, 7, 0 MiB, 81920 MiB, 0 %
2026/07/04 02:17:35.302, 0, 0 MiB, 81920 MiB, 0 %
2026/07/04 02:17:35.302, 1, 0 MiB, 81920 MiB, 0 %
2026/07/04 02:17:35.302, 2, 0 MiB, 81920 MiB, 0 %
2026/07/04 02:17:35.303, 3, 0 MiB, 81920 MiB, 0 %
2026/07/04 02:17:35.303, 4, 0 MiB, 81920 MiB, 0 %
2026/07/04 02:17:35.303, 5, 0 MiB, 81920 MiB, 0 %
2026/07/04 02:17:35.304, 6, 0 MiB, 81920 MiB, 0 %
2026/07/04 02:17:35.304, 7, 0 MiB, 81920 MiB, 0 %
2026/07/04 02:17:45.305, 0, 0 MiB, 81920 MiB, 0 %
2026/07/04 02:17:45.305, 1, 0 MiB, 81920 MiB, 0 %
2026/07/04 02:17:45.305, 2, 0 MiB, 81920 MiB, 0 %
2026/07/04 02:17:45.306, 3, 0 MiB, 81920 MiB, 0 %
2026/07/04 02:17:45.306, 4, 0 MiB, 81920 MiB, 0 %
2026/07/04 02:17:45.306, 5, 0 MiB, 81920 MiB, 0 %
2026/07/04 02:17:45.307, 6, 0 MiB, 81920 MiB, 0 %
2026/07/04 02:17:45.307, 7, 0 MiB, 81920 MiB, 0 %
2026/07/04 02:17:55.308, 0, 0 MiB, 81920 MiB, 0 %
2026/07/04 02:17:55.308, 1, 0 MiB, 81920 MiB, 0 %
2026/07/04 02:17:55.308, 2, 0 MiB, 81920 MiB, 0 %
2026/07/04 02:17:55.309, 3, 0 MiB, 81920 MiB, 0 %
2026/07/04 02:17:55.309, 4, 0 MiB, 81920 MiB, 0 %
2026/07/04 02:17:55.309, 5, 0 MiB, 81920 MiB, 0 %
2026/07/04 02:17:55.310, 6, 0 MiB, 81920 MiB, 0 %
2026/07/04 02:17:55.310, 7, 0 MiB, 81920 MiB, 0 %
2026/07/04 02:18:05.310, 0, 0 MiB, 81920 MiB, 0 %
2026/07/04 02:18:05.311, 1, 0 MiB, 81920 MiB, 0 %
2026/07/04 02:18:05.311, 2, 0 MiB, 81920 MiB, 0 %
2026/07/04 02:18:05.312, 3, 0 MiB, 81920 MiB, 0 %
2026/07/04 02:18:05.312, 4, 0 MiB, 81920 MiB, 0 %
2026/07/04 02:18:05.312, 5, 0 MiB, 81920 MiB, 0 %
2026/07/04 02:18:05.312, 6, 0 MiB, 81920 MiB, 0 %
2026/07/04 02:18:05.313, 7, 0 MiB, 81920 MiB, 0 %
2026/07/04 02:18:15.313, 0, 0 MiB, 81920 MiB, 0 %
2026/07/04 02:18:15.314, 1, 0 MiB, 81920 MiB, 0 %
2026/07/04 02:18:15.314, 2, 0 MiB, 81920 MiB, 0 %
2026/07/04 02:18:15.314, 3, 0 MiB, 81920 MiB, 0 %
2026/07/04 02:18:15.315, 4, 0 MiB, 81920 MiB, 0 %
2026/07/04 02:18:15.315, 5, 0 MiB, 81920 MiB, 0 %
2026/07/04 02:18:15.315, 6, 0 MiB, 81920 MiB, 0 %
2026/07/04 02:18:15.315, 7, 0 MiB, 81920 MiB, 0 %
2026/07/04 02:18:25.316, 0, 0 MiB, 81920 MiB, 0 %
2026/07/04 02:18:25.317, 1, 0 MiB, 81920 MiB, 0 %
2026/07/04 02:18:25.317, 2, 0 MiB, 81920 MiB, 0 %
2026/07/04 02:18:25.317, 3, 0 MiB, 81920 MiB, 0 %
2026/07/04 02:18:25.317, 4, 0 MiB, 81920 MiB, 0 %
2026/07/04 02:18:25.318, 5, 0 MiB, 81920 MiB, 0 %
2026/07/04 02:18:25.318, 6, 0 MiB, 81920 MiB, 0 %
2026/07/04 02:18:25.318, 7, 0 MiB, 81920 MiB, 0 %
2026/07/04 02:18:35.319, 0, 0 MiB, 81920 MiB, 0 %
2026/07/04 02:18:35.320, 1, 0 MiB, 81920 MiB, 0 %
2026/07/04 02:18:35.320, 2, 0 MiB, 81920 MiB, 0 %
2026/07/04 02:18:35.320, 3, 0 MiB, 81920 MiB, 0 %
2026/07/04 02:18:35.321, 4, 0 MiB, 81920 MiB, 0 %
2026/07/04 02:18:35.321, 5, 0 MiB, 81920 MiB, 0 %
2026/07/04 02:18:35.321, 6, 0 MiB, 81920 MiB, 0 %
2026/07/04 02:18:35.321, 7, 0 MiB, 81920 MiB, 0 %
2026/07/04 02:18:45.322, 0, 0 MiB, 81920 MiB, 0 %
2026/07/04 02:18:45.323, 1, 0 MiB, 81920 MiB, 0 %
2026/07/04 02:18:45.323, 2, 0 MiB, 81920 MiB, 0 %
2026/07/04 02:18:45.323, 3, 0 MiB, 81920 MiB, 0 %
2026/07/04 02:18:45.323, 4, 0 MiB, 81920 MiB, 0 %
2026/07/04 02:18:45.324, 5, 0 MiB, 81920 MiB, 0 %
2026/07/04 02:18:45.324, 6, 0 MiB, 81920 MiB, 0 %
2026/07/04 02:18:45.324, 7, 0 MiB, 81920 MiB, 0 %
2026/07/04 02:18:55.325, 0, 0 MiB, 81920 MiB, 0 %
2026/07/04 02:18:55.325, 1, 0 MiB, 81920 MiB, 0 %
2026/07/04 02:18:55.326, 2, 0 MiB, 81920 MiB, 0 %
2026/07/04 02:18:55.326, 3, 0 MiB, 81920 MiB, 0 %
2026/07/04 02:18:55.326, 4, 0 MiB, 81920 MiB, 0 %
2026/07/04 02:18:55.327, 5, 0 MiB, 81920 MiB, 0 %
2026/07/04 02:18:55.327, 6, 0 MiB, 81920 MiB, 0 %
2026/07/04 02:18:55.327, 7, 0 MiB, 81920 MiB, 0 %
2026/07/04 02:19:05.328, 0, 0 MiB, 81920 MiB, 0 %
2026/07/04 02:19:05.328, 1, 0 MiB, 81920 MiB, 0 %
2026/07/04 02:19:05.328, 2, 0 MiB, 81920 MiB, 0 %
2026/07/04 02:19:05.329, 3, 0 MiB, 81920 MiB, 0 %
2026/07/04 02:19:05.329, 4, 0 MiB, 81920 MiB, 0 %
2026/07/04 02:19:05.329, 5, 0 MiB, 81920 MiB, 0 %
2026/07/04 02:19:05.329, 6, 0 MiB, 81920 MiB, 0 %
2026/07/04 02:19:05.330, 7, 0 MiB, 81920 MiB, 0 %
2026/07/04 02:19:15.331, 0, 0 MiB, 81920 MiB, 0 %
2026/07/04 02:19:15.331, 1, 0 MiB, 81920 MiB, 0 %
2026/07/04 02:19:15.331, 2, 0 MiB, 81920 MiB, 0 %
2026/07/04 02:19:15.332, 3, 0 MiB, 81920 MiB, 0 %
2026/07/04 02:19:15.332, 4, 0 MiB, 81920 MiB, 0 %
2026/07/04 02:19:15.332, 5, 0 MiB, 81920 MiB, 0 %
2026/07/04 02:19:15.332, 6, 0 MiB, 81920 MiB, 0 %
2026/07/04 02:19:15.333, 7, 0 MiB, 81920 MiB, 0 %
2026/07/04 02:19:25.333, 0, 0 MiB, 81920 MiB, 0 %
2026/07/04 02:19:25.334, 1, 0 MiB, 81920 MiB, 0 %
2026/07/04 02:19:25.334, 2, 0 MiB, 81920 MiB, 0 %
2026/07/04 02:19:25.334, 3, 0 MiB, 81920 MiB, 0 %
2026/07/04 02:19:25.335, 4, 0 MiB, 81920 MiB, 0 %
2026/07/04 02:19:25.335, 5, 0 MiB, 81920 MiB, 0 %
2026/07/04 02:19:25.335, 6, 0 MiB, 81920 MiB, 0 %
2026/07/04 02:19:25.336, 7, 0 MiB, 81920 MiB, 0 %
2026/07/04 02:19:35.336, 0, 0 MiB, 81920 MiB, 0 %
2026/07/04 02:19:35.337, 1, 0 MiB, 81920 MiB, 0 %
2026/07/04 02:19:35.337, 2, 0 MiB, 81920 MiB, 0 %
2026/07/04 02:19:35.337, 3, 0 MiB, 81920 MiB, 0 %
2026/07/04 02:19:35.337, 4, 0 MiB, 81920 MiB, 0 %
2026/07/04 02:19:35.338, 5, 0 MiB, 81920 MiB, 0 %
2026/07/04 02:19:35.338, 6, 0 MiB, 81920 MiB, 0 %
2026/07/04 02:19:35.338, 7, 0 MiB, 81920 MiB, 0 %
2026/07/04 02:19:45.340, 0, 0 MiB, 81920 MiB, 0 %
2026/07/04 02:19:45.340, 1, 0 MiB, 81920 MiB, 0 %
2026/07/04 02:19:45.340, 2, 0 MiB, 81920 MiB, 0 %
2026/07/04 02:19:45.341, 3, 0 MiB, 81920 MiB, 0 %
2026/07/04 02:19:45.341, 4, 0 MiB, 81920 MiB, 0 %
2026/07/04 02:19:45.341, 5, 0 MiB, 81920 MiB, 0 %
2026/07/04 02:19:45.342, 6, 0 MiB, 81920 MiB, 0 %
2026/07/04 02:19:45.342, 7, 0 MiB, 81920 MiB, 0 %
2026/07/04 02:19:55.343, 0, 0 MiB, 81920 MiB, 0 %
2026/07/04 02:19:55.343, 1, 0 MiB, 81920 MiB, 0 %
2026/07/04 02:19:55.343, 2, 0 MiB, 81920 MiB, 0 %
2026/07/04 02:19:55.344, 3, 0 MiB, 81920 MiB, 0 %
2026/07/04 02:19:55.344, 4, 0 MiB, 81920 MiB, 0 %
2026/07/04 02:19:55.344, 5, 0 MiB, 81920 MiB, 0 %
2026/07/04 02:19:55.344, 6, 0 MiB, 81920 MiB, 0 %
2026/07/04 02:19:55.345, 7, 0 MiB, 81920 MiB, 0 %
2026/07/04 02:20:05.346, 0, 0 MiB, 81920 MiB, 0 %
2026/07/04 02:20:05.346, 1, 0 MiB, 81920 MiB, 0 %
2026/07/04 02:20:05.346, 2, 0 MiB, 81920 MiB, 0 %
2026/07/04 02:20:05.347, 3, 0 MiB, 81920 MiB, 0 %
2026/07/04 02:20:05.347, 4, 0 MiB, 81920 MiB, 0 %
2026/07/04 02:20:05.347, 5, 0 MiB, 81920 MiB, 0 %
2026/07/04 02:20:05.347, 6, 0 MiB, 81920 MiB, 0 %
2026/07/04 02:20:05.348, 7, 0 MiB, 81920 MiB, 0 %
2026/07/04 02:20:15.348, 0, 0 MiB, 81920 MiB, 0 %
2026/07/04 02:20:15.349, 1, 0 MiB, 81920 MiB, 0 %
2026/07/04 02:20:15.349, 2, 0 MiB, 81920 MiB, 0 %
2026/07/04 02:20:15.349, 3, 0 MiB, 81920 MiB, 0 %
2026/07/04 02:20:15.350, 4, 0 MiB, 81920 MiB, 0 %
2026/07/04 02:20:15.350, 5, 0 MiB, 81920 MiB, 0 %
2026/07/04 02:20:15.350, 6, 0 MiB, 81920 MiB, 0 %
2026/07/04 02:20:15.351, 7, 0 MiB, 81920 MiB, 0 %
2026/07/04 02:20:25.352, 0, 0 MiB, 81920 MiB, 0 %
2026/07/04 02:20:25.352, 1, 0 MiB, 81920 MiB, 0 %
2026/07/04 02:20:25.353, 2, 0 MiB, 81920 MiB, 0 %
2026/07/04 02:20:25.353, 3, 0 MiB, 81920 MiB, 0 %
2026/07/04 02:20:25.353, 4, 0 MiB, 81920 MiB, 0 %
2026/07/04 02:20:25.354, 5, 0 MiB, 81920 MiB, 0 %
2026/07/04 02:20:25.354, 6, 0 MiB, 81920 MiB, 0 %
2026/07/04 02:20:25.354, 7, 0 MiB, 81920 MiB, 0 %
2026/07/04 02:20:35.355, 0, 0 MiB, 81920 MiB, 0 %
2026/07/04 02:20:35.355, 1, 0 MiB, 81920 MiB, 0 %
2026/07/04 02:20:35.356, 2, 0 MiB, 81920 MiB, 0 %
2026/07/04 02:20:35.356, 3, 0 MiB, 81920 MiB, 0 %
2026/07/04 02:20:35.356, 4, 0 MiB, 81920 MiB, 0 %
2026/07/04 02:20:35.356, 5, 0 MiB, 81920 MiB, 0 %
2026/07/04 02:20:35.357, 6, 0 MiB, 81920 MiB, 0 %
2026/07/04 02:20:35.357, 7, 0 MiB, 81920 MiB, 0 %
2026/07/04 02:20:45.358, 0, 0 MiB, 81920 MiB, 0 %
2026/07/04 02:20:45.358, 1, 0 MiB, 81920 MiB, 0 %
2026/07/04 02:20:45.358, 2, 0 MiB, 81920 MiB, 0 %
2026/07/04 02:20:45.359, 3, 0 MiB, 81920 MiB, 0 %
2026/07/04 02:20:45.359, 4, 0 MiB, 81920 MiB, 0 %
2026/07/04 02:20:45.359, 5, 0 MiB, 81920 MiB, 0 %
2026/07/04 02:20:45.360, 6, 0 MiB, 81920 MiB, 0 %
2026/07/04 02:20:45.360, 7, 0 MiB, 81920 MiB, 0 %
2026/07/04 02:20:55.361, 0, 0 MiB, 81920 MiB, 0 %
2026/07/04 02:20:55.361, 1, 0 MiB, 81920 MiB, 0 %
2026/07/04 02:20:55.361, 2, 0 MiB, 81920 MiB, 0 %
2026/07/04 02:20:55.362, 3, 0 MiB, 81920 MiB, 0 %
2026/07/04 02:20:55.362, 4, 0 MiB, 81920 MiB, 0 %
2026/07/04 02:20:55.362, 5, 0 MiB, 81920 MiB, 0 %
2026/07/04 02:20:55.363, 6, 0 MiB, 81920 MiB, 0 %
2026/07/04 02:20:55.363, 7, 0 MiB, 81920 MiB, 0 %
2026/07/04 02:21:05.363, 0, 0 MiB, 81920 MiB, 0 %
2026/07/04 02:21:05.364, 1, 0 MiB, 81920 MiB, 0 %
2026/07/04 02:21:05.364, 2, 0 MiB, 81920 MiB, 0 %
2026/07/04 02:21:05.364, 3, 0 MiB, 81920 MiB, 0 %
2026/07/04 02:21:05.365, 4, 0 MiB, 81920 MiB, 0 %
2026/07/04 02:21:05.365, 5, 0 MiB, 81920 MiB, 0 %
2026/07/04 02:21:05.365, 6, 0 MiB, 81920 MiB, 0 %
2026/07/04 02:21:05.366, 7, 0 MiB, 81920 MiB, 0 %
2026/07/04 02:21:15.366, 0, 0 MiB, 81920 MiB, 0 %
2026/07/04 02:21:15.366, 1, 0 MiB, 81920 MiB, 0 %
2026/07/04 02:21:15.367, 2, 0 MiB, 81920 MiB, 0 %
2026/07/04 02:21:15.367, 3, 0 MiB, 81920 MiB, 0 %
2026/07/04 02:21:15.367, 4, 0 MiB, 81920 MiB, 0 %
2026/07/04 02:21:15.368, 5, 0 MiB, 81920 MiB, 0 %
2026/07/04 02:21:15.368, 6, 0 MiB, 81920 MiB, 0 %
2026/07/04 02:21:15.368, 7, 0 MiB, 81920 MiB, 0 %
2026/07/04 02:21:25.369, 0, 0 MiB, 81920 MiB, 0 %
2026/07/04 02:21:25.369, 1, 0 MiB, 81920 MiB, 0 %
2026/07/04 02:21:25.370, 2, 0 MiB, 81920 MiB, 0 %
2026/07/04 02:21:25.370, 3, 0 MiB, 81920 MiB, 0 %
2026/07/04 02:21:25.370, 4, 0 MiB, 81920 MiB, 0 %
2026/07/04 02:21:25.371, 5, 0 MiB, 81920 MiB, 0 %
2026/07/04 02:21:25.371, 6, 0 MiB, 81920 MiB, 0 %
2026/07/04 02:21:25.371, 7, 0 MiB, 81920 MiB, 0 %
2026/07/04 02:21:35.372, 0, 0 MiB, 81920 MiB, 0 %
2026/07/04 02:21:35.372, 1, 0 MiB, 81920 MiB, 0 %
2026/07/04 02:21:35.373, 2, 0 MiB, 81920 MiB, 0 %
2026/07/04 02:21:35.373, 3, 0 MiB, 81920 MiB, 0 %
2026/07/04 02:21:35.373, 4, 0 MiB, 81920 MiB, 0 %
2026/07/04 02:21:35.373, 5, 0 MiB, 81920 MiB, 0 %
2026/07/04 02:21:35.374, 6, 0 MiB, 81920 MiB, 0 %
2026/07/04 02:21:35.374, 7, 0 MiB, 81920 MiB, 0 %
2026/07/04 02:21:45.374, 0, 0 MiB, 81920 MiB, 0 %
2026/07/04 02:21:45.375, 1, 0 MiB, 81920 MiB, 0 %
2026/07/04 02:21:45.375, 2, 0 MiB, 81920 MiB, 0 %
2026/07/04 02:21:45.376, 3, 0 MiB, 81920 MiB, 0 %
2026/07/04 02:21:45.376, 4, 0 MiB, 81920 MiB, 0 %
2026/07/04 02:21:45.376, 5, 0 MiB, 81920 MiB, 0 %
2026/07/04 02:21:45.376, 6, 0 MiB, 81920 MiB, 0 %
2026/07/04 02:21:45.377, 7, 0 MiB, 81920 MiB, 0 %
2026/07/04 02:21:55.378, 0, 0 MiB, 81920 MiB, 0 %
2026/07/04 02:21:55.379, 1, 0 MiB, 81920 MiB, 0 %
2026/07/04 02:21:55.379, 2, 0 MiB, 81920 MiB, 0 %
2026/07/04 02:21:55.379, 3, 0 MiB, 81920 MiB, 0 %
2026/07/04 02:21:55.379, 4, 0 MiB, 81920 MiB, 0 %
2026/07/04 02:21:55.380, 5, 0 MiB, 81920 MiB, 0 %
2026/07/04 02:21:55.380, 6, 0 MiB, 81920 MiB, 0 %
2026/07/04 02:21:55.380, 7, 0 MiB, 81920 MiB, 0 %
2026/07/04 02:22:05.381, 0, 0 MiB, 81920 MiB, 0 %
2026/07/04 02:22:05.382, 1, 0 MiB, 81920 MiB, 0 %
2026/07/04 02:22:05.382, 2, 0 MiB, 81920 MiB, 0 %
2026/07/04 02:22:05.382, 3, 0 MiB, 81920 MiB, 0 %
2026/07/04 02:22:05.383, 4, 0 MiB, 81920 MiB, 0 %
2026/07/04 02:22:05.383, 5, 0 MiB, 81920 MiB, 0 %
2026/07/04 02:22:05.383, 6, 0 MiB, 81920 MiB, 0 %
2026/07/04 02:22:05.383, 7, 0 MiB, 81920 MiB, 0 %
2026/07/04 02:22:15.384, 0, 0 MiB, 81920 MiB, 0 %
2026/07/04 02:22:15.385, 1, 0 MiB, 81920 MiB, 0 %
2026/07/04 02:22:15.385, 2, 0 MiB, 81920 MiB, 0 %
2026/07/04 02:22:15.385, 3, 0 MiB, 81920 MiB, 0 %
2026/07/04 02:22:15.386, 4, 0 MiB, 81920 MiB, 0 %
2026/07/04 02:22:15.386, 5, 0 MiB, 81920 MiB, 0 %
2026/07/04 02:22:15.386, 6, 0 MiB, 81920 MiB, 0 %
2026/07/04 02:22:15.386, 7, 0 MiB, 81920 MiB, 0 %
2026/07/04 02:22:25.387, 0, 0 MiB, 81920 MiB, 0 %
2026/07/04 02:22:25.387, 1, 0 MiB, 81920 MiB, 0 %
2026/07/04 02:22:25.388, 2, 0 MiB, 81920 MiB, 0 %
2026/07/04 02:22:25.388, 3, 0 MiB, 81920 MiB, 0 %
2026/07/04 02:22:25.388, 4, 0 MiB, 81920 MiB, 0 %
2026/07/04 02:22:25.389, 5, 0 MiB, 81920 MiB, 0 %
2026/07/04 02:22:25.389, 6, 0 MiB, 81920 MiB, 0 %
2026/07/04 02:22:25.389, 7, 0 MiB, 81920 MiB, 0 %
2026/07/04 02:22:35.390, 0, 0 MiB, 81920 MiB, 0 %
2026/07/04 02:22:35.390, 1, 0 MiB, 81920 MiB, 0 %
2026/07/04 02:22:35.390, 2, 0 MiB, 81920 MiB, 0 %
2026/07/04 02:22:35.391, 3, 0 MiB, 81920 MiB, 0 %
2026/07/04 02:22:35.391, 4, 0 MiB, 81920 MiB, 0 %
2026/07/04 02:22:35.391, 5, 0 MiB, 81920 MiB, 0 %
2026/07/04 02:22:35.392, 6, 0 MiB, 81920 MiB, 0 %
2026/07/04 02:22:35.392, 7, 0 MiB, 81920 MiB, 0 %
2026/07/04 02:22:45.392, 0, 0 MiB, 81920 MiB, 0 %
2026/07/04 02:22:45.393, 1, 0 MiB, 81920 MiB, 0 %
2026/07/04 02:22:45.393, 2, 0 MiB, 81920 MiB, 0 %
2026/07/04 02:22:45.393, 3, 0 MiB, 81920 MiB, 0 %
2026/07/04 02:22:45.394, 4, 0 MiB, 81920 MiB, 0 %
2026/07/04 02:22:45.394, 5, 0 MiB, 81920 MiB, 0 %
2026/07/04 02:22:45.394, 6, 0 MiB, 81920 MiB, 0 %
2026/07/04 02:22:45.395, 7, 0 MiB, 81920 MiB, 0 %
2026/07/04 02:22:55.395, 0, 0 MiB, 81920 MiB, 0 %
2026/07/04 02:22:55.396, 1, 0 MiB, 81920 MiB, 0 %
2026/07/04 02:22:55.396, 2, 0 MiB, 81920 MiB, 0 %
2026/07/04 02:22:55.396, 3, 0 MiB, 81920 MiB, 0 %
2026/07/04 02:22:55.397, 4, 0 MiB, 81920 MiB, 0 %
2026/07/04 02:22:55.397, 5, 0 MiB, 81920 MiB, 0 %
2026/07/04 02:22:55.397, 6, 0 MiB, 81920 MiB, 0 %
2026/07/04 02:22:55.398, 7, 0 MiB, 81920 MiB, 0 %
2026/07/04 02:23:05.398, 0, 0 MiB, 81920 MiB, 0 %
2026/07/04 02:23:05.399, 1, 5489 MiB, 81920 MiB, 0 %
2026/07/04 02:23:05.399, 2, 0 MiB, 81920 MiB, 0 %
2026/07/04 02:23:05.399, 3, 0 MiB, 81920 MiB, 0 %
2026/07/04 02:23:05.399, 4, 0 MiB, 81920 MiB, 0 %
2026/07/04 02:23:05.400, 5, 0 MiB, 81920 MiB, 0 %
2026/07/04 02:23:05.400, 6, 0 MiB, 81920 MiB, 0 %
2026/07/04 02:23:05.400, 7, 0 MiB, 81920 MiB, 0 %
2026/07/04 02:23:15.401, 0, 0 MiB, 81920 MiB, 0 %
2026/07/04 02:23:15.401, 1, 5949 MiB, 81920 MiB, 0 %
2026/07/04 02:23:15.402, 2, 0 MiB, 81920 MiB, 0 %
2026/07/04 02:23:15.402, 3, 0 MiB, 81920 MiB, 0 %
2026/07/04 02:23:15.402, 4, 0 MiB, 81920 MiB, 0 %
2026/07/04 02:23:15.403, 5, 0 MiB, 81920 MiB, 0 %
2026/07/04 02:23:15.403, 6, 0 MiB, 81920 MiB, 0 %
2026/07/04 02:23:15.403, 7, 0 MiB, 81920 MiB, 0 %
2026/07/04 02:23:25.404, 0, 0 MiB, 81920 MiB, 0 %
2026/07/04 02:23:25.404, 1, 5949 MiB, 81920 MiB, 0 %
2026/07/04 02:23:25.404, 2, 0 MiB, 81920 MiB, 0 %
2026/07/04 02:23:25.405, 3, 0 MiB, 81920 MiB, 0 %
2026/07/04 02:23:25.405, 4, 0 MiB, 81920 MiB, 0 %
2026/07/04 02:23:25.405, 5, 0 MiB, 81920 MiB, 0 %
2026/07/04 02:23:25.405, 6, 0 MiB, 81920 MiB, 0 %
2026/07/04 02:23:25.406, 7, 0 MiB, 81920 MiB, 0 %
2026/07/04 02:23:35.407, 0, 0 MiB, 81920 MiB, 0 %
2026/07/04 02:23:35.407, 1, 5949 MiB, 81920 MiB, 0 %
2026/07/04 02:23:35.407, 2, 0 MiB, 81920 MiB, 0 %
2026/07/04 02:23:35.408, 3, 0 MiB, 81920 MiB, 0 %
2026/07/04 02:23:35.408, 4, 0 MiB, 81920 MiB, 0 %
2026/07/04 02:23:35.408, 5, 0 MiB, 81920 MiB, 0 %
2026/07/04 02:23:35.409, 6, 0 MiB, 81920 MiB, 0 %
2026/07/04 02:23:35.409, 7, 0 MiB, 81920 MiB, 0 %
2026/07/04 02:23:45.409, 0, 0 MiB, 81920 MiB, 0 %
2026/07/04 02:23:45.410, 1, 5949 MiB, 81920 MiB, 0 %
2026/07/04 02:23:45.410, 2, 0 MiB, 81920 MiB, 0 %
2026/07/04 02:23:45.410, 3, 0 MiB, 81920 MiB, 0 %
2026/07/04 02:23:45.411, 4, 0 MiB, 81920 MiB, 0 %
2026/07/04 02:23:45.411, 5, 0 MiB, 81920 MiB, 0 %
2026/07/04 02:23:45.411, 6, 0 MiB, 81920 MiB, 0 %
2026/07/04 02:23:45.412, 7, 0 MiB, 81920 MiB, 0 %
2026/07/04 02:23:55.412, 0, 0 MiB, 81920 MiB, 0 %
2026/07/04 02:23:55.412, 1, 5949 MiB, 81920 MiB, 0 %
2026/07/04 02:23:55.413, 2, 0 MiB, 81920 MiB, 0 %
2026/07/04 02:23:55.413, 3, 0 MiB, 81920 MiB, 0 %
2026/07/04 02:23:55.413, 4, 0 MiB, 81920 MiB, 0 %
2026/07/04 02:23:55.414, 5, 0 MiB, 81920 MiB, 0 %
2026/07/04 02:23:55.414, 6, 0 MiB, 81920 MiB, 0 %
2026/07/04 02:23:55.414, 7, 0 MiB, 81920 MiB, 0 %
2026/07/04 02:24:05.416, 0, 0 MiB, 81920 MiB, 0 %
2026/07/04 02:24:05.416, 1, 5949 MiB, 81920 MiB, 0 %
2026/07/04 02:24:05.416, 2, 0 MiB, 81920 MiB, 0 %
2026/07/04 02:24:05.417, 3, 0 MiB, 81920 MiB, 0 %
2026/07/04 02:24:05.417, 4, 0 MiB, 81920 MiB, 0 %
2026/07/04 02:24:05.417, 5, 0 MiB, 81920 MiB, 0 %
2026/07/04 02:24:05.417, 6, 0 MiB, 81920 MiB, 0 %
2026/07/04 02:24:05.418, 7, 0 MiB, 81920 MiB, 0 %
2026/07/04 02:24:15.418, 0, 0 MiB, 81920 MiB, 0 %
2026/07/04 02:24:15.419, 1, 5949 MiB, 81920 MiB, 0 %
2026/07/04 02:24:15.419, 2, 0 MiB, 81920 MiB, 0 %
2026/07/04 02:24:15.419, 3, 0 MiB, 81920 MiB, 0 %
2026/07/04 02:24:15.420, 4, 0 MiB, 81920 MiB, 0 %
2026/07/04 02:24:15.420, 5, 0 MiB, 81920 MiB, 0 %
2026/07/04 02:24:15.420, 6, 0 MiB, 81920 MiB, 0 %
2026/07/04 02:24:15.420, 7, 0 MiB, 81920 MiB, 0 %
2026/07/04 02:24:25.421, 0, 0 MiB, 81920 MiB, 0 %
2026/07/04 02:24:25.422, 1, 5949 MiB, 81920 MiB, 55 %
2026/07/04 02:24:25.422, 2, 0 MiB, 81920 MiB, 0 %
2026/07/04 02:24:25.422, 3, 0 MiB, 81920 MiB, 0 %
2026/07/04 02:24:25.423, 4, 0 MiB, 81920 MiB, 0 %
2026/07/04 02:24:25.423, 5, 0 MiB, 81920 MiB, 0 %
2026/07/04 02:24:25.423, 6, 0 MiB, 81920 MiB, 0 %
2026/07/04 02:24:25.424, 7, 0 MiB, 81920 MiB, 0 %
2026/07/04 02:24:35.424, 0, 0 MiB, 81920 MiB, 0 %
2026/07/04 02:24:35.425, 1, 5949 MiB, 81920 MiB, 0 %
2026/07/04 02:24:35.425, 2, 0 MiB, 81920 MiB, 0 %
2026/07/04 02:24:35.425, 3, 0 MiB, 81920 MiB, 0 %
2026/07/04 02:24:35.426, 4, 0 MiB, 81920 MiB, 0 %
2026/07/04 02:24:35.426, 5, 0 MiB, 81920 MiB, 0 %
2026/07/04 02:24:35.426, 6, 0 MiB, 81920 MiB, 0 %
2026/07/04 02:24:35.426, 7, 0 MiB, 81920 MiB, 0 %
2026/07/04 02:24:45.427, 0, 0 MiB, 81920 MiB, 0 %
2026/07/04 02:24:45.427, 1, 5949 MiB, 81920 MiB, 46 %
2026/07/04 02:24:45.428, 2, 0 MiB, 81920 MiB, 0 %
2026/07/04 02:24:45.428, 3, 0 MiB, 81920 MiB, 0 %
2026/07/04 02:24:45.428, 4, 0 MiB, 81920 MiB, 0 %
2026/07/04 02:24:45.429, 5, 0 MiB, 81920 MiB, 0 %
2026/07/04 02:24:45.429, 6, 0 MiB, 81920 MiB, 0 %
2026/07/04 02:24:45.429, 7, 0 MiB, 81920 MiB, 0 %
2026/07/04 02:24:55.430, 0, 0 MiB, 81920 MiB, 0 %
2026/07/04 02:24:55.430, 1, 5949 MiB, 81920 MiB, 0 %
2026/07/04 02:24:55.431, 2, 0 MiB, 81920 MiB, 0 %
2026/07/04 02:24:55.431, 3, 0 MiB, 81920 MiB, 0 %
2026/07/04 02:24:55.431, 4, 0 MiB, 81920 MiB, 0 %
2026/07/04 02:24:55.431, 5, 0 MiB, 81920 MiB, 0 %
2026/07/04 02:24:55.432, 6, 0 MiB, 81920 MiB, 0 %
2026/07/04 02:24:55.432, 7, 0 MiB, 81920 MiB, 0 %
2026/07/04 02:25:05.433, 0, 0 MiB, 81920 MiB, 0 %
2026/07/04 02:25:05.433, 1, 5949 MiB, 81920 MiB, 54 %
2026/07/04 02:25:05.433, 2, 0 MiB, 81920 MiB, 0 %
2026/07/04 02:25:05.434, 3, 0 MiB, 81920 MiB, 0 %
2026/07/04 02:25:05.434, 4, 0 MiB, 81920 MiB, 0 %
2026/07/04 02:25:05.434, 5, 0 MiB, 81920 MiB, 0 %
2026/07/04 02:25:05.435, 6, 0 MiB, 81920 MiB, 0 %
2026/07/04 02:25:05.435, 7, 0 MiB, 81920 MiB, 0 %
2026/07/04 02:25:15.436, 0, 0 MiB, 81920 MiB, 0 %
2026/07/04 02:25:15.436, 1, 5949 MiB, 81920 MiB, 0 %
2026/07/04 02:25:15.436, 2, 0 MiB, 81920 MiB, 0 %
2026/07/04 02:25:15.437, 3, 0 MiB, 81920 MiB, 0 %
2026/07/04 02:25:15.437, 4, 0 MiB, 81920 MiB, 0 %
2026/07/04 02:25:15.437, 5, 0 MiB, 81920 MiB, 0 %
2026/07/04 02:25:15.438, 6, 0 MiB, 81920 MiB, 0 %
2026/07/04 02:25:15.438, 7, 0 MiB, 81920 MiB, 0 %
2026/07/04 02:25:25.438, 0, 0 MiB, 81920 MiB, 0 %
2026/07/04 02:25:25.439, 1, 5949 MiB, 81920 MiB, 0 %
2026/07/04 02:25:25.439, 2, 0 MiB, 81920 MiB, 0 %
2026/07/04 02:25:25.439, 3, 0 MiB, 81920 MiB, 0 %
2026/07/04 02:25:25.440, 4, 0 MiB, 81920 MiB, 0 %
2026/07/04 02:25:25.440, 5, 0 MiB, 81920 MiB, 0 %
2026/07/04 02:25:25.440, 6, 0 MiB, 81920 MiB, 0 %
2026/07/04 02:25:25.440, 7, 0 MiB, 81920 MiB, 0 %
2026/07/04 02:25:35.441, 0, 0 MiB, 81920 MiB, 0 %
2026/07/04 02:25:35.442, 1, 5949 MiB, 81920 MiB, 0 %
2026/07/04 02:25:35.442, 2, 0 MiB, 81920 MiB, 0 %
2026/07/04 02:25:35.442, 3, 0 MiB, 81920 MiB, 0 %
2026/07/04 02:25:35.443, 4, 0 MiB, 81920 MiB, 0 %
2026/07/04 02:25:35.443, 5, 0 MiB, 81920 MiB, 0 %
2026/07/04 02:25:35.443, 6, 0 MiB, 81920 MiB, 0 %
2026/07/04 02:25:35.444, 7, 0 MiB, 81920 MiB, 0 %
2026/07/04 02:25:45.444, 0, 0 MiB, 81920 MiB, 0 %
2026/07/04 02:25:45.445, 1, 5949 MiB, 81920 MiB, 0 %
2026/07/04 02:25:45.445, 2, 0 MiB, 81920 MiB, 0 %
2026/07/04 02:25:45.445, 3, 0 MiB, 81920 MiB, 0 %
2026/07/04 02:25:45.446, 4, 0 MiB, 81920 MiB, 0 %
2026/07/04 02:25:45.446, 5, 0 MiB, 81920 MiB, 0 %
2026/07/04 02:25:45.446, 6, 0 MiB, 81920 MiB, 0 %
2026/07/04 02:25:45.447, 7, 0 MiB, 81920 MiB, 0 %
2026/07/04 02:25:55.447, 0, 0 MiB, 81920 MiB, 0 %
2026/07/04 02:25:55.448, 1, 5949 MiB, 81920 MiB, 0 %
2026/07/04 02:25:55.448, 2, 0 MiB, 81920 MiB, 0 %
2026/07/04 02:25:55.448, 3, 0 MiB, 81920 MiB, 0 %
2026/07/04 02:25:55.449, 4, 0 MiB, 81920 MiB, 0 %
2026/07/04 02:25:55.449, 5, 0 MiB, 81920 MiB, 0 %
2026/07/04 02:25:55.449, 6, 0 MiB, 81920 MiB, 0 %
2026/07/04 02:25:55.450, 7, 0 MiB, 81920 MiB, 0 %
2026/07/04 02:26:05.450, 0, 0 MiB, 81920 MiB, 0 %
2026/07/04 02:26:05.451, 1, 5949 MiB, 81920 MiB, 47 %
2026/07/04 02:26:05.451, 2, 0 MiB, 81920 MiB, 0 %
2026/07/04 02:26:05.451, 3, 0 MiB, 81920 MiB, 0 %
2026/07/04 02:26:05.451, 4, 0 MiB, 81920 MiB, 0 %
2026/07/04 02:26:05.452, 5, 0 MiB, 81920 MiB, 0 %
2026/07/04 02:26:05.452, 6, 0 MiB, 81920 MiB, 0 %
2026/07/04 02:26:05.452, 7, 0 MiB, 81920 MiB, 0 %
2026/07/04 02:26:15.454, 0, 0 MiB, 81920 MiB, 0 %
2026/07/04 02:26:15.454, 1, 5949 MiB, 81920 MiB, 54 %
2026/07/04 02:26:15.454, 2, 0 MiB, 81920 MiB, 0 %
2026/07/04 02:26:15.455, 3, 0 MiB, 81920 MiB, 0 %
2026/07/04 02:26:15.455, 4, 0 MiB, 81920 MiB, 0 %
2026/07/04 02:26:15.455, 5, 0 MiB, 81920 MiB, 0 %
2026/07/04 02:26:15.456, 6, 0 MiB, 81920 MiB, 0 %
2026/07/04 02:26:15.456, 7, 0 MiB, 81920 MiB, 0 %
2026/07/04 02:26:25.457, 0, 0 MiB, 81920 MiB, 0 %
2026/07/04 02:26:25.457, 1, 5949 MiB, 81920 MiB, 0 %
2026/07/04 02:26:25.458, 2, 0 MiB, 81920 MiB, 0 %
2026/07/04 02:26:25.458, 3, 0 MiB, 81920 MiB, 0 %
2026/07/04 02:26:25.458, 4, 0 MiB, 81920 MiB, 0 %
2026/07/04 02:26:25.458, 5, 0 MiB, 81920 MiB, 0 %
2026/07/04 02:26:25.459, 6, 0 MiB, 81920 MiB, 0 %
2026/07/04 02:26:25.459, 7, 0 MiB, 81920 MiB, 0 %
2026/07/04 02:26:35.460, 0, 0 MiB, 81920 MiB, 0 %
2026/07/04 02:26:35.460, 1, 5949 MiB, 81920 MiB, 0 %
2026/07/04 02:26:35.461, 2, 0 MiB, 81920 MiB, 0 %
2026/07/04 02:26:35.461, 3, 0 MiB, 81920 MiB, 0 %
2026/07/04 02:26:35.461, 4, 0 MiB, 81920 MiB, 0 %
2026/07/04 02:26:35.461, 5, 0 MiB, 81920 MiB, 0 %
2026/07/04 02:26:35.462, 6, 0 MiB, 81920 MiB, 0 %
2026/07/04 02:26:35.462, 7, 0 MiB, 81920 MiB, 0 %
2026/07/04 02:26:45.463, 0, 0 MiB, 81920 MiB, 0 %
2026/07/04 02:26:45.463, 1, 5949 MiB, 81920 MiB, 0 %
2026/07/04 02:26:45.463, 2, 0 MiB, 81920 MiB, 0 %
2026/07/04 02:26:45.464, 3, 0 MiB, 81920 MiB, 0 %
2026/07/04 02:26:45.464, 4, 0 MiB, 81920 MiB, 0 %
2026/07/04 02:26:45.464, 5, 0 MiB, 81920 MiB, 0 %
2026/07/04 02:26:45.465, 6, 0 MiB, 81920 MiB, 0 %
2026/07/04 02:26:45.465, 7, 0 MiB, 81920 MiB, 0 %
2026/07/04 02:26:55.466, 0, 0 MiB, 81920 MiB, 0 %
2026/07/04 02:26:55.467, 1, 5949 MiB, 81920 MiB, 0 %
2026/07/04 02:26:55.467, 2, 0 MiB, 81920 MiB, 0 %
2026/07/04 02:26:55.467, 3, 0 MiB, 81920 MiB, 0 %
2026/07/04 02:26:55.468, 4, 0 MiB, 81920 MiB, 0 %
2026/07/04 02:26:55.468, 5, 0 MiB, 81920 MiB, 0 %
2026/07/04 02:26:55.468, 6, 0 MiB, 81920 MiB, 0 %
2026/07/04 02:26:55.469, 7, 0 MiB, 81920 MiB, 0 %
2026/07/04 02:27:05.469, 0, 0 MiB, 81920 MiB, 0 %
2026/07/04 02:27:05.470, 1, 5949 MiB, 81920 MiB, 0 %
2026/07/04 02:27:05.470, 2, 0 MiB, 81920 MiB, 0 %
2026/07/04 02:27:05.470, 3, 0 MiB, 81920 MiB, 0 %
2026/07/04 02:27:05.471, 4, 0 MiB, 81920 MiB, 0 %
2026/07/04 02:27:05.471, 5, 0 MiB, 81920 MiB, 0 %
2026/07/04 02:27:05.471, 6, 0 MiB, 81920 MiB, 0 %
2026/07/04 02:27:05.472, 7, 0 MiB, 81920 MiB, 0 %
2026/07/04 02:27:15.472, 0, 0 MiB, 81920 MiB, 0 %
2026/07/04 02:27:15.473, 1, 5949 MiB, 81920 MiB, 0 %
2026/07/04 02:27:15.473, 2, 0 MiB, 81920 MiB, 0 %
2026/07/04 02:27:15.473, 3, 0 MiB, 81920 MiB, 0 %
2026/07/04 02:27:15.474, 4, 0 MiB, 81920 MiB, 0 %
2026/07/04 02:27:15.474, 5, 0 MiB, 81920 MiB, 0 %
2026/07/04 02:27:15.474, 6, 0 MiB, 81920 MiB, 0 %
2026/07/04 02:27:15.475, 7, 0 MiB, 81920 MiB, 0 %
2026/07/04 02:27:25.475, 0, 0 MiB, 81920 MiB, 0 %
2026/07/04 02:27:25.476, 1, 5949 MiB, 81920 MiB, 0 %
2026/07/04 02:27:25.476, 2, 0 MiB, 81920 MiB, 0 %
2026/07/04 02:27:25.476, 3, 0 MiB, 81920 MiB, 0 %
2026/07/04 02:27:25.476, 4, 0 MiB, 81920 MiB, 0 %
2026/07/04 02:27:25.477, 5, 0 MiB, 81920 MiB, 0 %
2026/07/04 02:27:25.477, 6, 0 MiB, 81920 MiB, 0 %
2026/07/04 02:27:25.477, 7, 0 MiB, 81920 MiB, 0 %
2026/07/04 02:27:35.478, 0, 0 MiB, 81920 MiB, 0 %
2026/07/04 02:27:35.478, 1, 5949 MiB, 81920 MiB, 0 %
2026/07/04 02:27:35.479, 2, 0 MiB, 81920 MiB, 0 %
2026/07/04 02:27:35.479, 3, 0 MiB, 81920 MiB, 0 %
2026/07/04 02:27:35.479, 4, 0 MiB, 81920 MiB, 0 %
2026/07/04 02:27:35.479, 5, 0 MiB, 81920 MiB, 0 %
2026/07/04 02:27:35.480, 6, 0 MiB, 81920 MiB, 0 %
2026/07/04 02:27:35.480, 7, 0 MiB, 81920 MiB, 0 %
2026/07/04 02:27:45.481, 0, 0 MiB, 81920 MiB, 0 %
2026/07/04 02:27:45.481, 1, 5949 MiB, 81920 MiB, 0 %
2026/07/04 02:27:45.481, 2, 0 MiB, 81920 MiB, 0 %
2026/07/04 02:27:45.482, 3, 0 MiB, 81920 MiB, 0 %
2026/07/04 02:27:45.482, 4, 0 MiB, 81920 MiB, 0 %
2026/07/04 02:27:45.482, 5, 0 MiB, 81920 MiB, 0 %
2026/07/04 02:27:45.483, 6, 0 MiB, 81920 MiB, 0 %
2026/07/04 02:27:45.483, 7, 0 MiB, 81920 MiB, 0 %
2026/07/04 02:27:55.484, 0, 0 MiB, 81920 MiB, 0 %
2026/07/04 02:27:55.484, 1, 5949 MiB, 81920 MiB, 0 %
2026/07/04 02:27:55.485, 2, 0 MiB, 81920 MiB, 0 %
2026/07/04 02:27:55.485, 3, 0 MiB, 81920 MiB, 0 %
2026/07/04 02:27:55.485, 4, 0 MiB, 81920 MiB, 0 %
2026/07/04 02:27:55.485, 5, 0 MiB, 81920 MiB, 0 %
2026/07/04 02:27:55.486, 6, 0 MiB, 81920 MiB, 0 %
2026/07/04 02:27:55.486, 7, 0 MiB, 81920 MiB, 0 %
2026/07/04 02:28:05.487, 0, 0 MiB, 81920 MiB, 0 %
2026/07/04 02:28:05.487, 1, 5949 MiB, 81920 MiB, 0 %
2026/07/04 02:28:05.488, 2, 0 MiB, 81920 MiB, 0 %
2026/07/04 02:28:05.488, 3, 0 MiB, 81920 MiB, 0 %
2026/07/04 02:28:05.488, 4, 0 MiB, 81920 MiB, 0 %
2026/07/04 02:28:05.488, 5, 0 MiB, 81920 MiB, 0 %
2026/07/04 02:28:05.489, 6, 0 MiB, 81920 MiB, 0 %
2026/07/04 02:28:05.489, 7, 0 MiB, 81920 MiB, 0 %
2026/07/04 02:28:15.490, 0, 0 MiB, 81920 MiB, 0 %
2026/07/04 02:28:15.490, 1, 5949 MiB, 81920 MiB, 0 %
2026/07/04 02:28:15.490, 2, 0 MiB, 81920 MiB, 0 %
2026/07/04 02:28:15.491, 3, 0 MiB, 81920 MiB, 0 %
2026/07/04 02:28:15.491, 4, 0 MiB, 81920 MiB, 0 %
2026/07/04 02:28:15.491, 5, 0 MiB, 81920 MiB, 0 %
2026/07/04 02:28:15.491, 6, 0 MiB, 81920 MiB, 0 %
2026/07/04 02:28:15.492, 7, 0 MiB, 81920 MiB, 0 %
2026/07/04 02:28:25.493, 0, 0 MiB, 81920 MiB, 0 %
2026/07/04 02:28:25.493, 1, 5949 MiB, 81920 MiB, 0 %
2026/07/04 02:28:25.494, 2, 0 MiB, 81920 MiB, 0 %
2026/07/04 02:28:25.494, 3, 0 MiB, 81920 MiB, 0 %
2026/07/04 02:28:25.494, 4, 0 MiB, 81920 MiB, 0 %
2026/07/04 02:28:25.495, 5, 0 MiB, 81920 MiB, 0 %
2026/07/04 02:28:25.495, 6, 0 MiB, 81920 MiB, 0 %
2026/07/04 02:28:25.495, 7, 0 MiB, 81920 MiB, 0 %
2026/07/04 02:28:35.496, 0, 0 MiB, 81920 MiB, 0 %
2026/07/04 02:28:35.497, 1, 5949 MiB, 81920 MiB, 38 %
2026/07/04 02:28:35.497, 2, 0 MiB, 81920 MiB, 0 %
2026/07/04 02:28:35.497, 3, 0 MiB, 81920 MiB, 0 %
2026/07/04 02:28:35.498, 4, 0 MiB, 81920 MiB, 0 %
2026/07/04 02:28:35.498, 5, 0 MiB, 81920 MiB, 0 %
2026/07/04 02:28:35.498, 6, 0 MiB, 81920 MiB, 0 %
2026/07/04 02:28:35.498, 7, 0 MiB, 81920 MiB, 0 %
2026/07/04 02:28:45.499, 0, 0 MiB, 81920 MiB, 0 %
2026/07/04 02:28:45.500, 1, 5949 MiB, 81920 MiB, 0 %
2026/07/04 02:28:45.500, 2, 0 MiB, 81920 MiB, 0 %
2026/07/04 02:28:45.500, 3, 0 MiB, 81920 MiB, 0 %
2026/07/04 02:28:45.501, 4, 0 MiB, 81920 MiB, 0 %
2026/07/04 02:28:45.501, 5, 0 MiB, 81920 MiB, 0 %
2026/07/04 02:28:45.501, 6, 0 MiB, 81920 MiB, 0 %
2026/07/04 02:28:45.502, 7, 0 MiB, 81920 MiB, 0 %
2026/07/04 02:28:55.502, 0, 0 MiB, 81920 MiB, 0 %
2026/07/04 02:28:55.503, 1, 5949 MiB, 81920 MiB, 0 %
2026/07/04 02:28:55.503, 2, 0 MiB, 81920 MiB, 0 %
2026/07/04 02:28:55.503, 3, 0 MiB, 81920 MiB, 0 %
2026/07/04 02:28:55.503, 4, 0 MiB, 81920 MiB, 0 %
2026/07/04 02:28:55.504, 5, 0 MiB, 81920 MiB, 0 %
2026/07/04 02:28:55.504, 6, 0 MiB, 81920 MiB, 0 %
2026/07/04 02:28:55.504, 7, 0 MiB, 81920 MiB, 0 %
2026/07/04 02:29:05.505, 0, 0 MiB, 81920 MiB, 0 %
2026/07/04 02:29:05.505, 1, 5949 MiB, 81920 MiB, 0 %
2026/07/04 02:29:05.505, 2, 0 MiB, 81920 MiB, 0 %
2026/07/04 02:29:05.506, 3, 0 MiB, 81920 MiB, 0 %
2026/07/04 02:29:05.506, 4, 0 MiB, 81920 MiB, 0 %
2026/07/04 02:29:05.506, 5, 0 MiB, 81920 MiB, 0 %
2026/07/04 02:29:05.507, 6, 0 MiB, 81920 MiB, 0 %
2026/07/04 02:29:05.507, 7, 0 MiB, 81920 MiB, 0 %
2026/07/04 02:29:15.508, 0, 0 MiB, 81920 MiB, 0 %
2026/07/04 02:29:15.508, 1, 5949 MiB, 81920 MiB, 0 %
2026/07/04 02:29:15.508, 2, 0 MiB, 81920 MiB, 0 %
2026/07/04 02:29:15.509, 3, 0 MiB, 81920 MiB, 0 %
2026/07/04 02:29:15.509, 4, 0 MiB, 81920 MiB, 0 %
2026/07/04 02:29:15.509, 5, 0 MiB, 81920 MiB, 0 %
2026/07/04 02:29:15.510, 6, 0 MiB, 81920 MiB, 0 %
2026/07/04 02:29:15.510, 7, 0 MiB, 81920 MiB, 0 %
2026/07/04 02:29:25.510, 0, 0 MiB, 81920 MiB, 0 %
2026/07/04 02:29:25.511, 1, 5949 MiB, 81920 MiB, 0 %
2026/07/04 02:29:25.511, 2, 0 MiB, 81920 MiB, 0 %
2026/07/04 02:29:25.511, 3, 0 MiB, 81920 MiB, 0 %
2026/07/04 02:29:25.512, 4, 0 MiB, 81920 MiB, 0 %
2026/07/04 02:29:25.512, 5, 0 MiB, 81920 MiB, 0 %
2026/07/04 02:29:25.512, 6, 0 MiB, 81920 MiB, 0 %
2026/07/04 02:29:25.513, 7, 0 MiB, 81920 MiB, 0 %
2026/07/04 02:29:35.514, 0, 0 MiB, 81920 MiB, 0 %
2026/07/04 02:29:35.514, 1, 5949 MiB, 81920 MiB, 0 %
2026/07/04 02:29:35.515, 2, 0 MiB, 81920 MiB, 0 %
2026/07/04 02:29:35.515, 3, 0 MiB, 81920 MiB, 0 %
2026/07/04 02:29:35.515, 4, 0 MiB, 81920 MiB, 0 %
2026/07/04 02:29:35.516, 5, 0 MiB, 81920 MiB, 0 %
2026/07/04 02:29:35.516, 6, 0 MiB, 81920 MiB, 0 %
2026/07/04 02:29:35.516, 7, 0 MiB, 81920 MiB, 0 %
2026/07/04 02:29:45.517, 0, 0 MiB, 81920 MiB, 0 %
2026/07/04 02:29:45.518, 1, 5949 MiB, 81920 MiB, 0 %
2026/07/04 02:29:45.518, 2, 0 MiB, 81920 MiB, 0 %
2026/07/04 02:29:45.519, 3, 0 MiB, 81920 MiB, 0 %
2026/07/04 02:29:45.519, 4, 0 MiB, 81920 MiB, 0 %
2026/07/04 02:29:45.519, 5, 0 MiB, 81920 MiB, 0 %
2026/07/04 02:29:45.519, 6, 0 MiB, 81920 MiB, 0 %
2026/07/04 02:29:45.520, 7, 0 MiB, 81920 MiB, 0 %
2026/07/04 02:29:55.521, 0, 0 MiB, 81920 MiB, 0 %
2026/07/04 02:29:55.521, 1, 5949 MiB, 81920 MiB, 0 %
2026/07/04 02:29:55.522, 2, 0 MiB, 81920 MiB, 0 %
2026/07/04 02:29:55.522, 3, 0 MiB, 81920 MiB, 0 %
2026/07/04 02:29:55.522, 4, 0 MiB, 81920 MiB, 0 %
2026/07/04 02:29:55.523, 5, 0 MiB, 81920 MiB, 0 %
2026/07/04 02:29:55.523, 6, 0 MiB, 81920 MiB, 0 %
2026/07/04 02:29:55.523, 7, 0 MiB, 81920 MiB, 0 %
2026/07/04 02:30:05.525, 0, 0 MiB, 81920 MiB, 0 %
2026/07/04 02:30:05.525, 1, 5949 MiB, 81920 MiB, 0 %
2026/07/04 02:30:05.525, 2, 0 MiB, 81920 MiB, 0 %
2026/07/04 02:30:05.526, 3, 0 MiB, 81920 MiB, 0 %
2026/07/04 02:30:05.526, 4, 0 MiB, 81920 MiB, 0 %
2026/07/04 02:30:05.526, 5, 0 MiB, 81920 MiB, 0 %
2026/07/04 02:30:05.527, 6, 0 MiB, 81920 MiB, 0 %
2026/07/04 02:30:05.527, 7, 0 MiB, 81920 MiB, 0 %
2026/07/04 02:30:15.528, 0, 0 MiB, 81920 MiB, 0 %
2026/07/04 02:30:15.529, 1, 5949 MiB, 81920 MiB, 0 %
2026/07/04 02:30:15.529, 2, 0 MiB, 81920 MiB, 0 %
2026/07/04 02:30:15.529, 3, 0 MiB, 81920 MiB, 0 %
2026/07/04 02:30:15.530, 4, 0 MiB, 81920 MiB, 0 %
2026/07/04 02:30:15.530, 5, 0 MiB, 81920 MiB, 0 %
2026/07/04 02:30:15.530, 6, 0 MiB, 81920 MiB, 0 %
2026/07/04 02:30:15.530, 7, 0 MiB, 81920 MiB, 0 %
2026/07/04 02:30:25.532, 0, 0 MiB, 81920 MiB, 0 %
2026/07/04 02:30:25.532, 1, 5949 MiB, 81920 MiB, 0 %
2026/07/04 02:30:25.533, 2, 0 MiB, 81920 MiB, 0 %
2026/07/04 02:30:25.533, 3, 0 MiB, 81920 MiB, 0 %
2026/07/04 02:30:25.533, 4, 0 MiB, 81920 MiB, 0 %
2026/07/04 02:30:25.534, 5, 0 MiB, 81920 MiB, 0 %
2026/07/04 02:30:25.534, 6, 0 MiB, 81920 MiB, 0 %
2026/07/04 02:30:25.534, 7, 0 MiB, 81920 MiB, 0 %
2026/07/04 02:30:35.535, 0, 0 MiB, 81920 MiB, 0 %
2026/07/04 02:30:35.536, 1, 5949 MiB, 81920 MiB, 0 %
2026/07/04 02:30:35.536, 2, 0 MiB, 81920 MiB, 0 %
2026/07/04 02:30:35.537, 3, 0 MiB, 81920 MiB, 0 %
2026/07/04 02:30:35.537, 4, 0 MiB, 81920 MiB, 0 %
2026/07/04 02:30:35.537, 5, 0 MiB, 81920 MiB, 0 %
2026/07/04 02:30:35.537, 6, 0 MiB, 81920 MiB, 0 %
2026/07/04 02:30:35.538, 7, 0 MiB, 81920 MiB, 0 %
2026/07/04 02:30:45.539, 0, 0 MiB, 81920 MiB, 0 %
2026/07/04 02:30:45.540, 1, 5949 MiB, 81920 MiB, 0 %
2026/07/04 02:30:45.540, 2, 0 MiB, 81920 MiB, 0 %
2026/07/04 02:30:45.540, 3, 0 MiB, 81920 MiB, 0 %
2026/07/04 02:30:45.540, 4, 0 MiB, 81920 MiB, 0 %
2026/07/04 02:30:45.541, 5, 0 MiB, 81920 MiB, 0 %
2026/07/04 02:30:45.541, 6, 0 MiB, 81920 MiB, 0 %
2026/07/04 02:30:45.541, 7, 0 MiB, 81920 MiB, 0 %
2026/07/04 02:30:55.543, 0, 0 MiB, 81920 MiB, 0 %
2026/07/04 02:30:55.543, 1, 5949 MiB, 81920 MiB, 0 %
2026/07/04 02:30:55.543, 2, 0 MiB, 81920 MiB, 0 %
2026/07/04 02:30:55.544, 3, 0 MiB, 81920 MiB, 0 %
2026/07/04 02:30:55.544, 4, 0 MiB, 81920 MiB, 0 %
2026/07/04 02:30:55.544, 5, 0 MiB, 81920 MiB, 0 %
2026/07/04 02:30:55.545, 6, 0 MiB, 81920 MiB, 0 %
2026/07/04 02:30:55.545, 7, 0 MiB, 81920 MiB, 0 %
2026/07/04 02:31:05.546, 0, 0 MiB, 81920 MiB, 0 %
2026/07/04 02:31:05.547, 1, 5949 MiB, 81920 MiB, 0 %
2026/07/04 02:31:05.547, 2, 0 MiB, 81920 MiB, 0 %
2026/07/04 02:31:05.547, 3, 0 MiB, 81920 MiB, 0 %
2026/07/04 02:31:05.548, 4, 0 MiB, 81920 MiB, 0 %
2026/07/04 02:31:05.548, 5, 0 MiB, 81920 MiB, 0 %
2026/07/04 02:31:05.548, 6, 0 MiB, 81920 MiB, 0 %
2026/07/04 02:31:05.548, 7, 0 MiB, 81920 MiB, 0 %
2026/07/04 02:31:15.550, 0, 0 MiB, 81920 MiB, 0 %
2026/07/04 02:31:15.550, 1, 5949 MiB, 81920 MiB, 0 %
2026/07/04 02:31:15.550, 2, 0 MiB, 81920 MiB, 0 %
2026/07/04 02:31:15.551, 3, 0 MiB, 81920 MiB, 0 %
2026/07/04 02:31:15.551, 4, 0 MiB, 81920 MiB, 0 %
2026/07/04 02:31:15.551, 5, 0 MiB, 81920 MiB, 0 %
2026/07/04 02:31:15.552, 6, 0 MiB, 81920 MiB, 0 %
2026/07/04 02:31:15.552, 7, 0 MiB, 81920 MiB, 0 %
2026/07/04 02:31:25.553, 0, 0 MiB, 81920 MiB, 0 %
2026/07/04 02:31:25.554, 1, 5949 MiB, 81920 MiB, 0 %
2026/07/04 02:31:25.554, 2, 0 MiB, 81920 MiB, 0 %
2026/07/04 02:31:25.554, 3, 0 MiB, 81920 MiB, 0 %
2026/07/04 02:31:25.555, 4, 0 MiB, 81920 MiB, 0 %
2026/07/04 02:31:25.555, 5, 0 MiB, 81920 MiB, 0 %
2026/07/04 02:31:25.555, 6, 0 MiB, 81920 MiB, 0 %
2026/07/04 02:31:25.555, 7, 0 MiB, 81920 MiB, 0 %
2026/07/04 02:31:35.557, 0, 0 MiB, 81920 MiB, 0 %
2026/07/04 02:31:35.557, 1, 5949 MiB, 81920 MiB, 0 %
2026/07/04 02:31:35.558, 2, 0 MiB, 81920 MiB, 0 %
2026/07/04 02:31:35.558, 3, 0 MiB, 81920 MiB, 0 %
2026/07/04 02:31:35.558, 4, 0 MiB, 81920 MiB, 0 %
2026/07/04 02:31:35.558, 5, 0 MiB, 81920 MiB, 0 %
2026/07/04 02:31:35.559, 6, 0 MiB, 81920 MiB, 0 %
2026/07/04 02:31:35.559, 7, 0 MiB, 81920 MiB, 0 %
2026/07/04 02:31:45.560, 0, 0 MiB, 81920 MiB, 0 %
2026/07/04 02:31:45.561, 1, 5949 MiB, 81920 MiB, 0 %
2026/07/04 02:31:45.561, 2, 0 MiB, 81920 MiB, 0 %
2026/07/04 02:31:45.561, 3, 0 MiB, 81920 MiB, 0 %
2026/07/04 02:31:45.562, 4, 0 MiB, 81920 MiB, 0 %
2026/07/04 02:31:45.562, 5, 0 MiB, 81920 MiB, 0 %
2026/07/04 02:31:45.562, 6, 0 MiB, 81920 MiB, 0 %
2026/07/04 02:31:45.563, 7, 0 MiB, 81920 MiB, 0 %
2026/07/04 02:31:55.564, 0, 0 MiB, 81920 MiB, 0 %
2026/07/04 02:31:55.564, 1, 5949 MiB, 81920 MiB, 0 %
2026/07/04 02:31:55.565, 2, 0 MiB, 81920 MiB, 0 %
2026/07/04 02:31:55.565, 3, 0 MiB, 81920 MiB, 0 %
2026/07/04 02:31:55.565, 4, 0 MiB, 81920 MiB, 0 %
2026/07/04 02:31:55.565, 5, 0 MiB, 81920 MiB, 0 %
2026/07/04 02:31:55.566, 6, 0 MiB, 81920 MiB, 0 %
2026/07/04 02:31:55.566, 7, 0 MiB, 81920 MiB, 0 %
2026/07/04 02:32:05.567, 0, 0 MiB, 81920 MiB, 0 %
2026/07/04 02:32:05.568, 1, 5949 MiB, 81920 MiB, 0 %
2026/07/04 02:32:05.568, 2, 0 MiB, 81920 MiB, 0 %
2026/07/04 02:32:05.568, 3, 0 MiB, 81920 MiB, 0 %
2026/07/04 02:32:05.569, 4, 0 MiB, 81920 MiB, 0 %
2026/07/04 02:32:05.569, 5, 0 MiB, 81920 MiB, 0 %
2026/07/04 02:32:05.569, 6, 0 MiB, 81920 MiB, 0 %
2026/07/04 02:32:05.570, 7, 0 MiB, 81920 MiB, 0 %
2026/07/04 02:32:15.571, 0, 0 MiB, 81920 MiB, 0 %
2026/07/04 02:32:15.571, 1, 5949 MiB, 81920 MiB, 0 %
2026/07/04 02:32:15.572, 2, 0 MiB, 81920 MiB, 0 %
2026/07/04 02:32:15.572, 3, 0 MiB, 81920 MiB, 0 %
2026/07/04 02:32:15.572, 4, 0 MiB, 81920 MiB, 0 %
2026/07/04 02:32:15.572, 5, 0 MiB, 81920 MiB, 0 %
2026/07/04 02:32:15.573, 6, 0 MiB, 81920 MiB, 0 %
2026/07/04 02:32:15.573, 7, 0 MiB, 81920 MiB, 0 %
2026/07/04 02:32:25.574, 0, 0 MiB, 81920 MiB, 0 %
2026/07/04 02:32:25.575, 1, 5949 MiB, 81920 MiB, 0 %
2026/07/04 02:32:25.575, 2, 0 MiB, 81920 MiB, 0 %
2026/07/04 02:32:25.575, 3, 0 MiB, 81920 MiB, 0 %
2026/07/04 02:32:25.576, 4, 0 MiB, 81920 MiB, 0 %
2026/07/04 02:32:25.576, 5, 0 MiB, 81920 MiB, 0 %
2026/07/04 02:32:25.576, 6, 0 MiB, 81920 MiB, 0 %
2026/07/04 02:32:25.577, 7, 0 MiB, 81920 MiB, 0 %
2026/07/04 02:32:35.578, 0, 0 MiB, 81920 MiB, 0 %
2026/07/04 02:32:35.578, 1, 5949 MiB, 81920 MiB, 0 %
2026/07/04 02:32:35.579, 2, 0 MiB, 81920 MiB, 0 %
2026/07/04 02:32:35.579, 3, 0 MiB, 81920 MiB, 0 %
2026/07/04 02:32:35.579, 4, 0 MiB, 81920 MiB, 0 %
2026/07/04 02:32:35.580, 5, 0 MiB, 81920 MiB, 0 %
2026/07/04 02:32:35.580, 6, 0 MiB, 81920 MiB, 0 %
2026/07/04 02:32:35.580, 7, 0 MiB, 81920 MiB, 0 %
2026/07/04 02:32:45.581, 0, 0 MiB, 81920 MiB, 0 %
2026/07/04 02:32:45.582, 1, 5949 MiB, 81920 MiB, 0 %
2026/07/04 02:32:45.582, 2, 0 MiB, 81920 MiB, 0 %
2026/07/04 02:32:45.583, 3, 0 MiB, 81920 MiB, 0 %
2026/07/04 02:32:45.583, 4, 0 MiB, 81920 MiB, 0 %
2026/07/04 02:32:45.583, 5, 0 MiB, 81920 MiB, 0 %
2026/07/04 02:32:45.584, 6, 0 MiB, 81920 MiB, 0 %
2026/07/04 02:32:45.584, 7, 0 MiB, 81920 MiB, 0 %
2026/07/04 02:32:55.585, 0, 0 MiB, 81920 MiB, 0 %
2026/07/04 02:32:55.586, 1, 5949 MiB, 81920 MiB, 0 %
2026/07/04 02:32:55.586, 2, 0 MiB, 81920 MiB, 0 %
2026/07/04 02:32:55.586, 3, 0 MiB, 81920 MiB, 0 %
2026/07/04 02:32:55.587, 4, 0 MiB, 81920 MiB, 0 %
2026/07/04 02:32:55.587, 5, 0 MiB, 81920 MiB, 0 %
2026/07/04 02:32:55.587, 6, 0 MiB, 81920 MiB, 0 %
2026/07/04 02:32:55.587, 7, 0 MiB, 81920 MiB, 0 %
2026/07/04 02:33:05.589, 0, 0 MiB, 81920 MiB, 0 %
2026/07/04 02:33:05.589, 1, 5949 MiB, 81920 MiB, 0 %
2026/07/04 02:33:05.589, 2, 0 MiB, 81920 MiB, 0 %
2026/07/04 02:33:05.590, 3, 0 MiB, 81920 MiB, 0 %
2026/07/04 02:33:05.590, 4, 0 MiB, 81920 MiB, 0 %
2026/07/04 02:33:05.590, 5, 0 MiB, 81920 MiB, 0 %
2026/07/04 02:33:05.591, 6, 0 MiB, 81920 MiB, 0 %
2026/07/04 02:33:05.591, 7, 0 MiB, 81920 MiB, 0 %
2026/07/04 02:33:15.592, 0, 0 MiB, 81920 MiB, 0 %
2026/07/04 02:33:15.593, 1, 5949 MiB, 81920 MiB, 54 %
2026/07/04 02:33:15.593, 2, 0 MiB, 81920 MiB, 0 %
2026/07/04 02:33:15.593, 3, 0 MiB, 81920 MiB, 0 %
2026/07/04 02:33:15.594, 4, 0 MiB, 81920 MiB, 0 %
2026/07/04 02:33:15.594, 5, 0 MiB, 81920 MiB, 0 %
2026/07/04 02:33:15.594, 6, 0 MiB, 81920 MiB, 0 %
2026/07/04 02:33:15.594, 7, 0 MiB, 81920 MiB, 0 %
2026/07/04 02:33:25.596, 0, 0 MiB, 81920 MiB, 0 %
2026/07/04 02:33:25.596, 1, 5949 MiB, 81920 MiB, 0 %
2026/07/04 02:33:25.596, 2, 0 MiB, 81920 MiB, 0 %
2026/07/04 02:33:25.597, 3, 0 MiB, 81920 MiB, 0 %
2026/07/04 02:33:25.597, 4, 0 MiB, 81920 MiB, 0 %
2026/07/04 02:33:25.597, 5, 0 MiB, 81920 MiB, 0 %
2026/07/04 02:33:25.598, 6, 0 MiB, 81920 MiB, 0 %
2026/07/04 02:33:25.598, 7, 0 MiB, 81920 MiB, 0 %
2026/07/04 02:33:35.599, 0, 0 MiB, 81920 MiB, 0 %
2026/07/04 02:33:35.600, 1, 5949 MiB, 81920 MiB, 0 %
2026/07/04 02:33:35.600, 2, 0 MiB, 81920 MiB, 0 %
2026/07/04 02:33:35.600, 3, 0 MiB, 81920 MiB, 0 %
2026/07/04 02:33:35.601, 4, 0 MiB, 81920 MiB, 0 %
2026/07/04 02:33:35.601, 5, 0 MiB, 81920 MiB, 0 %
2026/07/04 02:33:35.601, 6, 0 MiB, 81920 MiB, 0 %
2026/07/04 02:33:35.601, 7, 0 MiB, 81920 MiB, 0 %
2026/07/04 02:33:45.603, 0, 0 MiB, 81920 MiB, 0 %
2026/07/04 02:33:45.603, 1, 5949 MiB, 81920 MiB, 0 %
2026/07/04 02:33:45.603, 2, 0 MiB, 81920 MiB, 0 %
2026/07/04 02:33:45.604, 3, 0 MiB, 81920 MiB, 0 %
2026/07/04 02:33:45.604, 4, 0 MiB, 81920 MiB, 0 %
2026/07/04 02:33:45.604, 5, 0 MiB, 81920 MiB, 0 %
2026/07/04 02:33:45.605, 6, 0 MiB, 81920 MiB, 0 %
2026/07/04 02:33:45.605, 7, 0 MiB, 81920 MiB, 0 %
2026/07/04 02:33:55.606, 0, 0 MiB, 81920 MiB, 0 %
2026/07/04 02:33:55.607, 1, 5949 MiB, 81920 MiB, 0 %
2026/07/04 02:33:55.607, 2, 0 MiB, 81920 MiB, 0 %
2026/07/04 02:33:55.607, 3, 0 MiB, 81920 MiB, 0 %
2026/07/04 02:33:55.608, 4, 0 MiB, 81920 MiB, 0 %
2026/07/04 02:33:55.608, 5, 0 MiB, 81920 MiB, 0 %
2026/07/04 02:33:55.608, 6, 0 MiB, 81920 MiB, 0 %
2026/07/04 02:33:55.608, 7, 0 MiB, 81920 MiB, 0 %
2026/07/04 02:34:05.609, 0, 0 MiB, 81920 MiB, 0 %
2026/07/04 02:34:05.609, 1, 5949 MiB, 81920 MiB, 0 %
2026/07/04 02:34:05.610, 2, 0 MiB, 81920 MiB, 0 %
2026/07/04 02:34:05.610, 3, 0 MiB, 81920 MiB, 0 %
2026/07/04 02:34:05.610, 4, 0 MiB, 81920 MiB, 0 %
2026/07/04 02:34:05.611, 5, 0 MiB, 81920 MiB, 0 %
2026/07/04 02:34:05.611, 6, 0 MiB, 81920 MiB, 0 %
2026/07/04 02:34:05.611, 7, 0 MiB, 81920 MiB, 0 %
2026/07/04 02:34:15.613, 0, 0 MiB, 81920 MiB, 0 %
2026/07/04 02:34:15.613, 1, 5949 MiB, 81920 MiB, 0 %
2026/07/04 02:34:15.613, 2, 0 MiB, 81920 MiB, 0 %
2026/07/04 02:34:15.614, 3, 0 MiB, 81920 MiB, 0 %
2026/07/04 02:34:15.614, 4, 0 MiB, 81920 MiB, 0 %
2026/07/04 02:34:15.614, 5, 0 MiB, 81920 MiB, 0 %
2026/07/04 02:34:15.614, 6, 0 MiB, 81920 MiB, 0 %
2026/07/04 02:34:15.615, 7, 0 MiB, 81920 MiB, 0 %
2026/07/04 02:34:25.616, 0, 0 MiB, 81920 MiB, 0 %
2026/07/04 02:34:25.616, 1, 5949 MiB, 81920 MiB, 0 %
2026/07/04 02:34:25.617, 2, 0 MiB, 81920 MiB, 0 %
2026/07/04 02:34:25.617, 3, 0 MiB, 81920 MiB, 0 %
2026/07/04 02:34:25.617, 4, 0 MiB, 81920 MiB, 0 %
2026/07/04 02:34:25.618, 5, 0 MiB, 81920 MiB, 0 %
2026/07/04 02:34:25.618, 6, 0 MiB, 81920 MiB, 0 %
2026/07/04 02:34:25.618, 7, 0 MiB, 81920 MiB, 0 %
2026/07/04 02:34:35.620, 0, 0 MiB, 81920 MiB, 0 %
2026/07/04 02:34:35.620, 1, 5949 MiB, 81920 MiB, 0 %
2026/07/04 02:34:35.620, 2, 0 MiB, 81920 MiB, 0 %
2026/07/04 02:34:35.621, 3, 0 MiB, 81920 MiB, 0 %
2026/07/04 02:34:35.621, 4, 0 MiB, 81920 MiB, 0 %
2026/07/04 02:34:35.621, 5, 0 MiB, 81920 MiB, 0 %
2026/07/04 02:34:35.622, 6, 0 MiB, 81920 MiB, 0 %
2026/07/04 02:34:35.622, 7, 0 MiB, 81920 MiB, 0 %
2026/07/04 02:34:45.623, 0, 0 MiB, 81920 MiB, 0 %
2026/07/04 02:34:45.624, 1, 5949 MiB, 81920 MiB, 0 %
2026/07/04 02:34:45.624, 2, 0 MiB, 81920 MiB, 0 %
2026/07/04 02:34:45.624, 3, 0 MiB, 81920 MiB, 0 %
2026/07/04 02:34:45.624, 4, 0 MiB, 81920 MiB, 0 %
2026/07/04 02:34:45.625, 5, 0 MiB, 81920 MiB, 0 %
2026/07/04 02:34:45.625, 6, 0 MiB, 81920 MiB, 0 %
2026/07/04 02:34:45.625, 7, 0 MiB, 81920 MiB, 0 %
2026/07/04 02:34:55.627, 0, 0 MiB, 81920 MiB, 0 %
2026/07/04 02:34:55.627, 1, 5949 MiB, 81920 MiB, 0 %
2026/07/04 02:34:55.627, 2, 0 MiB, 81920 MiB, 0 %
2026/07/04 02:34:55.628, 3, 0 MiB, 81920 MiB, 0 %
2026/07/04 02:34:55.628, 4, 0 MiB, 81920 MiB, 0 %
2026/07/04 02:34:55.628, 5, 0 MiB, 81920 MiB, 0 %
2026/07/04 02:34:55.629, 6, 0 MiB, 81920 MiB, 0 %
2026/07/04 02:34:55.629, 7, 0 MiB, 81920 MiB, 0 %
2026/07/04 02:35:05.630, 0, 0 MiB, 81920 MiB, 0 %
2026/07/04 02:35:05.630, 1, 5949 MiB, 81920 MiB, 0 %
2026/07/04 02:35:05.630, 2, 0 MiB, 81920 MiB, 0 %
2026/07/04 02:35:05.631, 3, 0 MiB, 81920 MiB, 0 %
2026/07/04 02:35:05.631, 4, 0 MiB, 81920 MiB, 0 %
2026/07/04 02:35:05.631, 5, 0 MiB, 81920 MiB, 0 %
2026/07/04 02:35:05.632, 6, 0 MiB, 81920 MiB, 0 %
2026/07/04 02:35:05.632, 7, 0 MiB, 81920 MiB, 0 %
2026/07/04 02:35:15.633, 0, 0 MiB, 81920 MiB, 0 %
2026/07/04 02:35:15.633, 1, 5949 MiB, 81920 MiB, 0 %
2026/07/04 02:35:15.633, 2, 0 MiB, 81920 MiB, 0 %
2026/07/04 02:35:15.634, 3, 0 MiB, 81920 MiB, 0 %
2026/07/04 02:35:15.634, 4, 0 MiB, 81920 MiB, 0 %
2026/07/04 02:35:15.634, 5, 0 MiB, 81920 MiB, 0 %
2026/07/04 02:35:15.634, 6, 0 MiB, 81920 MiB, 0 %
2026/07/04 02:35:15.635, 7, 0 MiB, 81920 MiB, 0 %
2026/07/04 02:35:25.636, 0, 0 MiB, 81920 MiB, 0 %
2026/07/04 02:35:25.636, 1, 5949 MiB, 81920 MiB, 0 %
2026/07/04 02:35:25.636, 2, 0 MiB, 81920 MiB, 0 %
2026/07/04 02:35:25.637, 3, 0 MiB, 81920 MiB, 0 %
2026/07/04 02:35:25.637, 4, 0 MiB, 81920 MiB, 0 %
2026/07/04 02:35:25.637, 5, 0 MiB, 81920 MiB, 0 %
2026/07/04 02:35:25.638, 6, 0 MiB, 81920 MiB, 0 %
2026/07/04 02:35:25.638, 7, 0 MiB, 81920 MiB, 0 %
2026/07/04 02:35:35.639, 0, 0 MiB, 81920 MiB, 0 %
2026/07/04 02:35:35.639, 1, 5949 MiB, 81920 MiB, 0 %
2026/07/04 02:35:35.639, 2, 0 MiB, 81920 MiB, 0 %
2026/07/04 02:35:35.640, 3, 0 MiB, 81920 MiB, 0 %
2026/07/04 02:35:35.640, 4, 0 MiB, 81920 MiB, 0 %
2026/07/04 02:35:35.640, 5, 0 MiB, 81920 MiB, 0 %
2026/07/04 02:35:35.640, 6, 0 MiB, 81920 MiB, 0 %
2026/07/04 02:35:35.641, 7, 0 MiB, 81920 MiB, 0 %
2026/07/04 02:35:45.642, 0, 0 MiB, 81920 MiB, 0 %
2026/07/04 02:35:45.643, 1, 5949 MiB, 81920 MiB, 0 %
2026/07/04 02:35:45.643, 2, 0 MiB, 81920 MiB, 0 %
2026/07/04 02:35:45.643, 3, 0 MiB, 81920 MiB, 0 %
2026/07/04 02:35:45.643, 4, 0 MiB, 81920 MiB, 0 %
2026/07/04 02:35:45.644, 5, 0 MiB, 81920 MiB, 0 %
2026/07/04 02:35:45.644, 6, 0 MiB, 81920 MiB, 0 %
2026/07/04 02:35:45.644, 7, 0 MiB, 81920 MiB, 0 %
2026/07/04 02:35:55.645, 0, 0 MiB, 81920 MiB, 0 %
2026/07/04 02:35:55.646, 1, 5949 MiB, 81920 MiB, 0 %
2026/07/04 02:35:55.646, 2, 0 MiB, 81920 MiB, 0 %
2026/07/04 02:35:55.646, 3, 0 MiB, 81920 MiB, 0 %
2026/07/04 02:35:55.646, 4, 0 MiB, 81920 MiB, 0 %
2026/07/04 02:35:55.647, 5, 0 MiB, 81920 MiB, 0 %
2026/07/04 02:35:55.647, 6, 0 MiB, 81920 MiB, 0 %
2026/07/04 02:35:55.647, 7, 0 MiB, 81920 MiB, 0 %
2026/07/04 02:36:05.648, 0, 0 MiB, 81920 MiB, 0 %
2026/07/04 02:36:05.649, 1, 5949 MiB, 81920 MiB, 0 %
2026/07/04 02:36:05.649, 2, 0 MiB, 81920 MiB, 0 %
2026/07/04 02:36:05.649, 3, 0 MiB, 81920 MiB, 0 %
2026/07/04 02:36:05.649, 4, 0 MiB, 81920 MiB, 0 %
2026/07/04 02:36:05.650, 5, 0 MiB, 81920 MiB, 0 %
2026/07/04 02:36:05.650, 6, 0 MiB, 81920 MiB, 0 %
2026/07/04 02:36:05.650, 7, 0 MiB, 81920 MiB, 0 %
2026/07/04 02:36:15.651, 0, 0 MiB, 81920 MiB, 0 %
2026/07/04 02:36:15.652, 1, 5949 MiB, 81920 MiB, 0 %
2026/07/04 02:36:15.652, 2, 0 MiB, 81920 MiB, 0 %
2026/07/04 02:36:15.652, 3, 0 MiB, 81920 MiB, 0 %
2026/07/04 02:36:15.652, 4, 0 MiB, 81920 MiB, 0 %
2026/07/04 02:36:15.653, 5, 0 MiB, 81920 MiB, 0 %
2026/07/04 02:36:15.653, 6, 0 MiB, 81920 MiB, 0 %
2026/07/04 02:36:15.653, 7, 0 MiB, 81920 MiB, 0 %
2026/07/04 02:36:25.654, 0, 0 MiB, 81920 MiB, 0 %
2026/07/04 02:36:25.654, 1, 5949 MiB, 81920 MiB, 0 %
2026/07/04 02:36:25.655, 2, 0 MiB, 81920 MiB, 0 %
2026/07/04 02:36:25.655, 3, 0 MiB, 81920 MiB, 0 %
2026/07/04 02:36:25.655, 4, 0 MiB, 81920 MiB, 0 %
2026/07/04 02:36:25.656, 5, 0 MiB, 81920 MiB, 0 %
2026/07/04 02:36:25.656, 6, 0 MiB, 81920 MiB, 0 %
2026/07/04 02:36:25.656, 7, 0 MiB, 81920 MiB, 0 %
2026/07/04 02:36:35.657, 0, 0 MiB, 81920 MiB, 0 %
2026/07/04 02:36:35.658, 1, 5949 MiB, 81920 MiB, 54 %
2026/07/04 02:36:35.658, 2, 0 MiB, 81920 MiB, 0 %
2026/07/04 02:36:35.658, 3, 0 MiB, 81920 MiB, 0 %
2026/07/04 02:36:35.659, 4, 0 MiB, 81920 MiB, 0 %
2026/07/04 02:36:35.659, 5, 0 MiB, 81920 MiB, 0 %
2026/07/04 02:36:35.659, 6, 0 MiB, 81920 MiB, 0 %
2026/07/04 02:36:35.660, 7, 0 MiB, 81920 MiB, 0 %
2026/07/04 02:36:45.660, 0, 0 MiB, 81920 MiB, 0 %
2026/07/04 02:36:45.661, 1, 5949 MiB, 81920 MiB, 48 %
2026/07/04 02:36:45.661, 2, 0 MiB, 81920 MiB, 0 %
2026/07/04 02:36:45.661, 3, 0 MiB, 81920 MiB, 0 %
2026/07/04 02:36:45.661, 4, 0 MiB, 81920 MiB, 0 %
2026/07/04 02:36:45.661, 5, 0 MiB, 81920 MiB, 0 %
2026/07/04 02:36:45.662, 6, 0 MiB, 81920 MiB, 0 %
2026/07/04 02:36:45.662, 7, 0 MiB, 81920 MiB, 0 %
2026/07/04 02:36:55.662, 0, 0 MiB, 81920 MiB, 0 %
2026/07/04 02:36:55.663, 1, 5949 MiB, 81920 MiB, 0 %
2026/07/04 02:36:55.663, 2, 0 MiB, 81920 MiB, 0 %
2026/07/04 02:36:55.663, 3, 0 MiB, 81920 MiB, 0 %
2026/07/04 02:36:55.663, 4, 0 MiB, 81920 MiB, 0 %
2026/07/04 02:36:55.663, 5, 0 MiB, 81920 MiB, 0 %
2026/07/04 02:36:55.664, 6, 0 MiB, 81920 MiB, 0 %
2026/07/04 02:36:55.664, 7, 0 MiB, 81920 MiB, 0 %
2026/07/04 02:37:05.664, 0, 0 MiB, 81920 MiB, 0 %
2026/07/04 02:37:05.665, 1, 5949 MiB, 81920 MiB, 0 %
2026/07/04 02:37:05.665, 2, 0 MiB, 81920 MiB, 0 %
2026/07/04 02:37:05.665, 3, 0 MiB, 81920 MiB, 0 %
2026/07/04 02:37:05.666, 4, 0 MiB, 81920 MiB, 0 %
2026/07/04 02:37:05.666, 5, 0 MiB, 81920 MiB, 0 %
2026/07/04 02:37:05.666, 6, 0 MiB, 81920 MiB, 0 %
2026/07/04 02:37:05.667, 7, 0 MiB, 81920 MiB, 0 %
2026/07/04 02:37:15.667, 0, 0 MiB, 81920 MiB, 0 %
2026/07/04 02:37:15.668, 1, 5949 MiB, 81920 MiB, 0 %
2026/07/04 02:37:15.668, 2, 0 MiB, 81920 MiB, 0 %
2026/07/04 02:37:15.668, 3, 0 MiB, 81920 MiB, 0 %
2026/07/04 02:37:15.669, 4, 0 MiB, 81920 MiB, 0 %
2026/07/04 02:37:15.669, 5, 0 MiB, 81920 MiB, 0 %
2026/07/04 02:37:15.669, 6, 0 MiB, 81920 MiB, 0 %
2026/07/04 02:37:15.670, 7, 0 MiB, 81920 MiB, 0 %
2026/07/04 02:37:25.670, 0, 0 MiB, 81920 MiB, 0 %
2026/07/04 02:37:25.671, 1, 5949 MiB, 81920 MiB, 0 %
2026/07/04 02:37:25.671, 2, 0 MiB, 81920 MiB, 0 %
2026/07/04 02:37:25.671, 3, 0 MiB, 81920 MiB, 0 %
2026/07/04 02:37:25.672, 4, 0 MiB, 81920 MiB, 0 %
2026/07/04 02:37:25.672, 5, 0 MiB, 81920 MiB, 0 %
2026/07/04 02:37:25.672, 6, 0 MiB, 81920 MiB, 0 %
2026/07/04 02:37:25.672, 7, 0 MiB, 81920 MiB, 0 %
2026/07/04 02:37:35.673, 0, 0 MiB, 81920 MiB, 0 %
2026/07/04 02:37:35.674, 1, 5949 MiB, 81920 MiB, 53 %
2026/07/04 02:37:35.674, 2, 0 MiB, 81920 MiB, 0 %
2026/07/04 02:37:35.674, 3, 0 MiB, 81920 MiB, 0 %
2026/07/04 02:37:35.675, 4, 0 MiB, 81920 MiB, 0 %
2026/07/04 02:37:35.675, 5, 0 MiB, 81920 MiB, 0 %
2026/07/04 02:37:35.675, 6, 0 MiB, 81920 MiB, 0 %
2026/07/04 02:37:35.676, 7, 0 MiB, 81920 MiB, 0 %
2026/07/04 02:37:45.676, 0, 0 MiB, 81920 MiB, 0 %
2026/07/04 02:37:45.677, 1, 5949 MiB, 81920 MiB, 0 %
2026/07/04 02:37:45.677, 2, 0 MiB, 81920 MiB, 0 %
2026/07/04 02:37:45.677, 3, 0 MiB, 81920 MiB, 0 %
2026/07/04 02:37:45.678, 4, 0 MiB, 81920 MiB, 0 %
2026/07/04 02:37:45.678, 5, 0 MiB, 81920 MiB, 0 %
2026/07/04 02:37:45.678, 6, 0 MiB, 81920 MiB, 0 %
2026/07/04 02:37:45.678, 7, 0 MiB, 81920 MiB, 0 %
2026/07/04 02:37:55.679, 0, 0 MiB, 81920 MiB, 0 %
2026/07/04 02:37:55.680, 1, 5949 MiB, 81920 MiB, 0 %
2026/07/04 02:37:55.680, 2, 0 MiB, 81920 MiB, 0 %
2026/07/04 02:37:55.680, 3, 0 MiB, 81920 MiB, 0 %
2026/07/04 02:37:55.681, 4, 0 MiB, 81920 MiB, 0 %
2026/07/04 02:37:55.681, 5, 0 MiB, 81920 MiB, 0 %
2026/07/04 02:37:55.681, 6, 0 MiB, 81920 MiB, 0 %
2026/07/04 02:37:55.681, 7, 0 MiB, 81920 MiB, 0 %
2026/07/04 02:38:05.682, 0, 0 MiB, 81920 MiB, 0 %
2026/07/04 02:38:05.683, 1, 5949 MiB, 81920 MiB, 0 %
2026/07/04 02:38:05.683, 2, 0 MiB, 81920 MiB, 0 %
2026/07/04 02:38:05.683, 3, 0 MiB, 81920 MiB, 0 %
2026/07/04 02:38:05.684, 4, 0 MiB, 81920 MiB, 0 %
2026/07/04 02:38:05.684, 5, 0 MiB, 81920 MiB, 0 %
2026/07/04 02:38:05.684, 6, 0 MiB, 81920 MiB, 0 %
2026/07/04 02:38:05.684, 7, 0 MiB, 81920 MiB, 0 %
2026/07/04 02:38:15.685, 0, 0 MiB, 81920 MiB, 0 %
2026/07/04 02:38:15.686, 1, 5949 MiB, 81920 MiB, 0 %
2026/07/04 02:38:15.686, 2, 0 MiB, 81920 MiB, 0 %
2026/07/04 02:38:15.686, 3, 0 MiB, 81920 MiB, 0 %
2026/07/04 02:38:15.687, 4, 0 MiB, 81920 MiB, 0 %
2026/07/04 02:38:15.687, 5, 0 MiB, 81920 MiB, 0 %
2026/07/04 02:38:15.687, 6, 0 MiB, 81920 MiB, 0 %
2026/07/04 02:38:15.687, 7, 0 MiB, 81920 MiB, 0 %
2026/07/04 02:38:25.688, 0, 0 MiB, 81920 MiB, 0 %
2026/07/04 02:38:25.689, 1, 5949 MiB, 81920 MiB, 0 %
2026/07/04 02:38:25.689, 2, 0 MiB, 81920 MiB, 0 %
2026/07/04 02:38:25.689, 3, 0 MiB, 81920 MiB, 0 %
2026/07/04 02:38:25.690, 4, 0 MiB, 81920 MiB, 0 %
2026/07/04 02:38:25.690, 5, 0 MiB, 81920 MiB, 0 %
2026/07/04 02:38:25.690, 6, 0 MiB, 81920 MiB, 0 %
2026/07/04 02:38:25.690, 7, 0 MiB, 81920 MiB, 0 %
2026/07/04 02:38:35.691, 0, 0 MiB, 81920 MiB, 0 %
2026/07/04 02:38:35.692, 1, 5949 MiB, 81920 MiB, 0 %
2026/07/04 02:38:35.692, 2, 0 MiB, 81920 MiB, 0 %
2026/07/04 02:38:35.692, 3, 0 MiB, 81920 MiB, 0 %
2026/07/04 02:38:35.692, 4, 0 MiB, 81920 MiB, 0 %
2026/07/04 02:38:35.693, 5, 0 MiB, 81920 MiB, 0 %
2026/07/04 02:38:35.693, 6, 0 MiB, 81920 MiB, 0 %
2026/07/04 02:38:35.693, 7, 0 MiB, 81920 MiB, 0 %
2026/07/04 02:38:45.694, 0, 0 MiB, 81920 MiB, 0 %
2026/07/04 02:38:45.694, 1, 5949 MiB, 81920 MiB, 0 %
2026/07/04 02:38:45.694, 2, 0 MiB, 81920 MiB, 0 %
2026/07/04 02:38:45.695, 3, 0 MiB, 81920 MiB, 0 %
2026/07/04 02:38:45.695, 4, 0 MiB, 81920 MiB, 0 %
2026/07/04 02:38:45.695, 5, 0 MiB, 81920 MiB, 0 %
2026/07/04 02:38:45.696, 6, 0 MiB, 81920 MiB, 0 %
2026/07/04 02:38:45.696, 7, 0 MiB, 81920 MiB, 0 %
2026/07/04 02:38:55.697, 0, 0 MiB, 81920 MiB, 0 %
2026/07/04 02:38:55.697, 1, 5949 MiB, 81920 MiB, 0 %
2026/07/04 02:38:55.697, 2, 0 MiB, 81920 MiB, 0 %
2026/07/04 02:38:55.698, 3, 0 MiB, 81920 MiB, 0 %
2026/07/04 02:38:55.698, 4, 0 MiB, 81920 MiB, 0 %
2026/07/04 02:38:55.698, 5, 0 MiB, 81920 MiB, 0 %
2026/07/04 02:38:55.699, 6, 0 MiB, 81920 MiB, 0 %
2026/07/04 02:38:55.699, 7, 0 MiB, 81920 MiB, 0 %
2026/07/04 02:39:05.700, 0, 0 MiB, 81920 MiB, 0 %
2026/07/04 02:39:05.700, 1, 5949 MiB, 81920 MiB, 0 %
2026/07/04 02:39:05.700, 2, 0 MiB, 81920 MiB, 0 %
2026/07/04 02:39:05.701, 3, 0 MiB, 81920 MiB, 0 %
2026/07/04 02:39:05.701, 4, 0 MiB, 81920 MiB, 0 %
2026/07/04 02:39:05.701, 5, 0 MiB, 81920 MiB, 0 %
2026/07/04 02:39:05.702, 6, 0 MiB, 81920 MiB, 0 %
2026/07/04 02:39:05.702, 7, 0 MiB, 81920 MiB, 0 %
2026/07/04 02:39:15.703, 0, 0 MiB, 81920 MiB, 0 %
2026/07/04 02:39:15.703, 1, 5951 MiB, 81920 MiB, 0 %
2026/07/04 02:39:15.704, 2, 0 MiB, 81920 MiB, 0 %
2026/07/04 02:39:15.704, 3, 0 MiB, 81920 MiB, 0 %
2026/07/04 02:39:15.704, 4, 0 MiB, 81920 MiB, 0 %
2026/07/04 02:39:15.704, 5, 0 MiB, 81920 MiB, 0 %
2026/07/04 02:39:15.705, 6, 0 MiB, 81920 MiB, 0 %
2026/07/04 02:39:15.705, 7, 0 MiB, 81920 MiB, 0 %
2026/07/04 02:39:25.706, 0, 0 MiB, 81920 MiB, 0 %
2026/07/04 02:39:25.706, 1, 5951 MiB, 81920 MiB, 48 %
2026/07/04 02:39:25.706, 2, 0 MiB, 81920 MiB, 0 %
2026/07/04 02:39:25.707, 3, 0 MiB, 81920 MiB, 0 %
2026/07/04 02:39:25.707, 4, 0 MiB, 81920 MiB, 0 %
2026/07/04 02:39:25.707, 5, 0 MiB, 81920 MiB, 0 %
2026/07/04 02:39:25.708, 6, 0 MiB, 81920 MiB, 0 %
2026/07/04 02:39:25.708, 7, 0 MiB, 81920 MiB, 0 %
2026/07/04 02:39:35.709, 0, 0 MiB, 81920 MiB, 0 %
2026/07/04 02:39:35.709, 1, 5951 MiB, 81920 MiB, 53 %
2026/07/04 02:39:35.709, 2, 0 MiB, 81920 MiB, 0 %
2026/07/04 02:39:35.710, 3, 0 MiB, 81920 MiB, 0 %
2026/07/04 02:39:35.710, 4, 0 MiB, 81920 MiB, 0 %
2026/07/04 02:39:35.710, 5, 0 MiB, 81920 MiB, 0 %
2026/07/04 02:39:35.710, 6, 0 MiB, 81920 MiB, 0 %
2026/07/04 02:39:35.711, 7, 0 MiB, 81920 MiB, 0 %
2026/07/04 02:39:45.711, 0, 0 MiB, 81920 MiB, 0 %
2026/07/04 02:39:45.712, 1, 5951 MiB, 81920 MiB, 0 %
2026/07/04 02:39:45.712, 2, 0 MiB, 81920 MiB, 0 %
2026/07/04 02:39:45.712, 3, 0 MiB, 81920 MiB, 0 %
2026/07/04 02:39:45.713, 4, 0 MiB, 81920 MiB, 0 %
2026/07/04 02:39:45.713, 5, 0 MiB, 81920 MiB, 0 %
2026/07/04 02:39:45.713, 6, 0 MiB, 81920 MiB, 0 %
2026/07/04 02:39:45.714, 7, 0 MiB, 81920 MiB, 0 %
2026/07/04 02:39:55.714, 0, 0 MiB, 81920 MiB, 0 %
2026/07/04 02:39:55.715, 1, 5951 MiB, 81920 MiB, 0 %
2026/07/04 02:39:55.715, 2, 0 MiB, 81920 MiB, 0 %
2026/07/04 02:39:55.715, 3, 0 MiB, 81920 MiB, 0 %
2026/07/04 02:39:55.716, 4, 0 MiB, 81920 MiB, 0 %
2026/07/04 02:39:55.716, 5, 0 MiB, 81920 MiB, 0 %
2026/07/04 02:39:55.716, 6, 0 MiB, 81920 MiB, 0 %
2026/07/04 02:39:55.717, 7, 0 MiB, 81920 MiB, 0 %
2026/07/04 02:40:05.717, 0, 0 MiB, 81920 MiB, 0 %
2026/07/04 02:40:05.718, 1, 5951 MiB, 81920 MiB, 0 %
2026/07/04 02:40:05.718, 2, 0 MiB, 81920 MiB, 0 %
2026/07/04 02:40:05.719, 3, 0 MiB, 81920 MiB, 0 %
2026/07/04 02:40:05.719, 4, 0 MiB, 81920 MiB, 0 %
2026/07/04 02:40:05.719, 5, 0 MiB, 81920 MiB, 0 %
2026/07/04 02:40:05.719, 6, 0 MiB, 81920 MiB, 0 %
2026/07/04 02:40:05.720, 7, 0 MiB, 81920 MiB, 0 %
2026/07/04 02:40:15.720, 0, 0 MiB, 81920 MiB, 0 %
2026/07/04 02:40:15.721, 1, 5951 MiB, 81920 MiB, 53 %
2026/07/04 02:40:15.721, 2, 0 MiB, 81920 MiB, 0 %
2026/07/04 02:40:15.722, 3, 0 MiB, 81920 MiB, 0 %
2026/07/04 02:40:15.722, 4, 0 MiB, 81920 MiB, 0 %
2026/07/04 02:40:15.722, 5, 0 MiB, 81920 MiB, 0 %
2026/07/04 02:40:15.722, 6, 0 MiB, 81920 MiB, 0 %
2026/07/04 02:40:15.723, 7, 0 MiB, 81920 MiB, 0 %
2026/07/04 02:40:25.723, 0, 0 MiB, 81920 MiB, 0 %
2026/07/04 02:40:25.724, 1, 5951 MiB, 81920 MiB, 4 %
2026/07/04 02:40:25.724, 2, 0 MiB, 81920 MiB, 0 %
2026/07/04 02:40:25.724, 3, 0 MiB, 81920 MiB, 0 %
2026/07/04 02:40:25.725, 4, 0 MiB, 81920 MiB, 0 %
2026/07/04 02:40:25.725, 5, 0 MiB, 81920 MiB, 0 %
2026/07/04 02:40:25.725, 6, 0 MiB, 81920 MiB, 0 %
2026/07/04 02:40:25.726, 7, 0 MiB, 81920 MiB, 0 %
2026/07/04 02:40:35.726, 0, 0 MiB, 81920 MiB, 0 %
2026/07/04 02:40:35.727, 1, 5951 MiB, 81920 MiB, 0 %
2026/07/04 02:40:35.727, 2, 0 MiB, 81920 MiB, 0 %
2026/07/04 02:40:35.727, 3, 0 MiB, 81920 MiB, 0 %
2026/07/04 02:40:35.728, 4, 0 MiB, 81920 MiB, 0 %
2026/07/04 02:40:35.728, 5, 0 MiB, 81920 MiB, 0 %
2026/07/04 02:40:35.728, 6, 0 MiB, 81920 MiB, 0 %
2026/07/04 02:40:35.729, 7, 0 MiB, 81920 MiB, 0 %
2026/07/04 02:40:45.729, 0, 0 MiB, 81920 MiB, 0 %
2026/07/04 02:40:45.730, 1, 5951 MiB, 81920 MiB, 0 %
2026/07/04 02:40:45.730, 2, 0 MiB, 81920 MiB, 0 %
2026/07/04 02:40:45.730, 3, 0 MiB, 81920 MiB, 0 %
2026/07/04 02:40:45.731, 4, 0 MiB, 81920 MiB, 0 %
2026/07/04 02:40:45.731, 5, 0 MiB, 81920 MiB, 0 %
2026/07/04 02:40:45.731, 6, 0 MiB, 81920 MiB, 0 %
2026/07/04 02:40:45.732, 7, 0 MiB, 81920 MiB, 0 %
2026/07/04 02:40:55.732, 0, 0 MiB, 81920 MiB, 0 %
2026/07/04 02:40:55.733, 1, 5951 MiB, 81920 MiB, 0 %
2026/07/04 02:40:55.733, 2, 0 MiB, 81920 MiB, 0 %
2026/07/04 02:40:55.733, 3, 0 MiB, 81920 MiB, 0 %
2026/07/04 02:40:55.734, 4, 0 MiB, 81920 MiB, 0 %
2026/07/04 02:40:55.734, 5, 0 MiB, 81920 MiB, 0 %
2026/07/04 02:40:55.734, 6, 0 MiB, 81920 MiB, 0 %
2026/07/04 02:40:55.735, 7, 0 MiB, 81920 MiB, 0 %
2026/07/04 02:41:05.735, 0, 0 MiB, 81920 MiB, 0 %
2026/07/04 02:41:05.736, 1, 5951 MiB, 81920 MiB, 0 %
2026/07/04 02:41:05.736, 2, 0 MiB, 81920 MiB, 0 %
2026/07/04 02:41:05.736, 3, 0 MiB, 81920 MiB, 0 %
2026/07/04 02:41:05.737, 4, 0 MiB, 81920 MiB, 0 %
2026/07/04 02:41:05.737, 5, 0 MiB, 81920 MiB, 0 %
2026/07/04 02:41:05.737, 6, 0 MiB, 81920 MiB, 0 %
2026/07/04 02:41:05.738, 7, 0 MiB, 81920 MiB, 0 %
2026/07/04 02:41:15.738, 0, 0 MiB, 81920 MiB, 0 %
2026/07/04 02:41:15.739, 1, 5951 MiB, 81920 MiB, 0 %
2026/07/04 02:41:15.739, 2, 0 MiB, 81920 MiB, 0 %
2026/07/04 02:41:15.739, 3, 0 MiB, 81920 MiB, 0 %
2026/07/04 02:41:15.740, 4, 0 MiB, 81920 MiB, 0 %
2026/07/04 02:41:15.740, 5, 0 MiB, 81920 MiB, 0 %
2026/07/04 02:41:15.740, 6, 0 MiB, 81920 MiB, 0 %
2026/07/04 02:41:15.741, 7, 0 MiB, 81920 MiB, 0 %
2026/07/04 02:41:25.741, 0, 0 MiB, 81920 MiB, 0 %
2026/07/04 02:41:25.742, 1, 5951 MiB, 81920 MiB, 0 %
2026/07/04 02:41:25.742, 2, 0 MiB, 81920 MiB, 0 %
2026/07/04 02:41:25.742, 3, 0 MiB, 81920 MiB, 0 %
2026/07/04 02:41:25.743, 4, 0 MiB, 81920 MiB, 0 %
2026/07/04 02:41:25.743, 5, 0 MiB, 81920 MiB, 0 %
2026/07/04 02:41:25.743, 6, 0 MiB, 81920 MiB, 0 %
2026/07/04 02:41:25.743, 7, 0 MiB, 81920 MiB, 0 %
2026/07/04 02:41:35.744, 0, 0 MiB, 81920 MiB, 0 %
2026/07/04 02:41:35.745, 1, 5951 MiB, 81920 MiB, 0 %
2026/07/04 02:41:35.745, 2, 0 MiB, 81920 MiB, 0 %
2026/07/04 02:41:35.745, 3, 0 MiB, 81920 MiB, 0 %
2026/07/04 02:41:35.745, 4, 0 MiB, 81920 MiB, 0 %
2026/07/04 02:41:35.745, 5, 0 MiB, 81920 MiB, 0 %
2026/07/04 02:41:35.746, 6, 0 MiB, 81920 MiB, 0 %
2026/07/04 02:41:35.746, 7, 0 MiB, 81920 MiB, 0 %
2026/07/04 02:41:45.746, 0, 0 MiB, 81920 MiB, 0 %
2026/07/04 02:41:45.747, 1, 5951 MiB, 81920 MiB, 0 %
2026/07/04 02:41:45.747, 2, 0 MiB, 81920 MiB, 0 %
2026/07/04 02:41:45.747, 3, 0 MiB, 81920 MiB, 0 %
2026/07/04 02:41:45.748, 4, 0 MiB, 81920 MiB, 0 %
2026/07/04 02:41:45.748, 5, 0 MiB, 81920 MiB, 0 %
2026/07/04 02:41:45.748, 6, 0 MiB, 81920 MiB, 0 %
2026/07/04 02:41:45.748, 7, 0 MiB, 81920 MiB, 0 %
2026/07/04 02:41:55.749, 0, 0 MiB, 81920 MiB, 0 %
2026/07/04 02:41:55.750, 1, 5951 MiB, 81920 MiB, 77 %
2026/07/04 02:41:55.750, 2, 0 MiB, 81920 MiB, 0 %
2026/07/04 02:41:55.750, 3, 0 MiB, 81920 MiB, 0 %
2026/07/04 02:41:55.751, 4, 0 MiB, 81920 MiB, 0 %
2026/07/04 02:41:55.751, 5, 0 MiB, 81920 MiB, 0 %
2026/07/04 02:41:55.751, 6, 0 MiB, 81920 MiB, 0 %
2026/07/04 02:41:55.751, 7, 0 MiB, 81920 MiB, 0 %
2026/07/04 02:42:05.752, 0, 0 MiB, 81920 MiB, 0 %
2026/07/04 02:42:05.753, 1, 5951 MiB, 81920 MiB, 0 %
2026/07/04 02:42:05.753, 2, 0 MiB, 81920 MiB, 0 %
2026/07/04 02:42:05.753, 3, 0 MiB, 81920 MiB, 0 %
2026/07/04 02:42:05.754, 4, 0 MiB, 81920 MiB, 0 %
2026/07/04 02:42:05.754, 5, 0 MiB, 81920 MiB, 0 %
2026/07/04 02:42:05.754, 6, 0 MiB, 81920 MiB, 0 %
2026/07/04 02:42:05.754, 7, 0 MiB, 81920 MiB, 0 %
2026/07/04 02:42:15.755, 0, 0 MiB, 81920 MiB, 0 %
2026/07/04 02:42:15.756, 1, 5951 MiB, 81920 MiB, 0 %
2026/07/04 02:42:15.756, 2, 0 MiB, 81920 MiB, 0 %
2026/07/04 02:42:15.756, 3, 0 MiB, 81920 MiB, 0 %
2026/07/04 02:42:15.757, 4, 0 MiB, 81920 MiB, 0 %
2026/07/04 02:42:15.757, 5, 0 MiB, 81920 MiB, 0 %
2026/07/04 02:42:15.757, 6, 0 MiB, 81920 MiB, 0 %
2026/07/04 02:42:15.758, 7, 0 MiB, 81920 MiB, 0 %
2026/07/04 02:42:25.758, 0, 0 MiB, 81920 MiB, 0 %
2026/07/04 02:42:25.759, 1, 5951 MiB, 81920 MiB, 0 %
2026/07/04 02:42:25.759, 2, 0 MiB, 81920 MiB, 0 %
2026/07/04 02:42:25.759, 3, 0 MiB, 81920 MiB, 0 %
2026/07/04 02:42:25.760, 4, 0 MiB, 81920 MiB, 0 %
2026/07/04 02:42:25.760, 5, 0 MiB, 81920 MiB, 0 %
2026/07/04 02:42:25.760, 6, 0 MiB, 81920 MiB, 0 %
2026/07/04 02:42:25.761, 7, 0 MiB, 81920 MiB, 0 %
2026/07/04 02:42:35.761, 0, 0 MiB, 81920 MiB, 0 %
2026/07/04 02:42:35.762, 1, 5951 MiB, 81920 MiB, 0 %
2026/07/04 02:42:35.762, 2, 0 MiB, 81920 MiB, 0 %
2026/07/04 02:42:35.763, 3, 0 MiB, 81920 MiB, 0 %
2026/07/04 02:42:35.763, 4, 0 MiB, 81920 MiB, 0 %
2026/07/04 02:42:35.763, 5, 0 MiB, 81920 MiB, 0 %
2026/07/04 02:42:35.763, 6, 0 MiB, 81920 MiB, 0 %
2026/07/04 02:42:35.764, 7, 0 MiB, 81920 MiB, 0 %
2026/07/04 02:42:45.765, 0, 0 MiB, 81920 MiB, 0 %
2026/07/04 02:42:45.765, 1, 5951 MiB, 81920 MiB, 0 %
2026/07/04 02:42:45.765, 2, 0 MiB, 81920 MiB, 0 %
2026/07/04 02:42:45.766, 3, 0 MiB, 81920 MiB, 0 %
2026/07/04 02:42:45.766, 4, 0 MiB, 81920 MiB, 0 %
2026/07/04 02:42:45.766, 5, 0 MiB, 81920 MiB, 0 %
2026/07/04 02:42:45.767, 6, 0 MiB, 81920 MiB, 0 %
2026/07/04 02:42:45.767, 7, 0 MiB, 81920 MiB, 0 %
2026/07/04 02:42:55.768, 0, 0 MiB, 81920 MiB, 0 %
2026/07/04 02:42:55.768, 1, 5951 MiB, 81920 MiB, 0 %
2026/07/04 02:42:55.769, 2, 0 MiB, 81920 MiB, 0 %
2026/07/04 02:42:55.769, 3, 0 MiB, 81920 MiB, 0 %
2026/07/04 02:42:55.769, 4, 0 MiB, 81920 MiB, 0 %
2026/07/04 02:42:55.770, 5, 0 MiB, 81920 MiB, 0 %
2026/07/04 02:42:55.770, 6, 0 MiB, 81920 MiB, 0 %
2026/07/04 02:42:55.770, 7, 0 MiB, 81920 MiB, 0 %
2026/07/04 02:43:05.771, 0, 0 MiB, 81920 MiB, 0 %
2026/07/04 02:43:05.771, 1, 5951 MiB, 81920 MiB, 59 %
2026/07/04 02:43:05.772, 2, 0 MiB, 81920 MiB, 0 %
2026/07/04 02:43:05.772, 3, 0 MiB, 81920 MiB, 0 %
2026/07/04 02:43:05.772, 4, 0 MiB, 81920 MiB, 0 %
2026/07/04 02:43:05.773, 5, 0 MiB, 81920 MiB, 0 %
2026/07/04 02:43:05.773, 6, 0 MiB, 81920 MiB, 0 %
2026/07/04 02:43:05.773, 7, 0 MiB, 81920 MiB, 0 %
2026/07/04 02:43:15.774, 0, 0 MiB, 81920 MiB, 0 %
2026/07/04 02:43:15.775, 1, 5951 MiB, 81920 MiB, 0 %
2026/07/04 02:43:15.775, 2, 0 MiB, 81920 MiB, 0 %
2026/07/04 02:43:15.775, 3, 0 MiB, 81920 MiB, 0 %
2026/07/04 02:43:15.775, 4, 0 MiB, 81920 MiB, 0 %
2026/07/04 02:43:15.776, 5, 0 MiB, 81920 MiB, 0 %
2026/07/04 02:43:15.776, 6, 0 MiB, 81920 MiB, 0 %
2026/07/04 02:43:15.776, 7, 0 MiB, 81920 MiB, 0 %
2026/07/04 02:43:25.777, 0, 0 MiB, 81920 MiB, 0 %
2026/07/04 02:43:25.778, 1, 5951 MiB, 81920 MiB, 0 %
2026/07/04 02:43:25.778, 2, 0 MiB, 81920 MiB, 0 %
2026/07/04 02:43:25.778, 3, 0 MiB, 81920 MiB, 0 %
2026/07/04 02:43:25.778, 4, 0 MiB, 81920 MiB, 0 %
2026/07/04 02:43:25.779, 5, 0 MiB, 81920 MiB, 0 %
2026/07/04 02:43:25.779, 6, 0 MiB, 81920 MiB, 0 %
2026/07/04 02:43:25.779, 7, 0 MiB, 81920 MiB, 0 %
2026/07/04 02:43:35.780, 0, 0 MiB, 81920 MiB, 0 %
2026/07/04 02:43:35.781, 1, 5951 MiB, 81920 MiB, 0 %
2026/07/04 02:43:35.781, 2, 0 MiB, 81920 MiB, 0 %
2026/07/04 02:43:35.781, 3, 0 MiB, 81920 MiB, 0 %
2026/07/04 02:43:35.782, 4, 0 MiB, 81920 MiB, 0 %
2026/07/04 02:43:35.782, 5, 0 MiB, 81920 MiB, 0 %
2026/07/04 02:43:35.782, 6, 0 MiB, 81920 MiB, 0 %
2026/07/04 02:43:35.782, 7, 0 MiB, 81920 MiB, 0 %
2026/07/04 02:43:45.783, 0, 0 MiB, 81920 MiB, 0 %
2026/07/04 02:43:45.784, 1, 5951 MiB, 81920 MiB, 0 %
2026/07/04 02:43:45.784, 2, 0 MiB, 81920 MiB, 0 %
2026/07/04 02:43:45.784, 3, 0 MiB, 81920 MiB, 0 %
2026/07/04 02:43:45.784, 4, 0 MiB, 81920 MiB, 0 %
2026/07/04 02:43:45.785, 5, 0 MiB, 81920 MiB, 0 %
2026/07/04 02:43:45.785, 6, 0 MiB, 81920 MiB, 0 %
2026/07/04 02:43:45.785, 7, 0 MiB, 81920 MiB, 0 %
2026/07/04 02:43:55.786, 0, 0 MiB, 81920 MiB, 0 %
2026/07/04 02:43:55.787, 1, 5951 MiB, 81920 MiB, 27 %
2026/07/04 02:43:55.787, 2, 0 MiB, 81920 MiB, 0 %
2026/07/04 02:43:55.787, 3, 0 MiB, 81920 MiB, 0 %
2026/07/04 02:43:55.788, 4, 0 MiB, 81920 MiB, 0 %
2026/07/04 02:43:55.788, 5, 0 MiB, 81920 MiB, 0 %
2026/07/04 02:43:55.788, 6, 0 MiB, 81920 MiB, 0 %
2026/07/04 02:43:55.788, 7, 0 MiB, 81920 MiB, 0 %
2026/07/04 02:44:05.789, 0, 0 MiB, 81920 MiB, 0 %
2026/07/04 02:44:05.790, 1, 5951 MiB, 81920 MiB, 0 %
2026/07/04 02:44:05.790, 2, 0 MiB, 81920 MiB, 0 %
2026/07/04 02:44:05.790, 3, 0 MiB, 81920 MiB, 0 %
2026/07/04 02:44:05.791, 4, 0 MiB, 81920 MiB, 0 %
2026/07/04 02:44:05.791, 5, 0 MiB, 81920 MiB, 0 %
2026/07/04 02:44:05.791, 6, 0 MiB, 81920 MiB, 0 %
2026/07/04 02:44:05.792, 7, 0 MiB, 81920 MiB, 0 %
2026/07/04 02:44:15.792, 0, 0 MiB, 81920 MiB, 0 %
2026/07/04 02:44:15.793, 1, 5951 MiB, 81920 MiB, 0 %
2026/07/04 02:44:15.793, 2, 0 MiB, 81920 MiB, 0 %
2026/07/04 02:44:15.794, 3, 0 MiB, 81920 MiB, 0 %
2026/07/04 02:44:15.794, 4, 0 MiB, 81920 MiB, 0 %
2026/07/04 02:44:15.794, 5, 0 MiB, 81920 MiB, 0 %
2026/07/04 02:44:15.794, 6, 0 MiB, 81920 MiB, 0 %
2026/07/04 02:44:15.795, 7, 0 MiB, 81920 MiB, 0 %
2026/07/04 02:44:25.795, 0, 0 MiB, 81920 MiB, 0 %
2026/07/04 02:44:25.796, 1, 5951 MiB, 81920 MiB, 41 %
2026/07/04 02:44:25.796, 2, 0 MiB, 81920 MiB, 0 %
2026/07/04 02:44:25.796, 3, 0 MiB, 81920 MiB, 0 %
2026/07/04 02:44:25.797, 4, 0 MiB, 81920 MiB, 0 %
2026/07/04 02:44:25.797, 5, 0 MiB, 81920 MiB, 0 %
2026/07/04 02:44:25.797, 6, 0 MiB, 81920 MiB, 0 %
2026/07/04 02:44:25.798, 7, 0 MiB, 81920 MiB, 0 %
2026/07/04 02:44:35.798, 0, 0 MiB, 81920 MiB, 0 %
2026/07/04 02:44:35.799, 1, 5951 MiB, 81920 MiB, 0 %
2026/07/04 02:44:35.799, 2, 0 MiB, 81920 MiB, 0 %
2026/07/04 02:44:35.800, 3, 0 MiB, 81920 MiB, 0 %
2026/07/04 02:44:35.800, 4, 0 MiB, 81920 MiB, 0 %
2026/07/04 02:44:35.800, 5, 0 MiB, 81920 MiB, 0 %
2026/07/04 02:44:35.800, 6, 0 MiB, 81920 MiB, 0 %
2026/07/04 02:44:35.801, 7, 0 MiB, 81920 MiB, 0 %
2026/07/04 02:44:45.801, 0, 0 MiB, 81920 MiB, 0 %
2026/07/04 02:44:45.802, 1, 5951 MiB, 81920 MiB, 56 %
2026/07/04 02:44:45.802, 2, 0 MiB, 81920 MiB, 0 %
2026/07/04 02:44:45.802, 3, 0 MiB, 81920 MiB, 0 %
2026/07/04 02:44:45.803, 4, 0 MiB, 81920 MiB, 0 %
2026/07/04 02:44:45.803, 5, 0 MiB, 81920 MiB, 0 %
2026/07/04 02:44:45.803, 6, 0 MiB, 81920 MiB, 0 %
2026/07/04 02:44:45.804, 7, 0 MiB, 81920 MiB, 0 %
2026/07/04 02:44:55.804, 0, 0 MiB, 81920 MiB, 0 %
2026/07/04 02:44:55.805, 1, 5951 MiB, 81920 MiB, 0 %
2026/07/04 02:44:55.805, 2, 0 MiB, 81920 MiB, 0 %
2026/07/04 02:44:55.806, 3, 0 MiB, 81920 MiB, 0 %
2026/07/04 02:44:55.806, 4, 0 MiB, 81920 MiB, 0 %
2026/07/04 02:44:55.806, 5, 0 MiB, 81920 MiB, 0 %
2026/07/04 02:44:55.807, 6, 0 MiB, 81920 MiB, 0 %
2026/07/04 02:44:55.807, 7, 0 MiB, 81920 MiB, 0 %
2026/07/04 02:45:05.808, 0, 0 MiB, 81920 MiB, 0 %
2026/07/04 02:45:05.808, 1, 5951 MiB, 81920 MiB, 0 %
2026/07/04 02:45:05.808, 2, 0 MiB, 81920 MiB, 0 %
2026/07/04 02:45:05.809, 3, 0 MiB, 81920 MiB, 0 %
2026/07/04 02:45:05.809, 4, 0 MiB, 81920 MiB, 0 %
2026/07/04 02:45:05.809, 5, 0 MiB, 81920 MiB, 0 %
2026/07/04 02:45:05.810, 6, 0 MiB, 81920 MiB, 0 %
2026/07/04 02:45:05.810, 7, 0 MiB, 81920 MiB, 0 %
2026/07/04 02:45:15.811, 0, 0 MiB, 81920 MiB, 0 %
2026/07/04 02:45:15.811, 1, 5951 MiB, 81920 MiB, 0 %
2026/07/04 02:45:15.811, 2, 0 MiB, 81920 MiB, 0 %
2026/07/04 02:45:15.812, 3, 0 MiB, 81920 MiB, 0 %
2026/07/04 02:45:15.812, 4, 0 MiB, 81920 MiB, 0 %
2026/07/04 02:45:15.812, 5, 0 MiB, 81920 MiB, 0 %
2026/07/04 02:45:15.813, 6, 0 MiB, 81920 MiB, 0 %
2026/07/04 02:45:15.813, 7, 0 MiB, 81920 MiB, 0 %
2026/07/04 02:45:25.814, 0, 0 MiB, 81920 MiB, 0 %
2026/07/04 02:45:25.814, 1, 5951 MiB, 81920 MiB, 0 %
2026/07/04 02:45:25.815, 2, 0 MiB, 81920 MiB, 0 %
2026/07/04 02:45:25.815, 3, 0 MiB, 81920 MiB, 0 %
2026/07/04 02:45:25.815, 4, 0 MiB, 81920 MiB, 0 %
2026/07/04 02:45:25.816, 5, 0 MiB, 81920 MiB, 0 %
2026/07/04 02:45:25.816, 6, 0 MiB, 81920 MiB, 0 %
2026/07/04 02:45:25.816, 7, 0 MiB, 81920 MiB, 0 %
2026/07/04 02:45:35.817, 0, 0 MiB, 81920 MiB, 0 %
2026/07/04 02:45:35.818, 1, 5951 MiB, 81920 MiB, 0 %
2026/07/04 02:45:35.818, 2, 0 MiB, 81920 MiB, 0 %
2026/07/04 02:45:35.818, 3, 0 MiB, 81920 MiB, 0 %
2026/07/04 02:45:35.819, 4, 0 MiB, 81920 MiB, 0 %
2026/07/04 02:45:35.819, 5, 0 MiB, 81920 MiB, 0 %
2026/07/04 02:45:35.819, 6, 0 MiB, 81920 MiB, 0 %
2026/07/04 02:45:35.819, 7, 0 MiB, 81920 MiB, 0 %
2026/07/04 02:45:45.820, 0, 0 MiB, 81920 MiB, 0 %
2026/07/04 02:45:45.821, 1, 5951 MiB, 81920 MiB, 53 %
2026/07/04 02:45:45.821, 2, 0 MiB, 81920 MiB, 0 %
2026/07/04 02:45:45.821, 3, 0 MiB, 81920 MiB, 0 %
2026/07/04 02:45:45.822, 4, 0 MiB, 81920 MiB, 0 %
2026/07/04 02:45:45.822, 5, 0 MiB, 81920 MiB, 0 %
2026/07/04 02:45:45.822, 6, 0 MiB, 81920 MiB, 0 %
2026/07/04 02:45:45.822, 7, 0 MiB, 81920 MiB, 0 %
2026/07/04 02:45:55.823, 0, 0 MiB, 81920 MiB, 0 %
2026/07/04 02:45:55.824, 1, 5951 MiB, 81920 MiB, 0 %
2026/07/04 02:45:55.824, 2, 0 MiB, 81920 MiB, 0 %
2026/07/04 02:45:55.824, 3, 0 MiB, 81920 MiB, 0 %
2026/07/04 02:45:55.825, 4, 0 MiB, 81920 MiB, 0 %
2026/07/04 02:45:55.825, 5, 0 MiB, 81920 MiB, 0 %
2026/07/04 02:45:55.825, 6, 0 MiB, 81920 MiB, 0 %
2026/07/04 02:45:55.825, 7, 0 MiB, 81920 MiB, 0 %
2026/07/04 02:46:05.826, 0, 0 MiB, 81920 MiB, 0 %
2026/07/04 02:46:05.827, 1, 5951 MiB, 81920 MiB, 0 %
2026/07/04 02:46:05.827, 2, 0 MiB, 81920 MiB, 0 %
2026/07/04 02:46:05.827, 3, 0 MiB, 81920 MiB, 0 %
2026/07/04 02:46:05.828, 4, 0 MiB, 81920 MiB, 0 %
2026/07/04 02:46:05.828, 5, 0 MiB, 81920 MiB, 0 %
2026/07/04 02:46:05.828, 6, 0 MiB, 81920 MiB, 0 %
2026/07/04 02:46:05.828, 7, 0 MiB, 81920 MiB, 0 %
2026/07/04 02:46:15.829, 0, 0 MiB, 81920 MiB, 0 %
2026/07/04 02:46:15.830, 1, 5951 MiB, 81920 MiB, 0 %
2026/07/04 02:46:15.830, 2, 0 MiB, 81920 MiB, 0 %
2026/07/04 02:46:15.830, 3, 0 MiB, 81920 MiB, 0 %
2026/07/04 02:46:15.830, 4, 0 MiB, 81920 MiB, 0 %
2026/07/04 02:46:15.831, 5, 0 MiB, 81920 MiB, 0 %
2026/07/04 02:46:15.831, 6, 0 MiB, 81920 MiB, 0 %
2026/07/04 02:46:15.831, 7, 0 MiB, 81920 MiB, 0 %
2026/07/04 02:46:25.832, 0, 0 MiB, 81920 MiB, 0 %
2026/07/04 02:46:25.833, 1, 5951 MiB, 81920 MiB, 0 %
2026/07/04 02:46:25.833, 2, 0 MiB, 81920 MiB, 0 %
2026/07/04 02:46:25.833, 3, 0 MiB, 81920 MiB, 0 %
2026/07/04 02:46:25.833, 4, 0 MiB, 81920 MiB, 0 %
2026/07/04 02:46:25.834, 5, 0 MiB, 81920 MiB, 0 %
2026/07/04 02:46:25.834, 6, 0 MiB, 81920 MiB, 0 %
2026/07/04 02:46:25.834, 7, 0 MiB, 81920 MiB, 0 %
2026/07/04 02:46:35.835, 0, 0 MiB, 81920 MiB, 0 %
2026/07/04 02:46:35.836, 1, 5951 MiB, 81920 MiB, 0 %
2026/07/04 02:46:35.836, 2, 0 MiB, 81920 MiB, 0 %
2026/07/04 02:46:35.836, 3, 0 MiB, 81920 MiB, 0 %
2026/07/04 02:46:35.837, 4, 0 MiB, 81920 MiB, 0 %
2026/07/04 02:46:35.837, 5, 0 MiB, 81920 MiB, 0 %
2026/07/04 02:46:35.837, 6, 0 MiB, 81920 MiB, 0 %
2026/07/04 02:46:35.838, 7, 0 MiB, 81920 MiB, 0 %
2026/07/04 02:46:45.838, 0, 0 MiB, 81920 MiB, 0 %
2026/07/04 02:46:45.839, 1, 5951 MiB, 81920 MiB, 0 %
2026/07/04 02:46:45.839, 2, 0 MiB, 81920 MiB, 0 %
2026/07/04 02:46:45.839, 3, 0 MiB, 81920 MiB, 0 %
2026/07/04 02:46:45.840, 4, 0 MiB, 81920 MiB, 0 %
2026/07/04 02:46:45.840, 5, 0 MiB, 81920 MiB, 0 %
2026/07/04 02:46:45.840, 6, 0 MiB, 81920 MiB, 0 %
2026/07/04 02:46:45.840, 7, 0 MiB, 81920 MiB, 0 %
2026/07/04 02:46:55.841, 0, 0 MiB, 81920 MiB, 0 %
2026/07/04 02:46:55.842, 1, 5951 MiB, 81920 MiB, 0 %
2026/07/04 02:46:55.842, 2, 0 MiB, 81920 MiB, 0 %
2026/07/04 02:46:55.842, 3, 0 MiB, 81920 MiB, 0 %
2026/07/04 02:46:55.843, 4, 0 MiB, 81920 MiB, 0 %
2026/07/04 02:46:55.843, 5, 0 MiB, 81920 MiB, 0 %
2026/07/04 02:46:55.843, 6, 0 MiB, 81920 MiB, 0 %
2026/07/04 02:46:55.844, 7, 0 MiB, 81920 MiB, 0 %
2026/07/04 02:47:05.844, 0, 0 MiB, 81920 MiB, 0 %
2026/07/04 02:47:05.845, 1, 5951 MiB, 81920 MiB, 0 %
2026/07/04 02:47:05.845, 2, 0 MiB, 81920 MiB, 0 %
2026/07/04 02:47:05.845, 3, 0 MiB, 81920 MiB, 0 %
2026/07/04 02:47:05.846, 4, 0 MiB, 81920 MiB, 0 %
2026/07/04 02:47:05.846, 5, 0 MiB, 81920 MiB, 0 %
2026/07/04 02:47:05.846, 6, 0 MiB, 81920 MiB, 0 %
2026/07/04 02:47:05.847, 7, 0 MiB, 81920 MiB, 0 %
2026/07/04 02:47:15.847, 0, 0 MiB, 81920 MiB, 0 %
2026/07/04 02:47:15.848, 1, 5951 MiB, 81920 MiB, 0 %
2026/07/04 02:47:15.848, 2, 0 MiB, 81920 MiB, 0 %
2026/07/04 02:47:15.848, 3, 0 MiB, 81920 MiB, 0 %
2026/07/04 02:47:15.849, 4, 0 MiB, 81920 MiB, 0 %
2026/07/04 02:47:15.849, 5, 0 MiB, 81920 MiB, 0 %
2026/07/04 02:47:15.849, 6, 0 MiB, 81920 MiB, 0 %
2026/07/04 02:47:15.850, 7, 0 MiB, 81920 MiB, 0 %
2026/07/04 02:47:25.850, 0, 0 MiB, 81920 MiB, 0 %
2026/07/04 02:47:25.851, 1, 5951 MiB, 81920 MiB, 0 %
2026/07/04 02:47:25.851, 2, 0 MiB, 81920 MiB, 0 %
2026/07/04 02:47:25.851, 3, 0 MiB, 81920 MiB, 0 %
2026/07/04 02:47:25.852, 4, 0 MiB, 81920 MiB, 0 %
2026/07/04 02:47:25.852, 5, 0 MiB, 81920 MiB, 0 %
2026/07/04 02:47:25.852, 6, 0 MiB, 81920 MiB, 0 %
2026/07/04 02:47:25.852, 7, 0 MiB, 81920 MiB, 0 %
2026/07/04 02:47:35.853, 0, 0 MiB, 81920 MiB, 0 %
2026/07/04 02:47:35.854, 1, 5951 MiB, 81920 MiB, 46 %
2026/07/04 02:47:35.854, 2, 0 MiB, 81920 MiB, 0 %
2026/07/04 02:47:35.854, 3, 0 MiB, 81920 MiB, 0 %
2026/07/04 02:47:35.855, 4, 0 MiB, 81920 MiB, 0 %
2026/07/04 02:47:35.855, 5, 0 MiB, 81920 MiB, 0 %
2026/07/04 02:47:35.855, 6, 0 MiB, 81920 MiB, 0 %
2026/07/04 02:47:35.856, 7, 0 MiB, 81920 MiB, 0 %
2026/07/04 02:47:45.856, 0, 0 MiB, 81920 MiB, 0 %
2026/07/04 02:47:45.857, 1, 5951 MiB, 81920 MiB, 0 %
2026/07/04 02:47:45.857, 2, 0 MiB, 81920 MiB, 0 %
2026/07/04 02:47:45.857, 3, 0 MiB, 81920 MiB, 0 %
2026/07/04 02:47:45.858, 4, 0 MiB, 81920 MiB, 0 %
2026/07/04 02:47:45.858, 5, 0 MiB, 81920 MiB, 0 %
2026/07/04 02:47:45.858, 6, 0 MiB, 81920 MiB, 0 %
2026/07/04 02:47:45.858, 7, 0 MiB, 81920 MiB, 0 %
2026/07/04 02:47:55.859, 0, 0 MiB, 81920 MiB, 0 %
2026/07/04 02:47:55.860, 1, 5951 MiB, 81920 MiB, 0 %
2026/07/04 02:47:55.860, 2, 0 MiB, 81920 MiB, 0 %
2026/07/04 02:47:55.860, 3, 0 MiB, 81920 MiB, 0 %
2026/07/04 02:47:55.861, 4, 0 MiB, 81920 MiB, 0 %
2026/07/04 02:47:55.861, 5, 0 MiB, 81920 MiB, 0 %
2026/07/04 02:47:55.861, 6, 0 MiB, 81920 MiB, 0 %
2026/07/04 02:47:55.861, 7, 0 MiB, 81920 MiB, 0 %
2026/07/04 02:48:05.862, 0, 0 MiB, 81920 MiB, 0 %
2026/07/04 02:48:05.863, 1, 5951 MiB, 81920 MiB, 0 %
2026/07/04 02:48:05.863, 2, 0 MiB, 81920 MiB, 0 %
2026/07/04 02:48:05.863, 3, 0 MiB, 81920 MiB, 0 %
2026/07/04 02:48:05.863, 4, 0 MiB, 81920 MiB, 0 %
2026/07/04 02:48:05.864, 5, 0 MiB, 81920 MiB, 0 %
2026/07/04 02:48:05.864, 6, 0 MiB, 81920 MiB, 0 %
2026/07/04 02:48:05.864, 7, 0 MiB, 81920 MiB, 0 %
2026/07/04 02:48:15.865, 0, 0 MiB, 81920 MiB, 0 %
2026/07/04 02:48:15.866, 1, 5951 MiB, 81920 MiB, 0 %
2026/07/04 02:48:15.866, 2, 0 MiB, 81920 MiB, 0 %
2026/07/04 02:48:15.866, 3, 0 MiB, 81920 MiB, 0 %
2026/07/04 02:48:15.866, 4, 0 MiB, 81920 MiB, 0 %
2026/07/04 02:48:15.867, 5, 0 MiB, 81920 MiB, 0 %
2026/07/04 02:48:15.867, 6, 0 MiB, 81920 MiB, 0 %
2026/07/04 02:48:15.867, 7, 0 MiB, 81920 MiB, 0 %
2026/07/04 02:48:25.868, 0, 0 MiB, 81920 MiB, 0 %
2026/07/04 02:48:25.868, 1, 5951 MiB, 81920 MiB, 0 %
2026/07/04 02:48:25.869, 2, 0 MiB, 81920 MiB, 0 %
2026/07/04 02:48:25.869, 3, 0 MiB, 81920 MiB, 0 %
2026/07/04 02:48:25.869, 4, 0 MiB, 81920 MiB, 0 %
2026/07/04 02:48:25.870, 5, 0 MiB, 81920 MiB, 0 %
2026/07/04 02:48:25.870, 6, 0 MiB, 81920 MiB, 0 %
2026/07/04 02:48:25.870, 7, 0 MiB, 81920 MiB, 0 %
2026/07/04 02:48:35.871, 0, 0 MiB, 81920 MiB, 0 %
2026/07/04 02:48:35.872, 1, 5951 MiB, 81920 MiB, 0 %
2026/07/04 02:48:35.872, 2, 0 MiB, 81920 MiB, 0 %
2026/07/04 02:48:35.872, 3, 0 MiB, 81920 MiB, 0 %
2026/07/04 02:48:35.872, 4, 0 MiB, 81920 MiB, 0 %
2026/07/04 02:48:35.873, 5, 0 MiB, 81920 MiB, 0 %
2026/07/04 02:48:35.873, 6, 0 MiB, 81920 MiB, 0 %
2026/07/04 02:48:35.873, 7, 0 MiB, 81920 MiB, 0 %
2026/07/04 02:48:45.874, 0, 0 MiB, 81920 MiB, 0 %
2026/07/04 02:48:45.874, 1, 5951 MiB, 81920 MiB, 0 %
2026/07/04 02:48:45.875, 2, 0 MiB, 81920 MiB, 0 %
2026/07/04 02:48:45.875, 3, 0 MiB, 81920 MiB, 0 %
2026/07/04 02:48:45.875, 4, 0 MiB, 81920 MiB, 0 %
2026/07/04 02:48:45.876, 5, 0 MiB, 81920 MiB, 0 %
2026/07/04 02:48:45.876, 6, 0 MiB, 81920 MiB, 0 %
2026/07/04 02:48:45.876, 7, 0 MiB, 81920 MiB, 0 %
2026/07/04 02:48:55.877, 0, 0 MiB, 81920 MiB, 0 %
2026/07/04 02:48:55.877, 1, 5951 MiB, 81920 MiB, 0 %
2026/07/04 02:48:55.878, 2, 0 MiB, 81920 MiB, 0 %
2026/07/04 02:48:55.878, 3, 0 MiB, 81920 MiB, 0 %
2026/07/04 02:48:55.878, 4, 0 MiB, 81920 MiB, 0 %
2026/07/04 02:48:55.879, 5, 0 MiB, 81920 MiB, 0 %
2026/07/04 02:48:55.879, 6, 0 MiB, 81920 MiB, 0 %
2026/07/04 02:48:55.879, 7, 0 MiB, 81920 MiB, 0 %
2026/07/04 02:49:05.880, 0, 0 MiB, 81920 MiB, 0 %
2026/07/04 02:49:05.880, 1, 5951 MiB, 81920 MiB, 0 %
2026/07/04 02:49:05.881, 2, 0 MiB, 81920 MiB, 0 %
2026/07/04 02:49:05.881, 3, 0 MiB, 81920 MiB, 0 %
2026/07/04 02:49:05.881, 4, 0 MiB, 81920 MiB, 0 %
2026/07/04 02:49:05.882, 5, 0 MiB, 81920 MiB, 0 %
2026/07/04 02:49:05.882, 6, 0 MiB, 81920 MiB, 0 %
2026/07/04 02:49:05.882, 7, 0 MiB, 81920 MiB, 0 %
2026/07/04 02:49:15.883, 0, 0 MiB, 81920 MiB, 0 %
2026/07/04 02:49:15.883, 1, 5951 MiB, 81920 MiB, 7 %
2026/07/04 02:49:15.884, 2, 0 MiB, 81920 MiB, 0 %
2026/07/04 02:49:15.884, 3, 0 MiB, 81920 MiB, 0 %
2026/07/04 02:49:15.884, 4, 0 MiB, 81920 MiB, 0 %
2026/07/04 02:49:15.884, 5, 0 MiB, 81920 MiB, 0 %
2026/07/04 02:49:15.885, 6, 0 MiB, 81920 MiB, 0 %
2026/07/04 02:49:15.885, 7, 0 MiB, 81920 MiB, 0 %
2026/07/04 02:49:25.886, 0, 0 MiB, 81920 MiB, 0 %
2026/07/04 02:49:25.886, 1, 5951 MiB, 81920 MiB, 0 %
2026/07/04 02:49:25.887, 2, 0 MiB, 81920 MiB, 0 %
2026/07/04 02:49:25.887, 3, 0 MiB, 81920 MiB, 0 %
2026/07/04 02:49:25.887, 4, 0 MiB, 81920 MiB, 0 %
2026/07/04 02:49:25.888, 5, 0 MiB, 81920 MiB, 0 %
2026/07/04 02:49:25.888, 6, 0 MiB, 81920 MiB, 0 %
2026/07/04 02:49:25.888, 7, 0 MiB, 81920 MiB, 0 %
2026/07/04 02:49:35.889, 0, 0 MiB, 81920 MiB, 0 %
2026/07/04 02:49:35.889, 1, 5951 MiB, 81920 MiB, 0 %
2026/07/04 02:49:35.890, 2, 0 MiB, 81920 MiB, 0 %
2026/07/04 02:49:35.890, 3, 0 MiB, 81920 MiB, 0 %
2026/07/04 02:49:35.890, 4, 0 MiB, 81920 MiB, 0 %
2026/07/04 02:49:35.891, 5, 0 MiB, 81920 MiB, 0 %
2026/07/04 02:49:35.891, 6, 0 MiB, 81920 MiB, 0 %
2026/07/04 02:49:35.891, 7, 0 MiB, 81920 MiB, 0 %
2026/07/04 02:49:45.892, 0, 0 MiB, 81920 MiB, 0 %
2026/07/04 02:49:45.892, 1, 5951 MiB, 81920 MiB, 0 %
2026/07/04 02:49:45.892, 2, 0 MiB, 81920 MiB, 0 %
2026/07/04 02:49:45.893, 3, 0 MiB, 81920 MiB, 0 %
2026/07/04 02:49:45.893, 4, 0 MiB, 81920 MiB, 0 %
2026/07/04 02:49:45.893, 5, 0 MiB, 81920 MiB, 0 %
2026/07/04 02:49:45.894, 6, 0 MiB, 81920 MiB, 0 %
2026/07/04 02:49:45.894, 7, 0 MiB, 81920 MiB, 0 %
2026/07/04 02:49:55.895, 0, 0 MiB, 81920 MiB, 0 %
2026/07/04 02:49:55.895, 1, 5951 MiB, 81920 MiB, 0 %
2026/07/04 02:49:55.895, 2, 0 MiB, 81920 MiB, 0 %
2026/07/04 02:49:55.896, 3, 0 MiB, 81920 MiB, 0 %
2026/07/04 02:49:55.896, 4, 0 MiB, 81920 MiB, 0 %
2026/07/04 02:49:55.896, 5, 0 MiB, 81920 MiB, 0 %
2026/07/04 02:49:55.897, 6, 0 MiB, 81920 MiB, 0 %
2026/07/04 02:49:55.897, 7, 0 MiB, 81920 MiB, 0 %
2026/07/04 02:50:05.898, 0, 0 MiB, 81920 MiB, 0 %
2026/07/04 02:50:05.898, 1, 5951 MiB, 81920 MiB, 1 %
2026/07/04 02:50:05.898, 2, 0 MiB, 81920 MiB, 0 %
2026/07/04 02:50:05.899, 3, 0 MiB, 81920 MiB, 0 %
2026/07/04 02:50:05.899, 4, 0 MiB, 81920 MiB, 0 %
2026/07/04 02:50:05.899, 5, 0 MiB, 81920 MiB, 0 %
2026/07/04 02:50:05.900, 6, 0 MiB, 81920 MiB, 0 %
2026/07/04 02:50:05.900, 7, 0 MiB, 81920 MiB, 0 %
2026/07/04 02:50:15.901, 0, 0 MiB, 81920 MiB, 0 %
2026/07/04 02:50:15.901, 1, 5951 MiB, 81920 MiB, 0 %
2026/07/04 02:50:15.902, 2, 0 MiB, 81920 MiB, 0 %
2026/07/04 02:50:15.902, 3, 0 MiB, 81920 MiB, 0 %
2026/07/04 02:50:15.902, 4, 0 MiB, 81920 MiB, 0 %
2026/07/04 02:50:15.902, 5, 0 MiB, 81920 MiB, 0 %
2026/07/04 02:50:15.903, 6, 0 MiB, 81920 MiB, 0 %
2026/07/04 02:50:15.903, 7, 0 MiB, 81920 MiB, 0 %
2026/07/04 02:50:25.904, 0, 0 MiB, 81920 MiB, 0 %
2026/07/04 02:50:25.904, 1, 5951 MiB, 81920 MiB, 0 %
2026/07/04 02:50:25.905, 2, 0 MiB, 81920 MiB, 0 %
2026/07/04 02:50:25.905, 3, 0 MiB, 81920 MiB, 0 %
2026/07/04 02:50:25.905, 4, 0 MiB, 81920 MiB, 0 %
2026/07/04 02:50:25.905, 5, 0 MiB, 81920 MiB, 0 %
2026/07/04 02:50:25.906, 6, 0 MiB, 81920 MiB, 0 %
2026/07/04 02:50:25.906, 7, 0 MiB, 81920 MiB, 0 %
2026/07/04 02:50:35.907, 0, 0 MiB, 81920 MiB, 0 %
2026/07/04 02:50:35.907, 1, 5951 MiB, 81920 MiB, 0 %
2026/07/04 02:50:35.908, 2, 0 MiB, 81920 MiB, 0 %
2026/07/04 02:50:35.908, 3, 0 MiB, 81920 MiB, 0 %
2026/07/04 02:50:35.908, 4, 0 MiB, 81920 MiB, 0 %
2026/07/04 02:50:35.909, 5, 0 MiB, 81920 MiB, 0 %
2026/07/04 02:50:35.909, 6, 0 MiB, 81920 MiB, 0 %
2026/07/04 02:50:35.909, 7, 0 MiB, 81920 MiB, 0 %
2026/07/04 02:50:45.910, 0, 0 MiB, 81920 MiB, 0 %
2026/07/04 02:50:45.910, 1, 5951 MiB, 81920 MiB, 0 %
2026/07/04 02:50:45.911, 2, 0 MiB, 81920 MiB, 0 %
2026/07/04 02:50:45.911, 3, 0 MiB, 81920 MiB, 0 %
2026/07/04 02:50:45.911, 4, 0 MiB, 81920 MiB, 0 %
2026/07/04 02:50:45.912, 5, 0 MiB, 81920 MiB, 0 %
2026/07/04 02:50:45.912, 6, 0 MiB, 81920 MiB, 0 %
2026/07/04 02:50:45.912, 7, 0 MiB, 81920 MiB, 0 %
2026/07/04 02:50:55.913, 0, 0 MiB, 81920 MiB, 0 %
2026/07/04 02:50:55.914, 1, 5951 MiB, 81920 MiB, 0 %
2026/07/04 02:50:55.914, 2, 0 MiB, 81920 MiB, 0 %
2026/07/04 02:50:55.914, 3, 0 MiB, 81920 MiB, 0 %
2026/07/04 02:50:55.914, 4, 0 MiB, 81920 MiB, 0 %
2026/07/04 02:50:55.915, 5, 0 MiB, 81920 MiB, 0 %
2026/07/04 02:50:55.915, 6, 0 MiB, 81920 MiB, 0 %
2026/07/04 02:50:55.915, 7, 0 MiB, 81920 MiB, 0 %
2026/07/04 02:51:05.916, 0, 0 MiB, 81920 MiB, 0 %
2026/07/04 02:51:05.917, 1, 5951 MiB, 81920 MiB, 0 %
2026/07/04 02:51:05.917, 2, 0 MiB, 81920 MiB, 0 %
2026/07/04 02:51:05.917, 3, 0 MiB, 81920 MiB, 0 %
2026/07/04 02:51:05.918, 4, 0 MiB, 81920 MiB, 0 %
2026/07/04 02:51:05.918, 5, 0 MiB, 81920 MiB, 0 %
2026/07/04 02:51:05.918, 6, 0 MiB, 81920 MiB, 0 %
2026/07/04 02:51:05.918, 7, 0 MiB, 81920 MiB, 0 %
2026/07/04 02:51:15.919, 0, 0 MiB, 81920 MiB, 0 %
2026/07/04 02:51:15.920, 1, 5951 MiB, 81920 MiB, 0 %
2026/07/04 02:51:15.920, 2, 0 MiB, 81920 MiB, 0 %
2026/07/04 02:51:15.920, 3, 0 MiB, 81920 MiB, 0 %
2026/07/04 02:51:15.920, 4, 0 MiB, 81920 MiB, 0 %
2026/07/04 02:51:15.921, 5, 0 MiB, 81920 MiB, 0 %
2026/07/04 02:51:15.921, 6, 0 MiB, 81920 MiB, 0 %
2026/07/04 02:51:15.921, 7, 0 MiB, 81920 MiB, 0 %
2026/07/04 02:51:25.922, 0, 0 MiB, 81920 MiB, 0 %
2026/07/04 02:51:25.923, 1, 5951 MiB, 81920 MiB, 0 %
2026/07/04 02:51:25.923, 2, 0 MiB, 81920 MiB, 0 %
2026/07/04 02:51:25.923, 3, 0 MiB, 81920 MiB, 0 %
2026/07/04 02:51:25.923, 4, 0 MiB, 81920 MiB, 0 %
2026/07/04 02:51:25.924, 5, 0 MiB, 81920 MiB, 0 %
2026/07/04 02:51:25.924, 6, 0 MiB, 81920 MiB, 0 %
2026/07/04 02:51:25.924, 7, 0 MiB, 81920 MiB, 0 %
2026/07/04 02:51:35.925, 0, 0 MiB, 81920 MiB, 0 %
2026/07/04 02:51:35.926, 1, 5951 MiB, 81920 MiB, 0 %
2026/07/04 02:51:35.926, 2, 0 MiB, 81920 MiB, 0 %
2026/07/04 02:51:35.926, 3, 0 MiB, 81920 MiB, 0 %
2026/07/04 02:51:35.927, 4, 0 MiB, 81920 MiB, 0 %
2026/07/04 02:51:35.927, 5, 0 MiB, 81920 MiB, 0 %
2026/07/04 02:51:35.927, 6, 0 MiB, 81920 MiB, 0 %
2026/07/04 02:51:35.927, 7, 0 MiB, 81920 MiB, 0 %
2026/07/04 02:51:45.928, 0, 0 MiB, 81920 MiB, 0 %
2026/07/04 02:51:45.929, 1, 5951 MiB, 81920 MiB, 0 %
2026/07/04 02:51:45.929, 2, 0 MiB, 81920 MiB, 0 %
2026/07/04 02:51:45.929, 3, 0 MiB, 81920 MiB, 0 %
2026/07/04 02:51:45.930, 4, 0 MiB, 81920 MiB, 0 %
2026/07/04 02:51:45.930, 5, 0 MiB, 81920 MiB, 0 %
2026/07/04 02:51:45.930, 6, 0 MiB, 81920 MiB, 0 %
2026/07/04 02:51:45.931, 7, 0 MiB, 81920 MiB, 0 %
2026/07/04 02:51:55.931, 0, 0 MiB, 81920 MiB, 0 %
2026/07/04 02:51:55.932, 1, 5951 MiB, 81920 MiB, 0 %
2026/07/04 02:51:55.932, 2, 0 MiB, 81920 MiB, 0 %
2026/07/04 02:51:55.932, 3, 0 MiB, 81920 MiB, 0 %
2026/07/04 02:51:55.933, 4, 0 MiB, 81920 MiB, 0 %
2026/07/04 02:51:55.933, 5, 0 MiB, 81920 MiB, 0 %
2026/07/04 02:51:55.933, 6, 0 MiB, 81920 MiB, 0 %
2026/07/04 02:51:55.934, 7, 0 MiB, 81920 MiB, 0 %
2026/07/04 02:52:05.934, 0, 0 MiB, 81920 MiB, 0 %
2026/07/04 02:52:05.935, 1, 5951 MiB, 81920 MiB, 35 %
2026/07/04 02:52:05.935, 2, 0 MiB, 81920 MiB, 0 %
2026/07/04 02:52:05.935, 3, 0 MiB, 81920 MiB, 0 %
2026/07/04 02:52:05.936, 4, 0 MiB, 81920 MiB, 0 %
2026/07/04 02:52:05.936, 5, 0 MiB, 81920 MiB, 0 %
2026/07/04 02:52:05.936, 6, 0 MiB, 81920 MiB, 0 %
2026/07/04 02:52:05.937, 7, 0 MiB, 81920 MiB, 0 %
2026/07/04 02:52:15.937, 0, 0 MiB, 81920 MiB, 0 %
2026/07/04 02:52:15.938, 1, 5951 MiB, 81920 MiB, 0 %
2026/07/04 02:52:15.938, 2, 0 MiB, 81920 MiB, 0 %
2026/07/04 02:52:15.938, 3, 0 MiB, 81920 MiB, 0 %
2026/07/04 02:52:15.939, 4, 0 MiB, 81920 MiB, 0 %
2026/07/04 02:52:15.939, 5, 0 MiB, 81920 MiB, 0 %
2026/07/04 02:52:15.939, 6, 0 MiB, 81920 MiB, 0 %
2026/07/04 02:52:15.940, 7, 0 MiB, 81920 MiB, 0 %
2026/07/04 02:52:25.940, 0, 0 MiB, 81920 MiB, 0 %
2026/07/04 02:52:25.940, 1, 5951 MiB, 81920 MiB, 0 %
2026/07/04 02:52:25.941, 2, 0 MiB, 81920 MiB, 0 %
2026/07/04 02:52:25.941, 3, 0 MiB, 81920 MiB, 0 %
2026/07/04 02:52:25.941, 4, 0 MiB, 81920 MiB, 0 %
2026/07/04 02:52:25.942, 5, 0 MiB, 81920 MiB, 0 %
2026/07/04 02:52:25.942, 6, 0 MiB, 81920 MiB, 0 %
2026/07/04 02:52:25.942, 7, 0 MiB, 81920 MiB, 0 %
2026/07/04 02:52:35.944, 0, 0 MiB, 81920 MiB, 0 %
2026/07/04 02:52:35.944, 1, 5951 MiB, 81920 MiB, 0 %
2026/07/04 02:52:35.944, 2, 0 MiB, 81920 MiB, 0 %
2026/07/04 02:52:35.945, 3, 0 MiB, 81920 MiB, 0 %
2026/07/04 02:52:35.945, 4, 0 MiB, 81920 MiB, 0 %
2026/07/04 02:52:35.945, 5, 0 MiB, 81920 MiB, 0 %
2026/07/04 02:52:35.945, 6, 0 MiB, 81920 MiB, 0 %
2026/07/04 02:52:35.946, 7, 0 MiB, 81920 MiB, 0 %
2026/07/04 02:52:45.947, 0, 0 MiB, 81920 MiB, 0 %
2026/07/04 02:52:45.947, 1, 5951 MiB, 81920 MiB, 0 %
2026/07/04 02:52:45.948, 2, 0 MiB, 81920 MiB, 0 %
2026/07/04 02:52:45.948, 3, 0 MiB, 81920 MiB, 0 %
2026/07/04 02:52:45.948, 4, 0 MiB, 81920 MiB, 0 %
2026/07/04 02:52:45.949, 5, 0 MiB, 81920 MiB, 0 %
2026/07/04 02:52:45.949, 6, 0 MiB, 81920 MiB, 0 %
2026/07/04 02:52:45.949, 7, 0 MiB, 81920 MiB, 0 %
2026/07/04 02:52:55.950, 0, 0 MiB, 81920 MiB, 0 %
2026/07/04 02:52:55.950, 1, 5951 MiB, 81920 MiB, 0 %
2026/07/04 02:52:55.951, 2, 0 MiB, 81920 MiB, 0 %
2026/07/04 02:52:55.951, 3, 0 MiB, 81920 MiB, 0 %
2026/07/04 02:52:55.951, 4, 0 MiB, 81920 MiB, 0 %
2026/07/04 02:52:55.952, 5, 0 MiB, 81920 MiB, 0 %
2026/07/04 02:52:55.952, 6, 0 MiB, 81920 MiB, 0 %
2026/07/04 02:52:55.952, 7, 0 MiB, 81920 MiB, 0 %
2026/07/04 02:53:05.953, 0, 0 MiB, 81920 MiB, 0 %
2026/07/04 02:53:05.954, 1, 5951 MiB, 81920 MiB, 0 %
2026/07/04 02:53:05.954, 2, 0 MiB, 81920 MiB, 0 %
2026/07/04 02:53:05.954, 3, 0 MiB, 81920 MiB, 0 %
2026/07/04 02:53:05.954, 4, 0 MiB, 81920 MiB, 0 %
2026/07/04 02:53:05.955, 5, 0 MiB, 81920 MiB, 0 %
2026/07/04 02:53:05.955, 6, 0 MiB, 81920 MiB, 0 %
2026/07/04 02:53:05.955, 7, 0 MiB, 81920 MiB, 0 %
2026/07/04 02:53:15.956, 0, 0 MiB, 81920 MiB, 0 %
2026/07/04 02:53:15.957, 1, 5951 MiB, 81920 MiB, 53 %
2026/07/04 02:53:15.957, 2, 0 MiB, 81920 MiB, 0 %
2026/07/04 02:53:15.957, 3, 0 MiB, 81920 MiB, 0 %
2026/07/04 02:53:15.958, 4, 0 MiB, 81920 MiB, 0 %
2026/07/04 02:53:15.958, 5, 0 MiB, 81920 MiB, 0 %
2026/07/04 02:53:15.958, 6, 0 MiB, 81920 MiB, 0 %
2026/07/04 02:53:15.958, 7, 0 MiB, 81920 MiB, 0 %
2026/07/04 02:53:25.959, 0, 0 MiB, 81920 MiB, 0 %
2026/07/04 02:53:25.960, 1, 5951 MiB, 81920 MiB, 0 %
2026/07/04 02:53:25.960, 2, 0 MiB, 81920 MiB, 0 %
2026/07/04 02:53:25.960, 3, 0 MiB, 81920 MiB, 0 %
2026/07/04 02:53:25.961, 4, 0 MiB, 81920 MiB, 0 %
2026/07/04 02:53:25.961, 5, 0 MiB, 81920 MiB, 0 %
2026/07/04 02:53:25.961, 6, 0 MiB, 81920 MiB, 0 %
2026/07/04 02:53:25.962, 7, 0 MiB, 81920 MiB, 0 %
2026/07/04 02:53:35.962, 0, 0 MiB, 81920 MiB, 0 %
2026/07/04 02:53:35.963, 1, 5951 MiB, 81920 MiB, 0 %
2026/07/04 02:53:35.963, 2, 0 MiB, 81920 MiB, 0 %
2026/07/04 02:53:35.964, 3, 0 MiB, 81920 MiB, 0 %
2026/07/04 02:53:35.964, 4, 0 MiB, 81920 MiB, 0 %
2026/07/04 02:53:35.964, 5, 0 MiB, 81920 MiB, 0 %
2026/07/04 02:53:35.964, 6, 0 MiB, 81920 MiB, 0 %
2026/07/04 02:53:35.965, 7, 0 MiB, 81920 MiB, 0 %
2026/07/04 02:53:45.965, 0, 0 MiB, 81920 MiB, 0 %
2026/07/04 02:53:45.966, 1, 5951 MiB, 81920 MiB, 0 %
2026/07/04 02:53:45.966, 2, 0 MiB, 81920 MiB, 0 %
2026/07/04 02:53:45.966, 3, 0 MiB, 81920 MiB, 0 %
2026/07/04 02:53:45.967, 4, 0 MiB, 81920 MiB, 0 %
2026/07/04 02:53:45.967, 5, 0 MiB, 81920 MiB, 0 %
2026/07/04 02:53:45.967, 6, 0 MiB, 81920 MiB, 0 %
2026/07/04 02:53:45.968, 7, 0 MiB, 81920 MiB, 0 %
2026/07/04 02:53:55.968, 0, 0 MiB, 81920 MiB, 0 %
2026/07/04 02:53:55.969, 1, 5951 MiB, 81920 MiB, 40 %
2026/07/04 02:53:55.969, 2, 0 MiB, 81920 MiB, 0 %
2026/07/04 02:53:55.970, 3, 0 MiB, 81920 MiB, 0 %
2026/07/04 02:53:55.970, 4, 0 MiB, 81920 MiB, 0 %
2026/07/04 02:53:55.970, 5, 0 MiB, 81920 MiB, 0 %
2026/07/04 02:53:55.970, 6, 0 MiB, 81920 MiB, 0 %
2026/07/04 02:53:55.971, 7, 0 MiB, 81920 MiB, 0 %
2026/07/04 02:54:05.972, 0, 0 MiB, 81920 MiB, 0 %
2026/07/04 02:54:05.972, 1, 5951 MiB, 81920 MiB, 0 %
2026/07/04 02:54:05.972, 2, 0 MiB, 81920 MiB, 0 %
2026/07/04 02:54:05.973, 3, 0 MiB, 81920 MiB, 0 %
2026/07/04 02:54:05.973, 4, 0 MiB, 81920 MiB, 0 %
2026/07/04 02:54:05.973, 5, 0 MiB, 81920 MiB, 0 %
2026/07/04 02:54:05.973, 6, 0 MiB, 81920 MiB, 0 %
2026/07/04 02:54:05.974, 7, 0 MiB, 81920 MiB, 0 %
2026/07/04 02:54:15.974, 0, 0 MiB, 81920 MiB, 0 %
2026/07/04 02:54:15.975, 1, 5951 MiB, 81920 MiB, 0 %
2026/07/04 02:54:15.975, 2, 0 MiB, 81920 MiB, 0 %
2026/07/04 02:54:15.976, 3, 0 MiB, 81920 MiB, 0 %
2026/07/04 02:54:15.976, 4, 0 MiB, 81920 MiB, 0 %
2026/07/04 02:54:15.976, 5, 0 MiB, 81920 MiB, 0 %
2026/07/04 02:54:15.977, 6, 0 MiB, 81920 MiB, 0 %
2026/07/04 02:54:15.977, 7, 0 MiB, 81920 MiB, 0 %
2026/07/04 02:54:25.978, 0, 0 MiB, 81920 MiB, 0 %
2026/07/04 02:54:25.978, 1, 5951 MiB, 81920 MiB, 0 %
2026/07/04 02:54:25.978, 2, 0 MiB, 81920 MiB, 0 %
2026/07/04 02:54:25.979, 3, 0 MiB, 81920 MiB, 0 %
2026/07/04 02:54:25.979, 4, 0 MiB, 81920 MiB, 0 %
2026/07/04 02:54:25.979, 5, 0 MiB, 81920 MiB, 0 %
2026/07/04 02:54:25.980, 6, 0 MiB, 81920 MiB, 0 %
2026/07/04 02:54:25.980, 7, 0 MiB, 81920 MiB, 0 %
2026/07/04 02:54:35.981, 0, 0 MiB, 81920 MiB, 0 %
2026/07/04 02:54:35.981, 1, 5951 MiB, 81920 MiB, 53 %
2026/07/04 02:54:35.982, 2, 0 MiB, 81920 MiB, 0 %
2026/07/04 02:54:35.982, 3, 0 MiB, 81920 MiB, 0 %
2026/07/04 02:54:35.982, 4, 0 MiB, 81920 MiB, 0 %
2026/07/04 02:54:35.982, 5, 0 MiB, 81920 MiB, 0 %
2026/07/04 02:54:35.983, 6, 0 MiB, 81920 MiB, 0 %
2026/07/04 02:54:35.983, 7, 0 MiB, 81920 MiB, 0 %
2026/07/04 02:54:45.984, 0, 0 MiB, 81920 MiB, 0 %
2026/07/04 02:54:45.984, 1, 5951 MiB, 81920 MiB, 0 %
2026/07/04 02:54:45.985, 2, 0 MiB, 81920 MiB, 0 %
2026/07/04 02:54:45.985, 3, 0 MiB, 81920 MiB, 0 %
2026/07/04 02:54:45.985, 4, 0 MiB, 81920 MiB, 0 %
2026/07/04 02:54:45.986, 5, 0 MiB, 81920 MiB, 0 %
2026/07/04 02:54:45.986, 6, 0 MiB, 81920 MiB, 0 %
2026/07/04 02:54:45.986, 7, 0 MiB, 81920 MiB, 0 %
2026/07/04 02:54:55.987, 0, 0 MiB, 81920 MiB, 0 %
2026/07/04 02:54:55.987, 1, 5951 MiB, 81920 MiB, 0 %
2026/07/04 02:54:55.988, 2, 0 MiB, 81920 MiB, 0 %
2026/07/04 02:54:55.988, 3, 0 MiB, 81920 MiB, 0 %
2026/07/04 02:54:55.988, 4, 0 MiB, 81920 MiB, 0 %
2026/07/04 02:54:55.989, 5, 0 MiB, 81920 MiB, 0 %
2026/07/04 02:54:55.989, 6, 0 MiB, 81920 MiB, 0 %
2026/07/04 02:54:55.989, 7, 0 MiB, 81920 MiB, 0 %
2026/07/04 02:55:05.990, 0, 0 MiB, 81920 MiB, 0 %
2026/07/04 02:55:05.990, 1, 5951 MiB, 81920 MiB, 0 %
2026/07/04 02:55:05.991, 2, 0 MiB, 81920 MiB, 0 %
2026/07/04 02:55:05.991, 3, 0 MiB, 81920 MiB, 0 %
2026/07/04 02:55:05.991, 4, 0 MiB, 81920 MiB, 0 %
2026/07/04 02:55:05.992, 5, 0 MiB, 81920 MiB, 0 %
2026/07/04 02:55:05.992, 6, 0 MiB, 81920 MiB, 0 %
2026/07/04 02:55:05.992, 7, 0 MiB, 81920 MiB, 0 %
2026/07/04 02:55:15.993, 0, 0 MiB, 81920 MiB, 0 %
2026/07/04 02:55:15.994, 1, 5951 MiB, 81920 MiB, 0 %
2026/07/04 02:55:15.994, 2, 0 MiB, 81920 MiB, 0 %
2026/07/04 02:55:15.994, 3, 0 MiB, 81920 MiB, 0 %
2026/07/04 02:55:15.995, 4, 0 MiB, 81920 MiB, 0 %
2026/07/04 02:55:15.995, 5, 0 MiB, 81920 MiB, 0 %
2026/07/04 02:55:15.995, 6, 0 MiB, 81920 MiB, 0 %
2026/07/04 02:55:15.995, 7, 0 MiB, 81920 MiB, 0 %
2026/07/04 02:55:25.996, 0, 0 MiB, 81920 MiB, 0 %
2026/07/04 02:55:25.997, 1, 5951 MiB, 81920 MiB, 0 %
2026/07/04 02:55:25.997, 2, 0 MiB, 81920 MiB, 0 %
2026/07/04 02:55:25.997, 3, 0 MiB, 81920 MiB, 0 %
2026/07/04 02:55:25.998, 4, 0 MiB, 81920 MiB, 0 %
2026/07/04 02:55:25.998, 5, 0 MiB, 81920 MiB, 0 %
2026/07/04 02:55:25.998, 6, 0 MiB, 81920 MiB, 0 %
2026/07/04 02:55:25.998, 7, 0 MiB, 81920 MiB, 0 %
2026/07/04 02:55:35.999, 0, 0 MiB, 81920 MiB, 0 %
2026/07/04 02:55:36.000, 1, 5951 MiB, 81920 MiB, 0 %
2026/07/04 02:55:36.000, 2, 0 MiB, 81920 MiB, 0 %
2026/07/04 02:55:36.000, 3, 0 MiB, 81920 MiB, 0 %
2026/07/04 02:55:36.001, 4, 0 MiB, 81920 MiB, 0 %
2026/07/04 02:55:36.001, 5, 0 MiB, 81920 MiB, 0 %
2026/07/04 02:55:36.001, 6, 0 MiB, 81920 MiB, 0 %
2026/07/04 02:55:36.001, 7, 0 MiB, 81920 MiB, 0 %
2026/07/04 02:55:46.002, 0, 0 MiB, 81920 MiB, 0 %
2026/07/04 02:55:46.003, 1, 5951 MiB, 81920 MiB, 36 %
2026/07/04 02:55:46.003, 2, 0 MiB, 81920 MiB, 0 %
2026/07/04 02:55:46.003, 3, 0 MiB, 81920 MiB, 0 %
2026/07/04 02:55:46.003, 4, 0 MiB, 81920 MiB, 0 %
2026/07/04 02:55:46.004, 5, 0 MiB, 81920 MiB, 0 %
2026/07/04 02:55:46.004, 6, 0 MiB, 81920 MiB, 0 %
2026/07/04 02:55:46.004, 7, 0 MiB, 81920 MiB, 0 %
2026/07/04 02:55:56.005, 0, 0 MiB, 81920 MiB, 0 %
2026/07/04 02:55:56.006, 1, 5951 MiB, 81920 MiB, 0 %
2026/07/04 02:55:56.006, 2, 0 MiB, 81920 MiB, 0 %
2026/07/04 02:55:56.006, 3, 0 MiB, 81920 MiB, 0 %
2026/07/04 02:55:56.006, 4, 0 MiB, 81920 MiB, 0 %
2026/07/04 02:55:56.007, 5, 0 MiB, 81920 MiB, 0 %
2026/07/04 02:55:56.007, 6, 0 MiB, 81920 MiB, 0 %
2026/07/04 02:55:56.007, 7, 0 MiB, 81920 MiB, 0 %
2026/07/04 02:56:06.008, 0, 0 MiB, 81920 MiB, 0 %
2026/07/04 02:56:06.008, 1, 5951 MiB, 81920 MiB, 0 %
2026/07/04 02:56:06.009, 2, 0 MiB, 81920 MiB, 0 %
2026/07/04 02:56:06.009, 3, 0 MiB, 81920 MiB, 0 %
2026/07/04 02:56:06.009, 4, 0 MiB, 81920 MiB, 0 %
2026/07/04 02:56:06.010, 5, 0 MiB, 81920 MiB, 0 %
2026/07/04 02:56:06.010, 6, 0 MiB, 81920 MiB, 0 %
2026/07/04 02:56:06.010, 7, 0 MiB, 81920 MiB, 0 %
2026/07/04 02:56:16.011, 0, 0 MiB, 81920 MiB, 0 %
2026/07/04 02:56:16.012, 1, 5951 MiB, 81920 MiB, 0 %
2026/07/04 02:56:16.012, 2, 0 MiB, 81920 MiB, 0 %
2026/07/04 02:56:16.012, 3, 0 MiB, 81920 MiB, 0 %
2026/07/04 02:56:16.012, 4, 0 MiB, 81920 MiB, 0 %
2026/07/04 02:56:16.013, 5, 0 MiB, 81920 MiB, 0 %
2026/07/04 02:56:16.013, 6, 0 MiB, 81920 MiB, 0 %
2026/07/04 02:56:16.013, 7, 0 MiB, 81920 MiB, 0 %
2026/07/04 02:56:26.014, 0, 0 MiB, 81920 MiB, 0 %
2026/07/04 02:56:26.015, 1, 5951 MiB, 81920 MiB, 0 %
2026/07/04 02:56:26.015, 2, 0 MiB, 81920 MiB, 0 %
2026/07/04 02:56:26.015, 3, 0 MiB, 81920 MiB, 0 %
2026/07/04 02:56:26.015, 4, 0 MiB, 81920 MiB, 0 %
2026/07/04 02:56:26.016, 5, 0 MiB, 81920 MiB, 0 %
2026/07/04 02:56:26.016, 6, 0 MiB, 81920 MiB, 0 %
2026/07/04 02:56:26.016, 7, 0 MiB, 81920 MiB, 0 %
2026/07/04 02:56:36.017, 0, 0 MiB, 81920 MiB, 0 %
2026/07/04 02:56:36.018, 1, 5951 MiB, 81920 MiB, 0 %
2026/07/04 02:56:36.018, 2, 0 MiB, 81920 MiB, 0 %
2026/07/04 02:56:36.018, 3, 0 MiB, 81920 MiB, 0 %
2026/07/04 02:56:36.018, 4, 0 MiB, 81920 MiB, 0 %
2026/07/04 02:56:36.019, 5, 0 MiB, 81920 MiB, 0 %
2026/07/04 02:56:36.019, 6, 0 MiB, 81920 MiB, 0 %
2026/07/04 02:56:36.019, 7, 0 MiB, 81920 MiB, 0 %
2026/07/04 02:56:46.020, 0, 0 MiB, 81920 MiB, 0 %
2026/07/04 02:56:46.021, 1, 5951 MiB, 81920 MiB, 0 %
2026/07/04 02:56:46.021, 2, 0 MiB, 81920 MiB, 0 %
2026/07/04 02:56:46.021, 3, 0 MiB, 81920 MiB, 0 %
2026/07/04 02:56:46.021, 4, 0 MiB, 81920 MiB, 0 %
2026/07/04 02:56:46.022, 5, 0 MiB, 81920 MiB, 0 %
2026/07/04 02:56:46.022, 6, 0 MiB, 81920 MiB, 0 %
2026/07/04 02:56:46.022, 7, 0 MiB, 81920 MiB, 0 %
2026/07/04 02:56:56.023, 0, 0 MiB, 81920 MiB, 0 %
2026/07/04 02:56:56.024, 1, 5951 MiB, 81920 MiB, 0 %
2026/07/04 02:56:56.024, 2, 0 MiB, 81920 MiB, 0 %
2026/07/04 02:56:56.024, 3, 0 MiB, 81920 MiB, 0 %
2026/07/04 02:56:56.024, 4, 0 MiB, 81920 MiB, 0 %
2026/07/04 02:56:56.025, 5, 0 MiB, 81920 MiB, 0 %
2026/07/04 02:56:56.025, 6, 0 MiB, 81920 MiB, 0 %
2026/07/04 02:56:56.025, 7, 0 MiB, 81920 MiB, 0 %
2026/07/04 02:57:06.026, 0, 0 MiB, 81920 MiB, 0 %
2026/07/04 02:57:06.027, 1, 5951 MiB, 81920 MiB, 0 %
2026/07/04 02:57:06.027, 2, 0 MiB, 81920 MiB, 0 %
2026/07/04 02:57:06.027, 3, 0 MiB, 81920 MiB, 0 %
2026/07/04 02:57:06.028, 4, 0 MiB, 81920 MiB, 0 %
2026/07/04 02:57:06.028, 5, 0 MiB, 81920 MiB, 0 %
2026/07/04 02:57:06.028, 6, 0 MiB, 81920 MiB, 0 %
2026/07/04 02:57:06.029, 7, 0 MiB, 81920 MiB, 0 %
2026/07/04 02:57:16.029, 0, 0 MiB, 81920 MiB, 0 %
2026/07/04 02:57:16.030, 1, 5951 MiB, 81920 MiB, 0 %
2026/07/04 02:57:16.030, 2, 0 MiB, 81920 MiB, 0 %
2026/07/04 02:57:16.031, 3, 0 MiB, 81920 MiB, 0 %
2026/07/04 02:57:16.031, 4, 0 MiB, 81920 MiB, 0 %
2026/07/04 02:57:16.031, 5, 0 MiB, 81920 MiB, 0 %
2026/07/04 02:57:16.031, 6, 0 MiB, 81920 MiB, 0 %
2026/07/04 02:57:16.032, 7, 0 MiB, 81920 MiB, 0 %
2026/07/04 02:57:26.033, 0, 0 MiB, 81920 MiB, 0 %
2026/07/04 02:57:26.033, 1, 5951 MiB, 81920 MiB, 0 %
2026/07/04 02:57:26.033, 2, 0 MiB, 81920 MiB, 0 %
2026/07/04 02:57:26.034, 3, 0 MiB, 81920 MiB, 0 %
2026/07/04 02:57:26.034, 4, 0 MiB, 81920 MiB, 0 %
2026/07/04 02:57:26.034, 5, 0 MiB, 81920 MiB, 0 %
2026/07/04 02:57:26.035, 6, 0 MiB, 81920 MiB, 0 %
2026/07/04 02:57:26.035, 7, 0 MiB, 81920 MiB, 0 %
2026/07/04 02:57:36.036, 0, 0 MiB, 81920 MiB, 0 %
2026/07/04 02:57:36.036, 1, 5951 MiB, 81920 MiB, 0 %
2026/07/04 02:57:36.037, 2, 0 MiB, 81920 MiB, 0 %
2026/07/04 02:57:36.037, 3, 0 MiB, 81920 MiB, 0 %
2026/07/04 02:57:36.037, 4, 0 MiB, 81920 MiB, 0 %
2026/07/04 02:57:36.037, 5, 0 MiB, 81920 MiB, 0 %
2026/07/04 02:57:36.038, 6, 0 MiB, 81920 MiB, 0 %
2026/07/04 02:57:36.038, 7, 0 MiB, 81920 MiB, 0 %
2026/07/04 02:57:46.039, 0, 0 MiB, 81920 MiB, 0 %
2026/07/04 02:57:46.039, 1, 5951 MiB, 81920 MiB, 0 %
2026/07/04 02:57:46.040, 2, 0 MiB, 81920 MiB, 0 %
2026/07/04 02:57:46.040, 3, 0 MiB, 81920 MiB, 0 %
2026/07/04 02:57:46.040, 4, 0 MiB, 81920 MiB, 0 %
2026/07/04 02:57:46.040, 5, 0 MiB, 81920 MiB, 0 %
2026/07/04 02:57:46.041, 6, 0 MiB, 81920 MiB, 0 %
2026/07/04 02:57:46.041, 7, 0 MiB, 81920 MiB, 0 %
2026/07/04 02:57:56.042, 0, 0 MiB, 81920 MiB, 0 %
2026/07/04 02:57:56.042, 1, 5951 MiB, 81920 MiB, 0 %
2026/07/04 02:57:56.043, 2, 0 MiB, 81920 MiB, 0 %
2026/07/04 02:57:56.043, 3, 0 MiB, 81920 MiB, 0 %
2026/07/04 02:57:56.043, 4, 0 MiB, 81920 MiB, 0 %
2026/07/04 02:57:56.044, 5, 0 MiB, 81920 MiB, 0 %
2026/07/04 02:57:56.044, 6, 0 MiB, 81920 MiB, 0 %
2026/07/04 02:57:56.044, 7, 0 MiB, 81920 MiB, 0 %
2026/07/04 02:58:06.045, 0, 0 MiB, 81920 MiB, 0 %
2026/07/04 02:58:06.046, 1, 5951 MiB, 81920 MiB, 0 %
2026/07/04 02:58:06.046, 2, 0 MiB, 81920 MiB, 0 %
2026/07/04 02:58:06.046, 3, 0 MiB, 81920 MiB, 0 %
2026/07/04 02:58:06.046, 4, 0 MiB, 81920 MiB, 0 %
2026/07/04 02:58:06.047, 5, 0 MiB, 81920 MiB, 0 %
2026/07/04 02:58:06.047, 6, 0 MiB, 81920 MiB, 0 %
2026/07/04 02:58:06.047, 7, 0 MiB, 81920 MiB, 0 %
2026/07/04 02:58:16.048, 0, 0 MiB, 81920 MiB, 0 %
2026/07/04 02:58:16.049, 1, 5951 MiB, 81920 MiB, 0 %
2026/07/04 02:58:16.049, 2, 0 MiB, 81920 MiB, 0 %
2026/07/04 02:58:16.049, 3, 0 MiB, 81920 MiB, 0 %
2026/07/04 02:58:16.050, 4, 0 MiB, 81920 MiB, 0 %
2026/07/04 02:58:16.050, 5, 0 MiB, 81920 MiB, 0 %
2026/07/04 02:58:16.050, 6, 0 MiB, 81920 MiB, 0 %
2026/07/04 02:58:16.050, 7, 0 MiB, 81920 MiB, 0 %
2026/07/04 02:58:26.051, 0, 0 MiB, 81920 MiB, 0 %
2026/07/04 02:58:26.052, 1, 5951 MiB, 81920 MiB, 0 %
2026/07/04 02:58:26.052, 2, 0 MiB, 81920 MiB, 0 %
2026/07/04 02:58:26.052, 3, 0 MiB, 81920 MiB, 0 %
2026/07/04 02:58:26.053, 4, 0 MiB, 81920 MiB, 0 %
2026/07/04 02:58:26.053, 5, 0 MiB, 81920 MiB, 0 %
2026/07/04 02:58:26.053, 6, 0 MiB, 81920 MiB, 0 %
2026/07/04 02:58:26.054, 7, 0 MiB, 81920 MiB, 0 %
2026/07/04 02:58:36.055, 0, 0 MiB, 81920 MiB, 0 %
2026/07/04 02:58:36.055, 1, 5951 MiB, 81920 MiB, 0 %
2026/07/04 02:58:36.055, 2, 0 MiB, 81920 MiB, 0 %
2026/07/04 02:58:36.056, 3, 0 MiB, 81920 MiB, 0 %
2026/07/04 02:58:36.056, 4, 0 MiB, 81920 MiB, 0 %
2026/07/04 02:58:36.056, 5, 0 MiB, 81920 MiB, 0 %
2026/07/04 02:58:36.057, 6, 0 MiB, 81920 MiB, 0 %
2026/07/04 02:58:36.057, 7, 0 MiB, 81920 MiB, 0 %
2026/07/04 02:58:46.058, 0, 0 MiB, 81920 MiB, 0 %
2026/07/04 02:58:46.058, 1, 5951 MiB, 81920 MiB, 0 %
2026/07/04 02:58:46.059, 2, 0 MiB, 81920 MiB, 0 %
2026/07/04 02:58:46.059, 3, 0 MiB, 81920 MiB, 0 %
2026/07/04 02:58:46.059, 4, 0 MiB, 81920 MiB, 0 %
2026/07/04 02:58:46.059, 5, 0 MiB, 81920 MiB, 0 %
2026/07/04 02:58:46.060, 6, 0 MiB, 81920 MiB, 0 %
2026/07/04 02:58:46.060, 7, 0 MiB, 81920 MiB, 0 %
2026/07/04 02:58:56.061, 0, 0 MiB, 81920 MiB, 0 %
2026/07/04 02:58:56.061, 1, 5951 MiB, 81920 MiB, 0 %
2026/07/04 02:58:56.062, 2, 0 MiB, 81920 MiB, 0 %
2026/07/04 02:58:56.062, 3, 0 MiB, 81920 MiB, 0 %
2026/07/04 02:58:56.062, 4, 0 MiB, 81920 MiB, 0 %
2026/07/04 02:58:56.062, 5, 0 MiB, 81920 MiB, 0 %
2026/07/04 02:58:56.063, 6, 0 MiB, 81920 MiB, 0 %
2026/07/04 02:58:56.063, 7, 0 MiB, 81920 MiB, 0 %
2026/07/04 02:59:06.064, 0, 0 MiB, 81920 MiB, 0 %
2026/07/04 02:59:06.064, 1, 5951 MiB, 81920 MiB, 0 %
2026/07/04 02:59:06.065, 2, 0 MiB, 81920 MiB, 0 %
2026/07/04 02:59:06.065, 3, 0 MiB, 81920 MiB, 0 %
2026/07/04 02:59:06.065, 4, 0 MiB, 81920 MiB, 0 %
2026/07/04 02:59:06.066, 5, 0 MiB, 81920 MiB, 0 %
2026/07/04 02:59:06.066, 6, 0 MiB, 81920 MiB, 0 %
2026/07/04 02:59:06.066, 7, 0 MiB, 81920 MiB, 0 %
2026/07/04 02:59:16.067, 0, 0 MiB, 81920 MiB, 0 %
2026/07/04 02:59:16.067, 1, 5951 MiB, 81920 MiB, 0 %
2026/07/04 02:59:16.068, 2, 0 MiB, 81920 MiB, 0 %
2026/07/04 02:59:16.068, 3, 0 MiB, 81920 MiB, 0 %
2026/07/04 02:59:16.068, 4, 0 MiB, 81920 MiB, 0 %
2026/07/04 02:59:16.069, 5, 0 MiB, 81920 MiB, 0 %
2026/07/04 02:59:16.069, 6, 0 MiB, 81920 MiB, 0 %
2026/07/04 02:59:16.069, 7, 0 MiB, 81920 MiB, 0 %
2026/07/04 02:59:26.070, 0, 0 MiB, 81920 MiB, 0 %
2026/07/04 02:59:26.070, 1, 5951 MiB, 81920 MiB, 0 %
2026/07/04 02:59:26.071, 2, 0 MiB, 81920 MiB, 0 %
2026/07/04 02:59:26.071, 3, 0 MiB, 81920 MiB, 0 %
2026/07/04 02:59:26.071, 4, 0 MiB, 81920 MiB, 0 %
2026/07/04 02:59:26.072, 5, 0 MiB, 81920 MiB, 0 %
2026/07/04 02:59:26.072, 6, 0 MiB, 81920 MiB, 0 %
2026/07/04 02:59:26.072, 7, 0 MiB, 81920 MiB, 0 %
2026/07/04 02:59:36.073, 0, 0 MiB, 81920 MiB, 0 %
2026/07/04 02:59:36.074, 1, 5951 MiB, 81920 MiB, 0 %
2026/07/04 02:59:36.074, 2, 0 MiB, 81920 MiB, 0 %
2026/07/04 02:59:36.074, 3, 0 MiB, 81920 MiB, 0 %
2026/07/04 02:59:36.074, 4, 0 MiB, 81920 MiB, 0 %
2026/07/04 02:59:36.075, 5, 0 MiB, 81920 MiB, 0 %
2026/07/04 02:59:36.075, 6, 0 MiB, 81920 MiB, 0 %
2026/07/04 02:59:36.075, 7, 0 MiB, 81920 MiB, 0 %
2026/07/04 02:59:46.076, 0, 0 MiB, 81920 MiB, 0 %
2026/07/04 02:59:46.077, 1, 5951 MiB, 81920 MiB, 0 %
2026/07/04 02:59:46.077, 2, 0 MiB, 81920 MiB, 0 %
2026/07/04 02:59:46.077, 3, 0 MiB, 81920 MiB, 0 %
2026/07/04 02:59:46.078, 4, 0 MiB, 81920 MiB, 0 %
2026/07/04 02:59:46.078, 5, 0 MiB, 81920 MiB, 0 %
2026/07/04 02:59:46.078, 6, 0 MiB, 81920 MiB, 0 %
2026/07/04 02:59:46.079, 7, 0 MiB, 81920 MiB, 0 %
2026/07/04 02:59:56.079, 0, 0 MiB, 81920 MiB, 0 %
2026/07/04 02:59:56.080, 1, 5951 MiB, 81920 MiB, 0 %
2026/07/04 02:59:56.080, 2, 0 MiB, 81920 MiB, 0 %
2026/07/04 02:59:56.080, 3, 0 MiB, 81920 MiB, 0 %
2026/07/04 02:59:56.081, 4, 0 MiB, 81920 MiB, 0 %
2026/07/04 02:59:56.081, 5, 0 MiB, 81920 MiB, 0 %
2026/07/04 02:59:56.081, 6, 0 MiB, 81920 MiB, 0 %
2026/07/04 02:59:56.082, 7, 0 MiB, 81920 MiB, 0 %
2026/07/04 03:00:06.082, 0, 0 MiB, 81920 MiB, 0 %
2026/07/04 03:00:06.083, 1, 5951 MiB, 81920 MiB, 0 %
2026/07/04 03:00:06.083, 2, 0 MiB, 81920 MiB, 0 %
2026/07/04 03:00:06.084, 3, 0 MiB, 81920 MiB, 0 %
2026/07/04 03:00:06.084, 4, 0 MiB, 81920 MiB, 0 %
2026/07/04 03:00:06.084, 5, 0 MiB, 81920 MiB, 0 %
2026/07/04 03:00:06.084, 6, 0 MiB, 81920 MiB, 0 %
2026/07/04 03:00:06.085, 7, 0 MiB, 81920 MiB, 0 %
2026/07/04 03:00:16.086, 0, 0 MiB, 81920 MiB, 0 %
2026/07/04 03:00:16.086, 1, 5951 MiB, 81920 MiB, 0 %
2026/07/04 03:00:16.086, 2, 0 MiB, 81920 MiB, 0 %
2026/07/04 03:00:16.087, 3, 0 MiB, 81920 MiB, 0 %
2026/07/04 03:00:16.087, 4, 0 MiB, 81920 MiB, 0 %
2026/07/04 03:00:16.087, 5, 0 MiB, 81920 MiB, 0 %
2026/07/04 03:00:16.088, 6, 0 MiB, 81920 MiB, 0 %
2026/07/04 03:00:16.088, 7, 0 MiB, 81920 MiB, 0 %
2026/07/04 03:00:26.089, 0, 0 MiB, 81920 MiB, 0 %
2026/07/04 03:00:26.089, 1, 5951 MiB, 81920 MiB, 0 %
2026/07/04 03:00:26.090, 2, 0 MiB, 81920 MiB, 0 %
2026/07/04 03:00:26.090, 3, 0 MiB, 81920 MiB, 0 %
2026/07/04 03:00:26.090, 4, 0 MiB, 81920 MiB, 0 %
2026/07/04 03:00:26.090, 5, 0 MiB, 81920 MiB, 0 %
2026/07/04 03:00:26.091, 6, 0 MiB, 81920 MiB, 0 %
2026/07/04 03:00:26.091, 7, 0 MiB, 81920 MiB, 0 %
2026/07/04 03:00:36.092, 0, 0 MiB, 81920 MiB, 0 %
2026/07/04 03:00:36.092, 1, 5951 MiB, 81920 MiB, 0 %
2026/07/04 03:00:36.093, 2, 0 MiB, 81920 MiB, 0 %
2026/07/04 03:00:36.093, 3, 0 MiB, 81920 MiB, 0 %
2026/07/04 03:00:36.093, 4, 0 MiB, 81920 MiB, 0 %
2026/07/04 03:00:36.094, 5, 0 MiB, 81920 MiB, 0 %
2026/07/04 03:00:36.094, 6, 0 MiB, 81920 MiB, 0 %
2026/07/04 03:00:36.094, 7, 0 MiB, 81920 MiB, 0 %
2026/07/04 03:00:46.095, 0, 0 MiB, 81920 MiB, 0 %
2026/07/04 03:00:46.096, 1, 5951 MiB, 81920 MiB, 0 %
2026/07/04 03:00:46.096, 2, 0 MiB, 81920 MiB, 0 %
2026/07/04 03:00:46.096, 3, 0 MiB, 81920 MiB, 0 %
2026/07/04 03:00:46.097, 4, 0 MiB, 81920 MiB, 0 %
2026/07/04 03:00:46.097, 5, 0 MiB, 81920 MiB, 0 %
2026/07/04 03:00:46.097, 6, 0 MiB, 81920 MiB, 0 %
2026/07/04 03:00:46.098, 7, 0 MiB, 81920 MiB, 0 %
2026/07/04 03:00:56.098, 0, 0 MiB, 81920 MiB, 0 %
2026/07/04 03:00:56.099, 1, 5951 MiB, 81920 MiB, 0 %
2026/07/04 03:00:56.099, 2, 0 MiB, 81920 MiB, 0 %
2026/07/04 03:00:56.099, 3, 0 MiB, 81920 MiB, 0 %
2026/07/04 03:00:56.100, 4, 0 MiB, 81920 MiB, 0 %
2026/07/04 03:00:56.100, 5, 0 MiB, 81920 MiB, 0 %
2026/07/04 03:00:56.100, 6, 0 MiB, 81920 MiB, 0 %
2026/07/04 03:00:56.101, 7, 0 MiB, 81920 MiB, 0 %
2026/07/04 03:01:06.102, 0, 0 MiB, 81920 MiB, 0 %
2026/07/04 03:01:06.102, 1, 5951 MiB, 81920 MiB, 0 %
2026/07/04 03:01:06.102, 2, 0 MiB, 81920 MiB, 0 %
2026/07/04 03:01:06.103, 3, 0 MiB, 81920 MiB, 0 %
2026/07/04 03:01:06.103, 4, 0 MiB, 81920 MiB, 0 %
2026/07/04 03:01:06.103, 5, 0 MiB, 81920 MiB, 0 %
2026/07/04 03:01:06.104, 6, 0 MiB, 81920 MiB, 0 %
2026/07/04 03:01:06.104, 7, 0 MiB, 81920 MiB, 0 %
2026/07/04 03:01:16.105, 0, 0 MiB, 81920 MiB, 0 %
2026/07/04 03:01:16.105, 1, 5951 MiB, 81920 MiB, 0 %
2026/07/04 03:01:16.106, 2, 0 MiB, 81920 MiB, 0 %
2026/07/04 03:01:16.106, 3, 0 MiB, 81920 MiB, 0 %
2026/07/04 03:01:16.106, 4, 0 MiB, 81920 MiB, 0 %
2026/07/04 03:01:16.107, 5, 0 MiB, 81920 MiB, 0 %
2026/07/04 03:01:16.107, 6, 0 MiB, 81920 MiB, 0 %
2026/07/04 03:01:16.107, 7, 0 MiB, 81920 MiB, 0 %
2026/07/04 03:01:26.108, 0, 0 MiB, 81920 MiB, 0 %
2026/07/04 03:01:26.109, 1, 5951 MiB, 81920 MiB, 0 %
2026/07/04 03:01:26.109, 2, 0 MiB, 81920 MiB, 0 %
2026/07/04 03:01:26.109, 3, 0 MiB, 81920 MiB, 0 %
2026/07/04 03:01:26.110, 4, 0 MiB, 81920 MiB, 0 %
2026/07/04 03:01:26.110, 5, 0 MiB, 81920 MiB, 0 %
2026/07/04 03:01:26.110, 6, 0 MiB, 81920 MiB, 0 %
2026/07/04 03:01:26.110, 7, 0 MiB, 81920 MiB, 0 %
2026/07/04 03:01:36.111, 0, 0 MiB, 81920 MiB, 0 %
2026/07/04 03:01:36.112, 1, 5951 MiB, 81920 MiB, 0 %
2026/07/04 03:01:36.112, 2, 0 MiB, 81920 MiB, 0 %
2026/07/04 03:01:36.112, 3, 0 MiB, 81920 MiB, 0 %
2026/07/04 03:01:36.113, 4, 0 MiB, 81920 MiB, 0 %
2026/07/04 03:01:36.113, 5, 0 MiB, 81920 MiB, 0 %
2026/07/04 03:01:36.113, 6, 0 MiB, 81920 MiB, 0 %
2026/07/04 03:01:36.114, 7, 0 MiB, 81920 MiB, 0 %
2026/07/04 03:01:46.114, 0, 0 MiB, 81920 MiB, 0 %
2026/07/04 03:01:46.115, 1, 5951 MiB, 81920 MiB, 0 %
2026/07/04 03:01:46.115, 2, 0 MiB, 81920 MiB, 0 %
2026/07/04 03:01:46.115, 3, 0 MiB, 81920 MiB, 0 %
2026/07/04 03:01:46.116, 4, 0 MiB, 81920 MiB, 0 %
2026/07/04 03:01:46.116, 5, 0 MiB, 81920 MiB, 0 %
2026/07/04 03:01:46.116, 6, 0 MiB, 81920 MiB, 0 %
2026/07/04 03:01:46.117, 7, 0 MiB, 81920 MiB, 0 %
2026/07/04 03:01:56.117, 0, 0 MiB, 81920 MiB, 0 %
2026/07/04 03:01:56.118, 1, 5951 MiB, 81920 MiB, 0 %
2026/07/04 03:01:56.118, 2, 0 MiB, 81920 MiB, 0 %
2026/07/04 03:01:56.118, 3, 0 MiB, 81920 MiB, 0 %
2026/07/04 03:01:56.119, 4, 0 MiB, 81920 MiB, 0 %
2026/07/04 03:01:56.119, 5, 0 MiB, 81920 MiB, 0 %
2026/07/04 03:01:56.119, 6, 0 MiB, 81920 MiB, 0 %
2026/07/04 03:01:56.120, 7, 0 MiB, 81920 MiB, 0 %
2026/07/04 03:02:06.121, 0, 0 MiB, 81920 MiB, 0 %
2026/07/04 03:02:06.121, 1, 5951 MiB, 81920 MiB, 0 %
2026/07/04 03:02:06.121, 2, 0 MiB, 81920 MiB, 0 %
2026/07/04 03:02:06.122, 3, 0 MiB, 81920 MiB, 0 %
2026/07/04 03:02:06.122, 4, 0 MiB, 81920 MiB, 0 %
2026/07/04 03:02:06.122, 5, 0 MiB, 81920 MiB, 0 %
2026/07/04 03:02:06.122, 6, 0 MiB, 81920 MiB, 0 %
2026/07/04 03:02:06.123, 7, 0 MiB, 81920 MiB, 0 %
2026/07/04 03:02:16.124, 0, 0 MiB, 81920 MiB, 0 %
2026/07/04 03:02:16.124, 1, 5951 MiB, 81920 MiB, 47 %
2026/07/04 03:02:16.125, 2, 0 MiB, 81920 MiB, 0 %
2026/07/04 03:02:16.125, 3, 0 MiB, 81920 MiB, 0 %
2026/07/04 03:02:16.125, 4, 0 MiB, 81920 MiB, 0 %
2026/07/04 03:02:16.126, 5, 0 MiB, 81920 MiB, 0 %
2026/07/04 03:02:16.126, 6, 0 MiB, 81920 MiB, 0 %
2026/07/04 03:02:16.126, 7, 0 MiB, 81920 MiB, 0 %
2026/07/04 03:02:26.127, 0, 0 MiB, 81920 MiB, 0 %
2026/07/04 03:02:26.127, 1, 5951 MiB, 81920 MiB, 0 %
2026/07/04 03:02:26.128, 2, 0 MiB, 81920 MiB, 0 %
2026/07/04 03:02:26.128, 3, 0 MiB, 81920 MiB, 0 %
2026/07/04 03:02:26.128, 4, 0 MiB, 81920 MiB, 0 %
2026/07/04 03:02:26.129, 5, 0 MiB, 81920 MiB, 0 %
2026/07/04 03:02:26.129, 6, 0 MiB, 81920 MiB, 0 %
2026/07/04 03:02:26.129, 7, 0 MiB, 81920 MiB, 0 %
2026/07/04 03:02:36.130, 0, 0 MiB, 81920 MiB, 0 %
2026/07/04 03:02:36.130, 1, 5951 MiB, 81920 MiB, 0 %
2026/07/04 03:02:36.131, 2, 0 MiB, 81920 MiB, 0 %
2026/07/04 03:02:36.131, 3, 0 MiB, 81920 MiB, 0 %
2026/07/04 03:02:36.131, 4, 0 MiB, 81920 MiB, 0 %
2026/07/04 03:02:36.132, 5, 0 MiB, 81920 MiB, 0 %
2026/07/04 03:02:36.132, 6, 0 MiB, 81920 MiB, 0 %
2026/07/04 03:02:36.132, 7, 0 MiB, 81920 MiB, 0 %
2026/07/04 03:02:46.133, 0, 0 MiB, 81920 MiB, 0 %
2026/07/04 03:02:46.133, 1, 5951 MiB, 81920 MiB, 0 %
2026/07/04 03:02:46.134, 2, 0 MiB, 81920 MiB, 0 %
2026/07/04 03:02:46.134, 3, 0 MiB, 81920 MiB, 0 %
2026/07/04 03:02:46.134, 4, 0 MiB, 81920 MiB, 0 %
2026/07/04 03:02:46.135, 5, 0 MiB, 81920 MiB, 0 %
2026/07/04 03:02:46.135, 6, 0 MiB, 81920 MiB, 0 %
2026/07/04 03:02:46.135, 7, 0 MiB, 81920 MiB, 0 %
2026/07/04 03:02:56.136, 0, 0 MiB, 81920 MiB, 0 %
2026/07/04 03:02:56.137, 1, 5951 MiB, 81920 MiB, 0 %
2026/07/04 03:02:56.137, 2, 0 MiB, 81920 MiB, 0 %
2026/07/04 03:02:56.138, 3, 0 MiB, 81920 MiB, 0 %
2026/07/04 03:02:56.138, 4, 0 MiB, 81920 MiB, 0 %
2026/07/04 03:02:56.138, 5, 0 MiB, 81920 MiB, 0 %
2026/07/04 03:02:56.138, 6, 0 MiB, 81920 MiB, 0 %
2026/07/04 03:02:56.139, 7, 0 MiB, 81920 MiB, 0 %
2026/07/04 03:03:06.140, 0, 0 MiB, 81920 MiB, 0 %
2026/07/04 03:03:06.140, 1, 5951 MiB, 81920 MiB, 0 %
2026/07/04 03:03:06.141, 2, 0 MiB, 81920 MiB, 0 %
2026/07/04 03:03:06.141, 3, 0 MiB, 81920 MiB, 0 %
2026/07/04 03:03:06.141, 4, 0 MiB, 81920 MiB, 0 %
2026/07/04 03:03:06.142, 5, 0 MiB, 81920 MiB, 0 %
2026/07/04 03:03:06.142, 6, 0 MiB, 81920 MiB, 0 %
2026/07/04 03:03:06.142, 7, 0 MiB, 81920 MiB, 0 %
2026/07/04 03:03:16.143, 0, 0 MiB, 81920 MiB, 0 %
2026/07/04 03:03:16.144, 1, 5951 MiB, 81920 MiB, 0 %
2026/07/04 03:03:16.144, 2, 0 MiB, 81920 MiB, 0 %
2026/07/04 03:03:16.144, 3, 0 MiB, 81920 MiB, 0 %
2026/07/04 03:03:16.145, 4, 0 MiB, 81920 MiB, 0 %
2026/07/04 03:03:16.145, 5, 0 MiB, 81920 MiB, 0 %
2026/07/04 03:03:16.145, 6, 0 MiB, 81920 MiB, 0 %
2026/07/04 03:03:16.146, 7, 0 MiB, 81920 MiB, 0 %
2026/07/04 03:03:26.147, 0, 0 MiB, 81920 MiB, 0 %
2026/07/04 03:03:26.147, 1, 5951 MiB, 81920 MiB, 0 %
2026/07/04 03:03:26.148, 2, 0 MiB, 81920 MiB, 0 %
2026/07/04 03:03:26.148, 3, 0 MiB, 81920 MiB, 0 %
2026/07/04 03:03:26.148, 4, 0 MiB, 81920 MiB, 0 %
2026/07/04 03:03:26.149, 5, 0 MiB, 81920 MiB, 0 %
2026/07/04 03:03:26.149, 6, 0 MiB, 81920 MiB, 0 %
2026/07/04 03:03:26.149, 7, 0 MiB, 81920 MiB, 0 %
2026/07/04 03:03:36.151, 0, 0 MiB, 81920 MiB, 0 %
2026/07/04 03:03:36.151, 1, 5951 MiB, 81920 MiB, 0 %
2026/07/04 03:03:36.151, 2, 0 MiB, 81920 MiB, 0 %
2026/07/04 03:03:36.152, 3, 0 MiB, 81920 MiB, 0 %
2026/07/04 03:03:36.152, 4, 0 MiB, 81920 MiB, 0 %
2026/07/04 03:03:36.152, 5, 0 MiB, 81920 MiB, 0 %
2026/07/04 03:03:36.152, 6, 0 MiB, 81920 MiB, 0 %
2026/07/04 03:03:36.153, 7, 0 MiB, 81920 MiB, 0 %
2026/07/04 03:03:46.153, 0, 0 MiB, 81920 MiB, 0 %
2026/07/04 03:03:46.154, 1, 5951 MiB, 81920 MiB, 0 %
2026/07/04 03:03:46.154, 2, 0 MiB, 81920 MiB, 0 %
2026/07/04 03:03:46.154, 3, 0 MiB, 81920 MiB, 0 %
2026/07/04 03:03:46.155, 4, 0 MiB, 81920 MiB, 0 %
2026/07/04 03:03:46.155, 5, 0 MiB, 81920 MiB, 0 %
2026/07/04 03:03:46.155, 6, 0 MiB, 81920 MiB, 0 %
2026/07/04 03:03:46.155, 7, 0 MiB, 81920 MiB, 0 %
2026/07/04 03:03:56.156, 0, 0 MiB, 81920 MiB, 0 %
2026/07/04 03:03:56.157, 1, 5951 MiB, 81920 MiB, 0 %
2026/07/04 03:03:56.157, 2, 0 MiB, 81920 MiB, 0 %
2026/07/04 03:03:56.157, 3, 0 MiB, 81920 MiB, 0 %
2026/07/04 03:03:56.158, 4, 0 MiB, 81920 MiB, 0 %
2026/07/04 03:03:56.158, 5, 0 MiB, 81920 MiB, 0 %
2026/07/04 03:03:56.158, 6, 0 MiB, 81920 MiB, 0 %
2026/07/04 03:03:56.158, 7, 0 MiB, 81920 MiB, 0 %
2026/07/04 03:04:06.159, 0, 0 MiB, 81920 MiB, 0 %
2026/07/04 03:04:06.160, 1, 5951 MiB, 81920 MiB, 54 %
2026/07/04 03:04:06.160, 2, 0 MiB, 81920 MiB, 0 %
2026/07/04 03:04:06.160, 3, 0 MiB, 81920 MiB, 0 %
2026/07/04 03:04:06.160, 4, 0 MiB, 81920 MiB, 0 %
2026/07/04 03:04:06.161, 5, 0 MiB, 81920 MiB, 0 %
2026/07/04 03:04:06.161, 6, 0 MiB, 81920 MiB, 0 %
2026/07/04 03:04:06.161, 7, 0 MiB, 81920 MiB, 0 %
2026/07/04 03:04:16.162, 0, 0 MiB, 81920 MiB, 0 %
2026/07/04 03:04:16.162, 1, 5951 MiB, 81920 MiB, 0 %
2026/07/04 03:04:16.163, 2, 0 MiB, 81920 MiB, 0 %
2026/07/04 03:04:16.163, 3, 0 MiB, 81920 MiB, 0 %
2026/07/04 03:04:16.163, 4, 0 MiB, 81920 MiB, 0 %
2026/07/04 03:04:16.163, 5, 0 MiB, 81920 MiB, 0 %
2026/07/04 03:04:16.164, 6, 0 MiB, 81920 MiB, 0 %
2026/07/04 03:04:16.164, 7, 0 MiB, 81920 MiB, 0 %
2026/07/04 03:04:26.165, 0, 0 MiB, 81920 MiB, 0 %
2026/07/04 03:04:26.166, 1, 5951 MiB, 81920 MiB, 0 %
2026/07/04 03:04:26.166, 2, 0 MiB, 81920 MiB, 0 %
2026/07/04 03:04:26.166, 3, 0 MiB, 81920 MiB, 0 %
2026/07/04 03:04:26.167, 4, 0 MiB, 81920 MiB, 0 %
2026/07/04 03:04:26.167, 5, 0 MiB, 81920 MiB, 0 %
2026/07/04 03:04:26.167, 6, 0 MiB, 81920 MiB, 0 %
2026/07/04 03:04:26.168, 7, 0 MiB, 81920 MiB, 0 %
2026/07/04 03:04:36.168, 0, 0 MiB, 81920 MiB, 0 %
2026/07/04 03:04:36.169, 1, 5951 MiB, 81920 MiB, 0 %
2026/07/04 03:04:36.169, 2, 0 MiB, 81920 MiB, 0 %
2026/07/04 03:04:36.170, 3, 0 MiB, 81920 MiB, 0 %
2026/07/04 03:04:36.170, 4, 0 MiB, 81920 MiB, 0 %
2026/07/04 03:04:36.170, 5, 0 MiB, 81920 MiB, 0 %
2026/07/04 03:04:36.170, 6, 0 MiB, 81920 MiB, 0 %
2026/07/04 03:04:36.171, 7, 0 MiB, 81920 MiB, 0 %
2026/07/04 03:04:46.171, 0, 0 MiB, 81920 MiB, 0 %
2026/07/04 03:04:46.172, 1, 5951 MiB, 81920 MiB, 0 %
2026/07/04 03:04:46.172, 2, 0 MiB, 81920 MiB, 0 %
2026/07/04 03:04:46.172, 3, 0 MiB, 81920 MiB, 0 %
2026/07/04 03:04:46.173, 4, 0 MiB, 81920 MiB, 0 %
2026/07/04 03:04:46.173, 5, 0 MiB, 81920 MiB, 0 %
2026/07/04 03:04:46.173, 6, 0 MiB, 81920 MiB, 0 %
2026/07/04 03:04:46.174, 7, 0 MiB, 81920 MiB, 0 %
2026/07/04 03:04:56.174, 0, 0 MiB, 81920 MiB, 0 %
2026/07/04 03:04:56.175, 1, 5951 MiB, 81920 MiB, 0 %
2026/07/04 03:04:56.175, 2, 0 MiB, 81920 MiB, 0 %
2026/07/04 03:04:56.175, 3, 0 MiB, 81920 MiB, 0 %
2026/07/04 03:04:56.176, 4, 0 MiB, 81920 MiB, 0 %
2026/07/04 03:04:56.176, 5, 0 MiB, 81920 MiB, 0 %
2026/07/04 03:04:56.176, 6, 0 MiB, 81920 MiB, 0 %
2026/07/04 03:04:56.177, 7, 0 MiB, 81920 MiB, 0 %
2026/07/04 03:05:06.177, 0, 0 MiB, 81920 MiB, 0 %
2026/07/04 03:05:06.178, 1, 5951 MiB, 81920 MiB, 0 %
2026/07/04 03:05:06.178, 2, 0 MiB, 81920 MiB, 0 %
2026/07/04 03:05:06.178, 3, 0 MiB, 81920 MiB, 0 %
2026/07/04 03:05:06.178, 4, 0 MiB, 81920 MiB, 0 %
2026/07/04 03:05:06.179, 5, 0 MiB, 81920 MiB, 0 %
2026/07/04 03:05:06.179, 6, 0 MiB, 81920 MiB, 0 %
2026/07/04 03:05:06.179, 7, 0 MiB, 81920 MiB, 0 %
2026/07/04 03:05:16.180, 0, 0 MiB, 81920 MiB, 0 %
2026/07/04 03:05:16.180, 1, 5951 MiB, 81920 MiB, 0 %
2026/07/04 03:05:16.181, 2, 0 MiB, 81920 MiB, 0 %
2026/07/04 03:05:16.181, 3, 0 MiB, 81920 MiB, 0 %
2026/07/04 03:05:16.181, 4, 0 MiB, 81920 MiB, 0 %
2026/07/04 03:05:16.182, 5, 0 MiB, 81920 MiB, 0 %
2026/07/04 03:05:16.182, 6, 0 MiB, 81920 MiB, 0 %
2026/07/04 03:05:16.182, 7, 0 MiB, 81920 MiB, 0 %
2026/07/04 03:05:26.183, 0, 0 MiB, 81920 MiB, 0 %
2026/07/04 03:05:26.183, 1, 5951 MiB, 81920 MiB, 0 %
2026/07/04 03:05:26.184, 2, 0 MiB, 81920 MiB, 0 %
2026/07/04 03:05:26.184, 3, 0 MiB, 81920 MiB, 0 %
2026/07/04 03:05:26.184, 4, 0 MiB, 81920 MiB, 0 %
2026/07/04 03:05:26.185, 5, 0 MiB, 81920 MiB, 0 %
2026/07/04 03:05:26.185, 6, 0 MiB, 81920 MiB, 0 %
2026/07/04 03:05:26.185, 7, 0 MiB, 81920 MiB, 0 %
2026/07/04 03:05:36.186, 0, 0 MiB, 81920 MiB, 0 %
2026/07/04 03:05:36.186, 1, 5951 MiB, 81920 MiB, 0 %
2026/07/04 03:05:36.187, 2, 0 MiB, 81920 MiB, 0 %
2026/07/04 03:05:36.187, 3, 0 MiB, 81920 MiB, 0 %
2026/07/04 03:05:36.187, 4, 0 MiB, 81920 MiB, 0 %
2026/07/04 03:05:36.188, 5, 0 MiB, 81920 MiB, 0 %
2026/07/04 03:05:36.188, 6, 0 MiB, 81920 MiB, 0 %
2026/07/04 03:05:36.188, 7, 0 MiB, 81920 MiB, 0 %
2026/07/04 03:05:46.189, 0, 0 MiB, 81920 MiB, 0 %
2026/07/04 03:05:46.189, 1, 5951 MiB, 81920 MiB, 0 %
2026/07/04 03:05:46.189, 2, 0 MiB, 81920 MiB, 0 %
2026/07/04 03:05:46.190, 3, 0 MiB, 81920 MiB, 0 %
2026/07/04 03:05:46.190, 4, 0 MiB, 81920 MiB, 0 %
2026/07/04 03:05:46.190, 5, 0 MiB, 81920 MiB, 0 %
2026/07/04 03:05:46.191, 6, 0 MiB, 81920 MiB, 0 %
2026/07/04 03:05:46.191, 7, 0 MiB, 81920 MiB, 0 %
2026/07/04 03:05:56.191, 0, 0 MiB, 81920 MiB, 0 %
2026/07/04 03:05:56.192, 1, 5951 MiB, 81920 MiB, 0 %
2026/07/04 03:05:56.192, 2, 0 MiB, 81920 MiB, 0 %
2026/07/04 03:05:56.192, 3, 0 MiB, 81920 MiB, 0 %
2026/07/04 03:05:56.193, 4, 0 MiB, 81920 MiB, 0 %
2026/07/04 03:05:56.193, 5, 0 MiB, 81920 MiB, 0 %
2026/07/04 03:05:56.193, 6, 0 MiB, 81920 MiB, 0 %
2026/07/04 03:05:56.194, 7, 0 MiB, 81920 MiB, 0 %
2026/07/04 03:06:06.194, 0, 0 MiB, 81920 MiB, 0 %
2026/07/04 03:06:06.195, 1, 5951 MiB, 81920 MiB, 0 %
2026/07/04 03:06:06.195, 2, 0 MiB, 81920 MiB, 0 %
2026/07/04 03:06:06.195, 3, 0 MiB, 81920 MiB, 0 %
2026/07/04 03:06:06.196, 4, 0 MiB, 81920 MiB, 0 %
2026/07/04 03:06:06.196, 5, 0 MiB, 81920 MiB, 0 %
2026/07/04 03:06:06.196, 6, 0 MiB, 81920 MiB, 0 %
2026/07/04 03:06:06.196, 7, 0 MiB, 81920 MiB, 0 %
2026/07/04 03:06:16.197, 0, 0 MiB, 81920 MiB, 0 %
2026/07/04 03:06:16.198, 1, 5951 MiB, 81920 MiB, 0 %
2026/07/04 03:06:16.198, 2, 0 MiB, 81920 MiB, 0 %
2026/07/04 03:06:16.198, 3, 0 MiB, 81920 MiB, 0 %
2026/07/04 03:06:16.198, 4, 0 MiB, 81920 MiB, 0 %
2026/07/04 03:06:16.199, 5, 0 MiB, 81920 MiB, 0 %
2026/07/04 03:06:16.199, 6, 0 MiB, 81920 MiB, 0 %
2026/07/04 03:06:16.200, 7, 0 MiB, 81920 MiB, 0 %
2026/07/04 03:06:26.200, 0, 0 MiB, 81920 MiB, 0 %
2026/07/04 03:06:26.201, 1, 5951 MiB, 81920 MiB, 0 %
2026/07/04 03:06:26.201, 2, 0 MiB, 81920 MiB, 0 %
2026/07/04 03:06:26.201, 3, 0 MiB, 81920 MiB, 0 %
2026/07/04 03:06:26.201, 4, 0 MiB, 81920 MiB, 0 %
2026/07/04 03:06:26.202, 5, 0 MiB, 81920 MiB, 0 %
2026/07/04 03:06:26.202, 6, 0 MiB, 81920 MiB, 0 %
2026/07/04 03:06:26.202, 7, 0 MiB, 81920 MiB, 0 %
2026/07/04 03:06:36.204, 0, 0 MiB, 81920 MiB, 0 %
2026/07/04 03:06:36.204, 1, 5951 MiB, 81920 MiB, 0 %
2026/07/04 03:06:36.204, 2, 0 MiB, 81920 MiB, 0 %
2026/07/04 03:06:36.205, 3, 0 MiB, 81920 MiB, 0 %
2026/07/04 03:06:36.205, 4, 0 MiB, 81920 MiB, 0 %
2026/07/04 03:06:36.205, 5, 0 MiB, 81920 MiB, 0 %
2026/07/04 03:06:36.206, 6, 0 MiB, 81920 MiB, 0 %
2026/07/04 03:06:36.206, 7, 0 MiB, 81920 MiB, 0 %
2026/07/04 03:06:46.207, 0, 0 MiB, 81920 MiB, 0 %
2026/07/04 03:06:46.207, 1, 5951 MiB, 81920 MiB, 0 %
2026/07/04 03:06:46.207, 2, 0 MiB, 81920 MiB, 0 %
2026/07/04 03:06:46.208, 3, 0 MiB, 81920 MiB, 0 %
2026/07/04 03:06:46.208, 4, 0 MiB, 81920 MiB, 0 %
2026/07/04 03:06:46.208, 5, 0 MiB, 81920 MiB, 0 %
2026/07/04 03:06:46.209, 6, 0 MiB, 81920 MiB, 0 %
2026/07/04 03:06:46.209, 7, 0 MiB, 81920 MiB, 0 %
2026/07/04 03:06:56.210, 0, 0 MiB, 81920 MiB, 0 %
2026/07/04 03:06:56.210, 1, 5951 MiB, 81920 MiB, 0 %
2026/07/04 03:06:56.210, 2, 0 MiB, 81920 MiB, 0 %
2026/07/04 03:06:56.211, 3, 0 MiB, 81920 MiB, 0 %
2026/07/04 03:06:56.211, 4, 0 MiB, 81920 MiB, 0 %
2026/07/04 03:06:56.211, 5, 0 MiB, 81920 MiB, 0 %
2026/07/04 03:06:56.212, 6, 0 MiB, 81920 MiB, 0 %
2026/07/04 03:06:56.212, 7, 0 MiB, 81920 MiB, 0 %
2026/07/04 03:07:06.212, 0, 0 MiB, 81920 MiB, 0 %
2026/07/04 03:07:06.213, 1, 5951 MiB, 81920 MiB, 0 %
2026/07/04 03:07:06.213, 2, 0 MiB, 81920 MiB, 0 %
2026/07/04 03:07:06.214, 3, 0 MiB, 81920 MiB, 0 %
2026/07/04 03:07:06.214, 4, 0 MiB, 81920 MiB, 0 %
2026/07/04 03:07:06.214, 5, 0 MiB, 81920 MiB, 0 %
2026/07/04 03:07:06.214, 6, 0 MiB, 81920 MiB, 0 %
2026/07/04 03:07:06.215, 7, 0 MiB, 81920 MiB, 0 %
2026/07/04 03:07:16.216, 0, 0 MiB, 81920 MiB, 0 %
2026/07/04 03:07:16.217, 1, 5951 MiB, 81920 MiB, 0 %
2026/07/04 03:07:16.217, 2, 0 MiB, 81920 MiB, 0 %
2026/07/04 03:07:16.217, 3, 0 MiB, 81920 MiB, 0 %
2026/07/04 03:07:16.218, 4, 0 MiB, 81920 MiB, 0 %
2026/07/04 03:07:16.218, 5, 0 MiB, 81920 MiB, 0 %
2026/07/04 03:07:16.218, 6, 0 MiB, 81920 MiB, 0 %
2026/07/04 03:07:16.218, 7, 0 MiB, 81920 MiB, 0 %
2026/07/04 03:07:26.219, 0, 0 MiB, 81920 MiB, 0 %
2026/07/04 03:07:26.219, 1, 5951 MiB, 81920 MiB, 0 %
2026/07/04 03:07:26.220, 2, 0 MiB, 81920 MiB, 0 %
2026/07/04 03:07:26.220, 3, 0 MiB, 81920 MiB, 0 %
2026/07/04 03:07:26.220, 4, 0 MiB, 81920 MiB, 0 %
2026/07/04 03:07:26.221, 5, 0 MiB, 81920 MiB, 0 %
2026/07/04 03:07:26.221, 6, 0 MiB, 81920 MiB, 0 %
2026/07/04 03:07:26.221, 7, 0 MiB, 81920 MiB, 0 %
2026/07/04 03:07:36.222, 0, 0 MiB, 81920 MiB, 0 %
2026/07/04 03:07:36.222, 1, 5951 MiB, 81920 MiB, 0 %
2026/07/04 03:07:36.223, 2, 0 MiB, 81920 MiB, 0 %
2026/07/04 03:07:36.223, 3, 0 MiB, 81920 MiB, 0 %
2026/07/04 03:07:36.223, 4, 0 MiB, 81920 MiB, 0 %
2026/07/04 03:07:36.224, 5, 0 MiB, 81920 MiB, 0 %
2026/07/04 03:07:36.224, 6, 0 MiB, 81920 MiB, 0 %
2026/07/04 03:07:36.224, 7, 0 MiB, 81920 MiB, 0 %
2026/07/04 03:07:46.225, 0, 0 MiB, 81920 MiB, 0 %
2026/07/04 03:07:46.225, 1, 5951 MiB, 81920 MiB, 0 %
2026/07/04 03:07:46.226, 2, 0 MiB, 81920 MiB, 0 %
2026/07/04 03:07:46.226, 3, 0 MiB, 81920 MiB, 0 %
2026/07/04 03:07:46.226, 4, 0 MiB, 81920 MiB, 0 %
2026/07/04 03:07:46.227, 5, 0 MiB, 81920 MiB, 0 %
2026/07/04 03:07:46.227, 6, 0 MiB, 81920 MiB, 0 %
2026/07/04 03:07:46.227, 7, 0 MiB, 81920 MiB, 0 %
2026/07/04 03:07:56.228, 0, 0 MiB, 81920 MiB, 0 %
2026/07/04 03:07:56.228, 1, 5951 MiB, 81920 MiB, 0 %
2026/07/04 03:07:56.228, 2, 0 MiB, 81920 MiB, 0 %
2026/07/04 03:07:56.229, 3, 0 MiB, 81920 MiB, 0 %
2026/07/04 03:07:56.229, 4, 0 MiB, 81920 MiB, 0 %
2026/07/04 03:07:56.229, 5, 0 MiB, 81920 MiB, 0 %
2026/07/04 03:07:56.230, 6, 0 MiB, 81920 MiB, 0 %
2026/07/04 03:07:56.230, 7, 0 MiB, 81920 MiB, 0 %
2026/07/04 03:08:06.230, 0, 0 MiB, 81920 MiB, 0 %
2026/07/04 03:08:06.231, 1, 5951 MiB, 81920 MiB, 0 %
2026/07/04 03:08:06.231, 2, 0 MiB, 81920 MiB, 0 %
2026/07/04 03:08:06.232, 3, 0 MiB, 81920 MiB, 0 %
2026/07/04 03:08:06.232, 4, 0 MiB, 81920 MiB, 0 %
2026/07/04 03:08:06.232, 5, 0 MiB, 81920 MiB, 0 %
2026/07/04 03:08:06.232, 6, 0 MiB, 81920 MiB, 0 %
2026/07/04 03:08:06.233, 7, 0 MiB, 81920 MiB, 0 %
2026/07/04 03:08:16.234, 0, 0 MiB, 81920 MiB, 0 %
2026/07/04 03:08:16.234, 1, 5951 MiB, 81920 MiB, 0 %
2026/07/04 03:08:16.234, 2, 0 MiB, 81920 MiB, 0 %
2026/07/04 03:08:16.235, 3, 0 MiB, 81920 MiB, 0 %
2026/07/04 03:08:16.235, 4, 0 MiB, 81920 MiB, 0 %
2026/07/04 03:08:16.235, 5, 0 MiB, 81920 MiB, 0 %
2026/07/04 03:08:16.236, 6, 0 MiB, 81920 MiB, 0 %
2026/07/04 03:08:16.236, 7, 0 MiB, 81920 MiB, 0 %
2026/07/04 03:08:26.236, 0, 0 MiB, 81920 MiB, 0 %
2026/07/04 03:08:26.237, 1, 5951 MiB, 81920 MiB, 44 %
2026/07/04 03:08:26.237, 2, 0 MiB, 81920 MiB, 0 %
2026/07/04 03:08:26.238, 3, 0 MiB, 81920 MiB, 0 %
2026/07/04 03:08:26.238, 4, 0 MiB, 81920 MiB, 0 %
2026/07/04 03:08:26.238, 5, 0 MiB, 81920 MiB, 0 %
2026/07/04 03:08:26.238, 6, 0 MiB, 81920 MiB, 0 %
2026/07/04 03:08:26.239, 7, 0 MiB, 81920 MiB, 0 %
2026/07/04 03:08:36.239, 0, 0 MiB, 81920 MiB, 0 %
2026/07/04 03:08:36.240, 1, 5951 MiB, 81920 MiB, 0 %
2026/07/04 03:08:36.240, 2, 0 MiB, 81920 MiB, 0 %
2026/07/04 03:08:36.240, 3, 0 MiB, 81920 MiB, 0 %
2026/07/04 03:08:36.240, 4, 0 MiB, 81920 MiB, 0 %
2026/07/04 03:08:36.240, 5, 0 MiB, 81920 MiB, 0 %
2026/07/04 03:08:36.240, 6, 0 MiB, 81920 MiB, 0 %
2026/07/04 03:08:36.241, 7, 0 MiB, 81920 MiB, 0 %
2026/07/04 03:08:46.242, 0, 0 MiB, 81920 MiB, 0 %
2026/07/04 03:08:46.242, 1, 5951 MiB, 81920 MiB, 53 %
2026/07/04 03:08:46.242, 2, 0 MiB, 81920 MiB, 0 %
2026/07/04 03:08:46.243, 3, 0 MiB, 81920 MiB, 0 %
2026/07/04 03:08:46.243, 4, 0 MiB, 81920 MiB, 0 %
2026/07/04 03:08:46.243, 5, 0 MiB, 81920 MiB, 0 %
2026/07/04 03:08:46.244, 6, 0 MiB, 81920 MiB, 0 %
2026/07/04 03:08:46.244, 7, 0 MiB, 81920 MiB, 0 %
2026/07/04 03:08:56.245, 0, 0 MiB, 81920 MiB, 0 %
2026/07/04 03:08:56.245, 1, 5951 MiB, 81920 MiB, 0 %
2026/07/04 03:08:56.246, 2, 0 MiB, 81920 MiB, 0 %
2026/07/04 03:08:56.246, 3, 0 MiB, 81920 MiB, 0 %
2026/07/04 03:08:56.246, 4, 0 MiB, 81920 MiB, 0 %
2026/07/04 03:08:56.246, 5, 0 MiB, 81920 MiB, 0 %
2026/07/04 03:08:56.247, 6, 0 MiB, 81920 MiB, 0 %
2026/07/04 03:08:56.247, 7, 0 MiB, 81920 MiB, 0 %
2026/07/04 03:09:06.248, 0, 0 MiB, 81920 MiB, 0 %
2026/07/04 03:09:06.248, 1, 5951 MiB, 81920 MiB, 0 %
2026/07/04 03:09:06.248, 2, 0 MiB, 81920 MiB, 0 %
2026/07/04 03:09:06.249, 3, 0 MiB, 81920 MiB, 0 %
2026/07/04 03:09:06.249, 4, 0 MiB, 81920 MiB, 0 %
2026/07/04 03:09:06.249, 5, 0 MiB, 81920 MiB, 0 %
2026/07/04 03:09:06.250, 6, 0 MiB, 81920 MiB, 0 %
2026/07/04 03:09:06.250, 7, 0 MiB, 81920 MiB, 0 %
2026/07/04 03:09:16.250, 0, 0 MiB, 81920 MiB, 0 %
2026/07/04 03:09:16.251, 1, 5951 MiB, 81920 MiB, 2 %
2026/07/04 03:09:16.251, 2, 0 MiB, 81920 MiB, 0 %
2026/07/04 03:09:16.251, 3, 0 MiB, 81920 MiB, 0 %
2026/07/04 03:09:16.252, 4, 0 MiB, 81920 MiB, 0 %
2026/07/04 03:09:16.252, 5, 0 MiB, 81920 MiB, 0 %
2026/07/04 03:09:16.252, 6, 0 MiB, 81920 MiB, 0 %
2026/07/04 03:09:16.253, 7, 0 MiB, 81920 MiB, 0 %
2026/07/04 03:09:26.253, 0, 0 MiB, 81920 MiB, 0 %
2026/07/04 03:09:26.254, 1, 5951 MiB, 81920 MiB, 0 %
2026/07/04 03:09:26.254, 2, 0 MiB, 81920 MiB, 0 %
2026/07/04 03:09:26.254, 3, 0 MiB, 81920 MiB, 0 %
2026/07/04 03:09:26.254, 4, 0 MiB, 81920 MiB, 0 %
2026/07/04 03:09:26.255, 5, 0 MiB, 81920 MiB, 0 %
2026/07/04 03:09:26.255, 6, 0 MiB, 81920 MiB, 0 %
2026/07/04 03:09:26.255, 7, 0 MiB, 81920 MiB, 0 %
2026/07/04 03:09:36.256, 0, 0 MiB, 81920 MiB, 0 %
2026/07/04 03:09:36.256, 1, 5951 MiB, 81920 MiB, 0 %
2026/07/04 03:09:36.257, 2, 0 MiB, 81920 MiB, 0 %
2026/07/04 03:09:36.257, 3, 0 MiB, 81920 MiB, 0 %
2026/07/04 03:09:36.257, 4, 0 MiB, 81920 MiB, 0 %
2026/07/04 03:09:36.258, 5, 0 MiB, 81920 MiB, 0 %
2026/07/04 03:09:36.258, 6, 0 MiB, 81920 MiB, 0 %
2026/07/04 03:09:36.258, 7, 0 MiB, 81920 MiB, 0 %
2026/07/04 03:09:46.259, 0, 0 MiB, 81920 MiB, 0 %
2026/07/04 03:09:46.259, 1, 5951 MiB, 81920 MiB, 54 %
2026/07/04 03:09:46.259, 2, 0 MiB, 81920 MiB, 0 %
2026/07/04 03:09:46.260, 3, 0 MiB, 81920 MiB, 0 %
2026/07/04 03:09:46.260, 4, 0 MiB, 81920 MiB, 0 %
2026/07/04 03:09:46.260, 5, 0 MiB, 81920 MiB, 0 %
2026/07/04 03:09:46.261, 6, 0 MiB, 81920 MiB, 0 %
2026/07/04 03:09:46.261, 7, 0 MiB, 81920 MiB, 0 %
2026/07/04 03:09:56.261, 0, 0 MiB, 81920 MiB, 0 %
2026/07/04 03:09:56.262, 1, 5951 MiB, 81920 MiB, 0 %
2026/07/04 03:09:56.262, 2, 0 MiB, 81920 MiB, 0 %
2026/07/04 03:09:56.262, 3, 0 MiB, 81920 MiB, 0 %
2026/07/04 03:09:56.263, 4, 0 MiB, 81920 MiB, 0 %
2026/07/04 03:09:56.263, 5, 0 MiB, 81920 MiB, 0 %
2026/07/04 03:09:56.263, 6, 0 MiB, 81920 MiB, 0 %
2026/07/04 03:09:56.264, 7, 0 MiB, 81920 MiB, 0 %
2026/07/04 03:10:06.265, 0, 0 MiB, 81920 MiB, 0 %
2026/07/04 03:10:06.266, 1, 5951 MiB, 81920 MiB, 0 %
2026/07/04 03:10:06.266, 2, 0 MiB, 81920 MiB, 0 %
2026/07/04 03:10:06.266, 3, 0 MiB, 81920 MiB, 0 %
2026/07/04 03:10:06.266, 4, 0 MiB, 81920 MiB, 0 %
2026/07/04 03:10:06.267, 5, 0 MiB, 81920 MiB, 0 %
2026/07/04 03:10:06.267, 6, 0 MiB, 81920 MiB, 0 %
2026/07/04 03:10:06.267, 7, 0 MiB, 81920 MiB, 0 %
2026/07/04 03:10:16.269, 0, 0 MiB, 81920 MiB, 0 %
2026/07/04 03:10:16.269, 1, 5951 MiB, 81920 MiB, 0 %
2026/07/04 03:10:16.269, 2, 0 MiB, 81920 MiB, 0 %
2026/07/04 03:10:16.270, 3, 0 MiB, 81920 MiB, 0 %
2026/07/04 03:10:16.270, 4, 0 MiB, 81920 MiB, 0 %
2026/07/04 03:10:16.270, 5, 0 MiB, 81920 MiB, 0 %
2026/07/04 03:10:16.271, 6, 0 MiB, 81920 MiB, 0 %
2026/07/04 03:10:16.271, 7, 0 MiB, 81920 MiB, 0 %
2026/07/04 03:10:26.272, 0, 0 MiB, 81920 MiB, 0 %
2026/07/04 03:10:26.272, 1, 5951 MiB, 81920 MiB, 0 %
2026/07/04 03:10:26.272, 2, 0 MiB, 81920 MiB, 0 %
2026/07/04 03:10:26.273, 3, 0 MiB, 81920 MiB, 0 %
2026/07/04 03:10:26.273, 4, 0 MiB, 81920 MiB, 0 %
2026/07/04 03:10:26.273, 5, 0 MiB, 81920 MiB, 0 %
2026/07/04 03:10:26.274, 6, 0 MiB, 81920 MiB, 0 %
2026/07/04 03:10:26.274, 7, 0 MiB, 81920 MiB, 0 %
2026/07/04 03:10:36.274, 0, 0 MiB, 81920 MiB, 0 %
2026/07/04 03:10:36.275, 1, 5951 MiB, 81920 MiB, 69 %
2026/07/04 03:10:36.275, 2, 0 MiB, 81920 MiB, 0 %
2026/07/04 03:10:36.276, 3, 0 MiB, 81920 MiB, 0 %
2026/07/04 03:10:36.276, 4, 0 MiB, 81920 MiB, 0 %
2026/07/04 03:10:36.276, 5, 0 MiB, 81920 MiB, 0 %
2026/07/04 03:10:36.276, 6, 0 MiB, 81920 MiB, 0 %
2026/07/04 03:10:36.277, 7, 0 MiB, 81920 MiB, 0 %
2026/07/04 03:10:46.277, 0, 0 MiB, 81920 MiB, 0 %
2026/07/04 03:10:46.278, 1, 5951 MiB, 81920 MiB, 0 %
2026/07/04 03:10:46.278, 2, 0 MiB, 81920 MiB, 0 %
2026/07/04 03:10:46.278, 3, 0 MiB, 81920 MiB, 0 %
2026/07/04 03:10:46.279, 4, 0 MiB, 81920 MiB, 0 %
2026/07/04 03:10:46.279, 5, 0 MiB, 81920 MiB, 0 %
2026/07/04 03:10:46.279, 6, 0 MiB, 81920 MiB, 0 %
2026/07/04 03:10:46.279, 7, 0 MiB, 81920 MiB, 0 %
2026/07/04 03:10:56.281, 0, 0 MiB, 81920 MiB, 0 %
2026/07/04 03:10:56.281, 1, 5951 MiB, 81920 MiB, 0 %
2026/07/04 03:10:56.282, 2, 0 MiB, 81920 MiB, 0 %
2026/07/04 03:10:56.282, 3, 0 MiB, 81920 MiB, 0 %
2026/07/04 03:10:56.282, 4, 0 MiB, 81920 MiB, 0 %
2026/07/04 03:10:56.283, 5, 0 MiB, 81920 MiB, 0 %
2026/07/04 03:10:56.283, 6, 0 MiB, 81920 MiB, 0 %
2026/07/04 03:10:56.283, 7, 0 MiB, 81920 MiB, 0 %
2026/07/04 03:11:06.284, 0, 0 MiB, 81920 MiB, 0 %
2026/07/04 03:11:06.284, 1, 5951 MiB, 81920 MiB, 0 %
2026/07/04 03:11:06.285, 2, 0 MiB, 81920 MiB, 0 %
2026/07/04 03:11:06.285, 3, 0 MiB, 81920 MiB, 0 %
2026/07/04 03:11:06.285, 4, 0 MiB, 81920 MiB, 0 %
2026/07/04 03:11:06.286, 5, 0 MiB, 81920 MiB, 0 %
2026/07/04 03:11:06.286, 6, 0 MiB, 81920 MiB, 0 %
2026/07/04 03:11:06.286, 7, 0 MiB, 81920 MiB, 0 %
2026/07/04 03:11:16.287, 0, 0 MiB, 81920 MiB, 0 %
2026/07/04 03:11:16.287, 1, 5951 MiB, 81920 MiB, 0 %
2026/07/04 03:11:16.287, 2, 0 MiB, 81920 MiB, 0 %
2026/07/04 03:11:16.288, 3, 0 MiB, 81920 MiB, 0 %
2026/07/04 03:11:16.288, 4, 0 MiB, 81920 MiB, 0 %
2026/07/04 03:11:16.288, 5, 0 MiB, 81920 MiB, 0 %
2026/07/04 03:11:16.289, 6, 0 MiB, 81920 MiB, 0 %
2026/07/04 03:11:16.289, 7, 0 MiB, 81920 MiB, 0 %
2026/07/04 03:11:26.289, 0, 0 MiB, 81920 MiB, 0 %
2026/07/04 03:11:26.290, 1, 5951 MiB, 81920 MiB, 0 %
2026/07/04 03:11:26.290, 2, 0 MiB, 81920 MiB, 0 %
2026/07/04 03:11:26.291, 3, 0 MiB, 81920 MiB, 0 %
2026/07/04 03:11:26.291, 4, 0 MiB, 81920 MiB, 0 %
2026/07/04 03:11:26.291, 5, 0 MiB, 81920 MiB, 0 %
2026/07/04 03:11:26.291, 6, 0 MiB, 81920 MiB, 0 %
2026/07/04 03:11:26.292, 7, 0 MiB, 81920 MiB, 0 %
2026/07/04 03:11:36.293, 0, 0 MiB, 81920 MiB, 0 %
2026/07/04 03:11:36.293, 1, 5951 MiB, 81920 MiB, 0 %
2026/07/04 03:11:36.294, 2, 0 MiB, 81920 MiB, 0 %
2026/07/04 03:11:36.294, 3, 0 MiB, 81920 MiB, 0 %
2026/07/04 03:11:36.294, 4, 0 MiB, 81920 MiB, 0 %
2026/07/04 03:11:36.295, 5, 0 MiB, 81920 MiB, 0 %
2026/07/04 03:11:36.295, 6, 0 MiB, 81920 MiB, 0 %
2026/07/04 03:11:36.295, 7, 0 MiB, 81920 MiB, 0 %
2026/07/04 03:11:46.296, 0, 0 MiB, 81920 MiB, 0 %
2026/07/04 03:11:46.296, 1, 5951 MiB, 81920 MiB, 0 %
2026/07/04 03:11:46.297, 2, 0 MiB, 81920 MiB, 0 %
2026/07/04 03:11:46.297, 3, 0 MiB, 81920 MiB, 0 %
2026/07/04 03:11:46.297, 4, 0 MiB, 81920 MiB, 0 %
2026/07/04 03:11:46.297, 5, 0 MiB, 81920 MiB, 0 %
2026/07/04 03:11:46.298, 6, 0 MiB, 81920 MiB, 0 %
2026/07/04 03:11:46.298, 7, 0 MiB, 81920 MiB, 0 %
2026/07/04 03:11:56.299, 0, 0 MiB, 81920 MiB, 0 %
2026/07/04 03:11:56.299, 1, 5951 MiB, 81920 MiB, 53 %
2026/07/04 03:11:56.300, 2, 0 MiB, 81920 MiB, 0 %
2026/07/04 03:11:56.300, 3, 0 MiB, 81920 MiB, 0 %
2026/07/04 03:11:56.300, 4, 0 MiB, 81920 MiB, 0 %
2026/07/04 03:11:56.301, 5, 0 MiB, 81920 MiB, 0 %
2026/07/04 03:11:56.301, 6, 0 MiB, 81920 MiB, 0 %
2026/07/04 03:11:56.301, 7, 0 MiB, 81920 MiB, 0 %
2026/07/04 03:12:06.302, 0, 0 MiB, 81920 MiB, 0 %
2026/07/04 03:12:06.302, 1, 5951 MiB, 81920 MiB, 0 %
2026/07/04 03:12:06.303, 2, 0 MiB, 81920 MiB, 0 %
2026/07/04 03:12:06.303, 3, 0 MiB, 81920 MiB, 0 %
2026/07/04 03:12:06.303, 4, 0 MiB, 81920 MiB, 0 %
2026/07/04 03:12:06.303, 5, 0 MiB, 81920 MiB, 0 %
2026/07/04 03:12:06.304, 6, 0 MiB, 81920 MiB, 0 %
2026/07/04 03:12:06.304, 7, 0 MiB, 81920 MiB, 0 %
2026/07/04 03:12:16.304, 0, 0 MiB, 81920 MiB, 0 %
2026/07/04 03:12:16.305, 1, 5951 MiB, 81920 MiB, 0 %
2026/07/04 03:12:16.305, 2, 0 MiB, 81920 MiB, 0 %
2026/07/04 03:12:16.306, 3, 0 MiB, 81920 MiB, 0 %
2026/07/04 03:12:16.306, 4, 0 MiB, 81920 MiB, 0 %
2026/07/04 03:12:16.306, 5, 0 MiB, 81920 MiB, 0 %
2026/07/04 03:12:16.306, 6, 0 MiB, 81920 MiB, 0 %
2026/07/04 03:12:16.307, 7, 0 MiB, 81920 MiB, 0 %
2026/07/04 03:12:26.307, 0, 0 MiB, 81920 MiB, 0 %
2026/07/04 03:12:26.308, 1, 5951 MiB, 81920 MiB, 53 %
2026/07/04 03:12:26.308, 2, 0 MiB, 81920 MiB, 0 %
2026/07/04 03:12:26.308, 3, 0 MiB, 81920 MiB, 0 %
2026/07/04 03:12:26.309, 4, 0 MiB, 81920 MiB, 0 %
2026/07/04 03:12:26.309, 5, 0 MiB, 81920 MiB, 0 %
2026/07/04 03:12:26.309, 6, 0 MiB, 81920 MiB, 0 %
2026/07/04 03:12:26.310, 7, 0 MiB, 81920 MiB, 0 %
2026/07/04 03:12:36.310, 0, 0 MiB, 81920 MiB, 0 %
2026/07/04 03:12:36.311, 1, 5951 MiB, 81920 MiB, 0 %
2026/07/04 03:12:36.311, 2, 0 MiB, 81920 MiB, 0 %
2026/07/04 03:12:36.311, 3, 0 MiB, 81920 MiB, 0 %
2026/07/04 03:12:36.312, 4, 0 MiB, 81920 MiB, 0 %
2026/07/04 03:12:36.312, 5, 0 MiB, 81920 MiB, 0 %
2026/07/04 03:12:36.312, 6, 0 MiB, 81920 MiB, 0 %
2026/07/04 03:12:36.313, 7, 0 MiB, 81920 MiB, 0 %
2026/07/04 03:12:46.313, 0, 0 MiB, 81920 MiB, 0 %
2026/07/04 03:12:46.314, 1, 5951 MiB, 81920 MiB, 0 %
2026/07/04 03:12:46.314, 2, 0 MiB, 81920 MiB, 0 %
2026/07/04 03:12:46.314, 3, 0 MiB, 81920 MiB, 0 %
2026/07/04 03:12:46.315, 4, 0 MiB, 81920 MiB, 0 %
2026/07/04 03:12:46.315, 5, 0 MiB, 81920 MiB, 0 %
2026/07/04 03:12:46.315, 6, 0 MiB, 81920 MiB, 0 %
2026/07/04 03:12:46.316, 7, 0 MiB, 81920 MiB, 0 %
2026/07/04 03:12:56.316, 0, 0 MiB, 81920 MiB, 0 %
2026/07/04 03:12:56.317, 1, 5951 MiB, 81920 MiB, 0 %
2026/07/04 03:12:56.317, 2, 0 MiB, 81920 MiB, 0 %
2026/07/04 03:12:56.317, 3, 0 MiB, 81920 MiB, 0 %
2026/07/04 03:12:56.317, 4, 0 MiB, 81920 MiB, 0 %
2026/07/04 03:12:56.318, 5, 0 MiB, 81920 MiB, 0 %
2026/07/04 03:12:56.318, 6, 0 MiB, 81920 MiB, 0 %
2026/07/04 03:12:56.318, 7, 0 MiB, 81920 MiB, 0 %
2026/07/04 03:13:06.320, 0, 0 MiB, 81920 MiB, 0 %
2026/07/04 03:13:06.320, 1, 5951 MiB, 81920 MiB, 54 %
2026/07/04 03:13:06.320, 2, 0 MiB, 81920 MiB, 0 %
2026/07/04 03:13:06.321, 3, 0 MiB, 81920 MiB, 0 %
2026/07/04 03:13:06.321, 4, 0 MiB, 81920 MiB, 0 %
2026/07/04 03:13:06.321, 5, 0 MiB, 81920 MiB, 0 %
2026/07/04 03:13:06.322, 6, 0 MiB, 81920 MiB, 0 %
2026/07/04 03:13:06.322, 7, 0 MiB, 81920 MiB, 0 %
2026/07/04 03:13:16.323, 0, 0 MiB, 81920 MiB, 0 %
2026/07/04 03:13:16.323, 1, 5951 MiB, 81920 MiB, 0 %
2026/07/04 03:13:16.323, 2, 0 MiB, 81920 MiB, 0 %
2026/07/04 03:13:16.324, 3, 0 MiB, 81920 MiB, 0 %
2026/07/04 03:13:16.324, 4, 0 MiB, 81920 MiB, 0 %
2026/07/04 03:13:16.324, 5, 0 MiB, 81920 MiB, 0 %
2026/07/04 03:13:16.325, 6, 0 MiB, 81920 MiB, 0 %
2026/07/04 03:13:16.325, 7, 0 MiB, 81920 MiB, 0 %
2026/07/04 03:13:26.326, 0, 0 MiB, 81920 MiB, 0 %
2026/07/04 03:13:26.326, 1, 5951 MiB, 81920 MiB, 26 %
2026/07/04 03:13:26.326, 2, 0 MiB, 81920 MiB, 0 %
2026/07/04 03:13:26.327, 3, 0 MiB, 81920 MiB, 0 %
2026/07/04 03:13:26.327, 4, 0 MiB, 81920 MiB, 0 %
2026/07/04 03:13:26.327, 5, 0 MiB, 81920 MiB, 0 %
2026/07/04 03:13:26.327, 6, 0 MiB, 81920 MiB, 0 %
2026/07/04 03:13:26.328, 7, 0 MiB, 81920 MiB, 0 %
2026/07/04 03:13:36.328, 0, 0 MiB, 81920 MiB, 0 %
2026/07/04 03:13:36.329, 1, 5951 MiB, 81920 MiB, 0 %
2026/07/04 03:13:36.329, 2, 0 MiB, 81920 MiB, 0 %
2026/07/04 03:13:36.329, 3, 0 MiB, 81920 MiB, 0 %
2026/07/04 03:13:36.330, 4, 0 MiB, 81920 MiB, 0 %
2026/07/04 03:13:36.330, 5, 0 MiB, 81920 MiB, 0 %
2026/07/04 03:13:36.330, 6, 0 MiB, 81920 MiB, 0 %
2026/07/04 03:13:36.331, 7, 0 MiB, 81920 MiB, 0 %
2026/07/04 03:13:46.332, 0, 0 MiB, 81920 MiB, 0 %
2026/07/04 03:13:46.332, 1, 5951 MiB, 81920 MiB, 54 %
2026/07/04 03:13:46.333, 2, 0 MiB, 81920 MiB, 0 %
2026/07/04 03:13:46.333, 3, 0 MiB, 81920 MiB, 0 %
2026/07/04 03:13:46.333, 4, 0 MiB, 81920 MiB, 0 %
2026/07/04 03:13:46.334, 5, 0 MiB, 81920 MiB, 0 %
2026/07/04 03:13:46.334, 6, 0 MiB, 81920 MiB, 0 %
2026/07/04 03:13:46.334, 7, 0 MiB, 81920 MiB, 0 %
2026/07/04 03:13:56.335, 0, 0 MiB, 81920 MiB, 0 %
2026/07/04 03:13:56.335, 1, 5951 MiB, 81920 MiB, 0 %
2026/07/04 03:13:56.336, 2, 0 MiB, 81920 MiB, 0 %
2026/07/04 03:13:56.336, 3, 0 MiB, 81920 MiB, 0 %
2026/07/04 03:13:56.336, 4, 0 MiB, 81920 MiB, 0 %
2026/07/04 03:13:56.337, 5, 0 MiB, 81920 MiB, 0 %
2026/07/04 03:13:56.337, 6, 0 MiB, 81920 MiB, 0 %
2026/07/04 03:13:56.337, 7, 0 MiB, 81920 MiB, 0 %
2026/07/04 03:14:06.338, 0, 0 MiB, 81920 MiB, 0 %
2026/07/04 03:14:06.338, 1, 5951 MiB, 81920 MiB, 0 %
2026/07/04 03:14:06.339, 2, 0 MiB, 81920 MiB, 0 %
2026/07/04 03:14:06.339, 3, 0 MiB, 81920 MiB, 0 %
2026/07/04 03:14:06.339, 4, 0 MiB, 81920 MiB, 0 %
2026/07/04 03:14:06.340, 5, 0 MiB, 81920 MiB, 0 %
2026/07/04 03:14:06.340, 6, 0 MiB, 81920 MiB, 0 %
2026/07/04 03:14:06.340, 7, 0 MiB, 81920 MiB, 0 %
2026/07/04 03:14:16.341, 0, 0 MiB, 81920 MiB, 0 %
2026/07/04 03:14:16.341, 1, 5951 MiB, 81920 MiB, 0 %
2026/07/04 03:14:16.342, 2, 0 MiB, 81920 MiB, 0 %
2026/07/04 03:14:16.342, 3, 0 MiB, 81920 MiB, 0 %
2026/07/04 03:14:16.342, 4, 0 MiB, 81920 MiB, 0 %
2026/07/04 03:14:16.343, 5, 0 MiB, 81920 MiB, 0 %
2026/07/04 03:14:16.343, 6, 0 MiB, 81920 MiB, 0 %
2026/07/04 03:14:16.343, 7, 0 MiB, 81920 MiB, 0 %
2026/07/04 03:14:26.344, 0, 0 MiB, 81920 MiB, 0 %
2026/07/04 03:14:26.344, 1, 5951 MiB, 81920 MiB, 37 %
2026/07/04 03:14:26.344, 2, 0 MiB, 81920 MiB, 0 %
2026/07/04 03:14:26.345, 3, 0 MiB, 81920 MiB, 0 %
2026/07/04 03:14:26.345, 4, 0 MiB, 81920 MiB, 0 %
2026/07/04 03:14:26.345, 5, 0 MiB, 81920 MiB, 0 %
2026/07/04 03:14:26.345, 6, 0 MiB, 81920 MiB, 0 %
2026/07/04 03:14:26.346, 7, 0 MiB, 81920 MiB, 0 %
2026/07/04 03:14:36.346, 0, 0 MiB, 81920 MiB, 0 %
2026/07/04 03:14:36.347, 1, 5951 MiB, 81920 MiB, 0 %
2026/07/04 03:14:36.347, 2, 0 MiB, 81920 MiB, 0 %
2026/07/04 03:14:36.347, 3, 0 MiB, 81920 MiB, 0 %
2026/07/04 03:14:36.348, 4, 0 MiB, 81920 MiB, 0 %
2026/07/04 03:14:36.348, 5, 0 MiB, 81920 MiB, 0 %
2026/07/04 03:14:36.348, 6, 0 MiB, 81920 MiB, 0 %
2026/07/04 03:14:36.349, 7, 0 MiB, 81920 MiB, 0 %
2026/07/04 03:14:46.349, 0, 0 MiB, 81920 MiB, 0 %
2026/07/04 03:14:46.350, 1, 5951 MiB, 81920 MiB, 0 %
2026/07/04 03:14:46.350, 2, 0 MiB, 81920 MiB, 0 %
2026/07/04 03:14:46.350, 3, 0 MiB, 81920 MiB, 0 %
2026/07/04 03:14:46.351, 4, 0 MiB, 81920 MiB, 0 %
2026/07/04 03:14:46.351, 5, 0 MiB, 81920 MiB, 0 %
2026/07/04 03:14:46.351, 6, 0 MiB, 81920 MiB, 0 %
2026/07/04 03:14:46.351, 7, 0 MiB, 81920 MiB, 0 %
2026/07/04 03:14:56.352, 0, 0 MiB, 81920 MiB, 0 %
2026/07/04 03:14:56.353, 1, 5951 MiB, 81920 MiB, 0 %
2026/07/04 03:14:56.353, 2, 0 MiB, 81920 MiB, 0 %
2026/07/04 03:14:56.353, 3, 0 MiB, 81920 MiB, 0 %
2026/07/04 03:14:56.353, 4, 0 MiB, 81920 MiB, 0 %
2026/07/04 03:14:56.354, 5, 0 MiB, 81920 MiB, 0 %
2026/07/04 03:14:56.354, 6, 0 MiB, 81920 MiB, 0 %
2026/07/04 03:14:56.354, 7, 0 MiB, 81920 MiB, 0 %
2026/07/04 03:15:06.355, 0, 0 MiB, 81920 MiB, 0 %
2026/07/04 03:15:06.355, 1, 5951 MiB, 81920 MiB, 0 %
2026/07/04 03:15:06.356, 2, 0 MiB, 81920 MiB, 0 %
2026/07/04 03:15:06.356, 3, 0 MiB, 81920 MiB, 0 %
2026/07/04 03:15:06.356, 4, 0 MiB, 81920 MiB, 0 %
2026/07/04 03:15:06.357, 5, 0 MiB, 81920 MiB, 0 %
2026/07/04 03:15:06.357, 6, 0 MiB, 81920 MiB, 0 %
2026/07/04 03:15:06.357, 7, 0 MiB, 81920 MiB, 0 %
2026/07/04 03:15:16.358, 0, 0 MiB, 81920 MiB, 0 %
2026/07/04 03:15:16.358, 1, 5951 MiB, 81920 MiB, 0 %
2026/07/04 03:15:16.358, 2, 0 MiB, 81920 MiB, 0 %
2026/07/04 03:15:16.359, 3, 0 MiB, 81920 MiB, 0 %
2026/07/04 03:15:16.359, 4, 0 MiB, 81920 MiB, 0 %
2026/07/04 03:15:16.359, 5, 0 MiB, 81920 MiB, 0 %
2026/07/04 03:15:16.360, 6, 0 MiB, 81920 MiB, 0 %
2026/07/04 03:15:16.360, 7, 0 MiB, 81920 MiB, 0 %
2026/07/04 03:15:26.361, 0, 0 MiB, 81920 MiB, 0 %
2026/07/04 03:15:26.361, 1, 5951 MiB, 81920 MiB, 0 %
2026/07/04 03:15:26.361, 2, 0 MiB, 81920 MiB, 0 %
2026/07/04 03:15:26.362, 3, 0 MiB, 81920 MiB, 0 %
2026/07/04 03:15:26.362, 4, 0 MiB, 81920 MiB, 0 %
2026/07/04 03:15:26.362, 5, 0 MiB, 81920 MiB, 0 %
2026/07/04 03:15:26.363, 6, 0 MiB, 81920 MiB, 0 %
2026/07/04 03:15:26.363, 7, 0 MiB, 81920 MiB, 0 %
2026/07/04 03:15:36.363, 0, 0 MiB, 81920 MiB, 0 %
2026/07/04 03:15:36.364, 1, 5951 MiB, 81920 MiB, 45 %
2026/07/04 03:15:36.364, 2, 0 MiB, 81920 MiB, 0 %
2026/07/04 03:15:36.365, 3, 0 MiB, 81920 MiB, 0 %
2026/07/04 03:15:36.365, 4, 0 MiB, 81920 MiB, 0 %
2026/07/04 03:15:36.365, 5, 0 MiB, 81920 MiB, 0 %
2026/07/04 03:15:36.365, 6, 0 MiB, 81920 MiB, 0 %
2026/07/04 03:15:36.366, 7, 0 MiB, 81920 MiB, 0 %
2026/07/04 03:15:46.366, 0, 0 MiB, 81920 MiB, 0 %
2026/07/04 03:15:46.367, 1, 5951 MiB, 81920 MiB, 0 %
2026/07/04 03:15:46.367, 2, 0 MiB, 81920 MiB, 0 %
2026/07/04 03:15:46.367, 3, 0 MiB, 81920 MiB, 0 %
2026/07/04 03:15:46.368, 4, 0 MiB, 81920 MiB, 0 %
2026/07/04 03:15:46.368, 5, 0 MiB, 81920 MiB, 0 %
2026/07/04 03:15:46.368, 6, 0 MiB, 81920 MiB, 0 %
2026/07/04 03:15:46.368, 7, 0 MiB, 81920 MiB, 0 %
2026/07/04 03:15:56.369, 0, 0 MiB, 81920 MiB, 0 %
2026/07/04 03:15:56.369, 1, 5951 MiB, 81920 MiB, 38 %
2026/07/04 03:15:56.370, 2, 0 MiB, 81920 MiB, 0 %
2026/07/04 03:15:56.370, 3, 0 MiB, 81920 MiB, 0 %
2026/07/04 03:15:56.370, 4, 0 MiB, 81920 MiB, 0 %
2026/07/04 03:15:56.371, 5, 0 MiB, 81920 MiB, 0 %
2026/07/04 03:15:56.371, 6, 0 MiB, 81920 MiB, 0 %
2026/07/04 03:15:56.371, 7, 0 MiB, 81920 MiB, 0 %
2026/07/04 03:16:06.372, 0, 0 MiB, 81920 MiB, 0 %
2026/07/04 03:16:06.372, 1, 5951 MiB, 81920 MiB, 0 %
2026/07/04 03:16:06.373, 2, 0 MiB, 81920 MiB, 0 %
2026/07/04 03:16:06.373, 3, 0 MiB, 81920 MiB, 0 %
2026/07/04 03:16:06.373, 4, 0 MiB, 81920 MiB, 0 %
2026/07/04 03:16:06.373, 5, 0 MiB, 81920 MiB, 0 %
2026/07/04 03:16:06.374, 6, 0 MiB, 81920 MiB, 0 %
2026/07/04 03:16:06.374, 7, 0 MiB, 81920 MiB, 0 %
2026/07/04 03:16:16.375, 0, 0 MiB, 81920 MiB, 0 %
2026/07/04 03:16:16.375, 1, 5951 MiB, 81920 MiB, 0 %
2026/07/04 03:16:16.375, 2, 0 MiB, 81920 MiB, 0 %
2026/07/04 03:16:16.376, 3, 0 MiB, 81920 MiB, 0 %
2026/07/04 03:16:16.376, 4, 0 MiB, 81920 MiB, 0 %
2026/07/04 03:16:16.376, 5, 0 MiB, 81920 MiB, 0 %
2026/07/04 03:16:16.377, 6, 0 MiB, 81920 MiB, 0 %
2026/07/04 03:16:16.377, 7, 0 MiB, 81920 MiB, 0 %
2026/07/04 03:16:26.377, 0, 0 MiB, 81920 MiB, 0 %
2026/07/04 03:16:26.378, 1, 5951 MiB, 81920 MiB, 0 %
2026/07/04 03:16:26.378, 2, 0 MiB, 81920 MiB, 0 %
2026/07/04 03:16:26.378, 3, 0 MiB, 81920 MiB, 0 %
2026/07/04 03:16:26.379, 4, 0 MiB, 81920 MiB, 0 %
2026/07/04 03:16:26.379, 5, 0 MiB, 81920 MiB, 0 %
2026/07/04 03:16:26.379, 6, 0 MiB, 81920 MiB, 0 %
2026/07/04 03:16:26.380, 7, 0 MiB, 81920 MiB, 0 %
2026/07/04 03:16:36.380, 0, 0 MiB, 81920 MiB, 0 %
2026/07/04 03:16:36.381, 1, 5951 MiB, 81920 MiB, 0 %
2026/07/04 03:16:36.381, 2, 0 MiB, 81920 MiB, 0 %
2026/07/04 03:16:36.381, 3, 0 MiB, 81920 MiB, 0 %
2026/07/04 03:16:36.381, 4, 0 MiB, 81920 MiB, 0 %
2026/07/04 03:16:36.382, 5, 0 MiB, 81920 MiB, 0 %
2026/07/04 03:16:36.382, 6, 0 MiB, 81920 MiB, 0 %
2026/07/04 03:16:36.382, 7, 0 MiB, 81920 MiB, 0 %
2026/07/04 03:16:46.383, 0, 0 MiB, 81920 MiB, 0 %
2026/07/04 03:16:46.383, 1, 5951 MiB, 81920 MiB, 0 %
2026/07/04 03:16:46.384, 2, 0 MiB, 81920 MiB, 0 %
2026/07/04 03:16:46.384, 3, 0 MiB, 81920 MiB, 0 %
2026/07/04 03:16:46.385, 4, 0 MiB, 81920 MiB, 0 %
2026/07/04 03:16:46.385, 5, 0 MiB, 81920 MiB, 0 %
2026/07/04 03:16:46.385, 6, 0 MiB, 81920 MiB, 0 %
2026/07/04 03:16:46.386, 7, 0 MiB, 81920 MiB, 0 %
2026/07/04 03:16:56.387, 0, 0 MiB, 81920 MiB, 0 %
2026/07/04 03:16:56.388, 1, 5951 MiB, 81920 MiB, 0 %
2026/07/04 03:16:56.388, 2, 0 MiB, 81920 MiB, 0 %
2026/07/04 03:16:56.388, 3, 0 MiB, 81920 MiB, 0 %
2026/07/04 03:16:56.389, 4, 0 MiB, 81920 MiB, 0 %
2026/07/04 03:16:56.389, 5, 0 MiB, 81920 MiB, 0 %
2026/07/04 03:16:56.389, 6, 0 MiB, 81920 MiB, 0 %
2026/07/04 03:16:56.389, 7, 0 MiB, 81920 MiB, 0 %
2026/07/04 03:17:06.391, 0, 0 MiB, 81920 MiB, 0 %
2026/07/04 03:17:06.391, 1, 5951 MiB, 81920 MiB, 45 %
2026/07/04 03:17:06.392, 2, 0 MiB, 81920 MiB, 0 %
2026/07/04 03:17:06.392, 3, 0 MiB, 81920 MiB, 0 %
2026/07/04 03:17:06.392, 4, 0 MiB, 81920 MiB, 0 %
2026/07/04 03:17:06.392, 5, 0 MiB, 81920 MiB, 0 %
2026/07/04 03:17:06.393, 6, 0 MiB, 81920 MiB, 0 %
2026/07/04 03:17:06.393, 7, 0 MiB, 81920 MiB, 0 %
2026/07/04 03:17:16.394, 0, 0 MiB, 81920 MiB, 0 %
2026/07/04 03:17:16.395, 1, 5951 MiB, 81920 MiB, 0 %
2026/07/04 03:17:16.395, 2, 0 MiB, 81920 MiB, 0 %
2026/07/04 03:17:16.395, 3, 0 MiB, 81920 MiB, 0 %
2026/07/04 03:17:16.396, 4, 0 MiB, 81920 MiB, 0 %
2026/07/04 03:17:16.396, 5, 0 MiB, 81920 MiB, 0 %
2026/07/04 03:17:16.396, 6, 0 MiB, 81920 MiB, 0 %
2026/07/04 03:17:16.397, 7, 0 MiB, 81920 MiB, 0 %
2026/07/04 03:17:26.398, 0, 0 MiB, 81920 MiB, 0 %
2026/07/04 03:17:26.399, 1, 5951 MiB, 81920 MiB, 0 %
2026/07/04 03:17:26.399, 2, 0 MiB, 81920 MiB, 0 %
2026/07/04 03:17:26.399, 3, 0 MiB, 81920 MiB, 0 %
2026/07/04 03:17:26.399, 4, 0 MiB, 81920 MiB, 0 %
2026/07/04 03:17:26.400, 5, 0 MiB, 81920 MiB, 0 %
2026/07/04 03:17:26.400, 6, 0 MiB, 81920 MiB, 0 %
2026/07/04 03:17:26.400, 7, 0 MiB, 81920 MiB, 0 %
2026/07/04 03:17:36.401, 0, 0 MiB, 81920 MiB, 0 %
2026/07/04 03:17:36.401, 1, 5951 MiB, 81920 MiB, 0 %
2026/07/04 03:17:36.402, 2, 0 MiB, 81920 MiB, 0 %
2026/07/04 03:17:36.402, 3, 0 MiB, 81920 MiB, 0 %
2026/07/04 03:17:36.402, 4, 0 MiB, 81920 MiB, 0 %
2026/07/04 03:17:36.403, 5, 0 MiB, 81920 MiB, 0 %
2026/07/04 03:17:36.403, 6, 0 MiB, 81920 MiB, 0 %
2026/07/04 03:17:36.403, 7, 0 MiB, 81920 MiB, 0 %
2026/07/04 03:17:46.404, 0, 0 MiB, 81920 MiB, 0 %
2026/07/04 03:17:46.404, 1, 5951 MiB, 81920 MiB, 0 %
2026/07/04 03:17:46.404, 2, 0 MiB, 81920 MiB, 0 %
2026/07/04 03:17:46.405, 3, 0 MiB, 81920 MiB, 0 %
2026/07/04 03:17:46.405, 4, 0 MiB, 81920 MiB, 0 %
2026/07/04 03:17:46.405, 5, 0 MiB, 81920 MiB, 0 %
2026/07/04 03:17:46.406, 6, 0 MiB, 81920 MiB, 0 %
2026/07/04 03:17:46.406, 7, 0 MiB, 81920 MiB, 0 %
2026/07/04 03:17:56.407, 0, 0 MiB, 81920 MiB, 0 %
2026/07/04 03:17:56.408, 1, 5951 MiB, 81920 MiB, 0 %
2026/07/04 03:17:56.408, 2, 0 MiB, 81920 MiB, 0 %
2026/07/04 03:17:56.408, 3, 0 MiB, 81920 MiB, 0 %
2026/07/04 03:17:56.409, 4, 0 MiB, 81920 MiB, 0 %
2026/07/04 03:17:56.409, 5, 0 MiB, 81920 MiB, 0 %
2026/07/04 03:17:56.409, 6, 0 MiB, 81920 MiB, 0 %
2026/07/04 03:17:56.410, 7, 0 MiB, 81920 MiB, 0 %
2026/07/04 03:18:06.411, 0, 0 MiB, 81920 MiB, 0 %
2026/07/04 03:18:06.412, 1, 5951 MiB, 81920 MiB, 0 %
2026/07/04 03:18:06.412, 2, 0 MiB, 81920 MiB, 0 %
2026/07/04 03:18:06.412, 3, 0 MiB, 81920 MiB, 0 %
2026/07/04 03:18:06.412, 4, 0 MiB, 81920 MiB, 0 %
2026/07/04 03:18:06.413, 5, 0 MiB, 81920 MiB, 0 %
2026/07/04 03:18:06.413, 6, 0 MiB, 81920 MiB, 0 %
2026/07/04 03:18:06.413, 7, 0 MiB, 81920 MiB, 0 %
2026/07/04 03:18:16.414, 0, 0 MiB, 81920 MiB, 0 %
2026/07/04 03:18:16.415, 1, 5951 MiB, 81920 MiB, 0 %
2026/07/04 03:18:16.415, 2, 0 MiB, 81920 MiB, 0 %
2026/07/04 03:18:16.415, 3, 0 MiB, 81920 MiB, 0 %
2026/07/04 03:18:16.416, 4, 0 MiB, 81920 MiB, 0 %
2026/07/04 03:18:16.416, 5, 0 MiB, 81920 MiB, 0 %
2026/07/04 03:18:16.416, 6, 0 MiB, 81920 MiB, 0 %
2026/07/04 03:18:16.416, 7, 0 MiB, 81920 MiB, 0 %
2026/07/04 03:18:26.417, 0, 0 MiB, 81920 MiB, 0 %
2026/07/04 03:18:26.418, 1, 5951 MiB, 81920 MiB, 0 %
2026/07/04 03:18:26.418, 2, 0 MiB, 81920 MiB, 0 %
2026/07/04 03:18:26.419, 3, 0 MiB, 81920 MiB, 0 %
2026/07/04 03:18:26.419, 4, 0 MiB, 81920 MiB, 0 %
2026/07/04 03:18:26.419, 5, 0 MiB, 81920 MiB, 0 %
2026/07/04 03:18:26.419, 6, 0 MiB, 81920 MiB, 0 %
2026/07/04 03:18:26.420, 7, 0 MiB, 81920 MiB, 0 %
2026/07/04 03:18:36.420, 0, 0 MiB, 81920 MiB, 0 %
2026/07/04 03:18:36.421, 1, 5951 MiB, 81920 MiB, 0 %
2026/07/04 03:18:36.421, 2, 0 MiB, 81920 MiB, 0 %
2026/07/04 03:18:36.421, 3, 0 MiB, 81920 MiB, 0 %
2026/07/04 03:18:36.422, 4, 0 MiB, 81920 MiB, 0 %
2026/07/04 03:18:36.422, 5, 0 MiB, 81920 MiB, 0 %
2026/07/04 03:18:36.422, 6, 0 MiB, 81920 MiB, 0 %
2026/07/04 03:18:36.423, 7, 0 MiB, 81920 MiB, 0 %
2026/07/04 03:18:46.423, 0, 0 MiB, 81920 MiB, 0 %
2026/07/04 03:18:46.424, 1, 5951 MiB, 81920 MiB, 0 %
2026/07/04 03:18:46.424, 2, 0 MiB, 81920 MiB, 0 %
2026/07/04 03:18:46.424, 3, 0 MiB, 81920 MiB, 0 %
2026/07/04 03:18:46.424, 4, 0 MiB, 81920 MiB, 0 %
2026/07/04 03:18:46.425, 5, 0 MiB, 81920 MiB, 0 %
2026/07/04 03:18:46.425, 6, 0 MiB, 81920 MiB, 0 %
2026/07/04 03:18:46.425, 7, 0 MiB, 81920 MiB, 0 %
2026/07/04 03:18:56.427, 0, 0 MiB, 81920 MiB, 0 %
2026/07/04 03:18:56.427, 1, 5951 MiB, 81920 MiB, 48 %
2026/07/04 03:18:56.428, 2, 0 MiB, 81920 MiB, 0 %
2026/07/04 03:18:56.428, 3, 0 MiB, 81920 MiB, 0 %
2026/07/04 03:18:56.428, 4, 0 MiB, 81920 MiB, 0 %
2026/07/04 03:18:56.428, 5, 0 MiB, 81920 MiB, 0 %
2026/07/04 03:18:56.429, 6, 0 MiB, 81920 MiB, 0 %
2026/07/04 03:18:56.429, 7, 0 MiB, 81920 MiB, 0 %
2026/07/04 03:19:06.430, 0, 0 MiB, 81920 MiB, 0 %
2026/07/04 03:19:06.430, 1, 5951 MiB, 81920 MiB, 0 %
2026/07/04 03:19:06.430, 2, 0 MiB, 81920 MiB, 0 %
2026/07/04 03:19:06.431, 3, 0 MiB, 81920 MiB, 0 %
2026/07/04 03:19:06.431, 4, 0 MiB, 81920 MiB, 0 %
2026/07/04 03:19:06.431, 5, 0 MiB, 81920 MiB, 0 %
2026/07/04 03:19:06.432, 6, 0 MiB, 81920 MiB, 0 %
2026/07/04 03:19:06.432, 7, 0 MiB, 81920 MiB, 0 %
2026/07/04 03:19:16.433, 0, 0 MiB, 81920 MiB, 0 %
2026/07/04 03:19:16.434, 1, 5951 MiB, 81920 MiB, 0 %
2026/07/04 03:19:16.434, 2, 0 MiB, 81920 MiB, 0 %
2026/07/04 03:19:16.434, 3, 0 MiB, 81920 MiB, 0 %
2026/07/04 03:19:16.435, 4, 0 MiB, 81920 MiB, 0 %
2026/07/04 03:19:16.435, 5, 0 MiB, 81920 MiB, 0 %
2026/07/04 03:19:16.435, 6, 0 MiB, 81920 MiB, 0 %
2026/07/04 03:19:16.435, 7, 0 MiB, 81920 MiB, 0 %
2026/07/04 03:19:26.437, 0, 0 MiB, 81920 MiB, 0 %
2026/07/04 03:19:26.437, 1, 5951 MiB, 81920 MiB, 0 %
2026/07/04 03:19:26.438, 2, 0 MiB, 81920 MiB, 0 %
2026/07/04 03:19:26.438, 3, 0 MiB, 81920 MiB, 0 %
2026/07/04 03:19:26.438, 4, 0 MiB, 81920 MiB, 0 %
2026/07/04 03:19:26.439, 5, 0 MiB, 81920 MiB, 0 %
2026/07/04 03:19:26.439, 6, 0 MiB, 81920 MiB, 0 %
2026/07/04 03:19:26.439, 7, 0 MiB, 81920 MiB, 0 %
2026/07/04 03:19:36.440, 0, 0 MiB, 81920 MiB, 0 %
2026/07/04 03:19:36.441, 1, 5951 MiB, 81920 MiB, 0 %
2026/07/04 03:19:36.441, 2, 0 MiB, 81920 MiB, 0 %
2026/07/04 03:19:36.442, 3, 0 MiB, 81920 MiB, 0 %
2026/07/04 03:19:36.442, 4, 0 MiB, 81920 MiB, 0 %
2026/07/04 03:19:36.442, 5, 0 MiB, 81920 MiB, 0 %
2026/07/04 03:19:36.442, 6, 0 MiB, 81920 MiB, 0 %
2026/07/04 03:19:36.443, 7, 0 MiB, 81920 MiB, 0 %
2026/07/04 03:19:46.444, 0, 0 MiB, 81920 MiB, 0 %
2026/07/04 03:19:46.445, 1, 5951 MiB, 81920 MiB, 0 %
2026/07/04 03:19:46.445, 2, 0 MiB, 81920 MiB, 0 %
2026/07/04 03:19:46.445, 3, 0 MiB, 81920 MiB, 0 %
2026/07/04 03:19:46.445, 4, 0 MiB, 81920 MiB, 0 %
2026/07/04 03:19:46.446, 5, 0 MiB, 81920 MiB, 0 %
2026/07/04 03:19:46.446, 6, 0 MiB, 81920 MiB, 0 %
2026/07/04 03:19:46.446, 7, 0 MiB, 81920 MiB, 0 %
2026/07/04 03:19:56.448, 0, 0 MiB, 81920 MiB, 0 %
2026/07/04 03:19:56.448, 1, 5951 MiB, 81920 MiB, 0 %
2026/07/04 03:19:56.448, 2, 0 MiB, 81920 MiB, 0 %
2026/07/04 03:19:56.449, 3, 0 MiB, 81920 MiB, 0 %
2026/07/04 03:19:56.449, 4, 0 MiB, 81920 MiB, 0 %
2026/07/04 03:19:56.449, 5, 0 MiB, 81920 MiB, 0 %
2026/07/04 03:19:56.450, 6, 0 MiB, 81920 MiB, 0 %
2026/07/04 03:19:56.450, 7, 0 MiB, 81920 MiB, 0 %
2026/07/04 03:20:06.451, 0, 0 MiB, 81920 MiB, 0 %
2026/07/04 03:20:06.452, 1, 5951 MiB, 81920 MiB, 0 %
2026/07/04 03:20:06.452, 2, 0 MiB, 81920 MiB, 0 %
2026/07/04 03:20:06.452, 3, 0 MiB, 81920 MiB, 0 %
2026/07/04 03:20:06.453, 4, 0 MiB, 81920 MiB, 0 %
2026/07/04 03:20:06.453, 5, 0 MiB, 81920 MiB, 0 %
2026/07/04 03:20:06.453, 6, 0 MiB, 81920 MiB, 0 %
2026/07/04 03:20:06.454, 7, 0 MiB, 81920 MiB, 0 %
2026/07/04 03:20:16.455, 0, 0 MiB, 81920 MiB, 0 %
2026/07/04 03:20:16.455, 1, 5951 MiB, 81920 MiB, 0 %
2026/07/04 03:20:16.456, 2, 0 MiB, 81920 MiB, 0 %
2026/07/04 03:20:16.456, 3, 0 MiB, 81920 MiB, 0 %
2026/07/04 03:20:16.456, 4, 0 MiB, 81920 MiB, 0 %
2026/07/04 03:20:16.456, 5, 0 MiB, 81920 MiB, 0 %
2026/07/04 03:20:16.457, 6, 0 MiB, 81920 MiB, 0 %
2026/07/04 03:20:16.457, 7, 0 MiB, 81920 MiB, 0 %
2026/07/04 03:20:26.458, 0, 0 MiB, 81920 MiB, 0 %
2026/07/04 03:20:26.459, 1, 5951 MiB, 81920 MiB, 0 %
2026/07/04 03:20:26.459, 2, 0 MiB, 81920 MiB, 0 %
2026/07/04 03:20:26.459, 3, 0 MiB, 81920 MiB, 0 %
2026/07/04 03:20:26.459, 4, 0 MiB, 81920 MiB, 0 %
2026/07/04 03:20:26.460, 5, 0 MiB, 81920 MiB, 0 %
2026/07/04 03:20:26.460, 6, 0 MiB, 81920 MiB, 0 %
2026/07/04 03:20:26.460, 7, 0 MiB, 81920 MiB, 0 %
2026/07/04 03:20:36.461, 0, 0 MiB, 81920 MiB, 0 %
2026/07/04 03:20:36.462, 1, 5951 MiB, 81920 MiB, 15 %
2026/07/04 03:20:36.462, 2, 0 MiB, 81920 MiB, 0 %
2026/07/04 03:20:36.462, 3, 0 MiB, 81920 MiB, 0 %
2026/07/04 03:20:36.463, 4, 0 MiB, 81920 MiB, 0 %
2026/07/04 03:20:36.463, 5, 0 MiB, 81920 MiB, 0 %
2026/07/04 03:20:36.463, 6, 0 MiB, 81920 MiB, 0 %
2026/07/04 03:20:36.463, 7, 0 MiB, 81920 MiB, 0 %
2026/07/04 03:20:46.464, 0, 0 MiB, 81920 MiB, 0 %
2026/07/04 03:20:46.465, 1, 5951 MiB, 81920 MiB, 0 %
2026/07/04 03:20:46.465, 2, 0 MiB, 81920 MiB, 0 %
2026/07/04 03:20:46.465, 3, 0 MiB, 81920 MiB, 0 %
2026/07/04 03:20:46.465, 4, 0 MiB, 81920 MiB, 0 %
2026/07/04 03:20:46.466, 5, 0 MiB, 81920 MiB, 0 %
2026/07/04 03:20:46.466, 6, 0 MiB, 81920 MiB, 0 %
2026/07/04 03:20:46.466, 7, 0 MiB, 81920 MiB, 0 %
2026/07/04 03:20:56.467, 0, 0 MiB, 81920 MiB, 0 %
2026/07/04 03:20:56.467, 1, 5951 MiB, 81920 MiB, 0 %
2026/07/04 03:20:56.468, 2, 0 MiB, 81920 MiB, 0 %
2026/07/04 03:20:56.468, 3, 0 MiB, 81920 MiB, 0 %
2026/07/04 03:20:56.468, 4, 0 MiB, 81920 MiB, 0 %
2026/07/04 03:20:56.469, 5, 0 MiB, 81920 MiB, 0 %
2026/07/04 03:20:56.469, 6, 0 MiB, 81920 MiB, 0 %
2026/07/04 03:20:56.469, 7, 0 MiB, 81920 MiB, 0 %
2026/07/04 03:21:06.470, 0, 0 MiB, 81920 MiB, 0 %
2026/07/04 03:21:06.470, 1, 5951 MiB, 81920 MiB, 0 %
2026/07/04 03:21:06.471, 2, 0 MiB, 81920 MiB, 0 %
2026/07/04 03:21:06.471, 3, 0 MiB, 81920 MiB, 0 %
2026/07/04 03:21:06.471, 4, 0 MiB, 81920 MiB, 0 %
2026/07/04 03:21:06.471, 5, 0 MiB, 81920 MiB, 0 %
2026/07/04 03:21:06.472, 6, 0 MiB, 81920 MiB, 0 %
2026/07/04 03:21:06.472, 7, 0 MiB, 81920 MiB, 0 %
2026/07/04 03:21:16.474, 0, 0 MiB, 81920 MiB, 0 %
2026/07/04 03:21:16.474, 1, 5951 MiB, 81920 MiB, 0 %
2026/07/04 03:21:16.475, 2, 0 MiB, 81920 MiB, 0 %
2026/07/04 03:21:16.475, 3, 0 MiB, 81920 MiB, 0 %
2026/07/04 03:21:16.475, 4, 0 MiB, 81920 MiB, 0 %
2026/07/04 03:21:16.475, 5, 0 MiB, 81920 MiB, 0 %
2026/07/04 03:21:16.476, 6, 0 MiB, 81920 MiB, 0 %
2026/07/04 03:21:16.476, 7, 0 MiB, 81920 MiB, 0 %
2026/07/04 03:21:26.477, 0, 0 MiB, 81920 MiB, 0 %
2026/07/04 03:21:26.478, 1, 5951 MiB, 81920 MiB, 0 %
2026/07/04 03:21:26.478, 2, 0 MiB, 81920 MiB, 0 %
2026/07/04 03:21:26.478, 3, 0 MiB, 81920 MiB, 0 %
2026/07/04 03:21:26.479, 4, 0 MiB, 81920 MiB, 0 %
2026/07/04 03:21:26.479, 5, 0 MiB, 81920 MiB, 0 %
2026/07/04 03:21:26.479, 6, 0 MiB, 81920 MiB, 0 %
2026/07/04 03:21:26.480, 7, 0 MiB, 81920 MiB, 0 %
2026/07/04 03:21:36.480, 0, 0 MiB, 81920 MiB, 0 %
2026/07/04 03:21:36.480, 1, 5951 MiB, 81920 MiB, 0 %
2026/07/04 03:21:36.481, 2, 0 MiB, 81920 MiB, 0 %
2026/07/04 03:21:36.481, 3, 0 MiB, 81920 MiB, 0 %
2026/07/04 03:21:36.481, 4, 0 MiB, 81920 MiB, 0 %
2026/07/04 03:21:36.481, 5, 0 MiB, 81920 MiB, 0 %
2026/07/04 03:21:36.481, 6, 0 MiB, 81920 MiB, 0 %
2026/07/04 03:21:36.481, 7, 0 MiB, 81920 MiB, 0 %
2026/07/04 03:21:46.482, 0, 0 MiB, 81920 MiB, 0 %
2026/07/04 03:21:46.482, 1, 5951 MiB, 81920 MiB, 0 %
2026/07/04 03:21:46.483, 2, 0 MiB, 81920 MiB, 0 %
2026/07/04 03:21:46.483, 3, 0 MiB, 81920 MiB, 0 %
2026/07/04 03:21:46.483, 4, 0 MiB, 81920 MiB, 0 %
2026/07/04 03:21:46.484, 5, 0 MiB, 81920 MiB, 0 %
2026/07/04 03:21:46.484, 6, 0 MiB, 81920 MiB, 0 %
2026/07/04 03:21:46.484, 7, 0 MiB, 81920 MiB, 0 %
2026/07/04 03:21:56.485, 0, 0 MiB, 81920 MiB, 0 %
2026/07/04 03:21:56.485, 1, 5951 MiB, 81920 MiB, 0 %
2026/07/04 03:21:56.486, 2, 0 MiB, 81920 MiB, 0 %
2026/07/04 03:21:56.486, 3, 0 MiB, 81920 MiB, 0 %
2026/07/04 03:21:56.486, 4, 0 MiB, 81920 MiB, 0 %
2026/07/04 03:21:56.486, 5, 0 MiB, 81920 MiB, 0 %
2026/07/04 03:21:56.487, 6, 0 MiB, 81920 MiB, 0 %
2026/07/04 03:21:56.487, 7, 0 MiB, 81920 MiB, 0 %
2026/07/04 03:22:06.488, 0, 0 MiB, 81920 MiB, 0 %
2026/07/04 03:22:06.488, 1, 5951 MiB, 81920 MiB, 0 %
2026/07/04 03:22:06.488, 2, 0 MiB, 81920 MiB, 0 %
2026/07/04 03:22:06.489, 3, 0 MiB, 81920 MiB, 0 %
2026/07/04 03:22:06.489, 4, 0 MiB, 81920 MiB, 0 %
2026/07/04 03:22:06.489, 5, 0 MiB, 81920 MiB, 0 %
2026/07/04 03:22:06.489, 6, 0 MiB, 81920 MiB, 0 %
2026/07/04 03:22:06.490, 7, 0 MiB, 81920 MiB, 0 %
2026/07/04 03:22:16.490, 0, 0 MiB, 81920 MiB, 0 %
2026/07/04 03:22:16.491, 1, 5951 MiB, 81920 MiB, 0 %
2026/07/04 03:22:16.491, 2, 0 MiB, 81920 MiB, 0 %
2026/07/04 03:22:16.491, 3, 0 MiB, 81920 MiB, 0 %
2026/07/04 03:22:16.492, 4, 0 MiB, 81920 MiB, 0 %
2026/07/04 03:22:16.492, 5, 0 MiB, 81920 MiB, 0 %
2026/07/04 03:22:16.492, 6, 0 MiB, 81920 MiB, 0 %
2026/07/04 03:22:16.493, 7, 0 MiB, 81920 MiB, 0 %
2026/07/04 03:22:26.494, 0, 0 MiB, 81920 MiB, 0 %
2026/07/04 03:22:26.494, 1, 5951 MiB, 81920 MiB, 0 %
2026/07/04 03:22:26.495, 2, 0 MiB, 81920 MiB, 0 %
2026/07/04 03:22:26.495, 3, 0 MiB, 81920 MiB, 0 %
2026/07/04 03:22:26.495, 4, 0 MiB, 81920 MiB, 0 %
2026/07/04 03:22:26.495, 5, 0 MiB, 81920 MiB, 0 %
2026/07/04 03:22:26.496, 6, 0 MiB, 81920 MiB, 0 %
2026/07/04 03:22:26.496, 7, 0 MiB, 81920 MiB, 0 %
2026/07/04 03:22:36.497, 0, 0 MiB, 81920 MiB, 0 %
2026/07/04 03:22:36.498, 1, 5951 MiB, 81920 MiB, 0 %
2026/07/04 03:22:36.498, 2, 0 MiB, 81920 MiB, 0 %
2026/07/04 03:22:36.498, 3, 0 MiB, 81920 MiB, 0 %
2026/07/04 03:22:36.499, 4, 0 MiB, 81920 MiB, 0 %
2026/07/04 03:22:36.499, 5, 0 MiB, 81920 MiB, 0 %
2026/07/04 03:22:36.499, 6, 0 MiB, 81920 MiB, 0 %
2026/07/04 03:22:36.499, 7, 0 MiB, 81920 MiB, 0 %
2026/07/04 03:22:46.500, 0, 0 MiB, 81920 MiB, 0 %
2026/07/04 03:22:46.500, 1, 5951 MiB, 81920 MiB, 0 %
2026/07/04 03:22:46.501, 2, 0 MiB, 81920 MiB, 0 %
2026/07/04 03:22:46.501, 3, 0 MiB, 81920 MiB, 0 %
2026/07/04 03:22:46.501, 4, 0 MiB, 81920 MiB, 0 %
2026/07/04 03:22:46.502, 5, 0 MiB, 81920 MiB, 0 %
2026/07/04 03:22:46.502, 6, 0 MiB, 81920 MiB, 0 %
2026/07/04 03:22:46.502, 7, 0 MiB, 81920 MiB, 0 %
2026/07/04 03:22:56.503, 0, 0 MiB, 81920 MiB, 0 %
2026/07/04 03:22:56.503, 1, 5951 MiB, 81920 MiB, 0 %
2026/07/04 03:22:56.504, 2, 0 MiB, 81920 MiB, 0 %
2026/07/04 03:22:56.504, 3, 0 MiB, 81920 MiB, 0 %
2026/07/04 03:22:56.504, 4, 0 MiB, 81920 MiB, 0 %
2026/07/04 03:22:56.504, 5, 0 MiB, 81920 MiB, 0 %
2026/07/04 03:22:56.505, 6, 0 MiB, 81920 MiB, 0 %
2026/07/04 03:22:56.505, 7, 0 MiB, 81920 MiB, 0 %
2026/07/04 03:23:06.506, 0, 0 MiB, 81920 MiB, 0 %
2026/07/04 03:23:06.506, 1, 5951 MiB, 81920 MiB, 0 %
2026/07/04 03:23:06.506, 2, 0 MiB, 81920 MiB, 0 %
2026/07/04 03:23:06.507, 3, 0 MiB, 81920 MiB, 0 %
2026/07/04 03:23:06.507, 4, 0 MiB, 81920 MiB, 0 %
2026/07/04 03:23:06.507, 5, 0 MiB, 81920 MiB, 0 %
2026/07/04 03:23:06.508, 6, 0 MiB, 81920 MiB, 0 %
2026/07/04 03:23:06.508, 7, 0 MiB, 81920 MiB, 0 %
2026/07/04 03:23:16.509, 0, 0 MiB, 81920 MiB, 0 %
2026/07/04 03:23:16.509, 1, 5951 MiB, 81920 MiB, 0 %
2026/07/04 03:23:16.509, 2, 0 MiB, 81920 MiB, 0 %
2026/07/04 03:23:16.510, 3, 0 MiB, 81920 MiB, 0 %
2026/07/04 03:23:16.510, 4, 0 MiB, 81920 MiB, 0 %
2026/07/04 03:23:16.510, 5, 0 MiB, 81920 MiB, 0 %
2026/07/04 03:23:16.511, 6, 0 MiB, 81920 MiB, 0 %
2026/07/04 03:23:16.511, 7, 0 MiB, 81920 MiB, 0 %
2026/07/04 03:23:26.512, 0, 0 MiB, 81920 MiB, 0 %
2026/07/04 03:23:26.512, 1, 5951 MiB, 81920 MiB, 0 %
2026/07/04 03:23:26.512, 2, 0 MiB, 81920 MiB, 0 %
2026/07/04 03:23:26.512, 3, 0 MiB, 81920 MiB, 0 %
2026/07/04 03:23:26.513, 4, 0 MiB, 81920 MiB, 0 %
2026/07/04 03:23:26.513, 5, 0 MiB, 81920 MiB, 0 %
2026/07/04 03:23:26.513, 6, 0 MiB, 81920 MiB, 0 %
2026/07/04 03:23:26.513, 7, 0 MiB, 81920 MiB, 0 %
2026/07/04 03:23:36.514, 0, 0 MiB, 81920 MiB, 0 %
2026/07/04 03:23:36.514, 1, 5951 MiB, 81920 MiB, 0 %
2026/07/04 03:23:36.515, 2, 0 MiB, 81920 MiB, 0 %
2026/07/04 03:23:36.515, 3, 0 MiB, 81920 MiB, 0 %
2026/07/04 03:23:36.515, 4, 0 MiB, 81920 MiB, 0 %
2026/07/04 03:23:36.516, 5, 0 MiB, 81920 MiB, 0 %
2026/07/04 03:23:36.516, 6, 0 MiB, 81920 MiB, 0 %
2026/07/04 03:23:36.516, 7, 0 MiB, 81920 MiB, 0 %
2026/07/04 03:23:46.517, 0, 0 MiB, 81920 MiB, 0 %
2026/07/04 03:23:46.517, 1, 5951 MiB, 81920 MiB, 0 %
2026/07/04 03:23:46.518, 2, 0 MiB, 81920 MiB, 0 %
2026/07/04 03:23:46.518, 3, 0 MiB, 81920 MiB, 0 %
2026/07/04 03:23:46.518, 4, 0 MiB, 81920 MiB, 0 %
2026/07/04 03:23:46.519, 5, 0 MiB, 81920 MiB, 0 %
2026/07/04 03:23:46.519, 6, 0 MiB, 81920 MiB, 0 %
2026/07/04 03:23:46.519, 7, 0 MiB, 81920 MiB, 0 %
2026/07/04 03:23:56.520, 0, 0 MiB, 81920 MiB, 0 %
2026/07/04 03:23:56.520, 1, 5951 MiB, 81920 MiB, 54 %
2026/07/04 03:23:56.521, 2, 0 MiB, 81920 MiB, 0 %
2026/07/04 03:23:56.521, 3, 0 MiB, 81920 MiB, 0 %
2026/07/04 03:23:56.521, 4, 0 MiB, 81920 MiB, 0 %
2026/07/04 03:23:56.522, 5, 0 MiB, 81920 MiB, 0 %
2026/07/04 03:23:56.522, 6, 0 MiB, 81920 MiB, 0 %
2026/07/04 03:23:56.522, 7, 0 MiB, 81920 MiB, 0 %
2026/07/04 03:24:06.523, 0, 0 MiB, 81920 MiB, 0 %
2026/07/04 03:24:06.523, 1, 5951 MiB, 81920 MiB, 0 %
2026/07/04 03:24:06.524, 2, 0 MiB, 81920 MiB, 0 %
2026/07/04 03:24:06.524, 3, 0 MiB, 81920 MiB, 0 %
2026/07/04 03:24:06.524, 4, 0 MiB, 81920 MiB, 0 %
2026/07/04 03:24:06.525, 5, 0 MiB, 81920 MiB, 0 %
2026/07/04 03:24:06.525, 6, 0 MiB, 81920 MiB, 0 %
2026/07/04 03:24:06.525, 7, 0 MiB, 81920 MiB, 0 %
2026/07/04 03:24:16.526, 0, 0 MiB, 81920 MiB, 0 %
2026/07/04 03:24:16.526, 1, 5951 MiB, 81920 MiB, 0 %
2026/07/04 03:24:16.527, 2, 0 MiB, 81920 MiB, 0 %
2026/07/04 03:24:16.527, 3, 0 MiB, 81920 MiB, 0 %
2026/07/04 03:24:16.527, 4, 0 MiB, 81920 MiB, 0 %
2026/07/04 03:24:16.528, 5, 0 MiB, 81920 MiB, 0 %
2026/07/04 03:24:16.528, 6, 0 MiB, 81920 MiB, 0 %
2026/07/04 03:24:16.528, 7, 0 MiB, 81920 MiB, 0 %
2026/07/04 03:24:26.529, 0, 0 MiB, 81920 MiB, 0 %
2026/07/04 03:24:26.529, 1, 5951 MiB, 81920 MiB, 0 %
2026/07/04 03:24:26.530, 2, 0 MiB, 81920 MiB, 0 %
2026/07/04 03:24:26.530, 3, 0 MiB, 81920 MiB, 0 %
2026/07/04 03:24:26.530, 4, 0 MiB, 81920 MiB, 0 %
2026/07/04 03:24:26.530, 5, 0 MiB, 81920 MiB, 0 %
2026/07/04 03:24:26.531, 6, 0 MiB, 81920 MiB, 0 %
2026/07/04 03:24:26.531, 7, 0 MiB, 81920 MiB, 0 %
2026/07/04 03:24:36.532, 0, 0 MiB, 81920 MiB, 0 %
2026/07/04 03:24:36.532, 1, 5951 MiB, 81920 MiB, 0 %
2026/07/04 03:24:36.533, 2, 0 MiB, 81920 MiB, 0 %
2026/07/04 03:24:36.533, 3, 0 MiB, 81920 MiB, 0 %
2026/07/04 03:24:36.533, 4, 0 MiB, 81920 MiB, 0 %
2026/07/04 03:24:36.533, 5, 0 MiB, 81920 MiB, 0 %
2026/07/04 03:24:36.534, 6, 0 MiB, 81920 MiB, 0 %
2026/07/04 03:24:36.534, 7, 0 MiB, 81920 MiB, 0 %
2026/07/04 03:24:46.535, 0, 0 MiB, 81920 MiB, 0 %
2026/07/04 03:24:46.535, 1, 5951 MiB, 81920 MiB, 0 %
2026/07/04 03:24:46.536, 2, 0 MiB, 81920 MiB, 0 %
2026/07/04 03:24:46.536, 3, 0 MiB, 81920 MiB, 0 %
2026/07/04 03:24:46.536, 4, 0 MiB, 81920 MiB, 0 %
2026/07/04 03:24:46.536, 5, 0 MiB, 81920 MiB, 0 %
2026/07/04 03:24:46.537, 6, 0 MiB, 81920 MiB, 0 %
2026/07/04 03:24:46.537, 7, 0 MiB, 81920 MiB, 0 %
2026/07/04 03:24:56.538, 0, 0 MiB, 81920 MiB, 0 %
2026/07/04 03:24:56.538, 1, 5951 MiB, 81920 MiB, 0 %
2026/07/04 03:24:56.538, 2, 0 MiB, 81920 MiB, 0 %
2026/07/04 03:24:56.539, 3, 0 MiB, 81920 MiB, 0 %
2026/07/04 03:24:56.539, 4, 0 MiB, 81920 MiB, 0 %
2026/07/04 03:24:56.539, 5, 0 MiB, 81920 MiB, 0 %
2026/07/04 03:24:56.540, 6, 0 MiB, 81920 MiB, 0 %
2026/07/04 03:24:56.540, 7, 0 MiB, 81920 MiB, 0 %
2026/07/04 03:25:06.541, 0, 0 MiB, 81920 MiB, 0 %
2026/07/04 03:25:06.541, 1, 5951 MiB, 81920 MiB, 0 %
2026/07/04 03:25:06.541, 2, 0 MiB, 81920 MiB, 0 %
2026/07/04 03:25:06.541, 3, 0 MiB, 81920 MiB, 0 %
2026/07/04 03:25:06.542, 4, 0 MiB, 81920 MiB, 0 %
2026/07/04 03:25:06.542, 5, 0 MiB, 81920 MiB, 0 %
2026/07/04 03:25:06.542, 6, 0 MiB, 81920 MiB, 0 %
2026/07/04 03:25:06.542, 7, 0 MiB, 81920 MiB, 0 %
2026/07/04 03:25:16.542, 0, 0 MiB, 81920 MiB, 0 %
2026/07/04 03:25:16.543, 1, 5951 MiB, 81920 MiB, 0 %
2026/07/04 03:25:16.543, 2, 0 MiB, 81920 MiB, 0 %
2026/07/04 03:25:16.543, 3, 0 MiB, 81920 MiB, 0 %
2026/07/04 03:25:16.544, 4, 0 MiB, 81920 MiB, 0 %
2026/07/04 03:25:16.544, 5, 0 MiB, 81920 MiB, 0 %
2026/07/04 03:25:16.544, 6, 0 MiB, 81920 MiB, 0 %
2026/07/04 03:25:16.545, 7, 0 MiB, 81920 MiB, 0 %
2026/07/04 03:25:26.546, 0, 0 MiB, 81920 MiB, 0 %
2026/07/04 03:25:26.547, 1, 5951 MiB, 81920 MiB, 0 %
2026/07/04 03:25:26.547, 2, 0 MiB, 81920 MiB, 0 %
2026/07/04 03:25:26.547, 3, 0 MiB, 81920 MiB, 0 %
2026/07/04 03:25:26.547, 4, 0 MiB, 81920 MiB, 0 %
2026/07/04 03:25:26.547, 5, 0 MiB, 81920 MiB, 0 %
2026/07/04 03:25:26.548, 6, 0 MiB, 81920 MiB, 0 %
2026/07/04 03:25:26.548, 7, 0 MiB, 81920 MiB, 0 %
2026/07/04 03:25:36.549, 0, 0 MiB, 81920 MiB, 0 %
2026/07/04 03:25:36.549, 1, 5951 MiB, 81920 MiB, 0 %
2026/07/04 03:25:36.549, 2, 0 MiB, 81920 MiB, 0 %
2026/07/04 03:25:36.550, 3, 0 MiB, 81920 MiB, 0 %
2026/07/04 03:25:36.550, 4, 0 MiB, 81920 MiB, 0 %
2026/07/04 03:25:36.550, 5, 0 MiB, 81920 MiB, 0 %
2026/07/04 03:25:36.551, 6, 0 MiB, 81920 MiB, 0 %
2026/07/04 03:25:36.551, 7, 0 MiB, 81920 MiB, 0 %
2026/07/04 03:25:46.552, 0, 0 MiB, 81920 MiB, 0 %
2026/07/04 03:25:46.552, 1, 5951 MiB, 81920 MiB, 0 %
2026/07/04 03:25:46.553, 2, 0 MiB, 81920 MiB, 0 %
2026/07/04 03:25:46.553, 3, 0 MiB, 81920 MiB, 0 %
2026/07/04 03:25:46.553, 4, 0 MiB, 81920 MiB, 0 %
2026/07/04 03:25:46.554, 5, 0 MiB, 81920 MiB, 0 %
2026/07/04 03:25:46.554, 6, 0 MiB, 81920 MiB, 0 %
2026/07/04 03:25:46.554, 7, 0 MiB, 81920 MiB, 0 %
2026/07/04 03:25:56.555, 0, 0 MiB, 81920 MiB, 0 %
2026/07/04 03:25:56.555, 1, 5951 MiB, 81920 MiB, 54 %
2026/07/04 03:25:56.556, 2, 0 MiB, 81920 MiB, 0 %
2026/07/04 03:25:56.556, 3, 0 MiB, 81920 MiB, 0 %
2026/07/04 03:25:56.556, 4, 0 MiB, 81920 MiB, 0 %
2026/07/04 03:25:56.556, 5, 0 MiB, 81920 MiB, 0 %
2026/07/04 03:25:56.557, 6, 0 MiB, 81920 MiB, 0 %
2026/07/04 03:25:56.557, 7, 0 MiB, 81920 MiB, 0 %
2026/07/04 03:26:06.558, 0, 0 MiB, 81920 MiB, 0 %
2026/07/04 03:26:06.558, 1, 5951 MiB, 81920 MiB, 0 %
2026/07/04 03:26:06.559, 2, 0 MiB, 81920 MiB, 0 %
2026/07/04 03:26:06.559, 3, 0 MiB, 81920 MiB, 0 %
2026/07/04 03:26:06.559, 4, 0 MiB, 81920 MiB, 0 %
2026/07/04 03:26:06.559, 5, 0 MiB, 81920 MiB, 0 %
2026/07/04 03:26:06.560, 6, 0 MiB, 81920 MiB, 0 %
2026/07/04 03:26:06.560, 7, 0 MiB, 81920 MiB, 0 %
2026/07/04 03:26:16.561, 0, 0 MiB, 81920 MiB, 0 %
2026/07/04 03:26:16.561, 1, 5951 MiB, 81920 MiB, 0 %
2026/07/04 03:26:16.562, 2, 0 MiB, 81920 MiB, 0 %
2026/07/04 03:26:16.562, 3, 0 MiB, 81920 MiB, 0 %
2026/07/04 03:26:16.562, 4, 0 MiB, 81920 MiB, 0 %
2026/07/04 03:26:16.563, 5, 0 MiB, 81920 MiB, 0 %
2026/07/04 03:26:16.563, 6, 0 MiB, 81920 MiB, 0 %
2026/07/04 03:26:16.563, 7, 0 MiB, 81920 MiB, 0 %
2026/07/04 03:26:26.564, 0, 0 MiB, 81920 MiB, 0 %
2026/07/04 03:26:26.564, 1, 5951 MiB, 81920 MiB, 0 %
2026/07/04 03:26:26.564, 2, 0 MiB, 81920 MiB, 0 %
2026/07/04 03:26:26.565, 3, 0 MiB, 81920 MiB, 0 %
2026/07/04 03:26:26.565, 4, 0 MiB, 81920 MiB, 0 %
2026/07/04 03:26:26.565, 5, 0 MiB, 81920 MiB, 0 %
2026/07/04 03:26:26.566, 6, 0 MiB, 81920 MiB, 0 %
2026/07/04 03:26:26.566, 7, 0 MiB, 81920 MiB, 0 %
2026/07/04 03:26:36.567, 0, 0 MiB, 81920 MiB, 0 %
2026/07/04 03:26:36.567, 1, 5951 MiB, 81920 MiB, 0 %
2026/07/04 03:26:36.567, 2, 0 MiB, 81920 MiB, 0 %
2026/07/04 03:26:36.568, 3, 0 MiB, 81920 MiB, 0 %
2026/07/04 03:26:36.568, 4, 0 MiB, 81920 MiB, 0 %
2026/07/04 03:26:36.568, 5, 0 MiB, 81920 MiB, 0 %
2026/07/04 03:26:36.569, 6, 0 MiB, 81920 MiB, 0 %
2026/07/04 03:26:36.569, 7, 0 MiB, 81920 MiB, 0 %
2026/07/04 03:26:46.570, 0, 0 MiB, 81920 MiB, 0 %
2026/07/04 03:26:46.570, 1, 5951 MiB, 81920 MiB, 0 %
2026/07/04 03:26:46.570, 2, 0 MiB, 81920 MiB, 0 %
2026/07/04 03:26:46.571, 3, 0 MiB, 81920 MiB, 0 %
2026/07/04 03:26:46.571, 4, 0 MiB, 81920 MiB, 0 %
2026/07/04 03:26:46.571, 5, 0 MiB, 81920 MiB, 0 %
2026/07/04 03:26:46.572, 6, 0 MiB, 81920 MiB, 0 %
2026/07/04 03:26:46.572, 7, 0 MiB, 81920 MiB, 0 %
2026/07/04 03:26:56.573, 0, 0 MiB, 81920 MiB, 0 %
2026/07/04 03:26:56.573, 1, 5951 MiB, 81920 MiB, 0 %
2026/07/04 03:26:56.573, 2, 0 MiB, 81920 MiB, 0 %
2026/07/04 03:26:56.574, 3, 0 MiB, 81920 MiB, 0 %
2026/07/04 03:26:56.574, 4, 0 MiB, 81920 MiB, 0 %
2026/07/04 03:26:56.574, 5, 0 MiB, 81920 MiB, 0 %
2026/07/04 03:26:56.575, 6, 0 MiB, 81920 MiB, 0 %
2026/07/04 03:26:56.575, 7, 0 MiB, 81920 MiB, 0 %
2026/07/04 03:27:06.576, 0, 0 MiB, 81920 MiB, 0 %
2026/07/04 03:27:06.576, 1, 5951 MiB, 81920 MiB, 0 %
2026/07/04 03:27:06.576, 2, 0 MiB, 81920 MiB, 0 %
2026/07/04 03:27:06.577, 3, 0 MiB, 81920 MiB, 0 %
2026/07/04 03:27:06.577, 4, 0 MiB, 81920 MiB, 0 %
2026/07/04 03:27:06.577, 5, 0 MiB, 81920 MiB, 0 %
2026/07/04 03:27:06.578, 6, 0 MiB, 81920 MiB, 0 %
2026/07/04 03:27:06.578, 7, 0 MiB, 81920 MiB, 0 %
2026/07/04 03:27:16.578, 0, 0 MiB, 81920 MiB, 0 %
2026/07/04 03:27:16.579, 1, 5951 MiB, 81920 MiB, 0 %
2026/07/04 03:27:16.579, 2, 0 MiB, 81920 MiB, 0 %
2026/07/04 03:27:16.580, 3, 0 MiB, 81920 MiB, 0 %
2026/07/04 03:27:16.580, 4, 0 MiB, 81920 MiB, 0 %
2026/07/04 03:27:16.580, 5, 0 MiB, 81920 MiB, 0 %
2026/07/04 03:27:16.580, 6, 0 MiB, 81920 MiB, 0 %
2026/07/04 03:27:16.581, 7, 0 MiB, 81920 MiB, 0 %
2026/07/04 03:27:26.581, 0, 0 MiB, 81920 MiB, 0 %
2026/07/04 03:27:26.582, 1, 5951 MiB, 81920 MiB, 0 %
2026/07/04 03:27:26.582, 2, 0 MiB, 81920 MiB, 0 %
2026/07/04 03:27:26.582, 3, 0 MiB, 81920 MiB, 0 %
2026/07/04 03:27:26.583, 4, 0 MiB, 81920 MiB, 0 %
2026/07/04 03:27:26.583, 5, 0 MiB, 81920 MiB, 0 %
2026/07/04 03:27:26.583, 6, 0 MiB, 81920 MiB, 0 %
2026/07/04 03:27:26.584, 7, 0 MiB, 81920 MiB, 0 %
2026/07/04 03:27:36.584, 0, 0 MiB, 81920 MiB, 0 %
2026/07/04 03:27:36.585, 1, 5951 MiB, 81920 MiB, 0 %
2026/07/04 03:27:36.585, 2, 0 MiB, 81920 MiB, 0 %
2026/07/04 03:27:36.585, 3, 0 MiB, 81920 MiB, 0 %
2026/07/04 03:27:36.586, 4, 0 MiB, 81920 MiB, 0 %
2026/07/04 03:27:36.586, 5, 0 MiB, 81920 MiB, 0 %
2026/07/04 03:27:36.586, 6, 0 MiB, 81920 MiB, 0 %
2026/07/04 03:27:36.586, 7, 0 MiB, 81920 MiB, 0 %
2026/07/04 03:27:46.586, 0, 0 MiB, 81920 MiB, 0 %
2026/07/04 03:27:46.587, 1, 5951 MiB, 81920 MiB, 0 %
2026/07/04 03:27:46.587, 2, 0 MiB, 81920 MiB, 0 %
2026/07/04 03:27:46.588, 3, 0 MiB, 81920 MiB, 0 %
2026/07/04 03:27:46.588, 4, 0 MiB, 81920 MiB, 0 %
2026/07/04 03:27:46.588, 5, 0 MiB, 81920 MiB, 0 %
2026/07/04 03:27:46.589, 6, 0 MiB, 81920 MiB, 0 %
2026/07/04 03:27:46.589, 7, 0 MiB, 81920 MiB, 0 %
2026/07/04 03:27:56.590, 0, 0 MiB, 81920 MiB, 0 %
2026/07/04 03:27:56.591, 1, 5951 MiB, 81920 MiB, 0 %
2026/07/04 03:27:56.591, 2, 0 MiB, 81920 MiB, 0 %
2026/07/04 03:27:56.591, 3, 0 MiB, 81920 MiB, 0 %
2026/07/04 03:27:56.591, 4, 0 MiB, 81920 MiB, 0 %
2026/07/04 03:27:56.592, 5, 0 MiB, 81920 MiB, 0 %
2026/07/04 03:27:56.592, 6, 0 MiB, 81920 MiB, 0 %
2026/07/04 03:27:56.592, 7, 0 MiB, 81920 MiB, 0 %
2026/07/04 03:28:06.594, 0, 0 MiB, 81920 MiB, 0 %
2026/07/04 03:28:06.594, 1, 5951 MiB, 81920 MiB, 0 %
2026/07/04 03:28:06.595, 2, 0 MiB, 81920 MiB, 0 %
2026/07/04 03:28:06.595, 3, 0 MiB, 81920 MiB, 0 %
2026/07/04 03:28:06.595, 4, 0 MiB, 81920 MiB, 0 %
2026/07/04 03:28:06.595, 5, 0 MiB, 81920 MiB, 0 %
2026/07/04 03:28:06.596, 6, 0 MiB, 81920 MiB, 0 %
2026/07/04 03:28:06.596, 7, 0 MiB, 81920 MiB, 0 %
2026/07/04 03:28:16.597, 0, 0 MiB, 81920 MiB, 0 %
2026/07/04 03:28:16.598, 1, 5951 MiB, 81920 MiB, 0 %
2026/07/04 03:28:16.598, 2, 0 MiB, 81920 MiB, 0 %
2026/07/04 03:28:16.598, 3, 0 MiB, 81920 MiB, 0 %
2026/07/04 03:28:16.599, 4, 0 MiB, 81920 MiB, 0 %
2026/07/04 03:28:16.599, 5, 0 MiB, 81920 MiB, 0 %
2026/07/04 03:28:16.599, 6, 0 MiB, 81920 MiB, 0 %
2026/07/04 03:28:16.600, 7, 0 MiB, 81920 MiB, 0 %
2026/07/04 03:28:26.601, 0, 0 MiB, 81920 MiB, 0 %
2026/07/04 03:28:26.601, 1, 5951 MiB, 81920 MiB, 0 %
2026/07/04 03:28:26.602, 2, 0 MiB, 81920 MiB, 0 %
2026/07/04 03:28:26.602, 3, 0 MiB, 81920 MiB, 0 %
2026/07/04 03:28:26.602, 4, 0 MiB, 81920 MiB, 0 %
2026/07/04 03:28:26.603, 5, 0 MiB, 81920 MiB, 0 %
2026/07/04 03:28:26.603, 6, 0 MiB, 81920 MiB, 0 %
2026/07/04 03:28:26.603, 7, 0 MiB, 81920 MiB, 0 %
2026/07/04 03:28:36.604, 0, 0 MiB, 81920 MiB, 0 %
2026/07/04 03:28:36.605, 1, 5951 MiB, 81920 MiB, 0 %
2026/07/04 03:28:36.605, 2, 0 MiB, 81920 MiB, 0 %
2026/07/04 03:28:36.606, 3, 0 MiB, 81920 MiB, 0 %
2026/07/04 03:28:36.606, 4, 0 MiB, 81920 MiB, 0 %
2026/07/04 03:28:36.606, 5, 0 MiB, 81920 MiB, 0 %
2026/07/04 03:28:36.606, 6, 0 MiB, 81920 MiB, 0 %
2026/07/04 03:28:36.607, 7, 0 MiB, 81920 MiB, 0 %
2026/07/04 03:28:46.608, 0, 0 MiB, 81920 MiB, 0 %
2026/07/04 03:28:46.609, 1, 5951 MiB, 81920 MiB, 0 %
2026/07/04 03:28:46.609, 2, 0 MiB, 81920 MiB, 0 %
2026/07/04 03:28:46.609, 3, 0 MiB, 81920 MiB, 0 %
2026/07/04 03:28:46.609, 4, 0 MiB, 81920 MiB, 0 %
2026/07/04 03:28:46.610, 5, 0 MiB, 81920 MiB, 0 %
2026/07/04 03:28:46.610, 6, 0 MiB, 81920 MiB, 0 %
2026/07/04 03:28:46.610, 7, 0 MiB, 81920 MiB, 0 %
2026/07/04 03:28:56.612, 0, 0 MiB, 81920 MiB, 0 %
2026/07/04 03:28:56.612, 1, 5951 MiB, 81920 MiB, 0 %
2026/07/04 03:28:56.612, 2, 0 MiB, 81920 MiB, 0 %
2026/07/04 03:28:56.613, 3, 0 MiB, 81920 MiB, 0 %
2026/07/04 03:28:56.613, 4, 0 MiB, 81920 MiB, 0 %
2026/07/04 03:28:56.613, 5, 0 MiB, 81920 MiB, 0 %
2026/07/04 03:28:56.614, 6, 0 MiB, 81920 MiB, 0 %
2026/07/04 03:28:56.614, 7, 0 MiB, 81920 MiB, 0 %
2026/07/04 03:29:06.615, 0, 0 MiB, 81920 MiB, 0 %
2026/07/04 03:29:06.615, 1, 5951 MiB, 81920 MiB, 0 %
2026/07/04 03:29:06.616, 2, 0 MiB, 81920 MiB, 0 %
2026/07/04 03:29:06.616, 3, 0 MiB, 81920 MiB, 0 %
2026/07/04 03:29:06.616, 4, 0 MiB, 81920 MiB, 0 %
2026/07/04 03:29:06.617, 5, 0 MiB, 81920 MiB, 0 %
2026/07/04 03:29:06.617, 6, 0 MiB, 81920 MiB, 0 %
2026/07/04 03:29:06.617, 7, 0 MiB, 81920 MiB, 0 %
2026/07/04 03:29:16.618, 0, 0 MiB, 81920 MiB, 0 %
2026/07/04 03:29:16.618, 1, 5951 MiB, 81920 MiB, 0 %
2026/07/04 03:29:16.619, 2, 0 MiB, 81920 MiB, 0 %
2026/07/04 03:29:16.619, 3, 0 MiB, 81920 MiB, 0 %
2026/07/04 03:29:16.619, 4, 0 MiB, 81920 MiB, 0 %
2026/07/04 03:29:16.619, 5, 0 MiB, 81920 MiB, 0 %
2026/07/04 03:29:16.620, 6, 0 MiB, 81920 MiB, 0 %
2026/07/04 03:29:16.620, 7, 0 MiB, 81920 MiB, 0 %
2026/07/04 03:29:26.621, 0, 0 MiB, 81920 MiB, 0 %
2026/07/04 03:29:26.621, 1, 5951 MiB, 81920 MiB, 0 %
2026/07/04 03:29:26.622, 2, 0 MiB, 81920 MiB, 0 %
2026/07/04 03:29:26.622, 3, 0 MiB, 81920 MiB, 0 %
2026/07/04 03:29:26.622, 4, 0 MiB, 81920 MiB, 0 %
2026/07/04 03:29:26.622, 5, 0 MiB, 81920 MiB, 0 %
2026/07/04 03:29:26.622, 6, 0 MiB, 81920 MiB, 0 %
2026/07/04 03:29:26.623, 7, 0 MiB, 81920 MiB, 0 %
2026/07/04 03:29:36.623, 0, 0 MiB, 81920 MiB, 0 %
2026/07/04 03:29:36.624, 1, 5951 MiB, 81920 MiB, 0 %
2026/07/04 03:29:36.624, 2, 0 MiB, 81920 MiB, 0 %
2026/07/04 03:29:36.624, 3, 0 MiB, 81920 MiB, 0 %
2026/07/04 03:29:36.625, 4, 0 MiB, 81920 MiB, 0 %
2026/07/04 03:29:36.625, 5, 0 MiB, 81920 MiB, 0 %
2026/07/04 03:29:36.625, 6, 0 MiB, 81920 MiB, 0 %
2026/07/04 03:29:36.626, 7, 0 MiB, 81920 MiB, 0 %
2026/07/04 03:29:46.626, 0, 0 MiB, 81920 MiB, 0 %
2026/07/04 03:29:46.627, 1, 5951 MiB, 81920 MiB, 0 %
2026/07/04 03:29:46.627, 2, 0 MiB, 81920 MiB, 0 %
2026/07/04 03:29:46.627, 3, 0 MiB, 81920 MiB, 0 %
2026/07/04 03:29:46.627, 4, 0 MiB, 81920 MiB, 0 %
2026/07/04 03:29:46.627, 5, 0 MiB, 81920 MiB, 0 %
2026/07/04 03:29:46.627, 6, 0 MiB, 81920 MiB, 0 %
2026/07/04 03:29:46.627, 7, 0 MiB, 81920 MiB, 0 %
2026/07/04 03:29:56.628, 0, 0 MiB, 81920 MiB, 0 %
2026/07/04 03:29:56.629, 1, 5951 MiB, 81920 MiB, 0 %
2026/07/04 03:29:56.629, 2, 0 MiB, 81920 MiB, 0 %
2026/07/04 03:29:56.629, 3, 0 MiB, 81920 MiB, 0 %
2026/07/04 03:29:56.630, 4, 0 MiB, 81920 MiB, 0 %
2026/07/04 03:29:56.630, 5, 0 MiB, 81920 MiB, 0 %
2026/07/04 03:29:56.630, 6, 0 MiB, 81920 MiB, 0 %
2026/07/04 03:29:56.630, 7, 0 MiB, 81920 MiB, 0 %
2026/07/04 03:30:06.631, 0, 0 MiB, 81920 MiB, 0 %
2026/07/04 03:30:06.632, 1, 5951 MiB, 81920 MiB, 0 %
2026/07/04 03:30:06.632, 2, 0 MiB, 81920 MiB, 0 %
2026/07/04 03:30:06.632, 3, 0 MiB, 81920 MiB, 0 %
2026/07/04 03:30:06.633, 4, 0 MiB, 81920 MiB, 0 %
2026/07/04 03:30:06.633, 5, 0 MiB, 81920 MiB, 0 %
2026/07/04 03:30:06.633, 6, 0 MiB, 81920 MiB, 0 %
2026/07/04 03:30:06.633, 7, 0 MiB, 81920 MiB, 0 %
2026/07/04 03:30:16.634, 0, 0 MiB, 81920 MiB, 0 %
2026/07/04 03:30:16.634, 1, 5951 MiB, 81920 MiB, 0 %
2026/07/04 03:30:16.634, 2, 0 MiB, 81920 MiB, 0 %
2026/07/04 03:30:16.635, 3, 0 MiB, 81920 MiB, 0 %
2026/07/04 03:30:16.635, 4, 0 MiB, 81920 MiB, 0 %
2026/07/04 03:30:16.635, 5, 0 MiB, 81920 MiB, 0 %
2026/07/04 03:30:16.635, 6, 0 MiB, 81920 MiB, 0 %
2026/07/04 03:30:16.635, 7, 0 MiB, 81920 MiB, 0 %
2026/07/04 03:30:26.636, 0, 0 MiB, 81920 MiB, 0 %
2026/07/04 03:30:26.636, 1, 5951 MiB, 81920 MiB, 0 %
2026/07/04 03:30:26.637, 2, 0 MiB, 81920 MiB, 0 %
2026/07/04 03:30:26.637, 3, 0 MiB, 81920 MiB, 0 %
2026/07/04 03:30:26.637, 4, 0 MiB, 81920 MiB, 0 %
2026/07/04 03:30:26.638, 5, 0 MiB, 81920 MiB, 0 %
2026/07/04 03:30:26.638, 6, 0 MiB, 81920 MiB, 0 %
2026/07/04 03:30:26.638, 7, 0 MiB, 81920 MiB, 0 %
2026/07/04 03:30:36.639, 0, 0 MiB, 81920 MiB, 0 %
2026/07/04 03:30:36.639, 1, 5951 MiB, 81920 MiB, 0 %
2026/07/04 03:30:36.640, 2, 0 MiB, 81920 MiB, 0 %
2026/07/04 03:30:36.640, 3, 0 MiB, 81920 MiB, 0 %
2026/07/04 03:30:36.640, 4, 0 MiB, 81920 MiB, 0 %
2026/07/04 03:30:36.641, 5, 0 MiB, 81920 MiB, 0 %
2026/07/04 03:30:36.641, 6, 0 MiB, 81920 MiB, 0 %
2026/07/04 03:30:36.641, 7, 0 MiB, 81920 MiB, 0 %
2026/07/04 03:30:46.642, 0, 0 MiB, 81920 MiB, 0 %
2026/07/04 03:30:46.642, 1, 5951 MiB, 81920 MiB, 40 %
2026/07/04 03:30:46.643, 2, 0 MiB, 81920 MiB, 0 %
2026/07/04 03:30:46.643, 3, 0 MiB, 81920 MiB, 0 %
2026/07/04 03:30:46.643, 4, 0 MiB, 81920 MiB, 0 %
2026/07/04 03:30:46.643, 5, 0 MiB, 81920 MiB, 0 %
2026/07/04 03:30:46.644, 6, 0 MiB, 81920 MiB, 0 %
2026/07/04 03:30:46.644, 7, 0 MiB, 81920 MiB, 0 %
2026/07/04 03:30:56.645, 0, 0 MiB, 81920 MiB, 0 %
2026/07/04 03:30:56.645, 1, 5951 MiB, 81920 MiB, 0 %
2026/07/04 03:30:56.646, 2, 0 MiB, 81920 MiB, 0 %
2026/07/04 03:30:56.646, 3, 0 MiB, 81920 MiB, 0 %
2026/07/04 03:30:56.646, 4, 0 MiB, 81920 MiB, 0 %
2026/07/04 03:30:56.646, 5, 0 MiB, 81920 MiB, 0 %
2026/07/04 03:30:56.647, 6, 0 MiB, 81920 MiB, 0 %
2026/07/04 03:30:56.647, 7, 0 MiB, 81920 MiB, 0 %
2026/07/04 03:31:06.648, 0, 0 MiB, 81920 MiB, 0 %
2026/07/04 03:31:06.648, 1, 5951 MiB, 81920 MiB, 0 %
2026/07/04 03:31:06.649, 2, 0 MiB, 81920 MiB, 0 %
2026/07/04 03:31:06.649, 3, 0 MiB, 81920 MiB, 0 %
2026/07/04 03:31:06.649, 4, 0 MiB, 81920 MiB, 0 %
2026/07/04 03:31:06.649, 5, 0 MiB, 81920 MiB, 0 %
2026/07/04 03:31:06.650, 6, 0 MiB, 81920 MiB, 0 %
2026/07/04 03:31:06.650, 7, 0 MiB, 81920 MiB, 0 %
2026/07/04 03:31:16.651, 0, 0 MiB, 81920 MiB, 0 %
2026/07/04 03:31:16.651, 1, 5951 MiB, 81920 MiB, 0 %
2026/07/04 03:31:16.652, 2, 0 MiB, 81920 MiB, 0 %
2026/07/04 03:31:16.652, 3, 0 MiB, 81920 MiB, 0 %
2026/07/04 03:31:16.652, 4, 0 MiB, 81920 MiB, 0 %
2026/07/04 03:31:16.653, 5, 0 MiB, 81920 MiB, 0 %
2026/07/04 03:31:16.653, 6, 0 MiB, 81920 MiB, 0 %
2026/07/04 03:31:16.653, 7, 0 MiB, 81920 MiB, 0 %
2026/07/04 03:31:26.654, 0, 0 MiB, 81920 MiB, 0 %
2026/07/04 03:31:26.654, 1, 5951 MiB, 81920 MiB, 0 %
2026/07/04 03:31:26.655, 2, 0 MiB, 81920 MiB, 0 %
2026/07/04 03:31:26.655, 3, 0 MiB, 81920 MiB, 0 %
2026/07/04 03:31:26.655, 4, 0 MiB, 81920 MiB, 0 %
2026/07/04 03:31:26.656, 5, 0 MiB, 81920 MiB, 0 %
2026/07/04 03:31:26.656, 6, 0 MiB, 81920 MiB, 0 %
2026/07/04 03:31:26.656, 7, 0 MiB, 81920 MiB, 0 %
2026/07/04 03:31:36.657, 0, 0 MiB, 81920 MiB, 0 %
2026/07/04 03:31:36.657, 1, 5951 MiB, 81920 MiB, 0 %
2026/07/04 03:31:36.658, 2, 0 MiB, 81920 MiB, 0 %
2026/07/04 03:31:36.658, 3, 0 MiB, 81920 MiB, 0 %
2026/07/04 03:31:36.658, 4, 0 MiB, 81920 MiB, 0 %
2026/07/04 03:31:36.659, 5, 0 MiB, 81920 MiB, 0 %
2026/07/04 03:31:36.659, 6, 0 MiB, 81920 MiB, 0 %
2026/07/04 03:31:36.659, 7, 0 MiB, 81920 MiB, 0 %
2026/07/04 03:31:46.661, 0, 0 MiB, 81920 MiB, 0 %
2026/07/04 03:31:46.661, 1, 5951 MiB, 81920 MiB, 0 %
2026/07/04 03:31:46.661, 2, 0 MiB, 81920 MiB, 0 %
2026/07/04 03:31:46.662, 3, 0 MiB, 81920 MiB, 0 %
2026/07/04 03:31:46.662, 4, 0 MiB, 81920 MiB, 0 %
2026/07/04 03:31:46.662, 5, 0 MiB, 81920 MiB, 0 %
2026/07/04 03:31:46.663, 6, 0 MiB, 81920 MiB, 0 %
2026/07/04 03:31:46.663, 7, 0 MiB, 81920 MiB, 0 %
2026/07/04 03:31:56.663, 0, 0 MiB, 81920 MiB, 0 %
2026/07/04 03:31:56.664, 1, 5951 MiB, 81920 MiB, 0 %
2026/07/04 03:31:56.664, 2, 0 MiB, 81920 MiB, 0 %
2026/07/04 03:31:56.665, 3, 0 MiB, 81920 MiB, 0 %
2026/07/04 03:31:56.665, 4, 0 MiB, 81920 MiB, 0 %
2026/07/04 03:31:56.665, 5, 0 MiB, 81920 MiB, 0 %
2026/07/04 03:31:56.665, 6, 0 MiB, 81920 MiB, 0 %
2026/07/04 03:31:56.666, 7, 0 MiB, 81920 MiB, 0 %
2026/07/04 03:32:06.667, 0, 0 MiB, 81920 MiB, 0 %
2026/07/04 03:32:06.667, 1, 5951 MiB, 81920 MiB, 0 %
2026/07/04 03:32:06.667, 2, 0 MiB, 81920 MiB, 0 %
2026/07/04 03:32:06.668, 3, 0 MiB, 81920 MiB, 0 %
2026/07/04 03:32:06.668, 4, 0 MiB, 81920 MiB, 0 %
2026/07/04 03:32:06.668, 5, 0 MiB, 81920 MiB, 0 %
2026/07/04 03:32:06.669, 6, 0 MiB, 81920 MiB, 0 %
2026/07/04 03:32:06.669, 7, 0 MiB, 81920 MiB, 0 %
2026/07/04 03:32:16.669, 0, 0 MiB, 81920 MiB, 0 %
2026/07/04 03:32:16.670, 1, 5951 MiB, 81920 MiB, 0 %
2026/07/04 03:32:16.670, 2, 0 MiB, 81920 MiB, 0 %
2026/07/04 03:32:16.670, 3, 0 MiB, 81920 MiB, 0 %
2026/07/04 03:32:16.671, 4, 0 MiB, 81920 MiB, 0 %
2026/07/04 03:32:16.671, 5, 0 MiB, 81920 MiB, 0 %
2026/07/04 03:32:16.671, 6, 0 MiB, 81920 MiB, 0 %
2026/07/04 03:32:16.672, 7, 0 MiB, 81920 MiB, 0 %
2026/07/04 03:32:26.672, 0, 0 MiB, 81920 MiB, 0 %
2026/07/04 03:32:26.673, 1, 5951 MiB, 81920 MiB, 0 %
2026/07/04 03:32:26.673, 2, 0 MiB, 81920 MiB, 0 %
2026/07/04 03:32:26.673, 3, 0 MiB, 81920 MiB, 0 %
2026/07/04 03:32:26.674, 4, 0 MiB, 81920 MiB, 0 %
2026/07/04 03:32:26.674, 5, 0 MiB, 81920 MiB, 0 %
2026/07/04 03:32:26.674, 6, 0 MiB, 81920 MiB, 0 %
2026/07/04 03:32:26.675, 7, 0 MiB, 81920 MiB, 0 %
2026/07/04 03:32:36.675, 0, 0 MiB, 81920 MiB, 0 %
2026/07/04 03:32:36.676, 1, 5951 MiB, 81920 MiB, 40 %
2026/07/04 03:32:36.676, 2, 0 MiB, 81920 MiB, 0 %
2026/07/04 03:32:36.676, 3, 0 MiB, 81920 MiB, 0 %
2026/07/04 03:32:36.677, 4, 0 MiB, 81920 MiB, 0 %
2026/07/04 03:32:36.677, 5, 0 MiB, 81920 MiB, 0 %
2026/07/04 03:32:36.677, 6, 0 MiB, 81920 MiB, 0 %
2026/07/04 03:32:36.678, 7, 0 MiB, 81920 MiB, 0 %
2026/07/04 03:32:46.679, 0, 0 MiB, 81920 MiB, 0 %
2026/07/04 03:32:46.679, 1, 5951 MiB, 81920 MiB, 0 %
2026/07/04 03:32:46.680, 2, 0 MiB, 81920 MiB, 0 %
2026/07/04 03:32:46.680, 3, 0 MiB, 81920 MiB, 0 %
2026/07/04 03:32:46.680, 4, 0 MiB, 81920 MiB, 0 %
2026/07/04 03:32:46.681, 5, 0 MiB, 81920 MiB, 0 %
2026/07/04 03:32:46.681, 6, 0 MiB, 81920 MiB, 0 %
2026/07/04 03:32:46.681, 7, 0 MiB, 81920 MiB, 0 %
2026/07/04 03:32:56.682, 0, 0 MiB, 81920 MiB, 0 %
2026/07/04 03:32:56.682, 1, 5951 MiB, 81920 MiB, 0 %
2026/07/04 03:32:56.683, 2, 0 MiB, 81920 MiB, 0 %
2026/07/04 03:32:56.683, 3, 0 MiB, 81920 MiB, 0 %
2026/07/04 03:32:56.683, 4, 0 MiB, 81920 MiB, 0 %
2026/07/04 03:32:56.684, 5, 0 MiB, 81920 MiB, 0 %
2026/07/04 03:32:56.684, 6, 0 MiB, 81920 MiB, 0 %
2026/07/04 03:32:56.684, 7, 0 MiB, 81920 MiB, 0 %
2026/07/04 03:33:06.685, 0, 0 MiB, 81920 MiB, 0 %
2026/07/04 03:33:06.686, 1, 5951 MiB, 81920 MiB, 0 %
2026/07/04 03:33:06.686, 2, 0 MiB, 81920 MiB, 0 %
2026/07/04 03:33:06.686, 3, 0 MiB, 81920 MiB, 0 %
2026/07/04 03:33:06.687, 4, 0 MiB, 81920 MiB, 0 %
2026/07/04 03:33:06.687, 5, 0 MiB, 81920 MiB, 0 %
2026/07/04 03:33:06.687, 6, 0 MiB, 81920 MiB, 0 %
2026/07/04 03:33:06.688, 7, 0 MiB, 81920 MiB, 0 %
2026/07/04 03:33:16.688, 0, 0 MiB, 81920 MiB, 0 %
2026/07/04 03:33:16.689, 1, 5951 MiB, 81920 MiB, 0 %
2026/07/04 03:33:16.689, 2, 0 MiB, 81920 MiB, 0 %
2026/07/04 03:33:16.689, 3, 0 MiB, 81920 MiB, 0 %
2026/07/04 03:33:16.690, 4, 0 MiB, 81920 MiB, 0 %
2026/07/04 03:33:16.690, 5, 0 MiB, 81920 MiB, 0 %
2026/07/04 03:33:16.690, 6, 0 MiB, 81920 MiB, 0 %
2026/07/04 03:33:16.691, 7, 0 MiB, 81920 MiB, 0 %
2026/07/04 03:33:26.691, 0, 0 MiB, 81920 MiB, 0 %
2026/07/04 03:33:26.692, 1, 5951 MiB, 81920 MiB, 0 %
2026/07/04 03:33:26.692, 2, 0 MiB, 81920 MiB, 0 %
2026/07/04 03:33:26.692, 3, 0 MiB, 81920 MiB, 0 %
2026/07/04 03:33:26.693, 4, 0 MiB, 81920 MiB, 0 %
2026/07/04 03:33:26.693, 5, 0 MiB, 81920 MiB, 0 %
2026/07/04 03:33:26.693, 6, 0 MiB, 81920 MiB, 0 %
2026/07/04 03:33:26.694, 7, 0 MiB, 81920 MiB, 0 %
2026/07/04 03:33:36.694, 0, 0 MiB, 81920 MiB, 0 %
2026/07/04 03:33:36.695, 1, 5951 MiB, 81920 MiB, 0 %
2026/07/04 03:33:36.695, 2, 0 MiB, 81920 MiB, 0 %
2026/07/04 03:33:36.695, 3, 0 MiB, 81920 MiB, 0 %
2026/07/04 03:33:36.696, 4, 0 MiB, 81920 MiB, 0 %
2026/07/04 03:33:36.696, 5, 0 MiB, 81920 MiB, 0 %
2026/07/04 03:33:36.696, 6, 0 MiB, 81920 MiB, 0 %
2026/07/04 03:33:36.697, 7, 0 MiB, 81920 MiB, 0 %
2026/07/04 03:33:46.697, 0, 0 MiB, 81920 MiB, 0 %
2026/07/04 03:33:46.698, 1, 5951 MiB, 81920 MiB, 0 %
2026/07/04 03:33:46.698, 2, 0 MiB, 81920 MiB, 0 %
2026/07/04 03:33:46.698, 3, 0 MiB, 81920 MiB, 0 %
2026/07/04 03:33:46.699, 4, 0 MiB, 81920 MiB, 0 %
2026/07/04 03:33:46.699, 5, 0 MiB, 81920 MiB, 0 %
2026/07/04 03:33:46.699, 6, 0 MiB, 81920 MiB, 0 %
2026/07/04 03:33:46.700, 7, 0 MiB, 81920 MiB, 0 %
2026/07/04 03:33:56.700, 0, 0 MiB, 81920 MiB, 0 %
2026/07/04 03:33:56.701, 1, 5951 MiB, 81920 MiB, 0 %
2026/07/04 03:33:56.701, 2, 0 MiB, 81920 MiB, 0 %
2026/07/04 03:33:56.701, 3, 0 MiB, 81920 MiB, 0 %
2026/07/04 03:33:56.702, 4, 0 MiB, 81920 MiB, 0 %
2026/07/04 03:33:56.702, 5, 0 MiB, 81920 MiB, 0 %
2026/07/04 03:33:56.702, 6, 0 MiB, 81920 MiB, 0 %
2026/07/04 03:33:56.702, 7, 0 MiB, 81920 MiB, 0 %
2026/07/04 03:34:06.703, 0, 0 MiB, 81920 MiB, 0 %
2026/07/04 03:34:06.704, 1, 5951 MiB, 81920 MiB, 0 %
2026/07/04 03:34:06.704, 2, 0 MiB, 81920 MiB, 0 %
2026/07/04 03:34:06.704, 3, 0 MiB, 81920 MiB, 0 %
2026/07/04 03:34:06.704, 4, 0 MiB, 81920 MiB, 0 %
2026/07/04 03:34:06.705, 5, 0 MiB, 81920 MiB, 0 %
2026/07/04 03:34:06.705, 6, 0 MiB, 81920 MiB, 0 %
2026/07/04 03:34:06.705, 7, 0 MiB, 81920 MiB, 0 %
2026/07/04 03:34:16.706, 0, 0 MiB, 81920 MiB, 0 %
2026/07/04 03:34:16.707, 1, 5951 MiB, 81920 MiB, 0 %
2026/07/04 03:34:16.707, 2, 0 MiB, 81920 MiB, 0 %
2026/07/04 03:34:16.707, 3, 0 MiB, 81920 MiB, 0 %
2026/07/04 03:34:16.708, 4, 0 MiB, 81920 MiB, 0 %
2026/07/04 03:34:16.708, 5, 0 MiB, 81920 MiB, 0 %
2026/07/04 03:34:16.708, 6, 0 MiB, 81920 MiB, 0 %
2026/07/04 03:34:16.708, 7, 0 MiB, 81920 MiB, 0 %
2026/07/04 03:34:26.709, 0, 0 MiB, 81920 MiB, 0 %
2026/07/04 03:34:26.710, 1, 5951 MiB, 81920 MiB, 0 %
2026/07/04 03:34:26.710, 2, 0 MiB, 81920 MiB, 0 %
2026/07/04 03:34:26.710, 3, 0 MiB, 81920 MiB, 0 %
2026/07/04 03:34:26.711, 4, 0 MiB, 81920 MiB, 0 %
2026/07/04 03:34:26.711, 5, 0 MiB, 81920 MiB, 0 %
2026/07/04 03:34:26.711, 6, 0 MiB, 81920 MiB, 0 %
2026/07/04 03:34:26.712, 7, 0 MiB, 81920 MiB, 0 %
2026/07/04 03:34:36.712, 0, 0 MiB, 81920 MiB, 0 %
2026/07/04 03:34:36.713, 1, 5951 MiB, 81920 MiB, 0 %
2026/07/04 03:34:36.713, 2, 0 MiB, 81920 MiB, 0 %
2026/07/04 03:34:36.713, 3, 0 MiB, 81920 MiB, 0 %
2026/07/04 03:34:36.714, 4, 0 MiB, 81920 MiB, 0 %
2026/07/04 03:34:36.714, 5, 0 MiB, 81920 MiB, 0 %
2026/07/04 03:34:36.714, 6, 0 MiB, 81920 MiB, 0 %
2026/07/04 03:34:36.715, 7, 0 MiB, 81920 MiB, 0 %
2026/07/04 03:34:46.715, 0, 0 MiB, 81920 MiB, 0 %
2026/07/04 03:34:46.716, 1, 5951 MiB, 81920 MiB, 55 %
2026/07/04 03:34:46.716, 2, 0 MiB, 81920 MiB, 0 %
2026/07/04 03:34:46.716, 3, 0 MiB, 81920 MiB, 0 %
2026/07/04 03:34:46.717, 4, 0 MiB, 81920 MiB, 0 %
2026/07/04 03:34:46.717, 5, 0 MiB, 81920 MiB, 0 %
2026/07/04 03:34:46.717, 6, 0 MiB, 81920 MiB, 0 %
2026/07/04 03:34:46.717, 7, 0 MiB, 81920 MiB, 0 %
2026/07/04 03:34:56.718, 0, 0 MiB, 81920 MiB, 0 %
2026/07/04 03:34:56.719, 1, 5951 MiB, 81920 MiB, 0 %
2026/07/04 03:34:56.719, 2, 0 MiB, 81920 MiB, 0 %
2026/07/04 03:34:56.719, 3, 0 MiB, 81920 MiB, 0 %
2026/07/04 03:34:56.720, 4, 0 MiB, 81920 MiB, 0 %
2026/07/04 03:34:56.720, 5, 0 MiB, 81920 MiB, 0 %
2026/07/04 03:34:56.720, 6, 0 MiB, 81920 MiB, 0 %
2026/07/04 03:34:56.721, 7, 0 MiB, 81920 MiB, 0 %
2026/07/04 03:35:06.721, 0, 0 MiB, 81920 MiB, 0 %
2026/07/04 03:35:06.722, 1, 5951 MiB, 81920 MiB, 0 %
2026/07/04 03:35:06.722, 2, 0 MiB, 81920 MiB, 0 %
2026/07/04 03:35:06.722, 3, 0 MiB, 81920 MiB, 0 %
2026/07/04 03:35:06.723, 4, 0 MiB, 81920 MiB, 0 %
2026/07/04 03:35:06.723, 5, 0 MiB, 81920 MiB, 0 %
2026/07/04 03:35:06.723, 6, 0 MiB, 81920 MiB, 0 %
2026/07/04 03:35:06.724, 7, 0 MiB, 81920 MiB, 0 %
2026/07/04 03:35:16.724, 0, 0 MiB, 81920 MiB, 0 %
2026/07/04 03:35:16.725, 1, 5951 MiB, 81920 MiB, 0 %
2026/07/04 03:35:16.725, 2, 0 MiB, 81920 MiB, 0 %
2026/07/04 03:35:16.725, 3, 0 MiB, 81920 MiB, 0 %
2026/07/04 03:35:16.726, 4, 0 MiB, 81920 MiB, 0 %
2026/07/04 03:35:16.726, 5, 0 MiB, 81920 MiB, 0 %
2026/07/04 03:35:16.726, 6, 0 MiB, 81920 MiB, 0 %
2026/07/04 03:35:16.727, 7, 0 MiB, 81920 MiB, 0 %
2026/07/04 03:35:26.727, 0, 0 MiB, 81920 MiB, 0 %
2026/07/04 03:35:26.728, 1, 5951 MiB, 81920 MiB, 0 %
2026/07/04 03:35:26.728, 2, 0 MiB, 81920 MiB, 0 %
2026/07/04 03:35:26.728, 3, 0 MiB, 81920 MiB, 0 %
2026/07/04 03:35:26.729, 4, 0 MiB, 81920 MiB, 0 %
2026/07/04 03:35:26.729, 5, 0 MiB, 81920 MiB, 0 %
2026/07/04 03:35:26.729, 6, 0 MiB, 81920 MiB, 0 %
2026/07/04 03:35:26.729, 7, 0 MiB, 81920 MiB, 0 %
2026/07/04 03:35:36.730, 0, 0 MiB, 81920 MiB, 0 %
2026/07/04 03:35:36.730, 1, 5951 MiB, 81920 MiB, 64 %
2026/07/04 03:35:36.730, 2, 0 MiB, 81920 MiB, 0 %
2026/07/04 03:35:36.731, 3, 0 MiB, 81920 MiB, 0 %
2026/07/04 03:35:36.731, 4, 0 MiB, 81920 MiB, 0 %
2026/07/04 03:35:36.731, 5, 0 MiB, 81920 MiB, 0 %
2026/07/04 03:35:36.732, 6, 0 MiB, 81920 MiB, 0 %
2026/07/04 03:35:36.732, 7, 0 MiB, 81920 MiB, 0 %
2026/07/04 03:35:46.733, 0, 0 MiB, 81920 MiB, 0 %
2026/07/04 03:35:46.733, 1, 5951 MiB, 81920 MiB, 0 %
2026/07/04 03:35:46.733, 2, 0 MiB, 81920 MiB, 0 %
2026/07/04 03:35:46.734, 3, 0 MiB, 81920 MiB, 0 %
2026/07/04 03:35:46.734, 4, 0 MiB, 81920 MiB, 0 %
2026/07/04 03:35:46.734, 5, 0 MiB, 81920 MiB, 0 %
2026/07/04 03:35:46.735, 6, 0 MiB, 81920 MiB, 0 %
2026/07/04 03:35:46.735, 7, 0 MiB, 81920 MiB, 0 %
2026/07/04 03:35:56.736, 0, 0 MiB, 81920 MiB, 0 %
2026/07/04 03:35:56.737, 1, 5951 MiB, 81920 MiB, 47 %
2026/07/04 03:35:56.737, 2, 0 MiB, 81920 MiB, 0 %
2026/07/04 03:35:56.737, 3, 0 MiB, 81920 MiB, 0 %
2026/07/04 03:35:56.738, 4, 0 MiB, 81920 MiB, 0 %
2026/07/04 03:35:56.738, 5, 0 MiB, 81920 MiB, 0 %
2026/07/04 03:35:56.738, 6, 0 MiB, 81920 MiB, 0 %
2026/07/04 03:35:56.738, 7, 0 MiB, 81920 MiB, 0 %
2026/07/04 03:36:06.739, 0, 0 MiB, 81920 MiB, 0 %
2026/07/04 03:36:06.740, 1, 5951 MiB, 81920 MiB, 0 %
2026/07/04 03:36:06.740, 2, 0 MiB, 81920 MiB, 0 %
2026/07/04 03:36:06.740, 3, 0 MiB, 81920 MiB, 0 %
2026/07/04 03:36:06.741, 4, 0 MiB, 81920 MiB, 0 %
2026/07/04 03:36:06.741, 5, 0 MiB, 81920 MiB, 0 %
2026/07/04 03:36:06.741, 6, 0 MiB, 81920 MiB, 0 %
2026/07/04 03:36:06.742, 7, 0 MiB, 81920 MiB, 0 %
2026/07/04 03:36:16.742, 0, 0 MiB, 81920 MiB, 0 %
2026/07/04 03:36:16.743, 1, 5951 MiB, 81920 MiB, 0 %
2026/07/04 03:36:16.743, 2, 0 MiB, 81920 MiB, 0 %
2026/07/04 03:36:16.743, 3, 0 MiB, 81920 MiB, 0 %
2026/07/04 03:36:16.744, 4, 0 MiB, 81920 MiB, 0 %
2026/07/04 03:36:16.744, 5, 0 MiB, 81920 MiB, 0 %
2026/07/04 03:36:16.744, 6, 0 MiB, 81920 MiB, 0 %
2026/07/04 03:36:16.745, 7, 0 MiB, 81920 MiB, 0 %
2026/07/04 03:36:26.745, 0, 0 MiB, 81920 MiB, 0 %
2026/07/04 03:36:26.746, 1, 5951 MiB, 81920 MiB, 0 %
2026/07/04 03:36:26.746, 2, 0 MiB, 81920 MiB, 0 %
2026/07/04 03:36:26.746, 3, 0 MiB, 81920 MiB, 0 %
2026/07/04 03:36:26.747, 4, 0 MiB, 81920 MiB, 0 %
2026/07/04 03:36:26.747, 5, 0 MiB, 81920 MiB, 0 %
2026/07/04 03:36:26.747, 6, 0 MiB, 81920 MiB, 0 %
2026/07/04 03:36:26.748, 7, 0 MiB, 81920 MiB, 0 %
2026/07/04 03:36:36.748, 0, 0 MiB, 81920 MiB, 0 %
2026/07/04 03:36:36.749, 1, 5951 MiB, 81920 MiB, 43 %
2026/07/04 03:36:36.749, 2, 0 MiB, 81920 MiB, 0 %
2026/07/04 03:36:36.749, 3, 0 MiB, 81920 MiB, 0 %
2026/07/04 03:36:36.750, 4, 0 MiB, 81920 MiB, 0 %
2026/07/04 03:36:36.750, 5, 0 MiB, 81920 MiB, 0 %
2026/07/04 03:36:36.750, 6, 0 MiB, 81920 MiB, 0 %
2026/07/04 03:36:36.751, 7, 0 MiB, 81920 MiB, 0 %
2026/07/04 03:36:46.751, 0, 0 MiB, 81920 MiB, 0 %
2026/07/04 03:36:46.752, 1, 5951 MiB, 81920 MiB, 0 %
2026/07/04 03:36:46.752, 2, 0 MiB, 81920 MiB, 0 %
2026/07/04 03:36:46.752, 3, 0 MiB, 81920 MiB, 0 %
2026/07/04 03:36:46.753, 4, 0 MiB, 81920 MiB, 0 %
2026/07/04 03:36:46.753, 5, 0 MiB, 81920 MiB, 0 %
2026/07/04 03:36:46.753, 6, 0 MiB, 81920 MiB, 0 %
2026/07/04 03:36:46.754, 7, 0 MiB, 81920 MiB, 0 %
2026/07/04 03:36:56.754, 0, 0 MiB, 81920 MiB, 0 %
2026/07/04 03:36:56.755, 1, 5951 MiB, 81920 MiB, 0 %
2026/07/04 03:36:56.755, 2, 0 MiB, 81920 MiB, 0 %
2026/07/04 03:36:56.755, 3, 0 MiB, 81920 MiB, 0 %
2026/07/04 03:36:56.756, 4, 0 MiB, 81920 MiB, 0 %
2026/07/04 03:36:56.756, 5, 0 MiB, 81920 MiB, 0 %
2026/07/04 03:36:56.756, 6, 0 MiB, 81920 MiB, 0 %
2026/07/04 03:36:56.757, 7, 0 MiB, 81920 MiB, 0 %
2026/07/04 03:37:06.757, 0, 0 MiB, 81920 MiB, 0 %
2026/07/04 03:37:06.758, 1, 5951 MiB, 81920 MiB, 0 %
2026/07/04 03:37:06.758, 2, 0 MiB, 81920 MiB, 0 %
2026/07/04 03:37:06.758, 3, 0 MiB, 81920 MiB, 0 %
2026/07/04 03:37:06.759, 4, 0 MiB, 81920 MiB, 0 %
2026/07/04 03:37:06.759, 5, 0 MiB, 81920 MiB, 0 %
2026/07/04 03:37:06.759, 6, 0 MiB, 81920 MiB, 0 %
2026/07/04 03:37:06.760, 7, 0 MiB, 81920 MiB, 0 %
2026/07/04 03:37:16.760, 0, 0 MiB, 81920 MiB, 0 %
2026/07/04 03:37:16.761, 1, 5951 MiB, 81920 MiB, 0 %
2026/07/04 03:37:16.761, 2, 0 MiB, 81920 MiB, 0 %
2026/07/04 03:37:16.761, 3, 0 MiB, 81920 MiB, 0 %
2026/07/04 03:37:16.762, 4, 0 MiB, 81920 MiB, 0 %
2026/07/04 03:37:16.762, 5, 0 MiB, 81920 MiB, 0 %
2026/07/04 03:37:16.762, 6, 0 MiB, 81920 MiB, 0 %
2026/07/04 03:37:16.763, 7, 0 MiB, 81920 MiB, 0 %
2026/07/04 03:37:26.763, 0, 0 MiB, 81920 MiB, 0 %
2026/07/04 03:37:26.764, 1, 5951 MiB, 81920 MiB, 0 %
2026/07/04 03:37:26.764, 2, 0 MiB, 81920 MiB, 0 %
2026/07/04 03:37:26.764, 3, 0 MiB, 81920 MiB, 0 %
2026/07/04 03:37:26.765, 4, 0 MiB, 81920 MiB, 0 %
2026/07/04 03:37:26.765, 5, 0 MiB, 81920 MiB, 0 %
2026/07/04 03:37:26.765, 6, 0 MiB, 81920 MiB, 0 %
2026/07/04 03:37:26.766, 7, 0 MiB, 81920 MiB, 0 %
2026/07/04 03:37:36.766, 0, 0 MiB, 81920 MiB, 0 %
2026/07/04 03:37:36.767, 1, 5951 MiB, 81920 MiB, 0 %
2026/07/04 03:37:36.767, 2, 0 MiB, 81920 MiB, 0 %
2026/07/04 03:37:36.767, 3, 0 MiB, 81920 MiB, 0 %
2026/07/04 03:37:36.768, 4, 0 MiB, 81920 MiB, 0 %
2026/07/04 03:37:36.768, 5, 0 MiB, 81920 MiB, 0 %
2026/07/04 03:37:36.768, 6, 0 MiB, 81920 MiB, 0 %
2026/07/04 03:37:36.769, 7, 0 MiB, 81920 MiB, 0 %
2026/07/04 03:37:46.769, 0, 0 MiB, 81920 MiB, 0 %
2026/07/04 03:37:46.770, 1, 5951 MiB, 81920 MiB, 0 %
2026/07/04 03:37:46.770, 2, 0 MiB, 81920 MiB, 0 %
2026/07/04 03:37:46.770, 3, 0 MiB, 81920 MiB, 0 %
2026/07/04 03:37:46.771, 4, 0 MiB, 81920 MiB, 0 %
2026/07/04 03:37:46.771, 5, 0 MiB, 81920 MiB, 0 %
2026/07/04 03:37:46.771, 6, 0 MiB, 81920 MiB, 0 %
2026/07/04 03:37:46.772, 7, 0 MiB, 81920 MiB, 0 %
2026/07/04 03:37:56.772, 0, 0 MiB, 81920 MiB, 0 %
2026/07/04 03:37:56.773, 1, 5951 MiB, 81920 MiB, 0 %
2026/07/04 03:37:56.773, 2, 0 MiB, 81920 MiB, 0 %
2026/07/04 03:37:56.773, 3, 0 MiB, 81920 MiB, 0 %
2026/07/04 03:37:56.774, 4, 0 MiB, 81920 MiB, 0 %
2026/07/04 03:37:56.774, 5, 0 MiB, 81920 MiB, 0 %
2026/07/04 03:37:56.774, 6, 0 MiB, 81920 MiB, 0 %
2026/07/04 03:37:56.775, 7, 0 MiB, 81920 MiB, 0 %
2026/07/04 03:38:06.775, 0, 0 MiB, 81920 MiB, 0 %
2026/07/04 03:38:06.776, 1, 5951 MiB, 81920 MiB, 0 %
2026/07/04 03:38:06.776, 2, 0 MiB, 81920 MiB, 0 %
2026/07/04 03:38:06.776, 3, 0 MiB, 81920 MiB, 0 %
2026/07/04 03:38:06.777, 4, 0 MiB, 81920 MiB, 0 %
2026/07/04 03:38:06.777, 5, 0 MiB, 81920 MiB, 0 %
2026/07/04 03:38:06.777, 6, 0 MiB, 81920 MiB, 0 %
2026/07/04 03:38:06.778, 7, 0 MiB, 81920 MiB, 0 %
2026/07/04 03:38:16.778, 0, 0 MiB, 81920 MiB, 0 %
2026/07/04 03:38:16.779, 1, 5951 MiB, 81920 MiB, 0 %
2026/07/04 03:38:16.779, 2, 0 MiB, 81920 MiB, 0 %
2026/07/04 03:38:16.779, 3, 0 MiB, 81920 MiB, 0 %
2026/07/04 03:38:16.780, 4, 0 MiB, 81920 MiB, 0 %
2026/07/04 03:38:16.780, 5, 0 MiB, 81920 MiB, 0 %
2026/07/04 03:38:16.780, 6, 0 MiB, 81920 MiB, 0 %
2026/07/04 03:38:16.780, 7, 0 MiB, 81920 MiB, 0 %
2026/07/04 03:38:26.781, 0, 0 MiB, 81920 MiB, 0 %
2026/07/04 03:38:26.782, 1, 5951 MiB, 81920 MiB, 0 %
2026/07/04 03:38:26.782, 2, 0 MiB, 81920 MiB, 0 %
2026/07/04 03:38:26.782, 3, 0 MiB, 81920 MiB, 0 %
2026/07/04 03:38:26.783, 4, 0 MiB, 81920 MiB, 0 %
2026/07/04 03:38:26.783, 5, 0 MiB, 81920 MiB, 0 %
2026/07/04 03:38:26.783, 6, 0 MiB, 81920 MiB, 0 %
2026/07/04 03:38:26.784, 7, 0 MiB, 81920 MiB, 0 %
2026/07/04 03:38:36.784, 0, 0 MiB, 81920 MiB, 0 %
2026/07/04 03:38:36.785, 1, 5951 MiB, 81920 MiB, 0 %
2026/07/04 03:38:36.785, 2, 0 MiB, 81920 MiB, 0 %
2026/07/04 03:38:36.785, 3, 0 MiB, 81920 MiB, 0 %
2026/07/04 03:38:36.786, 4, 0 MiB, 81920 MiB, 0 %
2026/07/04 03:38:36.786, 5, 0 MiB, 81920 MiB, 0 %
2026/07/04 03:38:36.786, 6, 0 MiB, 81920 MiB, 0 %
2026/07/04 03:38:36.787, 7, 0 MiB, 81920 MiB, 0 %
2026/07/04 03:38:46.787, 0, 0 MiB, 81920 MiB, 0 %
2026/07/04 03:38:46.788, 1, 5951 MiB, 81920 MiB, 0 %
2026/07/04 03:38:46.788, 2, 0 MiB, 81920 MiB, 0 %
2026/07/04 03:38:46.788, 3, 0 MiB, 81920 MiB, 0 %
2026/07/04 03:38:46.789, 4, 0 MiB, 81920 MiB, 0 %
2026/07/04 03:38:46.789, 5, 0 MiB, 81920 MiB, 0 %
2026/07/04 03:38:46.789, 6, 0 MiB, 81920 MiB, 0 %
2026/07/04 03:38:46.790, 7, 0 MiB, 81920 MiB, 0 %
2026/07/04 03:38:56.790, 0, 0 MiB, 81920 MiB, 0 %
2026/07/04 03:38:56.791, 1, 5951 MiB, 81920 MiB, 0 %
2026/07/04 03:38:56.791, 2, 0 MiB, 81920 MiB, 0 %
2026/07/04 03:38:56.791, 3, 0 MiB, 81920 MiB, 0 %
2026/07/04 03:38:56.792, 4, 0 MiB, 81920 MiB, 0 %
2026/07/04 03:38:56.792, 5, 0 MiB, 81920 MiB, 0 %
2026/07/04 03:38:56.792, 6, 0 MiB, 81920 MiB, 0 %
2026/07/04 03:38:56.793, 7, 0 MiB, 81920 MiB, 0 %
2026/07/04 03:39:06.793, 0, 0 MiB, 81920 MiB, 0 %
2026/07/04 03:39:06.794, 1, 5951 MiB, 81920 MiB, 0 %
2026/07/04 03:39:06.794, 2, 0 MiB, 81920 MiB, 0 %
2026/07/04 03:39:06.794, 3, 0 MiB, 81920 MiB, 0 %
2026/07/04 03:39:06.795, 4, 0 MiB, 81920 MiB, 0 %
2026/07/04 03:39:06.795, 5, 0 MiB, 81920 MiB, 0 %
2026/07/04 03:39:06.795, 6, 0 MiB, 81920 MiB, 0 %
2026/07/04 03:39:06.795, 7, 0 MiB, 81920 MiB, 0 %
2026/07/04 03:39:16.796, 0, 0 MiB, 81920 MiB, 0 %
2026/07/04 03:39:16.797, 1, 5951 MiB, 81920 MiB, 0 %
2026/07/04 03:39:16.797, 2, 0 MiB, 81920 MiB, 0 %
2026/07/04 03:39:16.797, 3, 0 MiB, 81920 MiB, 0 %
2026/07/04 03:39:16.798, 4, 0 MiB, 81920 MiB, 0 %
2026/07/04 03:39:16.798, 5, 0 MiB, 81920 MiB, 0 %
2026/07/04 03:39:16.798, 6, 0 MiB, 81920 MiB, 0 %
2026/07/04 03:39:16.798, 7, 0 MiB, 81920 MiB, 0 %
2026/07/04 03:39:26.799, 0, 0 MiB, 81920 MiB, 0 %
2026/07/04 03:39:26.800, 1, 5951 MiB, 81920 MiB, 0 %
2026/07/04 03:39:26.800, 2, 0 MiB, 81920 MiB, 0 %
2026/07/04 03:39:26.800, 3, 0 MiB, 81920 MiB, 0 %
2026/07/04 03:39:26.801, 4, 0 MiB, 81920 MiB, 0 %
2026/07/04 03:39:26.801, 5, 0 MiB, 81920 MiB, 0 %
2026/07/04 03:39:26.801, 6, 0 MiB, 81920 MiB, 0 %
2026/07/04 03:39:26.801, 7, 0 MiB, 81920 MiB, 0 %
2026/07/04 03:39:36.802, 0, 0 MiB, 81920 MiB, 0 %
2026/07/04 03:39:36.802, 1, 5951 MiB, 81920 MiB, 0 %
2026/07/04 03:39:36.803, 2, 0 MiB, 81920 MiB, 0 %
2026/07/04 03:39:36.803, 3, 0 MiB, 81920 MiB, 0 %
2026/07/04 03:39:36.803, 4, 0 MiB, 81920 MiB, 0 %
2026/07/04 03:39:36.804, 5, 0 MiB, 81920 MiB, 0 %
2026/07/04 03:39:36.804, 6, 0 MiB, 81920 MiB, 0 %
2026/07/04 03:39:36.804, 7, 0 MiB, 81920 MiB, 0 %
2026/07/04 03:39:46.805, 0, 0 MiB, 81920 MiB, 0 %
2026/07/04 03:39:46.805, 1, 5951 MiB, 81920 MiB, 0 %
2026/07/04 03:39:46.806, 2, 0 MiB, 81920 MiB, 0 %
2026/07/04 03:39:46.806, 3, 0 MiB, 81920 MiB, 0 %
2026/07/04 03:39:46.806, 4, 0 MiB, 81920 MiB, 0 %
2026/07/04 03:39:46.807, 5, 0 MiB, 81920 MiB, 0 %
2026/07/04 03:39:46.807, 6, 0 MiB, 81920 MiB, 0 %
2026/07/04 03:39:46.807, 7, 0 MiB, 81920 MiB, 0 %
2026/07/04 03:39:56.808, 0, 0 MiB, 81920 MiB, 0 %
2026/07/04 03:39:56.808, 1, 5951 MiB, 81920 MiB, 0 %
2026/07/04 03:39:56.809, 2, 0 MiB, 81920 MiB, 0 %
2026/07/04 03:39:56.809, 3, 0 MiB, 81920 MiB, 0 %
2026/07/04 03:39:56.809, 4, 0 MiB, 81920 MiB, 0 %
2026/07/04 03:39:56.810, 5, 0 MiB, 81920 MiB, 0 %
2026/07/04 03:39:56.810, 6, 0 MiB, 81920 MiB, 0 %
2026/07/04 03:39:56.810, 7, 0 MiB, 81920 MiB, 0 %
2026/07/04 03:40:06.811, 0, 0 MiB, 81920 MiB, 0 %
2026/07/04 03:40:06.811, 1, 5951 MiB, 81920 MiB, 0 %
2026/07/04 03:40:06.812, 2, 0 MiB, 81920 MiB, 0 %
2026/07/04 03:40:06.812, 3, 0 MiB, 81920 MiB, 0 %
2026/07/04 03:40:06.812, 4, 0 MiB, 81920 MiB, 0 %
2026/07/04 03:40:06.813, 5, 0 MiB, 81920 MiB, 0 %
2026/07/04 03:40:06.813, 6, 0 MiB, 81920 MiB, 0 %
2026/07/04 03:40:06.813, 7, 0 MiB, 81920 MiB, 0 %
2026/07/04 03:40:16.814, 0, 0 MiB, 81920 MiB, 0 %
2026/07/04 03:40:16.814, 1, 5951 MiB, 81920 MiB, 0 %
2026/07/04 03:40:16.815, 2, 0 MiB, 81920 MiB, 0 %
2026/07/04 03:40:16.815, 3, 0 MiB, 81920 MiB, 0 %
2026/07/04 03:40:16.815, 4, 0 MiB, 81920 MiB, 0 %
2026/07/04 03:40:16.816, 5, 0 MiB, 81920 MiB, 0 %
2026/07/04 03:40:16.816, 6, 0 MiB, 81920 MiB, 0 %
2026/07/04 03:40:16.816, 7, 0 MiB, 81920 MiB, 0 %
2026/07/04 03:40:26.817, 0, 0 MiB, 81920 MiB, 0 %
2026/07/04 03:40:26.818, 1, 5951 MiB, 81920 MiB, 0 %
2026/07/04 03:40:26.818, 2, 0 MiB, 81920 MiB, 0 %
2026/07/04 03:40:26.818, 3, 0 MiB, 81920 MiB, 0 %
2026/07/04 03:40:26.818, 4, 0 MiB, 81920 MiB, 0 %
2026/07/04 03:40:26.819, 5, 0 MiB, 81920 MiB, 0 %
2026/07/04 03:40:26.819, 6, 0 MiB, 81920 MiB, 0 %
2026/07/04 03:40:26.819, 7, 0 MiB, 81920 MiB, 0 %
2026/07/04 03:40:36.820, 0, 0 MiB, 81920 MiB, 0 %
2026/07/04 03:40:36.821, 1, 5951 MiB, 81920 MiB, 0 %
2026/07/04 03:40:36.821, 2, 0 MiB, 81920 MiB, 0 %
2026/07/04 03:40:36.821, 3, 0 MiB, 81920 MiB, 0 %
2026/07/04 03:40:36.822, 4, 0 MiB, 81920 MiB, 0 %
2026/07/04 03:40:36.822, 5, 0 MiB, 81920 MiB, 0 %
2026/07/04 03:40:36.822, 6, 0 MiB, 81920 MiB, 0 %
2026/07/04 03:40:36.822, 7, 0 MiB, 81920 MiB, 0 %
2026/07/04 03:40:46.823, 0, 0 MiB, 81920 MiB, 0 %
2026/07/04 03:40:46.824, 1, 5951 MiB, 81920 MiB, 0 %
2026/07/04 03:40:46.824, 2, 0 MiB, 81920 MiB, 0 %
2026/07/04 03:40:46.824, 3, 0 MiB, 81920 MiB, 0 %
2026/07/04 03:40:46.824, 4, 0 MiB, 81920 MiB, 0 %
2026/07/04 03:40:46.825, 5, 0 MiB, 81920 MiB, 0 %
2026/07/04 03:40:46.825, 6, 0 MiB, 81920 MiB, 0 %
2026/07/04 03:40:46.825, 7, 0 MiB, 81920 MiB, 0 %
2026/07/04 03:40:56.826, 0, 0 MiB, 81920 MiB, 0 %
2026/07/04 03:40:56.827, 1, 5951 MiB, 81920 MiB, 0 %
2026/07/04 03:40:56.827, 2, 0 MiB, 81920 MiB, 0 %
2026/07/04 03:40:56.827, 3, 0 MiB, 81920 MiB, 0 %
2026/07/04 03:40:56.827, 4, 0 MiB, 81920 MiB, 0 %
2026/07/04 03:40:56.828, 5, 0 MiB, 81920 MiB, 0 %
2026/07/04 03:40:56.828, 6, 0 MiB, 81920 MiB, 0 %
2026/07/04 03:40:56.828, 7, 0 MiB, 81920 MiB, 0 %
2026/07/04 03:41:06.829, 0, 0 MiB, 81920 MiB, 0 %
2026/07/04 03:41:06.830, 1, 5951 MiB, 81920 MiB, 0 %
2026/07/04 03:41:06.830, 2, 0 MiB, 81920 MiB, 0 %
2026/07/04 03:41:06.830, 3, 0 MiB, 81920 MiB, 0 %
2026/07/04 03:41:06.830, 4, 0 MiB, 81920 MiB, 0 %
2026/07/04 03:41:06.831, 5, 0 MiB, 81920 MiB, 0 %
2026/07/04 03:41:06.831, 6, 0 MiB, 81920 MiB, 0 %
2026/07/04 03:41:06.831, 7, 0 MiB, 81920 MiB, 0 %
2026/07/04 03:41:16.832, 0, 0 MiB, 81920 MiB, 0 %
2026/07/04 03:41:16.833, 1, 5951 MiB, 81920 MiB, 47 %
2026/07/04 03:41:16.833, 2, 0 MiB, 81920 MiB, 0 %
2026/07/04 03:41:16.833, 3, 0 MiB, 81920 MiB, 0 %
2026/07/04 03:41:16.833, 4, 0 MiB, 81920 MiB, 0 %
2026/07/04 03:41:16.834, 5, 0 MiB, 81920 MiB, 0 %
2026/07/04 03:41:16.834, 6, 0 MiB, 81920 MiB, 0 %
2026/07/04 03:41:16.834, 7, 0 MiB, 81920 MiB, 0 %
2026/07/04 03:41:26.835, 0, 0 MiB, 81920 MiB, 0 %
2026/07/04 03:41:26.836, 1, 5951 MiB, 81920 MiB, 0 %
2026/07/04 03:41:26.836, 2, 0 MiB, 81920 MiB, 0 %
2026/07/04 03:41:26.836, 3, 0 MiB, 81920 MiB, 0 %
2026/07/04 03:41:26.837, 4, 0 MiB, 81920 MiB, 0 %
2026/07/04 03:41:26.837, 5, 0 MiB, 81920 MiB, 0 %
2026/07/04 03:41:26.837, 6, 0 MiB, 81920 MiB, 0 %
2026/07/04 03:41:26.837, 7, 0 MiB, 81920 MiB, 0 %
2026/07/04 03:41:36.838, 0, 0 MiB, 81920 MiB, 0 %
2026/07/04 03:41:36.839, 1, 5951 MiB, 81920 MiB, 0 %
2026/07/04 03:41:36.839, 2, 0 MiB, 81920 MiB, 0 %
2026/07/04 03:41:36.839, 3, 0 MiB, 81920 MiB, 0 %
2026/07/04 03:41:36.840, 4, 0 MiB, 81920 MiB, 0 %
2026/07/04 03:41:36.840, 5, 0 MiB, 81920 MiB, 0 %
2026/07/04 03:41:36.840, 6, 0 MiB, 81920 MiB, 0 %
2026/07/04 03:41:36.841, 7, 0 MiB, 81920 MiB, 0 %
2026/07/04 03:41:46.842, 0, 0 MiB, 81920 MiB, 0 %
2026/07/04 03:41:46.842, 1, 5951 MiB, 81920 MiB, 0 %
2026/07/04 03:41:46.842, 2, 0 MiB, 81920 MiB, 0 %
2026/07/04 03:41:46.843, 3, 0 MiB, 81920 MiB, 0 %
2026/07/04 03:41:46.843, 4, 0 MiB, 81920 MiB, 0 %
2026/07/04 03:41:46.843, 5, 0 MiB, 81920 MiB, 0 %
2026/07/04 03:41:46.844, 6, 0 MiB, 81920 MiB, 0 %
2026/07/04 03:41:46.844, 7, 0 MiB, 81920 MiB, 0 %
2026/07/04 03:41:56.845, 0, 0 MiB, 81920 MiB, 0 %
2026/07/04 03:41:56.845, 1, 5951 MiB, 81920 MiB, 0 %
2026/07/04 03:41:56.845, 2, 0 MiB, 81920 MiB, 0 %
2026/07/04 03:41:56.846, 3, 0 MiB, 81920 MiB, 0 %
2026/07/04 03:41:56.846, 4, 0 MiB, 81920 MiB, 0 %
2026/07/04 03:41:56.846, 5, 0 MiB, 81920 MiB, 0 %
2026/07/04 03:41:56.847, 6, 0 MiB, 81920 MiB, 0 %
2026/07/04 03:41:56.847, 7, 0 MiB, 81920 MiB, 0 %
2026/07/04 03:42:06.848, 0, 0 MiB, 81920 MiB, 0 %
2026/07/04 03:42:06.848, 1, 5951 MiB, 81920 MiB, 0 %
2026/07/04 03:42:06.848, 2, 0 MiB, 81920 MiB, 0 %
2026/07/04 03:42:06.849, 3, 0 MiB, 81920 MiB, 0 %
2026/07/04 03:42:06.849, 4, 0 MiB, 81920 MiB, 0 %
2026/07/04 03:42:06.849, 5, 0 MiB, 81920 MiB, 0 %
2026/07/04 03:42:06.850, 6, 0 MiB, 81920 MiB, 0 %
2026/07/04 03:42:06.850, 7, 0 MiB, 81920 MiB, 0 %
2026/07/04 03:42:16.851, 0, 0 MiB, 81920 MiB, 0 %
2026/07/04 03:42:16.851, 1, 5951 MiB, 81920 MiB, 0 %
2026/07/04 03:42:16.851, 2, 0 MiB, 81920 MiB, 0 %
2026/07/04 03:42:16.852, 3, 0 MiB, 81920 MiB, 0 %
2026/07/04 03:42:16.852, 4, 0 MiB, 81920 MiB, 0 %
2026/07/04 03:42:16.852, 5, 0 MiB, 81920 MiB, 0 %
2026/07/04 03:42:16.853, 6, 0 MiB, 81920 MiB, 0 %
2026/07/04 03:42:16.853, 7, 0 MiB, 81920 MiB, 0 %
2026/07/04 03:42:26.854, 0, 0 MiB, 81920 MiB, 0 %
2026/07/04 03:42:26.854, 1, 5951 MiB, 81920 MiB, 0 %
2026/07/04 03:42:26.854, 2, 0 MiB, 81920 MiB, 0 %
2026/07/04 03:42:26.855, 3, 0 MiB, 81920 MiB, 0 %
2026/07/04 03:42:26.855, 4, 0 MiB, 81920 MiB, 0 %
2026/07/04 03:42:26.855, 5, 0 MiB, 81920 MiB, 0 %
2026/07/04 03:42:26.856, 6, 0 MiB, 81920 MiB, 0 %
2026/07/04 03:42:26.856, 7, 0 MiB, 81920 MiB, 0 %
2026/07/04 03:42:36.857, 0, 0 MiB, 81920 MiB, 0 %
2026/07/04 03:42:36.857, 1, 5951 MiB, 81920 MiB, 0 %
2026/07/04 03:42:36.857, 2, 0 MiB, 81920 MiB, 0 %
2026/07/04 03:42:36.858, 3, 0 MiB, 81920 MiB, 0 %
2026/07/04 03:42:36.858, 4, 0 MiB, 81920 MiB, 0 %
2026/07/04 03:42:36.858, 5, 0 MiB, 81920 MiB, 0 %
2026/07/04 03:42:36.859, 6, 0 MiB, 81920 MiB, 0 %
2026/07/04 03:42:36.859, 7, 0 MiB, 81920 MiB, 0 %
2026/07/04 03:42:46.860, 0, 0 MiB, 81920 MiB, 0 %
2026/07/04 03:42:46.860, 1, 5951 MiB, 81920 MiB, 0 %
2026/07/04 03:42:46.860, 2, 0 MiB, 81920 MiB, 0 %
2026/07/04 03:42:46.861, 3, 0 MiB, 81920 MiB, 0 %
2026/07/04 03:42:46.861, 4, 0 MiB, 81920 MiB, 0 %
2026/07/04 03:42:46.861, 5, 0 MiB, 81920 MiB, 0 %
2026/07/04 03:42:46.862, 6, 0 MiB, 81920 MiB, 0 %
2026/07/04 03:42:46.862, 7, 0 MiB, 81920 MiB, 0 %
2026/07/04 03:42:56.863, 0, 0 MiB, 81920 MiB, 0 %
2026/07/04 03:42:56.863, 1, 5951 MiB, 81920 MiB, 0 %
2026/07/04 03:42:56.864, 2, 0 MiB, 81920 MiB, 0 %
2026/07/04 03:42:56.864, 3, 0 MiB, 81920 MiB, 0 %
2026/07/04 03:42:56.864, 4, 0 MiB, 81920 MiB, 0 %
2026/07/04 03:42:56.864, 5, 0 MiB, 81920 MiB, 0 %
2026/07/04 03:42:56.865, 6, 0 MiB, 81920 MiB, 0 %
2026/07/04 03:42:56.865, 7, 0 MiB, 81920 MiB, 0 %
2026/07/04 03:43:06.866, 0, 0 MiB, 81920 MiB, 0 %
2026/07/04 03:43:06.866, 1, 5951 MiB, 81920 MiB, 0 %
2026/07/04 03:43:06.867, 2, 0 MiB, 81920 MiB, 0 %
2026/07/04 03:43:06.867, 3, 0 MiB, 81920 MiB, 0 %
2026/07/04 03:43:06.867, 4, 0 MiB, 81920 MiB, 0 %
2026/07/04 03:43:06.868, 5, 0 MiB, 81920 MiB, 0 %
2026/07/04 03:43:06.868, 6, 0 MiB, 81920 MiB, 0 %
2026/07/04 03:43:06.868, 7, 0 MiB, 81920 MiB, 0 %
2026/07/04 03:43:16.869, 0, 0 MiB, 81920 MiB, 0 %
2026/07/04 03:43:16.869, 1, 5951 MiB, 81920 MiB, 0 %
2026/07/04 03:43:16.870, 2, 0 MiB, 81920 MiB, 0 %
2026/07/04 03:43:16.870, 3, 0 MiB, 81920 MiB, 0 %
2026/07/04 03:43:16.870, 4, 0 MiB, 81920 MiB, 0 %
2026/07/04 03:43:16.871, 5, 0 MiB, 81920 MiB, 0 %
2026/07/04 03:43:16.871, 6, 0 MiB, 81920 MiB, 0 %
2026/07/04 03:43:16.871, 7, 0 MiB, 81920 MiB, 0 %
2026/07/04 03:43:26.872, 0, 0 MiB, 81920 MiB, 0 %
2026/07/04 03:43:26.872, 1, 5951 MiB, 81920 MiB, 0 %
2026/07/04 03:43:26.873, 2, 0 MiB, 81920 MiB, 0 %
2026/07/04 03:43:26.873, 3, 0 MiB, 81920 MiB, 0 %
2026/07/04 03:43:26.873, 4, 0 MiB, 81920 MiB, 0 %
2026/07/04 03:43:26.874, 5, 0 MiB, 81920 MiB, 0 %
2026/07/04 03:43:26.874, 6, 0 MiB, 81920 MiB, 0 %
2026/07/04 03:43:26.874, 7, 0 MiB, 81920 MiB, 0 %
2026/07/04 03:43:36.875, 0, 0 MiB, 81920 MiB, 0 %
2026/07/04 03:43:36.876, 1, 5951 MiB, 81920 MiB, 0 %
2026/07/04 03:43:36.876, 2, 0 MiB, 81920 MiB, 0 %
2026/07/04 03:43:36.876, 3, 0 MiB, 81920 MiB, 0 %
2026/07/04 03:43:36.876, 4, 0 MiB, 81920 MiB, 0 %
2026/07/04 03:43:36.877, 5, 0 MiB, 81920 MiB, 0 %
2026/07/04 03:43:36.877, 6, 0 MiB, 81920 MiB, 0 %
2026/07/04 03:43:36.877, 7, 0 MiB, 81920 MiB, 0 %
2026/07/04 03:43:46.878, 0, 0 MiB, 81920 MiB, 0 %
2026/07/04 03:43:46.879, 1, 5951 MiB, 81920 MiB, 0 %
2026/07/04 03:43:46.879, 2, 0 MiB, 81920 MiB, 0 %
2026/07/04 03:43:46.879, 3, 0 MiB, 81920 MiB, 0 %
2026/07/04 03:43:46.880, 4, 0 MiB, 81920 MiB, 0 %
2026/07/04 03:43:46.880, 5, 0 MiB, 81920 MiB, 0 %
2026/07/04 03:43:46.880, 6, 0 MiB, 81920 MiB, 0 %
2026/07/04 03:43:46.881, 7, 0 MiB, 81920 MiB, 0 %
2026/07/04 03:43:56.881, 0, 0 MiB, 81920 MiB, 0 %
2026/07/04 03:43:56.882, 1, 5951 MiB, 81920 MiB, 0 %
2026/07/04 03:43:56.882, 2, 0 MiB, 81920 MiB, 0 %
2026/07/04 03:43:56.882, 3, 0 MiB, 81920 MiB, 0 %
2026/07/04 03:43:56.883, 4, 0 MiB, 81920 MiB, 0 %
2026/07/04 03:43:56.883, 5, 0 MiB, 81920 MiB, 0 %
2026/07/04 03:43:56.883, 6, 0 MiB, 81920 MiB, 0 %
2026/07/04 03:43:56.883, 7, 0 MiB, 81920 MiB, 0 %
2026/07/04 03:44:06.884, 0, 0 MiB, 81920 MiB, 0 %
2026/07/04 03:44:06.885, 1, 5951 MiB, 81920 MiB, 0 %
2026/07/04 03:44:06.885, 2, 0 MiB, 81920 MiB, 0 %
2026/07/04 03:44:06.885, 3, 0 MiB, 81920 MiB, 0 %
2026/07/04 03:44:06.886, 4, 0 MiB, 81920 MiB, 0 %
2026/07/04 03:44:06.886, 5, 0 MiB, 81920 MiB, 0 %
2026/07/04 03:44:06.886, 6, 0 MiB, 81920 MiB, 0 %
2026/07/04 03:44:06.887, 7, 0 MiB, 81920 MiB, 0 %
2026/07/04 03:44:16.887, 0, 0 MiB, 81920 MiB, 0 %
2026/07/04 03:44:16.888, 1, 5951 MiB, 81920 MiB, 0 %
2026/07/04 03:44:16.888, 2, 0 MiB, 81920 MiB, 0 %
2026/07/04 03:44:16.888, 3, 0 MiB, 81920 MiB, 0 %
2026/07/04 03:44:16.889, 4, 0 MiB, 81920 MiB, 0 %
2026/07/04 03:44:16.889, 5, 0 MiB, 81920 MiB, 0 %
2026/07/04 03:44:16.889, 6, 0 MiB, 81920 MiB, 0 %
2026/07/04 03:44:16.890, 7, 0 MiB, 81920 MiB, 0 %
2026/07/04 03:44:26.890, 0, 0 MiB, 81920 MiB, 0 %
2026/07/04 03:44:26.891, 1, 5951 MiB, 81920 MiB, 0 %
2026/07/04 03:44:26.891, 2, 0 MiB, 81920 MiB, 0 %
2026/07/04 03:44:26.891, 3, 0 MiB, 81920 MiB, 0 %
2026/07/04 03:44:26.892, 4, 0 MiB, 81920 MiB, 0 %
2026/07/04 03:44:26.892, 5, 0 MiB, 81920 MiB, 0 %
2026/07/04 03:44:26.892, 6, 0 MiB, 81920 MiB, 0 %
2026/07/04 03:44:26.893, 7, 0 MiB, 81920 MiB, 0 %
2026/07/04 03:44:36.893, 0, 0 MiB, 81920 MiB, 0 %
2026/07/04 03:44:36.894, 1, 5951 MiB, 81920 MiB, 0 %
2026/07/04 03:44:36.894, 2, 0 MiB, 81920 MiB, 0 %
2026/07/04 03:44:36.894, 3, 0 MiB, 81920 MiB, 0 %
2026/07/04 03:44:36.895, 4, 0 MiB, 81920 MiB, 0 %
2026/07/04 03:44:36.895, 5, 0 MiB, 81920 MiB, 0 %
2026/07/04 03:44:36.895, 6, 0 MiB, 81920 MiB, 0 %
2026/07/04 03:44:36.896, 7, 0 MiB, 81920 MiB, 0 %
2026/07/04 03:44:46.896, 0, 0 MiB, 81920 MiB, 0 %
2026/07/04 03:44:46.897, 1, 5951 MiB, 81920 MiB, 0 %
2026/07/04 03:44:46.897, 2, 0 MiB, 81920 MiB, 0 %
2026/07/04 03:44:46.897, 3, 0 MiB, 81920 MiB, 0 %
2026/07/04 03:44:46.898, 4, 0 MiB, 81920 MiB, 0 %
2026/07/04 03:44:46.898, 5, 0 MiB, 81920 MiB, 0 %
2026/07/04 03:44:46.898, 6, 0 MiB, 81920 MiB, 0 %
2026/07/04 03:44:46.898, 7, 0 MiB, 81920 MiB, 0 %
2026/07/04 03:44:56.899, 0, 0 MiB, 81920 MiB, 0 %
2026/07/04 03:44:56.900, 1, 5951 MiB, 81920 MiB, 0 %
2026/07/04 03:44:56.900, 2, 0 MiB, 81920 MiB, 0 %
2026/07/04 03:44:56.900, 3, 0 MiB, 81920 MiB, 0 %
2026/07/04 03:44:56.900, 4, 0 MiB, 81920 MiB, 0 %
2026/07/04 03:44:56.901, 5, 0 MiB, 81920 MiB, 0 %
2026/07/04 03:44:56.901, 6, 0 MiB, 81920 MiB, 0 %
2026/07/04 03:44:56.901, 7, 0 MiB, 81920 MiB, 0 %
2026/07/04 03:45:06.902, 0, 0 MiB, 81920 MiB, 0 %
2026/07/04 03:45:06.903, 1, 5951 MiB, 81920 MiB, 0 %
2026/07/04 03:45:06.903, 2, 0 MiB, 81920 MiB, 0 %
2026/07/04 03:45:06.903, 3, 0 MiB, 81920 MiB, 0 %
2026/07/04 03:45:06.904, 4, 0 MiB, 81920 MiB, 0 %
2026/07/04 03:45:06.904, 5, 0 MiB, 81920 MiB, 0 %
2026/07/04 03:45:06.904, 6, 0 MiB, 81920 MiB, 0 %
2026/07/04 03:45:06.904, 7, 0 MiB, 81920 MiB, 0 %
2026/07/04 03:45:16.905, 0, 0 MiB, 81920 MiB, 0 %
2026/07/04 03:45:16.906, 1, 5951 MiB, 81920 MiB, 0 %
2026/07/04 03:45:16.906, 2, 0 MiB, 81920 MiB, 0 %
2026/07/04 03:45:16.906, 3, 0 MiB, 81920 MiB, 0 %
2026/07/04 03:45:16.907, 4, 0 MiB, 81920 MiB, 0 %
2026/07/04 03:45:16.907, 5, 0 MiB, 81920 MiB, 0 %
2026/07/04 03:45:16.907, 6, 0 MiB, 81920 MiB, 0 %
2026/07/04 03:45:16.907, 7, 0 MiB, 81920 MiB, 0 %
2026/07/04 03:45:26.908, 0, 0 MiB, 81920 MiB, 0 %
2026/07/04 03:45:26.909, 1, 5951 MiB, 81920 MiB, 0 %
2026/07/04 03:45:26.909, 2, 0 MiB, 81920 MiB, 0 %
2026/07/04 03:45:26.909, 3, 0 MiB, 81920 MiB, 0 %
2026/07/04 03:45:26.909, 4, 0 MiB, 81920 MiB, 0 %
2026/07/04 03:45:26.910, 5, 0 MiB, 81920 MiB, 0 %
2026/07/04 03:45:26.910, 6, 0 MiB, 81920 MiB, 0 %
2026/07/04 03:45:26.910, 7, 0 MiB, 81920 MiB, 0 %
2026/07/04 03:45:36.911, 0, 0 MiB, 81920 MiB, 0 %
2026/07/04 03:45:36.912, 1, 5951 MiB, 81920 MiB, 0 %
2026/07/04 03:45:36.912, 2, 0 MiB, 81920 MiB, 0 %
2026/07/04 03:45:36.912, 3, 0 MiB, 81920 MiB, 0 %
2026/07/04 03:45:36.912, 4, 0 MiB, 81920 MiB, 0 %
2026/07/04 03:45:36.913, 5, 0 MiB, 81920 MiB, 0 %
2026/07/04 03:45:36.913, 6, 0 MiB, 81920 MiB, 0 %
2026/07/04 03:45:36.913, 7, 0 MiB, 81920 MiB, 0 %
2026/07/04 03:45:46.914, 0, 0 MiB, 81920 MiB, 0 %
2026/07/04 03:45:46.915, 1, 5951 MiB, 81920 MiB, 11 %
2026/07/04 03:45:46.915, 2, 0 MiB, 81920 MiB, 0 %
2026/07/04 03:45:46.915, 3, 0 MiB, 81920 MiB, 0 %
2026/07/04 03:45:46.915, 4, 0 MiB, 81920 MiB, 0 %
2026/07/04 03:45:46.916, 5, 0 MiB, 81920 MiB, 0 %
2026/07/04 03:45:46.916, 6, 0 MiB, 81920 MiB, 0 %
2026/07/04 03:45:46.916, 7, 0 MiB, 81920 MiB, 0 %
2026/07/04 03:45:56.917, 0, 0 MiB, 81920 MiB, 0 %
2026/07/04 03:45:56.917, 1, 5951 MiB, 81920 MiB, 0 %
2026/07/04 03:45:56.918, 2, 0 MiB, 81920 MiB, 0 %
2026/07/04 03:45:56.918, 3, 0 MiB, 81920 MiB, 0 %
2026/07/04 03:45:56.918, 4, 0 MiB, 81920 MiB, 0 %
2026/07/04 03:45:56.919, 5, 0 MiB, 81920 MiB, 0 %
2026/07/04 03:45:56.919, 6, 0 MiB, 81920 MiB, 0 %
2026/07/04 03:45:56.919, 7, 0 MiB, 81920 MiB, 0 %
2026/07/04 03:46:06.920, 0, 0 MiB, 81920 MiB, 0 %
2026/07/04 03:46:06.920, 1, 5951 MiB, 81920 MiB, 0 %
2026/07/04 03:46:06.921, 2, 0 MiB, 81920 MiB, 0 %
2026/07/04 03:46:06.921, 3, 0 MiB, 81920 MiB, 0 %
2026/07/04 03:46:06.921, 4, 0 MiB, 81920 MiB, 0 %
2026/07/04 03:46:06.922, 5, 0 MiB, 81920 MiB, 0 %
2026/07/04 03:46:06.922, 6, 0 MiB, 81920 MiB, 0 %
2026/07/04 03:46:06.922, 7, 0 MiB, 81920 MiB, 0 %
2026/07/04 03:46:16.923, 0, 0 MiB, 81920 MiB, 0 %
2026/07/04 03:46:16.924, 1, 5951 MiB, 81920 MiB, 0 %
2026/07/04 03:46:16.924, 2, 0 MiB, 81920 MiB, 0 %
2026/07/04 03:46:16.924, 3, 0 MiB, 81920 MiB, 0 %
2026/07/04 03:46:16.924, 4, 0 MiB, 81920 MiB, 0 %
2026/07/04 03:46:16.925, 5, 0 MiB, 81920 MiB, 0 %
2026/07/04 03:46:16.925, 6, 0 MiB, 81920 MiB, 0 %
2026/07/04 03:46:16.925, 7, 0 MiB, 81920 MiB, 0 %
2026/07/04 03:46:26.926, 0, 0 MiB, 81920 MiB, 0 %
2026/07/04 03:46:26.927, 1, 5951 MiB, 81920 MiB, 0 %
2026/07/04 03:46:26.927, 2, 0 MiB, 81920 MiB, 0 %
2026/07/04 03:46:26.927, 3, 0 MiB, 81920 MiB, 0 %
2026/07/04 03:46:26.928, 4, 0 MiB, 81920 MiB, 0 %
2026/07/04 03:46:26.928, 5, 0 MiB, 81920 MiB, 0 %
2026/07/04 03:46:26.928, 6, 0 MiB, 81920 MiB, 0 %
2026/07/04 03:46:26.929, 7, 0 MiB, 81920 MiB, 0 %
2026/07/04 03:46:36.929, 0, 0 MiB, 81920 MiB, 0 %
2026/07/04 03:46:36.930, 1, 5951 MiB, 81920 MiB, 38 %
2026/07/04 03:46:36.930, 2, 0 MiB, 81920 MiB, 0 %
2026/07/04 03:46:36.930, 3, 0 MiB, 81920 MiB, 0 %
2026/07/04 03:46:36.931, 4, 0 MiB, 81920 MiB, 0 %
2026/07/04 03:46:36.931, 5, 0 MiB, 81920 MiB, 0 %
2026/07/04 03:46:36.931, 6, 0 MiB, 81920 MiB, 0 %
2026/07/04 03:46:36.932, 7, 0 MiB, 81920 MiB, 0 %
2026/07/04 03:46:46.932, 0, 0 MiB, 81920 MiB, 0 %
2026/07/04 03:46:46.933, 1, 5951 MiB, 81920 MiB, 0 %
2026/07/04 03:46:46.933, 2, 0 MiB, 81920 MiB, 0 %
2026/07/04 03:46:46.934, 3, 0 MiB, 81920 MiB, 0 %
2026/07/04 03:46:46.934, 4, 0 MiB, 81920 MiB, 0 %
2026/07/04 03:46:46.934, 5, 0 MiB, 81920 MiB, 0 %
2026/07/04 03:46:46.935, 6, 0 MiB, 81920 MiB, 0 %
2026/07/04 03:46:46.935, 7, 0 MiB, 81920 MiB, 0 %
2026/07/04 03:46:56.936, 0, 0 MiB, 81920 MiB, 0 %
2026/07/04 03:46:56.936, 1, 5951 MiB, 81920 MiB, 0 %
2026/07/04 03:46:56.936, 2, 0 MiB, 81920 MiB, 0 %
2026/07/04 03:46:56.937, 3, 0 MiB, 81920 MiB, 0 %
2026/07/04 03:46:56.937, 4, 0 MiB, 81920 MiB, 0 %
2026/07/04 03:46:56.937, 5, 0 MiB, 81920 MiB, 0 %
2026/07/04 03:46:56.938, 6, 0 MiB, 81920 MiB, 0 %
2026/07/04 03:46:56.938, 7, 0 MiB, 81920 MiB, 0 %
2026/07/04 03:47:06.939, 0, 0 MiB, 81920 MiB, 0 %
2026/07/04 03:47:06.939, 1, 5951 MiB, 81920 MiB, 0 %
2026/07/04 03:47:06.940, 2, 0 MiB, 81920 MiB, 0 %
2026/07/04 03:47:06.940, 3, 0 MiB, 81920 MiB, 0 %
2026/07/04 03:47:06.940, 4, 0 MiB, 81920 MiB, 0 %
2026/07/04 03:47:06.941, 5, 0 MiB, 81920 MiB, 0 %
2026/07/04 03:47:06.941, 6, 0 MiB, 81920 MiB, 0 %
2026/07/04 03:47:06.941, 7, 0 MiB, 81920 MiB, 0 %
2026/07/04 03:47:16.942, 0, 0 MiB, 81920 MiB, 0 %
2026/07/04 03:47:16.942, 1, 5951 MiB, 81920 MiB, 0 %
2026/07/04 03:47:16.943, 2, 0 MiB, 81920 MiB, 0 %
2026/07/04 03:47:16.943, 3, 0 MiB, 81920 MiB, 0 %
2026/07/04 03:47:16.943, 4, 0 MiB, 81920 MiB, 0 %
2026/07/04 03:47:16.944, 5, 0 MiB, 81920 MiB, 0 %
2026/07/04 03:47:16.944, 6, 0 MiB, 81920 MiB, 0 %
2026/07/04 03:47:16.944, 7, 0 MiB, 81920 MiB, 0 %
2026/07/04 03:47:26.945, 0, 0 MiB, 81920 MiB, 0 %
2026/07/04 03:47:26.946, 1, 5951 MiB, 81920 MiB, 0 %
2026/07/04 03:47:26.946, 2, 0 MiB, 81920 MiB, 0 %
2026/07/04 03:47:26.946, 3, 0 MiB, 81920 MiB, 0 %
2026/07/04 03:47:26.947, 4, 0 MiB, 81920 MiB, 0 %
2026/07/04 03:47:26.947, 5, 0 MiB, 81920 MiB, 0 %
2026/07/04 03:47:26.947, 6, 0 MiB, 81920 MiB, 0 %
2026/07/04 03:47:26.947, 7, 0 MiB, 81920 MiB, 0 %
2026/07/04 03:47:36.948, 0, 0 MiB, 81920 MiB, 0 %
2026/07/04 03:47:36.949, 1, 5951 MiB, 81920 MiB, 0 %
2026/07/04 03:47:36.949, 2, 0 MiB, 81920 MiB, 0 %
2026/07/04 03:47:36.949, 3, 0 MiB, 81920 MiB, 0 %
2026/07/04 03:47:36.950, 4, 0 MiB, 81920 MiB, 0 %
2026/07/04 03:47:36.950, 5, 0 MiB, 81920 MiB, 0 %
2026/07/04 03:47:36.950, 6, 0 MiB, 81920 MiB, 0 %
2026/07/04 03:47:36.951, 7, 0 MiB, 81920 MiB, 0 %
2026/07/04 03:47:46.952, 0, 0 MiB, 81920 MiB, 0 %
2026/07/04 03:47:46.952, 1, 5951 MiB, 81920 MiB, 0 %
2026/07/04 03:47:46.952, 2, 0 MiB, 81920 MiB, 0 %
2026/07/04 03:47:46.953, 3, 0 MiB, 81920 MiB, 0 %
2026/07/04 03:47:46.953, 4, 0 MiB, 81920 MiB, 0 %
2026/07/04 03:47:46.953, 5, 0 MiB, 81920 MiB, 0 %
2026/07/04 03:47:46.953, 6, 0 MiB, 81920 MiB, 0 %
2026/07/04 03:47:46.954, 7, 0 MiB, 81920 MiB, 0 %
2026/07/04 03:47:56.955, 0, 0 MiB, 81920 MiB, 0 %
2026/07/04 03:47:56.955, 1, 5951 MiB, 81920 MiB, 0 %
2026/07/04 03:47:56.955, 2, 0 MiB, 81920 MiB, 0 %
2026/07/04 03:47:56.956, 3, 0 MiB, 81920 MiB, 0 %
2026/07/04 03:47:56.956, 4, 0 MiB, 81920 MiB, 0 %
2026/07/04 03:47:56.956, 5, 0 MiB, 81920 MiB, 0 %
2026/07/04 03:47:56.957, 6, 0 MiB, 81920 MiB, 0 %
2026/07/04 03:47:56.957, 7, 0 MiB, 81920 MiB, 0 %
2026/07/04 03:48:06.958, 0, 0 MiB, 81920 MiB, 0 %
2026/07/04 03:48:06.958, 1, 5951 MiB, 81920 MiB, 0 %
2026/07/04 03:48:06.959, 2, 0 MiB, 81920 MiB, 0 %
2026/07/04 03:48:06.959, 3, 0 MiB, 81920 MiB, 0 %
2026/07/04 03:48:06.959, 4, 0 MiB, 81920 MiB, 0 %
2026/07/04 03:48:06.960, 5, 0 MiB, 81920 MiB, 0 %
2026/07/04 03:48:06.960, 6, 0 MiB, 81920 MiB, 0 %
2026/07/04 03:48:06.960, 7, 0 MiB, 81920 MiB, 0 %
2026/07/04 03:48:16.961, 0, 0 MiB, 81920 MiB, 0 %
2026/07/04 03:48:16.962, 1, 5951 MiB, 81920 MiB, 0 %
2026/07/04 03:48:16.962, 2, 0 MiB, 81920 MiB, 0 %
2026/07/04 03:48:16.962, 3, 0 MiB, 81920 MiB, 0 %
2026/07/04 03:48:16.962, 4, 0 MiB, 81920 MiB, 0 %
2026/07/04 03:48:16.963, 5, 0 MiB, 81920 MiB, 0 %
2026/07/04 03:48:16.963, 6, 0 MiB, 81920 MiB, 0 %
2026/07/04 03:48:16.963, 7, 0 MiB, 81920 MiB, 0 %
2026/07/04 03:48:26.964, 0, 0 MiB, 81920 MiB, 0 %
2026/07/04 03:48:26.965, 1, 5951 MiB, 81920 MiB, 0 %
2026/07/04 03:48:26.965, 2, 0 MiB, 81920 MiB, 0 %
2026/07/04 03:48:26.965, 3, 0 MiB, 81920 MiB, 0 %
2026/07/04 03:48:26.966, 4, 0 MiB, 81920 MiB, 0 %
2026/07/04 03:48:26.966, 5, 0 MiB, 81920 MiB, 0 %
2026/07/04 03:48:26.966, 6, 0 MiB, 81920 MiB, 0 %
2026/07/04 03:48:26.966, 7, 0 MiB, 81920 MiB, 0 %
2026/07/04 03:48:36.967, 0, 0 MiB, 81920 MiB, 0 %
2026/07/04 03:48:36.968, 1, 5951 MiB, 81920 MiB, 0 %
2026/07/04 03:48:36.968, 2, 0 MiB, 81920 MiB, 0 %
2026/07/04 03:48:36.968, 3, 0 MiB, 81920 MiB, 0 %
2026/07/04 03:48:36.969, 4, 0 MiB, 81920 MiB, 0 %
2026/07/04 03:48:36.969, 5, 0 MiB, 81920 MiB, 0 %
2026/07/04 03:48:36.969, 6, 0 MiB, 81920 MiB, 0 %
2026/07/04 03:48:36.970, 7, 0 MiB, 81920 MiB, 0 %
2026/07/04 03:48:46.970, 0, 0 MiB, 81920 MiB, 0 %
2026/07/04 03:48:46.971, 1, 5951 MiB, 81920 MiB, 0 %
2026/07/04 03:48:46.971, 2, 0 MiB, 81920 MiB, 0 %
2026/07/04 03:48:46.971, 3, 0 MiB, 81920 MiB, 0 %
2026/07/04 03:48:46.972, 4, 0 MiB, 81920 MiB, 0 %
2026/07/04 03:48:46.972, 5, 0 MiB, 81920 MiB, 0 %
2026/07/04 03:48:46.972, 6, 0 MiB, 81920 MiB, 0 %
2026/07/04 03:48:46.973, 7, 0 MiB, 81920 MiB, 0 %
2026/07/04 03:48:56.974, 0, 0 MiB, 81920 MiB, 0 %
2026/07/04 03:48:56.974, 1, 5951 MiB, 81920 MiB, 0 %
2026/07/04 03:48:56.974, 2, 0 MiB, 81920 MiB, 0 %
2026/07/04 03:48:56.975, 3, 0 MiB, 81920 MiB, 0 %
2026/07/04 03:48:56.975, 4, 0 MiB, 81920 MiB, 0 %
2026/07/04 03:48:56.975, 5, 0 MiB, 81920 MiB, 0 %
2026/07/04 03:48:56.976, 6, 0 MiB, 81920 MiB, 0 %
2026/07/04 03:48:56.976, 7, 0 MiB, 81920 MiB, 0 %
2026/07/04 03:49:06.977, 0, 0 MiB, 81920 MiB, 0 %
2026/07/04 03:49:06.977, 1, 5951 MiB, 81920 MiB, 0 %
2026/07/04 03:49:06.978, 2, 0 MiB, 81920 MiB, 0 %
2026/07/04 03:49:06.978, 3, 0 MiB, 81920 MiB, 0 %
2026/07/04 03:49:06.978, 4, 0 MiB, 81920 MiB, 0 %
2026/07/04 03:49:06.979, 5, 0 MiB, 81920 MiB, 0 %
2026/07/04 03:49:06.979, 6, 0 MiB, 81920 MiB, 0 %
2026/07/04 03:49:06.979, 7, 0 MiB, 81920 MiB, 0 %
2026/07/04 03:49:16.980, 0, 0 MiB, 81920 MiB, 0 %
2026/07/04 03:49:16.980, 1, 5951 MiB, 81920 MiB, 0 %
2026/07/04 03:49:16.981, 2, 0 MiB, 81920 MiB, 0 %
2026/07/04 03:49:16.981, 3, 0 MiB, 81920 MiB, 0 %
2026/07/04 03:49:16.981, 4, 0 MiB, 81920 MiB, 0 %
2026/07/04 03:49:16.982, 5, 0 MiB, 81920 MiB, 0 %
2026/07/04 03:49:16.982, 6, 0 MiB, 81920 MiB, 0 %
2026/07/04 03:49:16.982, 7, 0 MiB, 81920 MiB, 0 %
2026/07/04 03:49:26.983, 0, 0 MiB, 81920 MiB, 0 %
2026/07/04 03:49:26.984, 1, 5951 MiB, 81920 MiB, 0 %
2026/07/04 03:49:26.984, 2, 0 MiB, 81920 MiB, 0 %
2026/07/04 03:49:26.984, 3, 0 MiB, 81920 MiB, 0 %
2026/07/04 03:49:26.984, 4, 0 MiB, 81920 MiB, 0 %
2026/07/04 03:49:26.985, 5, 0 MiB, 81920 MiB, 0 %
2026/07/04 03:49:26.985, 6, 0 MiB, 81920 MiB, 0 %
2026/07/04 03:49:26.985, 7, 0 MiB, 81920 MiB, 0 %
2026/07/04 03:49:36.986, 0, 0 MiB, 81920 MiB, 0 %
2026/07/04 03:49:36.987, 1, 5951 MiB, 81920 MiB, 0 %
2026/07/04 03:49:36.987, 2, 0 MiB, 81920 MiB, 0 %
2026/07/04 03:49:36.987, 3, 0 MiB, 81920 MiB, 0 %
2026/07/04 03:49:36.988, 4, 0 MiB, 81920 MiB, 0 %
2026/07/04 03:49:36.988, 5, 0 MiB, 81920 MiB, 0 %
2026/07/04 03:49:36.988, 6, 0 MiB, 81920 MiB, 0 %
2026/07/04 03:49:36.989, 7, 0 MiB, 81920 MiB, 0 %
2026/07/04 03:49:46.990, 0, 0 MiB, 81920 MiB, 0 %
2026/07/04 03:49:46.990, 1, 5951 MiB, 81920 MiB, 0 %
2026/07/04 03:49:46.990, 2, 0 MiB, 81920 MiB, 0 %
2026/07/04 03:49:46.991, 3, 0 MiB, 81920 MiB, 0 %
2026/07/04 03:49:46.991, 4, 0 MiB, 81920 MiB, 0 %
2026/07/04 03:49:46.991, 5, 0 MiB, 81920 MiB, 0 %
2026/07/04 03:49:46.992, 6, 0 MiB, 81920 MiB, 0 %
2026/07/04 03:49:46.992, 7, 0 MiB, 81920 MiB, 0 %
2026/07/04 03:49:56.993, 0, 0 MiB, 81920 MiB, 0 %
2026/07/04 03:49:56.993, 1, 5951 MiB, 81920 MiB, 0 %
2026/07/04 03:49:56.994, 2, 0 MiB, 81920 MiB, 0 %
2026/07/04 03:49:56.994, 3, 0 MiB, 81920 MiB, 0 %
2026/07/04 03:49:56.994, 4, 0 MiB, 81920 MiB, 0 %
2026/07/04 03:49:56.994, 5, 0 MiB, 81920 MiB, 0 %
2026/07/04 03:49:56.995, 6, 0 MiB, 81920 MiB, 0 %
2026/07/04 03:49:56.995, 7, 0 MiB, 81920 MiB, 0 %
2026/07/04 03:50:06.996, 0, 0 MiB, 81920 MiB, 0 %
2026/07/04 03:50:06.996, 1, 5951 MiB, 81920 MiB, 0 %
2026/07/04 03:50:06.997, 2, 0 MiB, 81920 MiB, 0 %
2026/07/04 03:50:06.997, 3, 0 MiB, 81920 MiB, 0 %
2026/07/04 03:50:06.997, 4, 0 MiB, 81920 MiB, 0 %
2026/07/04 03:50:06.998, 5, 0 MiB, 81920 MiB, 0 %
2026/07/04 03:50:06.998, 6, 0 MiB, 81920 MiB, 0 %
2026/07/04 03:50:06.998, 7, 0 MiB, 81920 MiB, 0 %
2026/07/04 03:50:16.999, 0, 0 MiB, 81920 MiB, 0 %
2026/07/04 03:50:17.000, 1, 5951 MiB, 81920 MiB, 0 %
2026/07/04 03:50:17.000, 2, 0 MiB, 81920 MiB, 0 %
2026/07/04 03:50:17.000, 3, 0 MiB, 81920 MiB, 0 %
2026/07/04 03:50:17.000, 4, 0 MiB, 81920 MiB, 0 %
2026/07/04 03:50:17.001, 5, 0 MiB, 81920 MiB, 0 %
2026/07/04 03:50:17.001, 6, 0 MiB, 81920 MiB, 0 %
2026/07/04 03:50:17.001, 7, 0 MiB, 81920 MiB, 0 %
2026/07/04 03:50:27.002, 0, 0 MiB, 81920 MiB, 0 %
2026/07/04 03:50:27.003, 1, 5951 MiB, 81920 MiB, 0 %
2026/07/04 03:50:27.003, 2, 0 MiB, 81920 MiB, 0 %
2026/07/04 03:50:27.003, 3, 0 MiB, 81920 MiB, 0 %
2026/07/04 03:50:27.004, 4, 0 MiB, 81920 MiB, 0 %
2026/07/04 03:50:27.004, 5, 0 MiB, 81920 MiB, 0 %
2026/07/04 03:50:27.004, 6, 0 MiB, 81920 MiB, 0 %
2026/07/04 03:50:27.005, 7, 0 MiB, 81920 MiB, 0 %
2026/07/04 03:50:37.006, 0, 0 MiB, 81920 MiB, 0 %
2026/07/04 03:50:37.006, 1, 5951 MiB, 81920 MiB, 0 %
2026/07/04 03:50:37.006, 2, 0 MiB, 81920 MiB, 0 %
2026/07/04 03:50:37.007, 3, 0 MiB, 81920 MiB, 0 %
2026/07/04 03:50:37.007, 4, 0 MiB, 81920 MiB, 0 %
2026/07/04 03:50:37.007, 5, 0 MiB, 81920 MiB, 0 %
2026/07/04 03:50:37.008, 6, 0 MiB, 81920 MiB, 0 %
2026/07/04 03:50:37.008, 7, 0 MiB, 81920 MiB, 0 %
2026/07/04 03:50:47.009, 0, 0 MiB, 81920 MiB, 0 %
2026/07/04 03:50:47.009, 1, 5951 MiB, 81920 MiB, 0 %
2026/07/04 03:50:47.009, 2, 0 MiB, 81920 MiB, 0 %
2026/07/04 03:50:47.009, 3, 0 MiB, 81920 MiB, 0 %
2026/07/04 03:50:47.010, 4, 0 MiB, 81920 MiB, 0 %
2026/07/04 03:50:47.010, 5, 0 MiB, 81920 MiB, 0 %
2026/07/04 03:50:47.010, 6, 0 MiB, 81920 MiB, 0 %
2026/07/04 03:50:47.010, 7, 0 MiB, 81920 MiB, 0 %
2026/07/04 03:50:57.011, 0, 0 MiB, 81920 MiB, 0 %
2026/07/04 03:50:57.011, 1, 5951 MiB, 81920 MiB, 51 %
2026/07/04 03:50:57.012, 2, 0 MiB, 81920 MiB, 0 %
2026/07/04 03:50:57.012, 3, 0 MiB, 81920 MiB, 0 %
2026/07/04 03:50:57.012, 4, 0 MiB, 81920 MiB, 0 %
2026/07/04 03:50:57.013, 5, 0 MiB, 81920 MiB, 0 %
2026/07/04 03:50:57.013, 6, 0 MiB, 81920 MiB, 0 %
2026/07/04 03:50:57.013, 7, 0 MiB, 81920 MiB, 0 %
2026/07/04 03:51:07.014, 0, 0 MiB, 81920 MiB, 0 %
2026/07/04 03:51:07.015, 1, 5951 MiB, 81920 MiB, 0 %
2026/07/04 03:51:07.015, 2, 0 MiB, 81920 MiB, 0 %
2026/07/04 03:51:07.015, 3, 0 MiB, 81920 MiB, 0 %
2026/07/04 03:51:07.015, 4, 0 MiB, 81920 MiB, 0 %
2026/07/04 03:51:07.016, 5, 0 MiB, 81920 MiB, 0 %
2026/07/04 03:51:07.016, 6, 0 MiB, 81920 MiB, 0 %
2026/07/04 03:51:07.016, 7, 0 MiB, 81920 MiB, 0 %
2026/07/04 03:51:17.017, 0, 0 MiB, 81920 MiB, 0 %
2026/07/04 03:51:17.018, 1, 5951 MiB, 81920 MiB, 0 %
2026/07/04 03:51:17.018, 2, 0 MiB, 81920 MiB, 0 %
2026/07/04 03:51:17.018, 3, 0 MiB, 81920 MiB, 0 %
2026/07/04 03:51:17.019, 4, 0 MiB, 81920 MiB, 0 %
2026/07/04 03:51:17.019, 5, 0 MiB, 81920 MiB, 0 %
2026/07/04 03:51:17.019, 6, 0 MiB, 81920 MiB, 0 %
2026/07/04 03:51:17.020, 7, 0 MiB, 81920 MiB, 0 %
2026/07/04 03:51:27.021, 0, 0 MiB, 81920 MiB, 0 %
2026/07/04 03:51:27.021, 1, 5951 MiB, 81920 MiB, 47 %
2026/07/04 03:51:27.021, 2, 0 MiB, 81920 MiB, 0 %
2026/07/04 03:51:27.022, 3, 0 MiB, 81920 MiB, 0 %
2026/07/04 03:51:27.022, 4, 0 MiB, 81920 MiB, 0 %
2026/07/04 03:51:27.022, 5, 0 MiB, 81920 MiB, 0 %
2026/07/04 03:51:27.022, 6, 0 MiB, 81920 MiB, 0 %
2026/07/04 03:51:27.023, 7, 0 MiB, 81920 MiB, 0 %
2026/07/04 03:51:37.024, 0, 0 MiB, 81920 MiB, 0 %
2026/07/04 03:51:37.024, 1, 5951 MiB, 81920 MiB, 0 %
2026/07/04 03:51:37.024, 2, 0 MiB, 81920 MiB, 0 %
2026/07/04 03:51:37.025, 3, 0 MiB, 81920 MiB, 0 %
2026/07/04 03:51:37.025, 4, 0 MiB, 81920 MiB, 0 %
2026/07/04 03:51:37.025, 5, 0 MiB, 81920 MiB, 0 %
2026/07/04 03:51:37.026, 6, 0 MiB, 81920 MiB, 0 %
2026/07/04 03:51:37.026, 7, 0 MiB, 81920 MiB, 0 %
2026/07/04 03:51:47.027, 0, 0 MiB, 81920 MiB, 0 %
2026/07/04 03:51:47.027, 1, 5951 MiB, 81920 MiB, 0 %
2026/07/04 03:51:47.028, 2, 0 MiB, 81920 MiB, 0 %
2026/07/04 03:51:47.028, 3, 0 MiB, 81920 MiB, 0 %
2026/07/04 03:51:47.028, 4, 0 MiB, 81920 MiB, 0 %
2026/07/04 03:51:47.028, 5, 0 MiB, 81920 MiB, 0 %
2026/07/04 03:51:47.029, 6, 0 MiB, 81920 MiB, 0 %
2026/07/04 03:51:47.029, 7, 0 MiB, 81920 MiB, 0 %
2026/07/04 03:51:57.030, 0, 0 MiB, 81920 MiB, 0 %
2026/07/04 03:51:57.031, 1, 5951 MiB, 81920 MiB, 0 %
2026/07/04 03:51:57.031, 2, 0 MiB, 81920 MiB, 0 %
2026/07/04 03:51:57.031, 3, 0 MiB, 81920 MiB, 0 %
2026/07/04 03:51:57.031, 4, 0 MiB, 81920 MiB, 0 %
2026/07/04 03:51:57.032, 5, 0 MiB, 81920 MiB, 0 %
2026/07/04 03:51:57.032, 6, 0 MiB, 81920 MiB, 0 %
2026/07/04 03:51:57.032, 7, 0 MiB, 81920 MiB, 0 %
2026/07/04 03:52:07.033, 0, 0 MiB, 81920 MiB, 0 %
2026/07/04 03:52:07.034, 1, 5951 MiB, 81920 MiB, 53 %
2026/07/04 03:52:07.034, 2, 0 MiB, 81920 MiB, 0 %
2026/07/04 03:52:07.034, 3, 0 MiB, 81920 MiB, 0 %
2026/07/04 03:52:07.035, 4, 0 MiB, 81920 MiB, 0 %
2026/07/04 03:52:07.035, 5, 0 MiB, 81920 MiB, 0 %
2026/07/04 03:52:07.035, 6, 0 MiB, 81920 MiB, 0 %
2026/07/04 03:52:07.035, 7, 0 MiB, 81920 MiB, 0 %
2026/07/04 03:52:17.036, 0, 0 MiB, 81920 MiB, 0 %
2026/07/04 03:52:17.037, 1, 5951 MiB, 81920 MiB, 0 %
2026/07/04 03:52:17.037, 2, 0 MiB, 81920 MiB, 0 %
2026/07/04 03:52:17.037, 3, 0 MiB, 81920 MiB, 0 %
2026/07/04 03:52:17.038, 4, 0 MiB, 81920 MiB, 0 %
2026/07/04 03:52:17.038, 5, 0 MiB, 81920 MiB, 0 %
2026/07/04 03:52:17.038, 6, 0 MiB, 81920 MiB, 0 %
2026/07/04 03:52:17.039, 7, 0 MiB, 81920 MiB, 0 %
2026/07/04 03:52:27.040, 0, 0 MiB, 81920 MiB, 0 %
2026/07/04 03:52:27.040, 1, 5951 MiB, 81920 MiB, 0 %
2026/07/04 03:52:27.040, 2, 0 MiB, 81920 MiB, 0 %
2026/07/04 03:52:27.041, 3, 0 MiB, 81920 MiB, 0 %
2026/07/04 03:52:27.041, 4, 0 MiB, 81920 MiB, 0 %
2026/07/04 03:52:27.041, 5, 0 MiB, 81920 MiB, 0 %
2026/07/04 03:52:27.041, 6, 0 MiB, 81920 MiB, 0 %
2026/07/04 03:52:27.042, 7, 0 MiB, 81920 MiB, 0 %
2026/07/04 03:52:37.043, 0, 0 MiB, 81920 MiB, 0 %
2026/07/04 03:52:37.043, 1, 5951 MiB, 81920 MiB, 0 %
2026/07/04 03:52:37.043, 2, 0 MiB, 81920 MiB, 0 %
2026/07/04 03:52:37.044, 3, 0 MiB, 81920 MiB, 0 %
2026/07/04 03:52:37.044, 4, 0 MiB, 81920 MiB, 0 %
2026/07/04 03:52:37.044, 5, 0 MiB, 81920 MiB, 0 %
2026/07/04 03:52:37.045, 6, 0 MiB, 81920 MiB, 0 %
2026/07/04 03:52:37.045, 7, 0 MiB, 81920 MiB, 0 %
2026/07/04 03:52:47.046, 0, 0 MiB, 81920 MiB, 0 %
2026/07/04 03:52:47.046, 1, 5951 MiB, 81920 MiB, 0 %
2026/07/04 03:52:47.046, 2, 0 MiB, 81920 MiB, 0 %
2026/07/04 03:52:47.047, 3, 0 MiB, 81920 MiB, 0 %
2026/07/04 03:52:47.047, 4, 0 MiB, 81920 MiB, 0 %
2026/07/04 03:52:47.047, 5, 0 MiB, 81920 MiB, 0 %
2026/07/04 03:52:47.048, 6, 0 MiB, 81920 MiB, 0 %
2026/07/04 03:52:47.048, 7, 0 MiB, 81920 MiB, 0 %
2026/07/04 03:52:57.049, 0, 0 MiB, 81920 MiB, 0 %
2026/07/04 03:52:57.049, 1, 5951 MiB, 81920 MiB, 0 %
2026/07/04 03:52:57.049, 2, 0 MiB, 81920 MiB, 0 %
2026/07/04 03:52:57.050, 3, 0 MiB, 81920 MiB, 0 %
2026/07/04 03:52:57.050, 4, 0 MiB, 81920 MiB, 0 %
2026/07/04 03:52:57.050, 5, 0 MiB, 81920 MiB, 0 %
2026/07/04 03:52:57.051, 6, 0 MiB, 81920 MiB, 0 %
2026/07/04 03:52:57.051, 7, 0 MiB, 81920 MiB, 0 %
2026/07/04 03:53:07.052, 0, 0 MiB, 81920 MiB, 0 %
2026/07/04 03:53:07.052, 1, 5951 MiB, 81920 MiB, 39 %
2026/07/04 03:53:07.053, 2, 0 MiB, 81920 MiB, 0 %
2026/07/04 03:53:07.053, 3, 0 MiB, 81920 MiB, 0 %
2026/07/04 03:53:07.053, 4, 0 MiB, 81920 MiB, 0 %
2026/07/04 03:53:07.054, 5, 0 MiB, 81920 MiB, 0 %
2026/07/04 03:53:07.054, 6, 0 MiB, 81920 MiB, 0 %
2026/07/04 03:53:07.054, 7, 0 MiB, 81920 MiB, 0 %
2026/07/04 03:53:17.055, 0, 0 MiB, 81920 MiB, 0 %
2026/07/04 03:53:17.056, 1, 5951 MiB, 81920 MiB, 0 %
2026/07/04 03:53:17.056, 2, 0 MiB, 81920 MiB, 0 %
2026/07/04 03:53:17.056, 3, 0 MiB, 81920 MiB, 0 %
2026/07/04 03:53:17.057, 4, 0 MiB, 81920 MiB, 0 %
2026/07/04 03:53:17.057, 5, 0 MiB, 81920 MiB, 0 %
2026/07/04 03:53:17.057, 6, 0 MiB, 81920 MiB, 0 %
2026/07/04 03:53:17.057, 7, 0 MiB, 81920 MiB, 0 %
2026/07/04 03:53:27.058, 0, 0 MiB, 81920 MiB, 0 %
2026/07/04 03:53:27.059, 1, 5951 MiB, 81920 MiB, 0 %
2026/07/04 03:53:27.059, 2, 0 MiB, 81920 MiB, 0 %
2026/07/04 03:53:27.059, 3, 0 MiB, 81920 MiB, 0 %
2026/07/04 03:53:27.060, 4, 0 MiB, 81920 MiB, 0 %
2026/07/04 03:53:27.060, 5, 0 MiB, 81920 MiB, 0 %
2026/07/04 03:53:27.060, 6, 0 MiB, 81920 MiB, 0 %
2026/07/04 03:53:27.060, 7, 0 MiB, 81920 MiB, 0 %
2026/07/04 03:53:37.061, 0, 0 MiB, 81920 MiB, 0 %
2026/07/04 03:53:37.062, 1, 5951 MiB, 81920 MiB, 0 %
2026/07/04 03:53:37.062, 2, 0 MiB, 81920 MiB, 0 %
2026/07/04 03:53:37.063, 3, 0 MiB, 81920 MiB, 0 %
2026/07/04 03:53:37.063, 4, 0 MiB, 81920 MiB, 0 %
2026/07/04 03:53:37.063, 5, 0 MiB, 81920 MiB, 0 %
2026/07/04 03:53:37.063, 6, 0 MiB, 81920 MiB, 0 %
2026/07/04 03:53:37.064, 7, 0 MiB, 81920 MiB, 0 %
2026/07/04 03:53:47.064, 0, 0 MiB, 81920 MiB, 0 %
2026/07/04 03:53:47.065, 1, 5951 MiB, 81920 MiB, 0 %
2026/07/04 03:53:47.065, 2, 0 MiB, 81920 MiB, 0 %
2026/07/04 03:53:47.066, 3, 0 MiB, 81920 MiB, 0 %
2026/07/04 03:53:47.066, 4, 0 MiB, 81920 MiB, 0 %
2026/07/04 03:53:47.066, 5, 0 MiB, 81920 MiB, 0 %
2026/07/04 03:53:47.066, 6, 0 MiB, 81920 MiB, 0 %
2026/07/04 03:53:47.067, 7, 0 MiB, 81920 MiB, 0 %
2026/07/04 03:53:57.068, 0, 0 MiB, 81920 MiB, 0 %
2026/07/04 03:53:57.068, 1, 5951 MiB, 81920 MiB, 0 %
2026/07/04 03:53:57.068, 2, 0 MiB, 81920 MiB, 0 %
2026/07/04 03:53:57.069, 3, 0 MiB, 81920 MiB, 0 %
2026/07/04 03:53:57.069, 4, 0 MiB, 81920 MiB, 0 %
2026/07/04 03:53:57.069, 5, 0 MiB, 81920 MiB, 0 %
2026/07/04 03:53:57.070, 6, 0 MiB, 81920 MiB, 0 %
2026/07/04 03:53:57.070, 7, 0 MiB, 81920 MiB, 0 %
2026/07/04 03:54:07.071, 0, 0 MiB, 81920 MiB, 0 %
2026/07/04 03:54:07.071, 1, 5951 MiB, 81920 MiB, 0 %
2026/07/04 03:54:07.071, 2, 0 MiB, 81920 MiB, 0 %
2026/07/04 03:54:07.072, 3, 0 MiB, 81920 MiB, 0 %
2026/07/04 03:54:07.072, 4, 0 MiB, 81920 MiB, 0 %
2026/07/04 03:54:07.072, 5, 0 MiB, 81920 MiB, 0 %
2026/07/04 03:54:07.073, 6, 0 MiB, 81920 MiB, 0 %
2026/07/04 03:54:07.073, 7, 0 MiB, 81920 MiB, 0 %
2026/07/04 03:54:17.074, 0, 0 MiB, 81920 MiB, 0 %
2026/07/04 03:54:17.074, 1, 5951 MiB, 81920 MiB, 0 %
2026/07/04 03:54:17.074, 2, 0 MiB, 81920 MiB, 0 %
2026/07/04 03:54:17.075, 3, 0 MiB, 81920 MiB, 0 %
2026/07/04 03:54:17.075, 4, 0 MiB, 81920 MiB, 0 %
2026/07/04 03:54:17.075, 5, 0 MiB, 81920 MiB, 0 %
2026/07/04 03:54:17.076, 6, 0 MiB, 81920 MiB, 0 %
2026/07/04 03:54:17.076, 7, 0 MiB, 81920 MiB, 0 %
2026/07/04 03:54:27.077, 0, 0 MiB, 81920 MiB, 0 %
2026/07/04 03:54:27.077, 1, 5951 MiB, 81920 MiB, 0 %
2026/07/04 03:54:27.078, 2, 0 MiB, 81920 MiB, 0 %
2026/07/04 03:54:27.078, 3, 0 MiB, 81920 MiB, 0 %
2026/07/04 03:54:27.078, 4, 0 MiB, 81920 MiB, 0 %
2026/07/04 03:54:27.079, 5, 0 MiB, 81920 MiB, 0 %
2026/07/04 03:54:27.079, 6, 0 MiB, 81920 MiB, 0 %
2026/07/04 03:54:27.079, 7, 0 MiB, 81920 MiB, 0 %
2026/07/04 03:54:37.080, 0, 0 MiB, 81920 MiB, 0 %
2026/07/04 03:54:37.081, 1, 5951 MiB, 81920 MiB, 0 %
2026/07/04 03:54:37.081, 2, 0 MiB, 81920 MiB, 0 %
2026/07/04 03:54:37.081, 3, 0 MiB, 81920 MiB, 0 %
2026/07/04 03:54:37.081, 4, 0 MiB, 81920 MiB, 0 %
2026/07/04 03:54:37.082, 5, 0 MiB, 81920 MiB, 0 %
2026/07/04 03:54:37.082, 6, 0 MiB, 81920 MiB, 0 %
2026/07/04 03:54:37.082, 7, 0 MiB, 81920 MiB, 0 %
2026/07/04 03:54:47.083, 0, 0 MiB, 81920 MiB, 0 %
2026/07/04 03:54:47.084, 1, 5951 MiB, 81920 MiB, 0 %
2026/07/04 03:54:47.084, 2, 0 MiB, 81920 MiB, 0 %
2026/07/04 03:54:47.084, 3, 0 MiB, 81920 MiB, 0 %
2026/07/04 03:54:47.085, 4, 0 MiB, 81920 MiB, 0 %
2026/07/04 03:54:47.085, 5, 0 MiB, 81920 MiB, 0 %
2026/07/04 03:54:47.085, 6, 0 MiB, 81920 MiB, 0 %
2026/07/04 03:54:47.086, 7, 0 MiB, 81920 MiB, 0 %
2026/07/04 03:54:57.087, 0, 0 MiB, 81920 MiB, 0 %
2026/07/04 03:54:57.087, 1, 5951 MiB, 81920 MiB, 0 %
2026/07/04 03:54:57.087, 2, 0 MiB, 81920 MiB, 0 %
2026/07/04 03:54:57.088, 3, 0 MiB, 81920 MiB, 0 %
2026/07/04 03:54:57.088, 4, 0 MiB, 81920 MiB, 0 %
2026/07/04 03:54:57.088, 5, 0 MiB, 81920 MiB, 0 %
2026/07/04 03:54:57.088, 6, 0 MiB, 81920 MiB, 0 %
2026/07/04 03:54:57.089, 7, 0 MiB, 81920 MiB, 0 %
2026/07/04 03:55:07.090, 0, 0 MiB, 81920 MiB, 0 %
2026/07/04 03:55:07.090, 1, 5951 MiB, 81920 MiB, 0 %
2026/07/04 03:55:07.090, 2, 0 MiB, 81920 MiB, 0 %
2026/07/04 03:55:07.091, 3, 0 MiB, 81920 MiB, 0 %
2026/07/04 03:55:07.091, 4, 0 MiB, 81920 MiB, 0 %
2026/07/04 03:55:07.091, 5, 0 MiB, 81920 MiB, 0 %
2026/07/04 03:55:07.092, 6, 0 MiB, 81920 MiB, 0 %
2026/07/04 03:55:07.092, 7, 0 MiB, 81920 MiB, 0 %
2026/07/04 03:55:17.093, 0, 0 MiB, 81920 MiB, 0 %
2026/07/04 03:55:17.093, 1, 5951 MiB, 81920 MiB, 0 %
2026/07/04 03:55:17.093, 2, 0 MiB, 81920 MiB, 0 %
2026/07/04 03:55:17.094, 3, 0 MiB, 81920 MiB, 0 %
2026/07/04 03:55:17.094, 4, 0 MiB, 81920 MiB, 0 %
2026/07/04 03:55:17.094, 5, 0 MiB, 81920 MiB, 0 %
2026/07/04 03:55:17.095, 6, 0 MiB, 81920 MiB, 0 %
2026/07/04 03:55:17.095, 7, 0 MiB, 81920 MiB, 0 %
2026/07/04 03:55:27.096, 0, 0 MiB, 81920 MiB, 0 %
2026/07/04 03:55:27.096, 1, 5951 MiB, 81920 MiB, 43 %
2026/07/04 03:55:27.096, 2, 0 MiB, 81920 MiB, 0 %
2026/07/04 03:55:27.097, 3, 0 MiB, 81920 MiB, 0 %
2026/07/04 03:55:27.097, 4, 0 MiB, 81920 MiB, 0 %
2026/07/04 03:55:27.097, 5, 0 MiB, 81920 MiB, 0 %
2026/07/04 03:55:27.098, 6, 0 MiB, 81920 MiB, 0 %
2026/07/04 03:55:27.098, 7, 0 MiB, 81920 MiB, 0 %
2026/07/04 03:55:37.099, 0, 0 MiB, 81920 MiB, 0 %
2026/07/04 03:55:37.099, 1, 5951 MiB, 81920 MiB, 0 %
2026/07/04 03:55:37.100, 2, 0 MiB, 81920 MiB, 0 %
2026/07/04 03:55:37.100, 3, 0 MiB, 81920 MiB, 0 %
2026/07/04 03:55:37.100, 4, 0 MiB, 81920 MiB, 0 %
2026/07/04 03:55:37.100, 5, 0 MiB, 81920 MiB, 0 %
2026/07/04 03:55:37.101, 6, 0 MiB, 81920 MiB, 0 %
2026/07/04 03:55:37.101, 7, 0 MiB, 81920 MiB, 0 %
2026/07/04 03:55:47.102, 0, 0 MiB, 81920 MiB, 0 %
2026/07/04 03:55:47.102, 1, 5951 MiB, 81920 MiB, 0 %
2026/07/04 03:55:47.103, 2, 0 MiB, 81920 MiB, 0 %
2026/07/04 03:55:47.103, 3, 0 MiB, 81920 MiB, 0 %
2026/07/04 03:55:47.103, 4, 0 MiB, 81920 MiB, 0 %
2026/07/04 03:55:47.103, 5, 0 MiB, 81920 MiB, 0 %
2026/07/04 03:55:47.103, 6, 0 MiB, 81920 MiB, 0 %
2026/07/04 03:55:47.103, 7, 0 MiB, 81920 MiB, 0 %
2026/07/04 03:55:57.104, 0, 0 MiB, 81920 MiB, 0 %
2026/07/04 03:55:57.104, 1, 5951 MiB, 81920 MiB, 0 %
2026/07/04 03:55:57.105, 2, 0 MiB, 81920 MiB, 0 %
2026/07/04 03:55:57.105, 3, 0 MiB, 81920 MiB, 0 %
2026/07/04 03:55:57.105, 4, 0 MiB, 81920 MiB, 0 %
2026/07/04 03:55:57.106, 5, 0 MiB, 81920 MiB, 0 %
2026/07/04 03:55:57.106, 6, 0 MiB, 81920 MiB, 0 %
2026/07/04 03:55:57.106, 7, 0 MiB, 81920 MiB, 0 %
2026/07/04 03:56:07.107, 0, 0 MiB, 81920 MiB, 0 %
2026/07/04 03:56:07.108, 1, 5951 MiB, 81920 MiB, 0 %
2026/07/04 03:56:07.108, 2, 0 MiB, 81920 MiB, 0 %
2026/07/04 03:56:07.108, 3, 0 MiB, 81920 MiB, 0 %
2026/07/04 03:56:07.108, 4, 0 MiB, 81920 MiB, 0 %
2026/07/04 03:56:07.109, 5, 0 MiB, 81920 MiB, 0 %
2026/07/04 03:56:07.109, 6, 0 MiB, 81920 MiB, 0 %
2026/07/04 03:56:07.109, 7, 0 MiB, 81920 MiB, 0 %
2026/07/04 03:56:17.110, 0, 0 MiB, 81920 MiB, 0 %
2026/07/04 03:56:17.111, 1, 5951 MiB, 81920 MiB, 0 %
2026/07/04 03:56:17.111, 2, 0 MiB, 81920 MiB, 0 %
2026/07/04 03:56:17.111, 3, 0 MiB, 81920 MiB, 0 %
2026/07/04 03:56:17.111, 4, 0 MiB, 81920 MiB, 0 %
2026/07/04 03:56:17.112, 5, 0 MiB, 81920 MiB, 0 %
2026/07/04 03:56:17.112, 6, 0 MiB, 81920 MiB, 0 %
2026/07/04 03:56:17.112, 7, 0 MiB, 81920 MiB, 0 %
2026/07/04 03:56:27.113, 0, 0 MiB, 81920 MiB, 0 %
2026/07/04 03:56:27.114, 1, 5951 MiB, 81920 MiB, 0 %
2026/07/04 03:56:27.114, 2, 0 MiB, 81920 MiB, 0 %
2026/07/04 03:56:27.114, 3, 0 MiB, 81920 MiB, 0 %
2026/07/04 03:56:27.115, 4, 0 MiB, 81920 MiB, 0 %
2026/07/04 03:56:27.115, 5, 0 MiB, 81920 MiB, 0 %
2026/07/04 03:56:27.115, 6, 0 MiB, 81920 MiB, 0 %
2026/07/04 03:56:27.115, 7, 0 MiB, 81920 MiB, 0 %
2026/07/04 03:56:37.116, 0, 0 MiB, 81920 MiB, 0 %
2026/07/04 03:56:37.117, 1, 5951 MiB, 81920 MiB, 0 %
2026/07/04 03:56:37.117, 2, 0 MiB, 81920 MiB, 0 %
2026/07/04 03:56:37.117, 3, 0 MiB, 81920 MiB, 0 %
2026/07/04 03:56:37.118, 4, 0 MiB, 81920 MiB, 0 %
2026/07/04 03:56:37.118, 5, 0 MiB, 81920 MiB, 0 %
2026/07/04 03:56:37.118, 6, 0 MiB, 81920 MiB, 0 %
2026/07/04 03:56:37.119, 7, 0 MiB, 81920 MiB, 0 %
2026/07/04 03:56:47.120, 0, 0 MiB, 81920 MiB, 0 %
2026/07/04 03:56:47.120, 1, 5951 MiB, 81920 MiB, 0 %
2026/07/04 03:56:47.120, 2, 0 MiB, 81920 MiB, 0 %
2026/07/04 03:56:47.121, 3, 0 MiB, 81920 MiB, 0 %
2026/07/04 03:56:47.121, 4, 0 MiB, 81920 MiB, 0 %
2026/07/04 03:56:47.121, 5, 0 MiB, 81920 MiB, 0 %
2026/07/04 03:56:47.122, 6, 0 MiB, 81920 MiB, 0 %
2026/07/04 03:56:47.122, 7, 0 MiB, 81920 MiB, 0 %
2026/07/04 03:56:57.123, 0, 0 MiB, 81920 MiB, 0 %
2026/07/04 03:56:57.123, 1, 5951 MiB, 81920 MiB, 0 %
2026/07/04 03:56:57.123, 2, 0 MiB, 81920 MiB, 0 %
2026/07/04 03:56:57.124, 3, 0 MiB, 81920 MiB, 0 %
2026/07/04 03:56:57.124, 4, 0 MiB, 81920 MiB, 0 %
2026/07/04 03:56:57.124, 5, 0 MiB, 81920 MiB, 0 %
2026/07/04 03:56:57.125, 6, 0 MiB, 81920 MiB, 0 %
2026/07/04 03:56:57.125, 7, 0 MiB, 81920 MiB, 0 %
2026/07/04 03:57:07.126, 0, 0 MiB, 81920 MiB, 0 %
2026/07/04 03:57:07.126, 1, 5951 MiB, 81920 MiB, 0 %
2026/07/04 03:57:07.127, 2, 0 MiB, 81920 MiB, 0 %
2026/07/04 03:57:07.127, 3, 0 MiB, 81920 MiB, 0 %
2026/07/04 03:57:07.127, 4, 0 MiB, 81920 MiB, 0 %
2026/07/04 03:57:07.128, 5, 0 MiB, 81920 MiB, 0 %
2026/07/04 03:57:07.128, 6, 0 MiB, 81920 MiB, 0 %
2026/07/04 03:57:07.128, 7, 0 MiB, 81920 MiB, 0 %
2026/07/04 03:57:17.129, 0, 0 MiB, 81920 MiB, 0 %
2026/07/04 03:57:17.130, 1, 5951 MiB, 81920 MiB, 0 %
2026/07/04 03:57:17.130, 2, 0 MiB, 81920 MiB, 0 %
2026/07/04 03:57:17.130, 3, 0 MiB, 81920 MiB, 0 %
2026/07/04 03:57:17.130, 4, 0 MiB, 81920 MiB, 0 %
2026/07/04 03:57:17.131, 5, 0 MiB, 81920 MiB, 0 %
2026/07/04 03:57:17.131, 6, 0 MiB, 81920 MiB, 0 %
2026/07/04 03:57:17.131, 7, 0 MiB, 81920 MiB, 0 %
2026/07/04 03:57:27.132, 0, 0 MiB, 81920 MiB, 0 %
2026/07/04 03:57:27.132, 1, 5951 MiB, 81920 MiB, 0 %
2026/07/04 03:57:27.133, 2, 0 MiB, 81920 MiB, 0 %
2026/07/04 03:57:27.133, 3, 0 MiB, 81920 MiB, 0 %
2026/07/04 03:57:27.133, 4, 0 MiB, 81920 MiB, 0 %
2026/07/04 03:57:27.134, 5, 0 MiB, 81920 MiB, 0 %
2026/07/04 03:57:27.134, 6, 0 MiB, 81920 MiB, 0 %
2026/07/04 03:57:27.134, 7, 0 MiB, 81920 MiB, 0 %
2026/07/04 03:57:37.136, 0, 0 MiB, 81920 MiB, 0 %
2026/07/04 03:57:37.136, 1, 5951 MiB, 81920 MiB, 0 %
2026/07/04 03:57:37.136, 2, 0 MiB, 81920 MiB, 0 %
2026/07/04 03:57:37.137, 3, 0 MiB, 81920 MiB, 0 %
2026/07/04 03:57:37.137, 4, 0 MiB, 81920 MiB, 0 %
2026/07/04 03:57:37.137, 5, 0 MiB, 81920 MiB, 0 %
2026/07/04 03:57:37.138, 6, 0 MiB, 81920 MiB, 0 %
2026/07/04 03:57:37.138, 7, 0 MiB, 81920 MiB, 0 %
2026/07/04 03:57:47.138, 0, 0 MiB, 81920 MiB, 0 %
2026/07/04 03:57:47.139, 1, 5951 MiB, 81920 MiB, 0 %
2026/07/04 03:57:47.139, 2, 0 MiB, 81920 MiB, 0 %
2026/07/04 03:57:47.139, 3, 0 MiB, 81920 MiB, 0 %
2026/07/04 03:57:47.140, 4, 0 MiB, 81920 MiB, 0 %
2026/07/04 03:57:47.140, 5, 0 MiB, 81920 MiB, 0 %
2026/07/04 03:57:47.140, 6, 0 MiB, 81920 MiB, 0 %
2026/07/04 03:57:47.141, 7, 0 MiB, 81920 MiB, 0 %
2026/07/04 03:57:57.141, 0, 0 MiB, 81920 MiB, 0 %
2026/07/04 03:57:57.142, 1, 5951 MiB, 81920 MiB, 0 %
2026/07/04 03:57:57.142, 2, 0 MiB, 81920 MiB, 0 %
2026/07/04 03:57:57.142, 3, 0 MiB, 81920 MiB, 0 %
2026/07/04 03:57:57.143, 4, 0 MiB, 81920 MiB, 0 %
2026/07/04 03:57:57.143, 5, 0 MiB, 81920 MiB, 0 %
2026/07/04 03:57:57.143, 6, 0 MiB, 81920 MiB, 0 %
2026/07/04 03:57:57.144, 7, 0 MiB, 81920 MiB, 0 %
2026/07/04 03:58:07.144, 0, 0 MiB, 81920 MiB, 0 %
2026/07/04 03:58:07.145, 1, 5951 MiB, 81920 MiB, 0 %
2026/07/04 03:58:07.145, 2, 0 MiB, 81920 MiB, 0 %
2026/07/04 03:58:07.145, 3, 0 MiB, 81920 MiB, 0 %
2026/07/04 03:58:07.146, 4, 0 MiB, 81920 MiB, 0 %
2026/07/04 03:58:07.146, 5, 0 MiB, 81920 MiB, 0 %
2026/07/04 03:58:07.146, 6, 0 MiB, 81920 MiB, 0 %
2026/07/04 03:58:07.147, 7, 0 MiB, 81920 MiB, 0 %
2026/07/04 03:58:17.147, 0, 0 MiB, 81920 MiB, 0 %
2026/07/04 03:58:17.147, 1, 5951 MiB, 81920 MiB, 0 %
2026/07/04 03:58:17.148, 2, 0 MiB, 81920 MiB, 0 %
2026/07/04 03:58:17.148, 3, 0 MiB, 81920 MiB, 0 %
2026/07/04 03:58:17.148, 4, 0 MiB, 81920 MiB, 0 %
2026/07/04 03:58:17.148, 5, 0 MiB, 81920 MiB, 0 %
2026/07/04 03:58:17.148, 6, 0 MiB, 81920 MiB, 0 %
2026/07/04 03:58:17.148, 7, 0 MiB, 81920 MiB, 0 %
2026/07/04 03:58:27.149, 0, 0 MiB, 81920 MiB, 0 %
2026/07/04 03:58:27.149, 1, 5951 MiB, 81920 MiB, 53 %
2026/07/04 03:58:27.150, 2, 0 MiB, 81920 MiB, 0 %
2026/07/04 03:58:27.150, 3, 0 MiB, 81920 MiB, 0 %
2026/07/04 03:58:27.150, 4, 0 MiB, 81920 MiB, 0 %
2026/07/04 03:58:27.150, 5, 0 MiB, 81920 MiB, 0 %
2026/07/04 03:58:27.151, 6, 0 MiB, 81920 MiB, 0 %
2026/07/04 03:58:27.151, 7, 0 MiB, 81920 MiB, 0 %
2026/07/04 03:58:37.152, 0, 0 MiB, 81920 MiB, 0 %
2026/07/04 03:58:37.152, 1, 5951 MiB, 81920 MiB, 0 %
2026/07/04 03:58:37.152, 2, 0 MiB, 81920 MiB, 0 %
2026/07/04 03:58:37.153, 3, 0 MiB, 81920 MiB, 0 %
2026/07/04 03:58:37.153, 4, 0 MiB, 81920 MiB, 0 %
2026/07/04 03:58:37.153, 5, 0 MiB, 81920 MiB, 0 %
2026/07/04 03:58:37.154, 6, 0 MiB, 81920 MiB, 0 %
2026/07/04 03:58:37.154, 7, 0 MiB, 81920 MiB, 0 %
2026/07/04 03:58:47.155, 0, 0 MiB, 81920 MiB, 0 %
2026/07/04 03:58:47.156, 1, 5951 MiB, 81920 MiB, 0 %
2026/07/04 03:58:47.156, 2, 0 MiB, 81920 MiB, 0 %
2026/07/04 03:58:47.156, 3, 0 MiB, 81920 MiB, 0 %
2026/07/04 03:58:47.156, 4, 0 MiB, 81920 MiB, 0 %
2026/07/04 03:58:47.157, 5, 0 MiB, 81920 MiB, 0 %
2026/07/04 03:58:47.157, 6, 0 MiB, 81920 MiB, 0 %
2026/07/04 03:58:47.157, 7, 0 MiB, 81920 MiB, 0 %
2026/07/04 03:58:57.158, 0, 0 MiB, 81920 MiB, 0 %
2026/07/04 03:58:57.158, 1, 5951 MiB, 81920 MiB, 54 %
2026/07/04 03:58:57.159, 2, 0 MiB, 81920 MiB, 0 %
2026/07/04 03:58:57.159, 3, 0 MiB, 81920 MiB, 0 %
2026/07/04 03:58:57.159, 4, 0 MiB, 81920 MiB, 0 %
2026/07/04 03:58:57.160, 5, 0 MiB, 81920 MiB, 0 %
2026/07/04 03:58:57.160, 6, 0 MiB, 81920 MiB, 0 %
2026/07/04 03:58:57.160, 7, 0 MiB, 81920 MiB, 0 %
2026/07/04 03:59:07.161, 0, 0 MiB, 81920 MiB, 0 %
2026/07/04 03:59:07.161, 1, 5951 MiB, 81920 MiB, 1 %
2026/07/04 03:59:07.162, 2, 0 MiB, 81920 MiB, 0 %
2026/07/04 03:59:07.162, 3, 0 MiB, 81920 MiB, 0 %
2026/07/04 03:59:07.162, 4, 0 MiB, 81920 MiB, 0 %
2026/07/04 03:59:07.163, 5, 0 MiB, 81920 MiB, 0 %
2026/07/04 03:59:07.163, 6, 0 MiB, 81920 MiB, 0 %
2026/07/04 03:59:07.163, 7, 0 MiB, 81920 MiB, 0 %
2026/07/04 03:59:17.164, 0, 0 MiB, 81920 MiB, 0 %
2026/07/04 03:59:17.164, 1, 5951 MiB, 81920 MiB, 18 %
2026/07/04 03:59:17.164, 2, 0 MiB, 81920 MiB, 0 %
2026/07/04 03:59:17.165, 3, 0 MiB, 81920 MiB, 0 %
2026/07/04 03:59:17.165, 4, 0 MiB, 81920 MiB, 0 %
2026/07/04 03:59:17.165, 5, 0 MiB, 81920 MiB, 0 %
2026/07/04 03:59:17.166, 6, 0 MiB, 81920 MiB, 0 %
2026/07/04 03:59:17.166, 7, 0 MiB, 81920 MiB, 0 %
2026/07/04 03:59:27.166, 0, 0 MiB, 81920 MiB, 0 %
2026/07/04 03:59:27.167, 1, 5951 MiB, 81920 MiB, 52 %
2026/07/04 03:59:27.167, 2, 0 MiB, 81920 MiB, 0 %
2026/07/04 03:59:27.167, 3, 0 MiB, 81920 MiB, 0 %
2026/07/04 03:59:27.168, 4, 0 MiB, 81920 MiB, 0 %
2026/07/04 03:59:27.168, 5, 0 MiB, 81920 MiB, 0 %
2026/07/04 03:59:27.168, 6, 0 MiB, 81920 MiB, 0 %
2026/07/04 03:59:27.169, 7, 0 MiB, 81920 MiB, 0 %
2026/07/04 03:59:37.169, 0, 0 MiB, 81920 MiB, 0 %
2026/07/04 03:59:37.170, 1, 5951 MiB, 81920 MiB, 15 %
2026/07/04 03:59:37.170, 2, 0 MiB, 81920 MiB, 0 %
2026/07/04 03:59:37.170, 3, 0 MiB, 81920 MiB, 0 %
2026/07/04 03:59:37.170, 4, 0 MiB, 81920 MiB, 0 %
2026/07/04 03:59:37.171, 5, 0 MiB, 81920 MiB, 0 %
2026/07/04 03:59:37.171, 6, 0 MiB, 81920 MiB, 0 %
2026/07/04 03:59:37.171, 7, 0 MiB, 81920 MiB, 0 %
2026/07/04 03:59:47.172, 0, 0 MiB, 81920 MiB, 0 %
2026/07/04 03:59:47.173, 1, 5951 MiB, 81920 MiB, 0 %
2026/07/04 03:59:47.173, 2, 0 MiB, 81920 MiB, 0 %
2026/07/04 03:59:47.173, 3, 0 MiB, 81920 MiB, 0 %
2026/07/04 03:59:47.174, 4, 0 MiB, 81920 MiB, 0 %
2026/07/04 03:59:47.174, 5, 0 MiB, 81920 MiB, 0 %
2026/07/04 03:59:47.174, 6, 0 MiB, 81920 MiB, 0 %
2026/07/04 03:59:47.174, 7, 0 MiB, 81920 MiB, 0 %
2026/07/04 03:59:57.175, 0, 0 MiB, 81920 MiB, 0 %
2026/07/04 03:59:57.176, 1, 5951 MiB, 81920 MiB, 54 %
2026/07/04 03:59:57.176, 2, 0 MiB, 81920 MiB, 0 %
2026/07/04 03:59:57.176, 3, 0 MiB, 81920 MiB, 0 %
2026/07/04 03:59:57.177, 4, 0 MiB, 81920 MiB, 0 %
2026/07/04 03:59:57.177, 5, 0 MiB, 81920 MiB, 0 %
2026/07/04 03:59:57.177, 6, 0 MiB, 81920 MiB, 0 %
2026/07/04 03:59:57.178, 7, 0 MiB, 81920 MiB, 0 %
2026/07/04 04:00:07.179, 0, 0 MiB, 81920 MiB, 0 %
2026/07/04 04:00:07.179, 1, 5951 MiB, 81920 MiB, 0 %
2026/07/04 04:00:07.179, 2, 0 MiB, 81920 MiB, 0 %
2026/07/04 04:00:07.180, 3, 0 MiB, 81920 MiB, 0 %
2026/07/04 04:00:07.180, 4, 0 MiB, 81920 MiB, 0 %
2026/07/04 04:00:07.180, 5, 0 MiB, 81920 MiB, 0 %
2026/07/04 04:00:07.181, 6, 0 MiB, 81920 MiB, 0 %
2026/07/04 04:00:07.181, 7, 0 MiB, 81920 MiB, 0 %
2026/07/04 04:00:17.182, 0, 0 MiB, 81920 MiB, 0 %
2026/07/04 04:00:17.182, 1, 5951 MiB, 81920 MiB, 0 %
2026/07/04 04:00:17.183, 2, 0 MiB, 81920 MiB, 0 %
2026/07/04 04:00:17.183, 3, 0 MiB, 81920 MiB, 0 %
2026/07/04 04:00:17.183, 4, 0 MiB, 81920 MiB, 0 %
2026/07/04 04:00:17.184, 5, 0 MiB, 81920 MiB, 0 %
2026/07/04 04:00:17.184, 6, 0 MiB, 81920 MiB, 0 %
2026/07/04 04:00:17.184, 7, 0 MiB, 81920 MiB, 0 %
2026/07/04 04:00:27.185, 0, 0 MiB, 81920 MiB, 0 %
2026/07/04 04:00:27.186, 1, 5951 MiB, 81920 MiB, 0 %
2026/07/04 04:00:27.186, 2, 0 MiB, 81920 MiB, 0 %
2026/07/04 04:00:27.186, 3, 0 MiB, 81920 MiB, 0 %
2026/07/04 04:00:27.186, 4, 0 MiB, 81920 MiB, 0 %
2026/07/04 04:00:27.187, 5, 0 MiB, 81920 MiB, 0 %
2026/07/04 04:00:27.187, 6, 0 MiB, 81920 MiB, 0 %
2026/07/04 04:00:27.187, 7, 0 MiB, 81920 MiB, 0 %
2026/07/04 04:00:37.188, 0, 0 MiB, 81920 MiB, 0 %
2026/07/04 04:00:37.189, 1, 5951 MiB, 81920 MiB, 52 %
2026/07/04 04:00:37.189, 2, 0 MiB, 81920 MiB, 0 %
2026/07/04 04:00:37.190, 3, 0 MiB, 81920 MiB, 0 %
2026/07/04 04:00:37.190, 4, 0 MiB, 81920 MiB, 0 %
2026/07/04 04:00:37.190, 5, 0 MiB, 81920 MiB, 0 %
2026/07/04 04:00:37.190, 6, 0 MiB, 81920 MiB, 0 %
2026/07/04 04:00:37.191, 7, 0 MiB, 81920 MiB, 0 %
2026/07/04 04:00:47.192, 0, 0 MiB, 81920 MiB, 0 %
2026/07/04 04:00:47.192, 1, 5951 MiB, 81920 MiB, 44 %
2026/07/04 04:00:47.192, 2, 0 MiB, 81920 MiB, 0 %
2026/07/04 04:00:47.193, 3, 0 MiB, 81920 MiB, 0 %
2026/07/04 04:00:47.193, 4, 0 MiB, 81920 MiB, 0 %
2026/07/04 04:00:47.193, 5, 0 MiB, 81920 MiB, 0 %
2026/07/04 04:00:47.194, 6, 0 MiB, 81920 MiB, 0 %
2026/07/04 04:00:47.194, 7, 0 MiB, 81920 MiB, 0 %
2026/07/04 04:00:57.195, 0, 0 MiB, 81920 MiB, 0 %
2026/07/04 04:00:57.196, 1, 5951 MiB, 81920 MiB, 15 %
2026/07/04 04:00:57.196, 2, 0 MiB, 81920 MiB, 0 %
2026/07/04 04:00:57.196, 3, 0 MiB, 81920 MiB, 0 %
2026/07/04 04:00:57.196, 4, 0 MiB, 81920 MiB, 0 %
2026/07/04 04:00:57.197, 5, 0 MiB, 81920 MiB, 0 %
2026/07/04 04:00:57.197, 6, 0 MiB, 81920 MiB, 0 %
2026/07/04 04:00:57.197, 7, 0 MiB, 81920 MiB, 0 %
2026/07/04 04:01:07.198, 0, 0 MiB, 81920 MiB, 0 %
2026/07/04 04:01:07.199, 1, 5951 MiB, 81920 MiB, 0 %
2026/07/04 04:01:07.199, 2, 0 MiB, 81920 MiB, 0 %
2026/07/04 04:01:07.199, 3, 0 MiB, 81920 MiB, 0 %
2026/07/04 04:01:07.200, 4, 0 MiB, 81920 MiB, 0 %
2026/07/04 04:01:07.200, 5, 0 MiB, 81920 MiB, 0 %
2026/07/04 04:01:07.200, 6, 0 MiB, 81920 MiB, 0 %
2026/07/04 04:01:07.201, 7, 0 MiB, 81920 MiB, 0 %
2026/07/04 04:01:17.202, 0, 0 MiB, 81920 MiB, 0 %
2026/07/04 04:01:17.202, 1, 5951 MiB, 81920 MiB, 54 %
2026/07/04 04:01:17.203, 2, 0 MiB, 81920 MiB, 0 %
2026/07/04 04:01:17.203, 3, 0 MiB, 81920 MiB, 0 %
2026/07/04 04:01:17.203, 4, 0 MiB, 81920 MiB, 0 %
2026/07/04 04:01:17.203, 5, 0 MiB, 81920 MiB, 0 %
2026/07/04 04:01:17.204, 6, 0 MiB, 81920 MiB, 0 %
2026/07/04 04:01:17.204, 7, 0 MiB, 81920 MiB, 0 %
2026/07/04 04:01:27.205, 0, 0 MiB, 81920 MiB, 0 %
2026/07/04 04:01:27.205, 1, 5951 MiB, 81920 MiB, 0 %
2026/07/04 04:01:27.206, 2, 0 MiB, 81920 MiB, 0 %
2026/07/04 04:01:27.206, 3, 0 MiB, 81920 MiB, 0 %
2026/07/04 04:01:27.206, 4, 0 MiB, 81920 MiB, 0 %
2026/07/04 04:01:27.207, 5, 0 MiB, 81920 MiB, 0 %
2026/07/04 04:01:27.207, 6, 0 MiB, 81920 MiB, 0 %
2026/07/04 04:01:27.207, 7, 0 MiB, 81920 MiB, 0 %
2026/07/04 04:01:37.208, 0, 0 MiB, 81920 MiB, 0 %
2026/07/04 04:01:37.209, 1, 5951 MiB, 81920 MiB, 48 %
2026/07/04 04:01:37.209, 2, 0 MiB, 81920 MiB, 0 %
2026/07/04 04:01:37.210, 3, 0 MiB, 81920 MiB, 0 %
2026/07/04 04:01:37.210, 4, 0 MiB, 81920 MiB, 0 %
2026/07/04 04:01:37.210, 5, 0 MiB, 81920 MiB, 0 %
2026/07/04 04:01:37.210, 6, 0 MiB, 81920 MiB, 0 %
2026/07/04 04:01:37.211, 7, 0 MiB, 81920 MiB, 0 %
2026/07/04 04:01:47.212, 0, 0 MiB, 81920 MiB, 0 %
2026/07/04 04:01:47.212, 1, 5951 MiB, 81920 MiB, 44 %
2026/07/04 04:01:47.212, 2, 0 MiB, 81920 MiB, 0 %
2026/07/04 04:01:47.212, 3, 0 MiB, 81920 MiB, 0 %
2026/07/04 04:01:47.213, 4, 0 MiB, 81920 MiB, 0 %
2026/07/04 04:01:47.213, 5, 0 MiB, 81920 MiB, 0 %
2026/07/04 04:01:47.213, 6, 0 MiB, 81920 MiB, 0 %
2026/07/04 04:01:47.213, 7, 0 MiB, 81920 MiB, 0 %
2026/07/04 04:01:57.214, 0, 0 MiB, 81920 MiB, 0 %
2026/07/04 04:01:57.214, 1, 5951 MiB, 81920 MiB, 54 %
2026/07/04 04:01:57.215, 2, 0 MiB, 81920 MiB, 0 %
2026/07/04 04:01:57.215, 3, 0 MiB, 81920 MiB, 0 %
2026/07/04 04:01:57.215, 4, 0 MiB, 81920 MiB, 0 %
2026/07/04 04:01:57.216, 5, 0 MiB, 81920 MiB, 0 %
2026/07/04 04:01:57.216, 6, 0 MiB, 81920 MiB, 0 %
2026/07/04 04:01:57.216, 7, 0 MiB, 81920 MiB, 0 %
2026/07/04 04:02:07.217, 0, 0 MiB, 81920 MiB, 0 %
2026/07/04 04:02:07.218, 1, 5951 MiB, 81920 MiB, 48 %
2026/07/04 04:02:07.218, 2, 0 MiB, 81920 MiB, 0 %
2026/07/04 04:02:07.218, 3, 0 MiB, 81920 MiB, 0 %
2026/07/04 04:02:07.219, 4, 0 MiB, 81920 MiB, 0 %
2026/07/04 04:02:07.219, 5, 0 MiB, 81920 MiB, 0 %
2026/07/04 04:02:07.219, 6, 0 MiB, 81920 MiB, 0 %
2026/07/04 04:02:07.220, 7, 0 MiB, 81920 MiB, 0 %
2026/07/04 04:02:17.220, 0, 0 MiB, 81920 MiB, 0 %
2026/07/04 04:02:17.221, 1, 5951 MiB, 81920 MiB, 0 %
2026/07/04 04:02:17.221, 2, 0 MiB, 81920 MiB, 0 %
2026/07/04 04:02:17.222, 3, 0 MiB, 81920 MiB, 0 %
2026/07/04 04:02:17.222, 4, 0 MiB, 81920 MiB, 0 %
2026/07/04 04:02:17.222, 5, 0 MiB, 81920 MiB, 0 %
2026/07/04 04:02:17.222, 6, 0 MiB, 81920 MiB, 0 %
2026/07/04 04:02:17.223, 7, 0 MiB, 81920 MiB, 0 %
2026/07/04 04:02:27.223, 0, 0 MiB, 81920 MiB, 0 %
2026/07/04 04:02:27.224, 1, 5951 MiB, 81920 MiB, 0 %
2026/07/04 04:02:27.224, 2, 0 MiB, 81920 MiB, 0 %
2026/07/04 04:02:27.225, 3, 0 MiB, 81920 MiB, 0 %
2026/07/04 04:02:27.225, 4, 0 MiB, 81920 MiB, 0 %
2026/07/04 04:02:27.225, 5, 0 MiB, 81920 MiB, 0 %
2026/07/04 04:02:27.225, 6, 0 MiB, 81920 MiB, 0 %
2026/07/04 04:02:27.226, 7, 0 MiB, 81920 MiB, 0 %
2026/07/04 04:02:37.226, 0, 0 MiB, 81920 MiB, 0 %
2026/07/04 04:02:37.227, 1, 5951 MiB, 81920 MiB, 48 %
2026/07/04 04:02:37.227, 2, 0 MiB, 81920 MiB, 0 %
2026/07/04 04:02:37.227, 3, 0 MiB, 81920 MiB, 0 %
2026/07/04 04:02:37.228, 4, 0 MiB, 81920 MiB, 0 %
2026/07/04 04:02:37.228, 5, 0 MiB, 81920 MiB, 0 %
2026/07/04 04:02:37.228, 6, 0 MiB, 81920 MiB, 0 %
2026/07/04 04:02:37.229, 7, 0 MiB, 81920 MiB, 0 %
2026/07/04 04:02:47.229, 0, 0 MiB, 81920 MiB, 0 %
2026/07/04 04:02:47.230, 1, 5951 MiB, 81920 MiB, 0 %
2026/07/04 04:02:47.230, 2, 0 MiB, 81920 MiB, 0 %
2026/07/04 04:02:47.230, 3, 0 MiB, 81920 MiB, 0 %
2026/07/04 04:02:47.231, 4, 0 MiB, 81920 MiB, 0 %
2026/07/04 04:02:47.231, 5, 0 MiB, 81920 MiB, 0 %
2026/07/04 04:02:47.231, 6, 0 MiB, 81920 MiB, 0 %
2026/07/04 04:02:47.232, 7, 0 MiB, 81920 MiB, 0 %
2026/07/04 04:02:57.232, 0, 0 MiB, 81920 MiB, 0 %
2026/07/04 04:02:57.233, 1, 5951 MiB, 81920 MiB, 0 %
2026/07/04 04:02:57.233, 2, 0 MiB, 81920 MiB, 0 %
2026/07/04 04:02:57.233, 3, 0 MiB, 81920 MiB, 0 %
2026/07/04 04:02:57.233, 4, 0 MiB, 81920 MiB, 0 %
2026/07/04 04:02:57.234, 5, 0 MiB, 81920 MiB, 0 %
2026/07/04 04:02:57.234, 6, 0 MiB, 81920 MiB, 0 %
2026/07/04 04:02:57.234, 7, 0 MiB, 81920 MiB, 0 %
2026/07/04 04:03:07.235, 0, 0 MiB, 81920 MiB, 0 %
2026/07/04 04:03:07.236, 1, 5951 MiB, 81920 MiB, 29 %
2026/07/04 04:03:07.236, 2, 0 MiB, 81920 MiB, 0 %
2026/07/04 04:03:07.236, 3, 0 MiB, 81920 MiB, 0 %
2026/07/04 04:03:07.237, 4, 0 MiB, 81920 MiB, 0 %
2026/07/04 04:03:07.237, 5, 0 MiB, 81920 MiB, 0 %
2026/07/04 04:03:07.237, 6, 0 MiB, 81920 MiB, 0 %
2026/07/04 04:03:07.237, 7, 0 MiB, 81920 MiB, 0 %
2026/07/04 04:03:17.238, 0, 0 MiB, 81920 MiB, 0 %
2026/07/04 04:03:17.239, 1, 5951 MiB, 81920 MiB, 0 %
2026/07/04 04:03:17.239, 2, 0 MiB, 81920 MiB, 0 %
2026/07/04 04:03:17.239, 3, 0 MiB, 81920 MiB, 0 %
2026/07/04 04:03:17.240, 4, 0 MiB, 81920 MiB, 0 %
2026/07/04 04:03:17.240, 5, 0 MiB, 81920 MiB, 0 %
2026/07/04 04:03:17.240, 6, 0 MiB, 81920 MiB, 0 %
2026/07/04 04:03:17.241, 7, 0 MiB, 81920 MiB, 0 %
2026/07/04 04:03:27.241, 0, 0 MiB, 81920 MiB, 0 %
2026/07/04 04:03:27.242, 1, 5951 MiB, 81920 MiB, 68 %
2026/07/04 04:03:27.242, 2, 0 MiB, 81920 MiB, 0 %
2026/07/04 04:03:27.242, 3, 0 MiB, 81920 MiB, 0 %
2026/07/04 04:03:27.243, 4, 0 MiB, 81920 MiB, 0 %
2026/07/04 04:03:27.243, 5, 0 MiB, 81920 MiB, 0 %
2026/07/04 04:03:27.243, 6, 0 MiB, 81920 MiB, 0 %
2026/07/04 04:03:27.244, 7, 0 MiB, 81920 MiB, 0 %
2026/07/04 04:03:37.244, 0, 0 MiB, 81920 MiB, 0 %
2026/07/04 04:03:37.245, 1, 5951 MiB, 81920 MiB, 33 %
2026/07/04 04:03:37.245, 2, 0 MiB, 81920 MiB, 0 %
2026/07/04 04:03:37.245, 3, 0 MiB, 81920 MiB, 0 %
2026/07/04 04:03:37.246, 4, 0 MiB, 81920 MiB, 0 %
2026/07/04 04:03:37.246, 5, 0 MiB, 81920 MiB, 0 %
2026/07/04 04:03:37.246, 6, 0 MiB, 81920 MiB, 0 %
2026/07/04 04:03:37.247, 7, 0 MiB, 81920 MiB, 0 %
2026/07/04 04:03:47.247, 0, 0 MiB, 81920 MiB, 0 %
2026/07/04 04:03:47.248, 1, 5951 MiB, 81920 MiB, 48 %
2026/07/04 04:03:47.248, 2, 0 MiB, 81920 MiB, 0 %
2026/07/04 04:03:47.248, 3, 0 MiB, 81920 MiB, 0 %
2026/07/04 04:03:47.249, 4, 0 MiB, 81920 MiB, 0 %
2026/07/04 04:03:47.249, 5, 0 MiB, 81920 MiB, 0 %
2026/07/04 04:03:47.249, 6, 0 MiB, 81920 MiB, 0 %
2026/07/04 04:03:47.250, 7, 0 MiB, 81920 MiB, 0 %
2026/07/04 04:03:57.251, 0, 0 MiB, 81920 MiB, 0 %
2026/07/04 04:03:57.251, 1, 5951 MiB, 81920 MiB, 55 %
2026/07/04 04:03:57.251, 2, 0 MiB, 81920 MiB, 0 %
2026/07/04 04:03:57.252, 3, 0 MiB, 81920 MiB, 0 %
2026/07/04 04:03:57.252, 4, 0 MiB, 81920 MiB, 0 %
2026/07/04 04:03:57.252, 5, 0 MiB, 81920 MiB, 0 %
2026/07/04 04:03:57.253, 6, 0 MiB, 81920 MiB, 0 %
2026/07/04 04:03:57.253, 7, 0 MiB, 81920 MiB, 0 %
2026/07/04 04:04:07.254, 0, 0 MiB, 81920 MiB, 0 %
2026/07/04 04:04:07.254, 1, 5951 MiB, 81920 MiB, 44 %
2026/07/04 04:04:07.255, 2, 0 MiB, 81920 MiB, 0 %
2026/07/04 04:04:07.255, 3, 0 MiB, 81920 MiB, 0 %
2026/07/04 04:04:07.255, 4, 0 MiB, 81920 MiB, 0 %
2026/07/04 04:04:07.255, 5, 0 MiB, 81920 MiB, 0 %
2026/07/04 04:04:07.256, 6, 0 MiB, 81920 MiB, 0 %
2026/07/04 04:04:07.256, 7, 0 MiB, 81920 MiB, 0 %
2026/07/04 04:04:17.257, 0, 0 MiB, 81920 MiB, 0 %
2026/07/04 04:04:17.257, 1, 5951 MiB, 81920 MiB, 0 %
2026/07/04 04:04:17.258, 2, 0 MiB, 81920 MiB, 0 %
2026/07/04 04:04:17.258, 3, 0 MiB, 81920 MiB, 0 %
2026/07/04 04:04:17.258, 4, 0 MiB, 81920 MiB, 0 %
2026/07/04 04:04:17.259, 5, 0 MiB, 81920 MiB, 0 %
2026/07/04 04:04:17.259, 6, 0 MiB, 81920 MiB, 0 %
2026/07/04 04:04:17.259, 7, 0 MiB, 81920 MiB, 0 %
2026/07/04 04:04:27.260, 0, 0 MiB, 81920 MiB, 0 %
2026/07/04 04:04:27.261, 1, 5951 MiB, 81920 MiB, 49 %
2026/07/04 04:04:27.261, 2, 0 MiB, 81920 MiB, 0 %
2026/07/04 04:04:27.261, 3, 0 MiB, 81920 MiB, 0 %
2026/07/04 04:04:27.262, 4, 0 MiB, 81920 MiB, 0 %
2026/07/04 04:04:27.262, 5, 0 MiB, 81920 MiB, 0 %
2026/07/04 04:04:27.262, 6, 0 MiB, 81920 MiB, 0 %
2026/07/04 04:04:27.263, 7, 0 MiB, 81920 MiB, 0 %
2026/07/04 04:04:37.264, 0, 0 MiB, 81920 MiB, 0 %
2026/07/04 04:04:37.264, 1, 5951 MiB, 81920 MiB, 44 %
2026/07/04 04:04:37.264, 2, 0 MiB, 81920 MiB, 0 %
2026/07/04 04:04:37.265, 3, 0 MiB, 81920 MiB, 0 %
2026/07/04 04:04:37.265, 4, 0 MiB, 81920 MiB, 0 %
2026/07/04 04:04:37.265, 5, 0 MiB, 81920 MiB, 0 %
2026/07/04 04:04:37.266, 6, 0 MiB, 81920 MiB, 0 %
2026/07/04 04:04:37.266, 7, 0 MiB, 81920 MiB, 0 %
2026/07/04 04:04:47.267, 0, 0 MiB, 81920 MiB, 0 %
2026/07/04 04:04:47.267, 1, 5951 MiB, 81920 MiB, 0 %
2026/07/04 04:04:47.268, 2, 0 MiB, 81920 MiB, 0 %
2026/07/04 04:04:47.268, 3, 0 MiB, 81920 MiB, 0 %
2026/07/04 04:04:47.268, 4, 0 MiB, 81920 MiB, 0 %
2026/07/04 04:04:47.269, 5, 0 MiB, 81920 MiB, 0 %
2026/07/04 04:04:47.269, 6, 0 MiB, 81920 MiB, 0 %
2026/07/04 04:04:47.269, 7, 0 MiB, 81920 MiB, 0 %
2026/07/04 04:04:57.270, 0, 0 MiB, 81920 MiB, 0 %
2026/07/04 04:04:57.271, 1, 5951 MiB, 81920 MiB, 0 %
2026/07/04 04:04:57.271, 2, 0 MiB, 81920 MiB, 0 %
2026/07/04 04:04:57.271, 3, 0 MiB, 81920 MiB, 0 %
2026/07/04 04:04:57.272, 4, 0 MiB, 81920 MiB, 0 %
2026/07/04 04:04:57.272, 5, 0 MiB, 81920 MiB, 0 %
2026/07/04 04:04:57.272, 6, 0 MiB, 81920 MiB, 0 %
2026/07/04 04:04:57.272, 7, 0 MiB, 81920 MiB, 0 %
2026/07/04 04:05:07.273, 0, 0 MiB, 81920 MiB, 0 %
2026/07/04 04:05:07.274, 1, 5951 MiB, 81920 MiB, 10 %
2026/07/04 04:05:07.274, 2, 0 MiB, 81920 MiB, 0 %
2026/07/04 04:05:07.275, 3, 0 MiB, 81920 MiB, 0 %
2026/07/04 04:05:07.275, 4, 0 MiB, 81920 MiB, 0 %
2026/07/04 04:05:07.275, 5, 0 MiB, 81920 MiB, 0 %
2026/07/04 04:05:07.275, 6, 0 MiB, 81920 MiB, 0 %
2026/07/04 04:05:07.276, 7, 0 MiB, 81920 MiB, 0 %
2026/07/04 04:05:17.277, 0, 0 MiB, 81920 MiB, 0 %
2026/07/04 04:05:17.277, 1, 5951 MiB, 81920 MiB, 71 %
2026/07/04 04:05:17.278, 2, 0 MiB, 81920 MiB, 0 %
2026/07/04 04:05:17.278, 3, 0 MiB, 81920 MiB, 0 %
2026/07/04 04:05:17.278, 4, 0 MiB, 81920 MiB, 0 %
2026/07/04 04:05:17.278, 5, 0 MiB, 81920 MiB, 0 %
2026/07/04 04:05:17.279, 6, 0 MiB, 81920 MiB, 0 %
2026/07/04 04:05:17.279, 7, 0 MiB, 81920 MiB, 0 %
2026/07/04 04:05:27.280, 0, 0 MiB, 81920 MiB, 0 %
2026/07/04 04:05:27.281, 1, 5951 MiB, 81920 MiB, 40 %
2026/07/04 04:05:27.281, 2, 0 MiB, 81920 MiB, 0 %
2026/07/04 04:05:27.281, 3, 0 MiB, 81920 MiB, 0 %
2026/07/04 04:05:27.282, 4, 0 MiB, 81920 MiB, 0 %
2026/07/04 04:05:27.282, 5, 0 MiB, 81920 MiB, 0 %
2026/07/04 04:05:27.282, 6, 0 MiB, 81920 MiB, 0 %
2026/07/04 04:05:27.282, 7, 0 MiB, 81920 MiB, 0 %
